{"loss": [2.580991744995117, 1.5841290950775146, 1.055257797241211, 0.853282630443573, 0.7037666440010071, 0.680127739906311, 0.6711302399635315, 0.6701629757881165, 0.6719411611557007, 0.6663625836372375, 0.6726561784744263, 0.6617371439933777, 0.6657754778862, 0.6620248556137085, 0.656618058681488, 0.6599992513656616, 0.6559387445449829, 0.6575488448143005, 0.6510880589485168, 0.6768538951873779, 0.6530898213386536], "accuracy": [0.508368194103241, 0.49442121386528015, 0.5278940200805664, 0.49790793657302856, 0.525801956653595, 0.5313807725906372, 0.5536959767341614, 0.5481171607971191, 0.5516039133071899, 0.5704323649406433, 0.5767084956169128, 0.5641562342643738, 0.5746164321899414, 0.5585774183273315, 0.5704323649406433, 0.5704323649406433, 0.5788005590438843, 0.5760111808776855, 0.5746164321899414, 0.5669456124305725, 0.589958131313324], "benchmark_456": [705.0, 725.0, 677.0, 720.0, 680.0, 672.0, 640.0, 648.0, 643.0, 616.0, 607.0, 625.0, 610.0, 633.0, 616.0, 616.0, 604.0, 608.0, 610.0, 621.0, 588.0], "TP": [363.0, 358.0, 376.0, 341.0, 337.0, 290.0, 296.0, 252.0, 212.0, 199.0, 213.0, 209.0, 187.0, 192.0, 188.0, 178.0, 187.0, 177.0, 185.0, 171.0, 175.0], "TN": [366.0, 351.0, 381.0, 373.0, 417.0, 472.0, 498.0, 534.0, 579.0, 619.0, 614.0, 600.0, 637.0, 609.0, 630.0, 640.0, 643.0, 649.0, 639.0, 642.0, 671.0], "FP": [351.0, 366.0, 336.0, 344.0, 300.0, 245.0, 219.0, 183.0, 138.0, 98.0, 103.0, 117.0, 80.0, 108.0, 87.0, 77.0, 74.0, 68.0, 78.0, 75.0, 46.0], "FN": [354.0, 359.0, 341.0, 376.0, 380.0, 427.0, 421.0, 465.0, 505.0, 518.0, 504.0, 508.0, 530.0, 525.0, 529.0, 539.0, 530.0, 540.0, 532.0, 546.0, 542.0], "Precision": [0.5084033608436584, 0.4944751262664795, 0.5280898809432983, 0.4978102147579193, 0.5290423631668091, 0.5420560836791992, 0.5747572779655457, 0.5793103575706482, 0.6057142615318298, 0.6700336933135986, 0.6740506291389465, 0.6411042809486389, 0.7003745436668396, 0.6399999856948853, 0.6836363673210144, 0.6980392336845398, 0.7164750695228577, 0.722449004650116, 0.7034220695495605, 0.6951219439506531, 0.7918552160263062], "Recall": [0.5062761306762695, 0.4993026554584503, 0.5244072675704956, 0.4755927622318268, 0.47001394629478455, 0.4044630527496338, 0.41283124685287476, 0.3514644205570221, 0.29567644000053406, 0.27754533290863037, 0.2970711290836334, 0.2914923429489136, 0.26080891489982605, 0.26778241991996765, 0.2622036337852478, 0.2482566237449646, 0.26080891489982605, 0.24686191976070404, 0.2580195367336273, 0.23849372565746307, 0.24407252669334412], "AUC": [0.5149089097976685, 0.5072682499885559, 0.5384817123413086, 0.5157987475395203, 0.5458918213844299, 0.5506439208984375, 0.5796904563903809, 0.5609281659126282, 0.564258337020874, 0.5745211243629456, 0.5647067427635193, 0.5521437525749207, 0.5650938153266907, 0.5797625184059143, 0.5718969702720642, 0.5793179273605347, 0.5494000315666199, 0.5677986145019531, 0.5796068906784058, 0.5754431486129761, 0.5734736919403076], "val_loss": [3.687594413757324, 3.5566606521606445, 1.6581199169158936, 0.9591386318206787, 0.7463173866271973, 0.6958518028259277, 0.6986234784126282, 0.7123233079910278, 0.7008264064788818, 0.7004398107528687, 0.7060917019844055, 0.7117186784744263, 0.7093437314033508, 0.7119537591934204, 0.7150640487670898, 0.716558575630188, 0.7191271185874939, 0.7173514366149902, 0.7149638533592224, 0.7130463719367981, 0.7098777890205383], "val_accuracy": [0.3781818151473999, 0.3781818151473999, 0.3781818151473999, 0.3781818151473999, 0.3781818151473999, 0.3781818151473999, 0.3781818151473999, 0.3781818151473999, 0.3781818151473999, 0.3781818151473999, 0.3781818151473999, 0.3781818151473999, 0.3781818151473999, 0.3781818151473999, 0.3781818151473999, 0.3781818151473999, 0.3781818151473999, 0.3781818151473999, 0.3781818151473999, 0.3781818151473999, 0.3781818151473999], "val_benchmark_456": [171.0, 171.0, 171.0, 171.0, 171.0, 171.0, 171.0, 171.0, 171.0, 171.0, 171.0, 171.0, 171.0, 171.0, 171.0, 171.0, 171.0, 171.0, 171.0, 171.0, 171.0], "val_TP": [0.0, 0.0, 0.0, 0.0, 0.0, 0.0, 0.0, 0.0, 0.0, 0.0, 0.0, 0.0, 0.0, 0.0, 0.0, 0.0, 0.0, 0.0, 0.0, 0.0, 0.0], "val_TN": [104.0, 104.0, 104.0, 104.0, 104.0, 104.0, 104.0, 104.0, 104.0, 104.0, 104.0, 104.0, 104.0, 104.0, 104.0, 104.0, 104.0, 104.0, 104.0, 104.0, 104.0], "val_FP": [0.0, 0.0, 0.0, 0.0, 0.0, 0.0, 0.0, 0.0, 0.0, 0.0, 0.0, 0.0, 0.0, 0.0, 0.0, 0.0, 0.0, 0.0, 0.0, 0.0, 0.0], "val_FN": [171.0, 171.0, 171.0, 171.0, 171.0, 171.0, 171.0, 171.0, 171.0, 171.0, 171.0, 171.0, 171.0, 171.0, 171.0, 171.0, 171.0, 171.0, 171.0, 171.0, 171.0], "val_Precision": [0.0, 0.0, 0.0, 0.0, 0.0, 0.0, 0.0, 0.0, 0.0, 0.0, 0.0, 0.0, 0.0, 0.0, 0.0, 0.0, 0.0, 0.0, 0.0, 0.0, 0.0], "val_Recall": [0.0, 0.0, 0.0, 0.0, 0.0, 0.0, 0.0, 0.0, 0.0, 0.0, 0.0, 0.0, 0.0, 0.0, 0.0, 0.0, 0.0, 0.0, 0.0, 0.0, 0.0], "val_AUC": [0.5, 0.5, 0.4830184578895569, 0.5178812146186829, 0.5, 0.5, 0.5, 0.523391842842102, 0.5, 0.5, 0.5, 0.5, 0.5, 0.5, 0.5, 0.5, 0.5, 0.48979419469833374, 0.5, 0.5, 0.5]}