{"loss": [0.69593745470047, 0.7025194764137268, 0.6999006271362305, 0.6906509399414062, 0.6833391785621643, 0.6833568215370178, 0.6819523572921753, 0.6720860004425049, 0.6606154441833496, 0.6656942963600159, 0.6527292728424072, 0.6468423008918762, 0.6676100492477417, 0.6393981575965881, 0.6241028308868408, 0.6320435404777527, 0.6188730001449585, 0.655836284160614, 0.6270609498023987, 0.6185516119003296, 0.6138169169425964, 0.6040633916854858, 0.5972400903701782, 0.5949856638908386, 0.579285740852356, 0.5766311287879944, 0.5789951086044312, 0.5719552636146545, 0.562083899974823, 0.564849853515625, 0.5479363203048706, 0.5369426012039185, 0.5459445714950562, 0.5329126119613647, 0.5301142930984497, 0.5247455835342407, 0.5172046422958374, 0.49860134720802307, 0.48969805240631104, 0.4856521487236023, 0.48336324095726013, 0.47555094957351685, 0.4809371829032898, 0.4568856358528137, 0.452886700630188, 0.4548984169960022, 0.4437708854675293, 0.4440210461616516, 0.4221300482749939, 0.4269154369831085, 0.4114072024822235], "accuracy": [0.5195258259773254, 0.5132496356964111, 0.5327754616737366, 0.5216178297996521, 0.5369595289230347, 0.5453277826309204, 0.5502092242240906, 0.5495118498802185, 0.5850766897201538, 0.5725244283676147, 0.5920501947402954, 0.6004183888435364, 0.586471438407898, 0.6269177198410034, 0.6192468404769897, 0.6066945791244507, 0.6345885396003723, 0.616457462310791, 0.6227335929870605, 0.6373779773712158, 0.6394700407981873, 0.6645746231079102, 0.6541143655776978, 0.6694560647010803, 0.6757321953773499, 0.6757321953773499, 0.6778242588043213, 0.7057182788848877, 0.7015341520309448, 0.7015341520309448, 0.7036262154579163, 0.715481162071228, 0.7043235898017883, 0.7099023461341858, 0.7196652889251709, 0.7273361086845398, 0.7273361086845398, 0.7454672455787659, 0.7524407505989075, 0.7440724968910217, 0.7559275031089783, 0.7510460019111633, 0.7573221921920776, 0.7629009485244751, 0.7684797644615173, 0.7754532694816589, 0.7949790954589844, 0.7859135270118713, 0.7970711588859558, 0.7949790954589844, 0.7921896576881409], "benchmark_330": [689.0, 698.0, 670.0, 686.0, 664.0, 652.0, 645.0, 646.0, 595.0, 613.0, 585.0, 573.0, 593.0, 535.0, 546.0, 564.0, 524.0, 550.0, 541.0, 520.0, 517.0, 481.0, 496.0, 474.0, 465.0, 465.0, 462.0, 422.0, 428.0, 428.0, 425.0, 408.0, 424.0, 416.0, 402.0, 391.0, 391.0, 365.0, 355.0, 367.0, 350.0, 357.0, 348.0, 340.0, 332.0, 322.0, 294.0, 307.0, 291.0, 294.0, 298.0], "TP": [384.0, 388.0, 331.0, 332.0, 379.0, 327.0, 322.0, 329.0, 308.0, 286.0, 300.0, 294.0, 285.0, 337.0, 339.0, 303.0, 344.0, 346.0, 341.0, 356.0, 359.0, 382.0, 380.0, 397.0, 432.0, 410.0, 420.0, 421.0, 426.0, 437.0, 419.0, 442.0, 426.0, 420.0, 444.0, 456.0, 441.0, 477.0, 471.0, 450.0, 464.0, 469.0, 479.0, 481.0, 494.0, 505.0, 520.0, 510.0, 511.0, 515.0, 518.0], "TN": [361.0, 348.0, 433.0, 416.0, 391.0, 455.0, 467.0, 459.0, 531.0, 535.0, 549.0, 567.0, 556.0, 562.0, 549.0, 567.0, 566.0, 538.0, 552.0, 558.0, 558.0, 571.0, 558.0, 563.0, 537.0, 559.0, 552.0, 591.0, 580.0, 569.0, 590.0, 584.0, 584.0, 598.0, 588.0, 587.0, 602.0, 592.0, 608.0, 617.0, 620.0, 608.0, 607.0, 613.0, 608.0, 607.0, 620.0, 617.0, 632.0, 625.0, 618.0], "FP": [356.0, 369.0, 284.0, 301.0, 326.0, 262.0, 250.0, 258.0, 186.0, 182.0, 168.0, 150.0, 161.0, 155.0, 168.0, 150.0, 151.0, 179.0, 165.0, 159.0, 159.0, 146.0, 159.0, 154.0, 180.0, 158.0, 165.0, 126.0, 137.0, 148.0, 127.0, 133.0, 133.0, 119.0, 129.0, 130.0, 115.0, 125.0, 109.0, 100.0, 97.0, 109.0, 110.0, 104.0, 109.0, 110.0, 97.0, 100.0, 85.0, 92.0, 99.0], "FN": [333.0, 329.0, 386.0, 385.0, 338.0, 390.0, 395.0, 388.0, 409.0, 431.0, 417.0, 423.0, 432.0, 380.0, 378.0, 414.0, 373.0, 371.0, 376.0, 361.0, 358.0, 335.0, 337.0, 320.0, 285.0, 307.0, 297.0, 296.0, 291.0, 280.0, 298.0, 275.0, 291.0, 297.0, 273.0, 261.0, 276.0, 240.0, 246.0, 267.0, 253.0, 248.0, 238.0, 236.0, 223.0, 212.0, 197.0, 207.0, 206.0, 202.0, 199.0], "Precision": [0.5189189314842224, 0.5125495195388794, 0.5382114052772522, 0.5244866013526917, 0.5375886559486389, 0.5551782846450806, 0.5629370808601379, 0.5604770183563232, 0.623481810092926, 0.6111111044883728, 0.6410256624221802, 0.662162184715271, 0.6390134692192078, 0.684959352016449, 0.668639063835144, 0.6688741445541382, 0.6949495077133179, 0.6590476036071777, 0.6739130616188049, 0.6912621259689331, 0.69305020570755, 0.7234848737716675, 0.7050092816352844, 0.7205081582069397, 0.7058823704719543, 0.7218309640884399, 0.7179487347602844, 0.7696526646614075, 0.7566607594490051, 0.7470085620880127, 0.767399251461029, 0.7686956524848938, 0.7620751261711121, 0.7792207598686218, 0.7748690843582153, 0.7781569957733154, 0.7931654453277588, 0.7923588156700134, 0.8120689392089844, 0.8181818127632141, 0.8270944952964783, 0.8114187121391296, 0.8132427930831909, 0.8222222328186035, 0.8192371726036072, 0.8211382031440735, 0.8427876830101013, 0.8360655903816223, 0.8573825359344482, 0.8484349250793457, 0.8395462036132812], "Recall": [0.5355648398399353, 0.5411436557769775, 0.4616457521915436, 0.46304044127464294, 0.5285913348197937, 0.45606693625450134, 0.44909343123435974, 0.45885634422302246, 0.4295676350593567, 0.39888423681259155, 0.4184100329875946, 0.41004183888435364, 0.3974895477294922, 0.47001394629478455, 0.47280335426330566, 0.4225941300392151, 0.47977685928344727, 0.482566237449646, 0.4755927622318268, 0.4965132474899292, 0.5006973743438721, 0.5327754616737366, 0.5299860239028931, 0.5536959767341614, 0.6025104522705078, 0.5718270540237427, 0.5857740640640259, 0.5871687531471252, 0.5941422581672668, 0.6094839572906494, 0.5843793749809265, 0.616457462310791, 0.5941422581672668, 0.5857740640640259, 0.6192468404769897, 0.6359832882881165, 0.6150627732276917, 0.6652719378471375, 0.6569037437438965, 0.6276150345802307, 0.6471408605575562, 0.6541143655776978, 0.668061375617981, 0.6708507537841797, 0.6889818906784058, 0.7043235898017883, 0.7252440452575684, 0.7112970948219299, 0.7126917839050293, 0.7182705998420715, 0.7224546670913696], "AUC": [0.5307077169418335, 0.5171429514884949, 0.5411688685417175, 0.5474733114242554, 0.5580726265907288, 0.5610400438308716, 0.5546140670776367, 0.5815880298614502, 0.6037339568138123, 0.5940566062927246, 0.6157017350196838, 0.6270169615745544, 0.6071692705154419, 0.6534053087234497, 0.6681877374649048, 0.6652816534042358, 0.6838124394416809, 0.6608456969261169, 0.6853511929512024, 0.6878030896186829, 0.6991153955459595, 0.7251409888267517, 0.7159003019332886, 0.7277056574821472, 0.7458552718162537, 0.7496113777160645, 0.7414786219596863, 0.7629817724227905, 0.7653636336326599, 0.761608362197876, 0.7769821286201477, 0.790233850479126, 0.7754766345024109, 0.7965284585952759, 0.7977995276451111, 0.8048635721206665, 0.8062776923179626, 0.8254329562187195, 0.8316643238067627, 0.8291239142417908, 0.8381271958351135, 0.8388158679008484, 0.8410070538520813, 0.8561882972717285, 0.8590545654296875, 0.8595282435417175, 0.8685188293457031, 0.8678234815597534, 0.879941999912262, 0.8785862326622009, 0.8846367001533508],