{"loss": [0.0895204022526741, 0.0878857970237732, 0.08653365075588226, 0.08693103492259979, 0.08553913980722427, 0.0853855088353157, 0.08577562123537064, 0.08574623614549637, 0.08510387688875198, 0.08495040982961655, 0.08510974049568176, 0.08518224209547043, 0.08495284616947174, 0.08413894474506378, 0.08483554422855377, 0.08493734896183014, 0.08436200767755508, 0.08422615379095078, 0.08260278403759003, 0.0836879089474678, 0.08407147973775864, 0.08357279747724533, 0.08362875878810883, 0.08273372799158096, 0.08348644524812698, 0.08374999463558197, 0.08320397138595581, 0.08298628777265549, 0.08343539386987686, 0.08244588226079941, 0.08288981020450592, 0.08255249261856079, 0.08210306614637375, 0.08314230293035507, 0.08329732716083527, 0.081636942923069, 0.08200561255216599, 0.08281955122947693, 0.08232025802135468, 0.08242274075746536, 0.08087223023176193, 0.08196276426315308, 0.08257799595594406, 0.08180280774831772, 0.08030250668525696, 0.08052598685026169, 0.0818844810128212, 0.08172570914030075, 0.08083129674196243, 0.08215280622243881, 0.08059462904930115, 0.08066435158252716, 0.0817471519112587, 0.08032948523759842, 0.08162769675254822], "accuracy": [0.5271966457366943, 0.5327754616737366, 0.5439330339431763, 0.5146443247795105, 0.5697349905967712, 0.5550906658172607, 0.5529986023902893, 0.5390515923500061, 0.5585774183273315, 0.5404462814331055, 0.5753138065338135, 0.5529986023902893, 0.5550906658172607, 0.5697349905967712, 0.5592747330665588, 0.569037675857544, 0.5662482380867004, 0.5753138065338135, 0.5934448838233948, 0.5718270540237427, 0.5669456124305725, 0.5885634422302246, 0.5892608165740967, 0.60808926820755, 0.5941422581672668, 0.5941422581672668, 0.6025104522705078, 0.607391893863678, 0.6004183888435364, 0.6018131375312805, 0.5927475690841675, 0.6136680841445923, 0.6192468404769897, 0.6039051413536072, 0.5962343215942383, 0.616457462310791, 0.615760087966919, 0.6011157631874084, 0.6101813316345215, 0.6052998900413513, 0.6276150345802307, 0.6122733354568481, 0.6150627732276917, 0.6199442148208618, 0.6317991614341736, 0.6150627732276917, 0.6171548366546631, 0.6227335929870605, 0.6345885396003723, 0.6122733354568481, 0.6324965357780457, 0.633193850517273, 0.6213389039039612, 0.6241283416748047, 0.6032078266143799], "benchmark_115": [678.0, 670.0, 654.0, 696.0, 617.0, 638.0, 641.0, 661.0, 633.0, 659.0, 609.0, 641.0, 638.0, 617.0, 632.0, 618.0, 622.0, 609.0, 583.0, 614.0, 621.0, 590.0, 589.0, 562.0, 582.0, 582.0, 570.0, 563.0, 573.0, 571.0, 584.0, 554.0, 546.0, 568.0, 579.0, 550.0, 551.0, 572.0, 559.0, 566.0, 534.0, 556.0, 552.0, 545.0, 528.0, 552.0, 549.0, 541.0, 524.0, 556.0, 527.0, 526.0, 543.0, 539.0, 569.0], "TP": [341.0, 306.0, 291.0, 250.0, 277.0, 250.0, 277.0, 249.0, 284.0, 248.0, 276.0, 265.0, 282.0, 269.0, 264.0, 283.0, 297.0, 303.0, 338.0, 336.0, 324.0, 337.0, 355.0, 360.0, 354.0, 377.0, 378.0, 373.0, 380.0, 392.0, 384.0, 408.0, 410.0, 382.0, 365.0, 400.0, 405.0, 399.0, 404.0, 395.0, 414.0, 407.0, 405.0, 400.0, 413.0, 418.0, 398.0, 424.0, 431.0, 406.0, 427.0, 427.0, 417.0, 437.0, 416.0], "TN": [415.0, 458.0, 489.0, 488.0, 540.0, 546.0, 516.0, 524.0, 517.0, 527.0, 549.0, 528.0, 514.0, 548.0, 538.0, 533.0, 515.0, 522.0, 513.0, 484.0, 489.0, 507.0, 490.0, 512.0, 498.0, 475.0, 486.0, 498.0, 481.0, 471.0, 466.0, 472.0, 478.0, 484.0, 490.0, 484.0, 478.0, 463.0, 471.0, 473.0, 486.0, 471.0, 477.0, 489.0, 493.0, 464.0, 487.0, 469.0, 479.0, 472.0, 480.0, 481.0, 474.0, 458.0, 449.0], "FP": [302.0, 259.0, 228.0, 229.0, 177.0, 171.0, 201.0, 193.0, 200.0, 190.0, 168.0, 189.0, 203.0, 169.0, 179.0, 184.0, 202.0, 195.0, 204.0, 233.0, 228.0, 210.0, 227.0, 205.0, 219.0, 242.0, 231.0, 219.0, 236.0, 246.0, 251.0, 245.0, 239.0, 233.0, 227.0, 233.0, 239.0, 254.0, 246.0, 244.0, 231.0, 246.0, 240.0, 228.0, 224.0, 253.0, 230.0, 248.0, 238.0, 245.0, 237.0, 236.0, 243.0, 259.0, 268.0], "FN": [376.0, 411.0, 426.0, 467.0, 440.0, 467.0, 440.0, 468.0, 433.0, 469.0, 441.0, 452.0, 435.0, 448.0, 453.0, 434.0, 420.0, 414.0, 379.0, 381.0, 393.0, 380.0, 362.0, 357.0, 363.0, 340.0, 339.0, 344.0, 337.0, 325.0, 333.0, 309.0, 307.0, 335.0, 352.0, 317.0, 312.0, 318.0, 313.0, 322.0, 303.0, 310.0, 312.0, 317.0, 304.0, 299.0, 319.0, 293.0, 286.0, 311.0, 290.0, 290.0, 300.0, 280.0, 301.0], "Precision": [0.5303266048431396, 0.5415928959846497, 0.560693621635437, 0.5219206809997559, 0.6101321578025818, 0.5938242077827454, 0.5794979333877563, 0.5633484125137329, 0.586776852607727, 0.5662100315093994, 0.6216216087341309, 0.58370041847229, 0.5814433097839355, 0.6141552329063416, 0.5959367752075195, 0.6059957146644592, 0.5951904058456421, 0.608433723449707, 0.6236162185668945, 0.5905096530914307, 0.5869565010070801, 0.6160877346992493, 0.6099656224250793, 0.6371681690216064, 0.6178010702133179, 0.6090468764305115, 0.6206896305084229, 0.6300675868988037, 0.6168830990791321, 0.6144200563430786, 0.6047244071960449, 0.6248085498809814, 0.6317411661148071, 0.6211382150650024, 0.6165540814399719, 0.6319115161895752, 0.6288819909095764, 0.6110260486602783, 0.6215384602546692, 0.6181533932685852, 0.6418604850769043, 0.6232771873474121, 0.6279069781303406, 0.6369426846504211, 0.6483516693115234, 0.6229507923126221, 0.6337579488754272, 0.6309523582458496, 0.6442451477050781, 0.6236559152603149, 0.6430723071098328, 0.6440422534942627, 0.6318181753158569, 0.6278735399246216, 0.6081871390342712], "Recall": [0.4755927622318268, 0.42677825689315796, 0.40585774183273315, 0.34867504239082336, 0.3863319456577301, 0.34867504239082336, 0.3863319456577301, 0.3472803235054016, 0.39609482884407043, 0.34588563442230225, 0.38493722677230835, 0.3695955276489258, 0.3933054506778717, 0.375174343585968, 0.3682008385658264, 0.39470013976097107, 0.4142259359359741, 0.4225941300392151, 0.4714086353778839, 0.4686192572116852, 0.45188283920288086, 0.47001394629478455, 0.49511855840682983, 0.5020920634269714, 0.4937238395214081, 0.525801956653595, 0.5271966457366943, 0.5202231407165527, 0.5299860239028931, 0.5467224717140198, 0.5355648398399353, 0.569037675857544, 0.5718270540237427, 0.5327754616737366, 0.509065568447113, 0.5578800439834595, 0.5648535490036011, 0.5564853549003601, 0.5634588599205017, 0.5509065389633179, 0.5774058699607849, 0.5676429271697998, 0.5648535490036011, 0.5578800439834595, 0.5760111808776855, 0.5829846858978271, 0.5550906658172607, 0.5913528800010681, 0.6011157631874084, 0.5662482380867004, 0.5955369472503662, 0.5955369472503662, 0.581589937210083, 0.6094839572906494, 0.5801952481269836], "AUC": [0.5167597532272339, 0.5300638675689697, 0.5540325045585632, 0.5221118927001953, 0.5736826658248901, 0.5608513355255127, 0.5660304427146912, 0.5511468052864075, 0.575747549533844, 0.5654040575027466, 0.5846000909805298, 0.5801242589950562, 0.5696017742156982, 0.5999360084533691, 0.5855960845947266, 0.5881432294845581, 0.60160893201828, 0.6170263886451721, 0.6399164795875549, 0.6164302229881287, 0.6146513819694519, 0.630906343460083, 0.6230322122573853, 0.6375588774681091, 0.6358227729797363, 0.6304365396499634, 0.6335362195968628, 0.6459105610847473, 0.6461877226829529, 0.6474053859710693, 0.6467469930648804, 0.6515904068946838, 0.6596571803092957, 0.6589568853378296, 0.6359258890151978, 0.6597632169723511, 0.6613349318504333, 0.6532691121101379, 0.6651777029037476, 0.6478994488716125, 0.6811894774436951, 0.6626450419425964, 0.6671510338783264, 0.6675381064414978, 0.6776928901672363, 0.6816660165786743, 0.6720286011695862, 0.6635222434997559, 0.6844884753227234, 0.658935546875, 0.6813616156578064, 0.6915329694747925, 0.6691282987594604, 0.6818119883537292, 0.6733775734901428],