{"loss": [0.7017922401428223, 0.6987801194190979, 0.6994155645370483, 0.7010031342506409, 0.6955432295799255, 0.7008607387542725, 0.6986587047576904, 0.6985947489738464, 0.6977137327194214, 0.7002033591270447, 0.6971028447151184, 0.6959729790687561, 0.6972461938858032, 0.6979231238365173, 0.6980509161949158, 0.6983262896537781, 0.701244592666626, 0.6985124945640564, 0.6939589381217957, 0.6995110511779785, 0.6971843242645264], "accuracy": [0.5062761306762695, 0.5125523209571838, 0.5034867525100708, 0.4993026554584503, 0.5062761306762695, 0.5013946890830994, 0.5167363882064819, 0.4888423979282379, 0.5034867525100708, 0.48744770884513855, 0.5069735050201416, 0.5104602575302124, 0.5006973743438721, 0.49163180589675903, 0.4853556454181671, 0.4972105920314789, 0.49093446135520935, 0.4972105920314789, 0.5230125784873962, 0.47629010677337646, 0.5097628831863403], "benchmark_195": [708.0, 699.0, 712.0, 718.0, 708.0, 715.0, 693.0, 733.0, 712.0, 735.0, 707.0, 702.0, 716.0, 729.0, 738.0, 721.0, 730.0, 721.0, 684.0, 751.0, 703.0], "TP": [616.0, 622.0, 607.0, 606.0, 612.0, 588.0, 598.0, 565.0, 584.0, 551.0, 573.0, 579.0, 553.0, 541.0, 523.0, 540.0, 524.0, 509.0, 538.0, 492.0, 510.0], "TN": [110.0, 113.0, 115.0, 110.0, 114.0, 131.0, 143.0, 136.0, 138.0, 148.0, 154.0, 153.0, 165.0, 164.0, 173.0, 173.0, 180.0, 204.0, 212.0, 191.0, 221.0], "FP": [607.0, 604.0, 602.0, 607.0, 603.0, 586.0, 574.0, 581.0, 579.0, 569.0, 563.0, 564.0, 552.0, 553.0, 544.0, 544.0, 537.0, 513.0, 505.0, 526.0, 496.0], "FN": [101.0, 95.0, 110.0, 111.0, 105.0, 129.0, 119.0, 152.0, 133.0, 166.0, 144.0, 138.0, 164.0, 176.0, 194.0, 177.0, 193.0, 208.0, 179.0, 225.0, 207.0], "Precision": [0.5036794543266296, 0.5073409676551819, 0.5020678043365479, 0.4995878040790558, 0.5037037134170532, 0.5008518099784851, 0.5102388858795166, 0.4930191934108734, 0.5021496415138245, 0.49196428060531616, 0.5044013857841492, 0.5065616965293884, 0.5004525184631348, 0.4945155382156372, 0.4901593327522278, 0.49815496802330017, 0.4938737154006958, 0.4980430603027344, 0.5158197283744812, 0.4833005964756012, 0.5069582462310791], "Recall": [0.8591352701187134, 0.8675034642219543, 0.8465830087661743, 0.8451882600784302, 0.8535565137863159, 0.8200836777687073, 0.8340306878089905, 0.7880055904388428, 0.814504861831665, 0.7684797644615173, 0.7991631627082825, 0.8075313568115234, 0.7712692022323608, 0.7545327544212341, 0.7294281721115112, 0.7531380653381348, 0.7308228611946106, 0.7099023461341858, 0.750348687171936, 0.6861924529075623, 0.7112970948219299], "AUC": [0.49151018261909485, 0.5108842849731445, 0.5114405751228333, 0.4971775412559509, 0.529030978679657, 0.49062222242355347, 0.5077915191650391, 0.4960629343986511, 0.5040673613548279, 0.4890952706336975, 0.5071387887001038, 0.5222723484039307, 0.5043776035308838, 0.502459704875946, 0.5005962252616882, 0.49964502453804016, 0.48003748059272766, 0.496267169713974, 0.5272102952003479, 0.48159849643707275, 0.49903908371925354], "val_loss": [0.6765193939208984, 0.6759125590324402, 0.675830066204071, 0.6755592226982117, 0.6754013299942017, 0.6754475831985474, 0.6755462884902954, 0.6755675077438354, 0.6757884621620178, 0.6760330200195312, 0.676245927810669, 0.6766045689582825, 0.6768783926963806, 0.6771426200866699, 0.6774631142616272, 0.6777408123016357, 0.6781023740768433, 0.6784855723381042, 0.6790198683738708, 0.679634153842926, 0.6800625920295715], "val_accuracy": [0.6218181848526001, 0.6218181848526001, 0.6218181848526001, 0.6218181848526001, 0.6218181848526001, 0.6218181848526001, 0.6218181848526001, 0.6218181848526001, 0.6218181848526001, 0.6218181848526001, 0.6218181848526001, 0.6218181848526001, 0.6218181848526001, 0.6218181848526001, 0.6218181848526001, 0.6218181848526001, 0.6218181848526001, 0.6218181848526001, 0.6218181848526001, 0.6218181848526001, 0.6218181848526001], "val_benchmark_195": [104.0, 104.0, 104.0, 104.0, 104.0, 104.0, 104.0, 104.0, 104.0, 104.0, 104.0, 104.0, 104.0, 104.0, 104.0, 104.0, 104.0, 104.0, 104.0, 104.0, 104.0], "val_TP": [171.0, 171.0, 171.0, 171.0, 171.0, 171.0, 171.0, 171.0, 171.0, 171.0, 171.0, 171.0, 171.0, 171.0, 171.0, 171.0, 171.0, 171.0, 171.0, 171.0, 171.0], "val_TN": [0.0, 0.0, 0.0, 0.0, 0.0, 0.0, 0.0, 0.0, 0.0, 0.0, 0.0, 0.0, 0.0, 0.0, 0.0, 0.0, 0.0, 0.0, 0.0, 0.0, 0.0], "val_FP": [104.0, 104.0, 104.0, 104.0, 104.0, 104.0, 104.0, 104.0, 104.0, 104.0, 104.0, 104.0, 104.0, 104.0, 104.0, 104.0, 104.0, 104.0, 104.0, 104.0, 104.0], "val_FN": [0.0, 0.0, 0.0, 0.0, 0.0, 0.0, 0.0, 0.0, 0.0, 0.0, 0.0, 0.0, 0.0, 0.0, 0.0, 0.0, 0.0, 0.0, 0.0, 0.0, 0.0], "val_Precision": [0.6218181848526001, 0.6218181848526001, 0.6218181848526001, 0.6218181848526001, 0.6218181848526001, 0.6218181848526001, 0.6218181848526001, 0.6218181848526001, 0.6218181848526001, 0.6218181848526001, 0.6218181848526001, 0.6218181848526001, 0.6218181848526001, 0.6218181848526001, 0.6218181848526001, 0.6218181848526001, 0.6218181848526001, 0.6218181848526001, 0.6218181848526001, 0.6218181848526001, 0.6218181848526001], "val_Recall": [1.0, 1.0, 1.0, 1.0, 1.0, 1.0, 1.0, 1.0, 1.0, 1.0, 1.0, 1.0, 1.0, 1.0, 1.0, 1.0, 1.0, 1.0, 1.0, 1.0, 1.0], "val_AUC": [0.5, 0.5, 0.5, 0.5, 0.5, 0.5, 0.5, 0.5, 0.5, 0.5, 0.5, 0.5, 0.5, 0.5, 0.4910312592983246, 0.46578383445739746, 0.4972728490829468, 0.5, 0.49772268533706665, 0.4229082465171814, 0.46367523074150085]}