{"loss": [0.18922601640224457, 0.17036335170269012, 0.1631585657596588, 0.16732311248779297, 0.16775088012218475, 0.16264133155345917, 0.15663757920265198, 0.1592118889093399, 0.1591312289237976, 0.16103297472000122, 0.1537467986345291, 0.15469208359718323, 0.1559823453426361, 0.14659851789474487, 0.1426122486591339, 0.1413872241973877, 0.14392536878585815, 0.13708022236824036, 0.13556811213493347, 0.15523846447467804, 0.1579274833202362, 0.14405187964439392, 0.14485755562782288, 0.13999617099761963, 0.1321733295917511, 0.1333344578742981, 0.13892000913619995, 0.1435232013463974, 0.1336306929588318, 0.13030189275741577, 0.12300463020801544, 0.11554533988237381, 0.12709718942642212, 0.11848126351833344, 0.14115333557128906, 0.1331353634595871, 0.12882021069526672, 0.11767730116844177, 0.12677554786205292, 0.11512918025255203, 0.11215503513813019, 0.10663726180791855, 0.10196234285831451, 0.09390442073345184, 0.08505287021398544, 0.09316621720790863, 0.14489836990833282, 0.13280004262924194, 0.12616178393363953, 0.10859441757202148, 0.10220853239297867, 0.12855905294418335], "accuracy": [0.4958159029483795, 0.5425383448600769, 0.586471438407898, 0.5983263850212097, 0.5753138065338135, 0.6039051413536072, 0.6485355496406555, 0.615760087966919, 0.6541143655776978, 0.6052998900413513, 0.6290097832679749, 0.6666666865348816, 0.6652719378471375, 0.6813110113143921, 0.7036262154579163, 0.7008368372917175, 0.6792189478874207, 0.7015341520309448, 0.7140864729881287, 0.6101813316345215, 0.6324965357780457, 0.6652719378471375, 0.6924686431884766, 0.7182705998420715, 0.7161785364151001, 0.73221755027771, 0.7099023461341858, 0.6945606470108032, 0.7287307977676392, 0.7391910552978516, 0.7482566237449646, 0.7691771388053894, 0.7405857443809509, 0.7663877010345459, 0.7022315263748169, 0.7231520414352417, 0.7357043027877808, 0.7580195069313049, 0.7629009485244751, 0.7831241488456726, 0.7859135270118713, 0.7740585803985596, 0.8193863034248352, 0.8382147550582886, 0.8451882600784302, 0.8312413096427917, 0.6659693121910095, 0.750348687171936, 0.7510460019111633, 0.8075313568115234, 0.8165969252586365, 0.767085075378418], "benchmark_1733": [723.0, 656.0, 593.0, 576.0, 609.0, 568.0, 504.0, 551.0, 496.0, 566.0, 532.0, 478.0, 480.0, 457.0, 425.0, 429.0, 460.0, 428.0, 410.0, 559.0, 527.0, 480.0, 441.0, 404.0, 407.0, 384.0, 416.0, 438.0, 389.0, 374.0, 361.0, 331.0, 372.0, 335.0, 427.0, 397.0, 379.0, 347.0, 340.0, 311.0, 307.0, 324.0, 259.0, 232.0, 222.0, 242.0, 479.0, 358.0, 357.0, 276.0, 263.0, 334.0], "TP": [302.0, 400.0, 430.0, 306.0, 324.0, 348.0, 413.0, 369.0, 445.0, 495.0, 439.0, 481.0, 500.0, 501.0, 500.0, 477.0, 483.0, 432.0, 522.0, 383.0, 373.0, 449.0, 456.0, 498.0, 507.0, 526.0, 424.0, 458.0, 556.0, 514.0, 531.0, 532.0, 524.0, 529.0, 459.0, 502.0, 548.0, 529.0, 518.0, 579.0, 575.0, 528.0, 578.0, 612.0, 613.0, 605.0, 467.0, 464.0, 465.0, 533.0, 589.0, 533.0], "TN": [409.0, 378.0, 411.0, 552.0, 501.0, 518.0, 517.0, 514.0, 493.0, 373.0, 463.0, 475.0, 454.0, 476.0, 509.0, 528.0, 491.0, 574.0, 502.0, 492.0, 534.0, 505.0, 537.0, 532.0, 520.0, 524.0, 594.0, 538.0, 489.0, 546.0, 542.0, 571.0, 538.0, 570.0, 548.0, 535.0, 507.0, 558.0, 576.0, 544.0, 552.0, 582.0, 597.0, 590.0, 599.0, 587.0, 488.0, 612.0, 612.0, 625.0, 582.0, 567.0], "FP": [308.0, 339.0, 306.0, 165.0, 216.0, 199.0, 200.0, 203.0, 224.0, 344.0, 254.0, 242.0, 263.0, 241.0, 208.0, 189.0, 226.0, 143.0, 215.0, 225.0, 183.0, 212.0, 180.0, 185.0, 197.0, 193.0, 123.0, 179.0, 228.0, 171.0, 175.0, 146.0, 179.0, 147.0, 169.0, 182.0, 210.0, 159.0, 141.0, 173.0, 165.0, 135.0, 120.0, 127.0, 118.0, 130.0, 229.0, 105.0, 105.0, 92.0, 135.0, 150.0], "FN": [415.0, 317.0, 287.0, 411.0, 393.0, 369.0, 304.0, 348.0, 272.0, 222.0, 278.0, 236.0, 217.0, 216.0, 217.0, 240.0, 234.0, 285.0, 195.0, 334.0, 344.0, 268.0, 261.0, 219.0, 210.0, 191.0, 293.0, 259.0, 161.0, 203.0, 186.0, 185.0, 193.0, 188.0, 258.0, 215.0, 169.0, 188.0, 199.0, 138.0, 142.0, 189.0, 139.0, 105.0, 104.0, 112.0, 250.0, 253.0, 252.0, 184.0, 128.0, 184.0], "Precision": [0.49508196115493774, 0.541271984577179, 0.58423912525177, 0.6496815085411072, 0.6000000238418579, 0.6361974477767944, 0.6737357378005981, 0.6451048851013184, 0.6651719212532043, 0.5899880528450012, 0.6334776282310486, 0.6652835607528687, 0.6553080081939697, 0.6752021312713623, 0.7062146663665771, 0.7162162065505981, 0.6812412142753601, 0.7513043284416199, 0.7082768082618713, 0.6299341917037964, 0.6708633303642273, 0.6792738437652588, 0.7169811129570007, 0.7291361689567566, 0.7201704382896423, 0.731571614742279, 0.7751371264457703, 0.7189952731132507, 0.7091836929321289, 0.7503649592399597, 0.7521246671676636, 0.7846607565879822, 0.7453769445419312, 0.7825443744659424, 0.7308917045593262, 0.7339181303977966, 0.7229551672935486, 0.7688953280448914, 0.7860394716262817, 0.769946813583374, 0.7770270109176636, 0.7963801026344299, 0.8280802369117737, 0.8281461596488953, 0.8385772705078125, 0.8231292366981506, 0.670976996421814, 0.8154657483100891, 0.8157894611358643, 0.8528000116348267, 0.8135359287261963, 0.7803806662559509], "Recall": [0.4211994409561157, 0.5578800439834595, 0.5997210741043091, 0.42677825689315796, 0.45188283920288086, 0.4853556454181671, 0.5760111808776855, 0.5146443247795105, 0.6206415891647339, 0.6903765797615051, 0.6122733354568481, 0.6708507537841797, 0.6973500847816467, 0.6987447738647461, 0.6973500847816467, 0.6652719378471375, 0.6736401915550232, 0.6025104522705078, 0.7280334830284119, 0.5341701507568359, 0.5202231407165527, 0.6262203454971313, 0.6359832882881165, 0.6945606470108032, 0.7071129679679871, 0.7336122989654541, 0.5913528800010681, 0.6387726664543152, 0.7754532694816589, 0.7168758511543274, 0.7405857443809509, 0.7419804930686951, 0.7308228611946106, 0.7377963662147522, 0.6401673555374146, 0.7001394629478455, 0.7642956972122192, 0.7377963662147522, 0.7224546670913696, 0.8075313568115234, 0.801952600479126, 0.7364016771316528, 0.8061366677284241, 0.8535565137863159, 0.8549512028694153, 0.8437935709953308, 0.651324987411499, 0.6471408605575562, 0.6485355496406555, 0.7433751821517944, 0.8214783668518066, 0.7433751821517944], "AUC": [0.491900235414505, 0.581357479095459, 0.6358646154403687, 0.6231197118759155, 0.625796377658844, 0.6647477149963379, 0.6908735632896423, 0.6716404557228088, 0.6946890354156494, 0.6552318930625916, 0.7016217112541199, 0.7182345986366272, 0.7162174582481384, 0.7530844807624817, 0.7761827111244202, 0.7813355326652527, 0.7701263427734375, 0.7941299676895142, 0.7978929281234741, 0.684499204158783, 0.7054595351219177, 0.7564983367919922, 0.7661903500556946, 0.7864921689033508, 0.8073641061782837, 0.8110560774803162, 0.7977684736251831, 0.7743940949440002, 0.8082734942436218, 0.8174732327461243, 0.8398575186729431, 0.863872766494751, 0.8368608951568604, 0.8557788729667664, 0.78551185131073, 0.8076238036155701, 0.8311429619789124, 0.8550990223884583, 0.8423463702201843, 0.8708891272544861, 0.8728401064872742, 0.8819368481636047, 0.9043248891830444, 0.9195654988288879, 0.9330086708068848, 0.9164668321609497, 0.754585325717926, 0.8066784143447876, 0.8254601955413818, 0.8889335989952087, 0.9025722742080688, 0.8470186591148376],