{"loss": [1.2874928712844849, 0.7644818425178528, 0.7579448819160461, 0.76035076379776, 0.7758213877677917, 0.770882785320282, 0.7708420753479004, 0.7462106347084045, 0.7671443819999695, 0.7639175653457642, 0.7681008577346802, 0.7765899896621704, 0.7587162852287292, 0.7629772424697876, 0.7512082457542419, 0.7687850594520569, 0.7605246305465698, 0.7704246640205383, 0.7624759674072266, 0.7701912522315979, 0.7600780129432678], "accuracy": [0.4860529899597168, 0.4860529899597168, 0.4965132474899292, 0.5153416991233826, 0.48326361179351807, 0.49511855840682983, 0.49860531091690063, 0.5097628831863403, 0.4937238395214081, 0.5020920634269714, 0.48744770884513855, 0.49790793657302856, 0.5111575722694397, 0.5285913348197937, 0.5132496356964111, 0.4993026554584503, 0.5153416991233826, 0.4895397424697876, 0.5104602575302124, 0.5013946890830994, 0.5139470100402832], "benchmark_106": [737.0, 737.0, 722.0, 695.0, 741.0, 724.0, 719.0, 703.0, 726.0, 714.0, 735.0, 720.0, 701.0, 676.0, 698.0, 718.0, 695.0, 732.0, 702.0, 715.0, 697.0], "TP": [357.0, 368.0, 363.0, 355.0, 357.0, 355.0, 348.0, 383.0, 362.0, 341.0, 382.0, 349.0, 372.0, 362.0, 345.0, 371.0, 371.0, 351.0, 349.0, 359.0, 397.0], "TN": [340.0, 329.0, 349.0, 384.0, 336.0, 355.0, 367.0, 348.0, 346.0, 379.0, 317.0, 365.0, 361.0, 396.0, 391.0, 345.0, 368.0, 351.0, 383.0, 360.0, 340.0], "FP": [377.0, 388.0, 368.0, 333.0, 381.0, 362.0, 350.0, 369.0, 371.0, 338.0, 400.0, 352.0, 356.0, 321.0, 326.0, 372.0, 349.0, 366.0, 334.0, 357.0, 377.0], "FN": [360.0, 349.0, 354.0, 362.0, 360.0, 362.0, 369.0, 334.0, 355.0, 376.0, 335.0, 368.0, 345.0, 355.0, 372.0, 346.0, 346.0, 366.0, 368.0, 358.0, 320.0], "Precision": [0.486376017332077, 0.48677247762680054, 0.4965800344944, 0.5159883499145508, 0.48373982310295105, 0.49511855840682983, 0.4985673427581787, 0.5093085169792175, 0.4938608407974243, 0.5022091269493103, 0.4884910583496094, 0.4978601932525635, 0.5109890103340149, 0.5300146341323853, 0.5141579508781433, 0.49932706356048584, 0.5152778029441833, 0.4895397424697876, 0.5109809637069702, 0.501396656036377, 0.5129199028015137], "Recall": [0.49790793657302856, 0.5132496356964111, 0.5062761306762695, 0.49511855840682983, 0.49790793657302856, 0.49511855840682983, 0.4853556454181671, 0.5341701507568359, 0.5048814415931702, 0.4755927622318268, 0.5327754616737366, 0.4867503345012665, 0.5188284516334534, 0.5048814415931702, 0.48117154836654663, 0.517433762550354, 0.517433762550354, 0.4895397424697876, 0.4867503345012665, 0.5006973743438721, 0.5536959767341614], "AUC": [0.47592830657958984, 0.494411438703537, 0.5083283185958862, 0.5048843622207642, 0.48509788513183594, 0.49405160546302795, 0.4887159764766693, 0.5209681987762451, 0.48472052812576294, 0.512113630771637, 0.481579065322876, 0.4823668599128723, 0.5067906379699707, 0.5140997171401978, 0.5232381820678711, 0.49057361483573914, 0.5148437023162842, 0.4859216809272766, 0.5192067623138428, 0.5005874633789062, 0.5026629567146301], "val_loss": [0.6912115216255188, 0.711693525314331, 0.7254969477653503, 0.6741981506347656, 0.6782198548316956, 0.6650179624557495, 0.6873790621757507, 0.6869640946388245, 0.7239227890968323, 0.6771615743637085, 0.6849623322486877, 0.6847593188285828, 0.6707638502120972, 0.716364324092865, 0.6711364388465881, 0.7013025879859924, 0.6844846606254578, 0.6791675686836243, 0.6639196872711182, 0.6752458810806274, 0.6846770644187927], "val_accuracy": [0.6218181848526001, 0.3781818151473999, 0.3781818151473999, 0.6218181848526001, 0.6218181848526001, 0.6218181848526001, 0.6218181848526001, 0.6218181848526001, 0.3781818151473999, 0.6218181848526001, 0.6218181848526001, 0.6218181848526001, 0.6218181848526001, 0.3781818151473999, 0.6218181848526001, 0.3781818151473999, 0.6218181848526001, 0.6218181848526001, 0.6218181848526001, 0.6218181848526001, 0.6218181848526001], "val_benchmark_106": [104.0, 171.0, 171.0, 104.0, 104.0, 104.0, 104.0, 104.0, 171.0, 104.0, 104.0, 104.0, 104.0, 171.0, 104.0, 171.0, 104.0, 104.0, 104.0, 104.0, 104.0], "val_TP": [171.0, 0.0, 0.0, 171.0, 171.0, 171.0, 171.0, 171.0, 0.0, 171.0, 171.0, 171.0, 171.0, 0.0, 171.0, 0.0, 171.0, 171.0, 171.0, 171.0, 171.0], "val_TN": [0.0, 104.0, 104.0, 0.0, 0.0, 0.0, 0.0, 0.0, 104.0, 0.0, 0.0, 0.0, 0.0, 104.0, 0.0, 104.0, 0.0, 0.0, 0.0, 0.0, 0.0], "val_FP": [104.0, 0.0, 0.0, 104.0, 104.0, 104.0, 104.0, 104.0, 0.0, 104.0, 104.0, 104.0, 104.0, 0.0, 104.0, 0.0, 104.0, 104.0, 104.0, 104.0, 104.0], "val_FN": [0.0, 171.0, 171.0, 0.0, 0.0, 0.0, 0.0, 0.0, 171.0, 0.0, 0.0, 0.0, 0.0, 171.0, 0.0, 171.0, 0.0, 0.0, 0.0, 0.0, 0.0], "val_Precision": [0.6218181848526001, 0.0, 0.0, 0.6218181848526001, 0.6218181848526001, 0.6218181848526001, 0.6218181848526001, 0.6218181848526001, 0.0, 0.6218181848526001, 0.6218181848526001, 0.6218181848526001, 0.6218181848526001, 0.0, 0.6218181848526001, 0.0, 0.6218181848526001, 0.6218181848526001, 0.6218181848526001, 0.6218181848526001, 0.6218181848526001], "val_Recall": [1.0, 0.0, 0.0, 1.0, 1.0, 1.0, 1.0, 1.0, 0.0, 1.0, 1.0, 1.0, 1.0, 0.0, 1.0, 0.0, 1.0, 1.0, 1.0, 1.0, 1.0], "val_AUC": [0.5, 0.5, 0.5, 0.5, 0.5, 0.5, 0.5, 0.5, 0.5, 0.5, 0.5, 0.5, 0.5, 0.5, 0.5, 0.5, 0.5, 0.5, 0.5, 0.5, 0.5]}