{"loss": [0.750761091709137, 0.7369041442871094, 0.7266176342964172, 0.7493345141410828, 0.7462595105171204, 0.7485102415084839, 0.7267141938209534, 0.7368645071983337, 0.7330815196037292, 0.7459158301353455, 0.7484082579612732, 0.7479390501976013, 0.7366517782211304, 0.7297453284263611, 0.7541458606719971, 0.7364752292633057, 0.7345823645591736, 0.7436102628707886, 0.7315145134925842, 0.7313801050186157, 0.7356672883033752], "accuracy": [0.48326361179351807, 0.482566237449646, 0.509065568447113, 0.4965132474899292, 0.472106009721756, 0.4818688929080963, 0.5076708793640137, 0.5139470100402832, 0.5027893781661987, 0.4853556454181671, 0.4818688929080963, 0.49163180589675903, 0.5118549466133118, 0.5020920634269714, 0.48047420382499695, 0.4965132474899292, 0.5125523209571838, 0.4818688929080963, 0.5041841268539429, 0.5, 0.4930264949798584], "benchmark_1705": [741.0, 742.0, 704.0, 722.0, 757.0, 743.0, 706.0, 697.0, 713.0, 738.0, 743.0, 729.0, 700.0, 714.0, 745.0, 722.0, 699.0, 743.0, 711.0, 717.0, 727.0], "TP": [427.0, 423.0, 457.0, 438.0, 415.0, 414.0, 415.0, 439.0, 430.0, 417.0, 400.0, 410.0, 410.0, 406.0, 388.0, 393.0, 418.0, 380.0, 401.0, 389.0, 379.0], "TN": [266.0, 269.0, 273.0, 274.0, 262.0, 277.0, 313.0, 298.0, 291.0, 279.0, 291.0, 295.0, 324.0, 314.0, 301.0, 319.0, 317.0, 311.0, 322.0, 328.0, 328.0], "FP": [451.0, 448.0, 444.0, 443.0, 455.0, 440.0, 404.0, 419.0, 426.0, 438.0, 426.0, 422.0, 393.0, 403.0, 416.0, 398.0, 400.0, 406.0, 395.0, 389.0, 389.0], "FN": [290.0, 294.0, 260.0, 279.0, 302.0, 303.0, 302.0, 278.0, 287.0, 300.0, 317.0, 307.0, 307.0, 311.0, 329.0, 324.0, 299.0, 337.0, 316.0, 328.0, 338.0], "Precision": [0.48633256554603577, 0.4856486916542053, 0.5072141885757446, 0.4971623122692108, 0.477011501789093, 0.4847775101661682, 0.5067155361175537, 0.5116550326347351, 0.5023364424705505, 0.4877192974090576, 0.48426151275634766, 0.4927884638309479, 0.5105853080749512, 0.5018541216850281, 0.482587069272995, 0.4968394339084625, 0.5110024213790894, 0.48346054553985596, 0.5037688612937927, 0.5, 0.4934895932674408], "Recall": [0.5955369472503662, 0.589958131313324, 0.6373779773712158, 0.6108786463737488, 0.5788005590438843, 0.5774058699607849, 0.5788005590438843, 0.6122733354568481, 0.5997210741043091, 0.581589937210083, 0.5578800439834595, 0.5718270540237427, 0.5718270540237427, 0.5662482380867004, 0.5411436557769775, 0.5481171607971191, 0.5829846858978271, 0.5299860239028931, 0.5592747330665588, 0.5425383448600769, 0.5285913348197937], "AUC": [0.48060742020606995, 0.4945310950279236, 0.5213143229484558, 0.48353204131126404, 0.4779970347881317, 0.4767627716064453, 0.5176175832748413, 0.5086376667022705, 0.5020103454589844, 0.4852963387966156, 0.48128730058670044, 0.4745948910713196, 0.5051187872886658, 0.5040732622146606, 0.47045454382896423, 0.5012215971946716, 0.4976871609687805, 0.4824874699115753, 0.5034391283988953, 0.5044078230857849, 0.4892819821834564], "val_loss": [0.6746640205383301, 0.67530357837677, 0.6760662198066711, 0.6768473386764526, 0.6776344180107117, 0.6783331632614136, 0.6788825988769531, 0.679619312286377, 0.680232048034668, 0.6808875203132629, 0.6815053820610046, 0.6819174289703369, 0.6824076771736145, 0.6828312873840332, 0.6834347248077393, 0.6839037537574768, 0.6843859553337097, 0.6846664547920227, 0.6852505803108215, 0.6857259273529053, 0.6861391663551331], "val_accuracy": [0.6218181848526001, 0.6218181848526001, 0.6218181848526001, 0.6218181848526001, 0.6218181848526001, 0.6218181848526001, 0.6218181848526001, 0.6218181848526001, 0.6218181848526001, 0.6218181848526001, 0.6218181848526001, 0.6218181848526001, 0.6218181848526001, 0.6218181848526001, 0.6218181848526001, 0.6218181848526001, 0.6218181848526001, 0.6218181848526001, 0.6218181848526001, 0.6218181848526001, 0.6218181848526001], "val_benchmark_1705": [104.0, 104.0, 104.0, 104.0, 104.0, 104.0, 104.0, 104.0, 104.0, 104.0, 104.0, 104.0, 104.0, 104.0, 104.0, 104.0, 104.0, 104.0, 104.0, 104.0, 104.0], "val_TP": [171.0, 171.0, 171.0, 171.0, 171.0, 171.0, 171.0, 171.0, 171.0, 171.0, 171.0, 171.0, 171.0, 171.0, 171.0, 171.0, 171.0, 171.0, 171.0, 171.0, 171.0], "val_TN": [0.0, 0.0, 0.0, 0.0, 0.0, 0.0, 0.0, 0.0, 0.0, 0.0, 0.0, 0.0, 0.0, 0.0, 0.0, 0.0, 0.0, 0.0, 0.0, 0.0, 0.0], "val_FP": [104.0, 104.0, 104.0, 104.0, 104.0, 104.0, 104.0, 104.0, 104.0, 104.0, 104.0, 104.0, 104.0, 104.0, 104.0, 104.0, 104.0, 104.0, 104.0, 104.0, 104.0], "val_FN": [0.0, 0.0, 0.0, 0.0, 0.0, 0.0, 0.0, 0.0, 0.0, 0.0, 0.0, 0.0, 0.0, 0.0, 0.0, 0.0, 0.0, 0.0, 0.0, 0.0, 0.0], "val_Precision": [0.6218181848526001, 0.6218181848526001, 0.6218181848526001, 0.6218181848526001, 0.6218181848526001, 0.6218181848526001, 0.6218181848526001, 0.6218181848526001, 0.6218181848526001, 0.6218181848526001, 0.6218181848526001, 0.6218181848526001, 0.6218181848526001, 0.6218181848526001, 0.6218181848526001, 0.6218181848526001, 0.6218181848526001, 0.6218181848526001, 0.6218181848526001, 0.6218181848526001, 0.6218181848526001], "val_Recall": [1.0, 1.0, 1.0, 1.0, 1.0, 1.0, 1.0, 1.0, 1.0, 1.0, 1.0, 1.0, 1.0, 1.0, 1.0, 1.0, 1.0, 1.0, 1.0, 1.0, 1.0], "val_AUC": [0.5, 0.5, 0.45746177434921265, 0.5, 0.4589237570762634, 0.5, 0.4912280738353729, 0.4649404287338257, 0.5, 0.4726439416408539, 0.4538348913192749, 0.4809660315513611, 0.4912280738353729, 0.47829511761665344, 0.45130452513694763, 0.4809660315513611, 0.4912280738353729, 0.47660818696022034, 0.44534409046173096, 0.4445287883281708, 0.48661714792251587]}