{"loss": [0.04854106530547142, 0.04748211055994034, 0.048770543187856674, 0.047618135809898376, 0.048024218529462814, 0.048965271562337875, 0.04777633398771286, 0.049837950617074966, 0.048999521881341934, 0.04835732281208038, 0.0469345822930336, 0.04739055410027504, 0.04683101549744606, 0.04822782427072525, 0.048890240490436554, 0.04750937223434448, 0.04740792512893677, 0.04866952449083328, 0.04668602719902992, 0.04621675983071327, 0.04659945145249367], "accuracy": [0.48744770884513855, 0.48744770884513855, 0.5048814415931702, 0.49093446135520935, 0.48465830087661743, 0.4923291504383087, 0.49093446135520935, 0.47629010677337646, 0.4965132474899292, 0.5020920634269714, 0.5118549466133118, 0.5146443247795105, 0.5006973743438721, 0.47629010677337646, 0.4972105920314789, 0.482566237449646, 0.508368194103241, 0.4895397424697876, 0.49790793657302856, 0.5223152041435242, 0.5048814415931702], "benchmark_86": [735.0, 735.0, 710.0, 730.0, 739.0, 728.0, 730.0, 751.0, 722.0, 714.0, 700.0, 696.0, 716.0, 751.0, 721.0, 742.0, 705.0, 732.0, 720.0, 685.0, 710.0], "TP": [369.0, 375.0, 390.0, 397.0, 376.0, 367.0, 373.0, 349.0, 353.0, 388.0, 390.0, 390.0, 363.0, 368.0, 365.0, 367.0, 372.0, 353.0, 370.0, 381.0, 372.0], "TN": [330.0, 324.0, 334.0, 307.0, 319.0, 339.0, 331.0, 334.0, 359.0, 332.0, 344.0, 348.0, 355.0, 315.0, 348.0, 325.0, 357.0, 349.0, 344.0, 368.0, 352.0], "FP": [387.0, 393.0, 383.0, 410.0, 398.0, 378.0, 386.0, 383.0, 358.0, 385.0, 373.0, 369.0, 362.0, 402.0, 369.0, 392.0, 360.0, 368.0, 373.0, 349.0, 365.0], "FN": [348.0, 342.0, 327.0, 320.0, 341.0, 350.0, 344.0, 368.0, 364.0, 329.0, 327.0, 327.0, 354.0, 349.0, 352.0, 350.0, 345.0, 364.0, 347.0, 336.0, 345.0], "Precision": [0.488095223903656, 0.48828125, 0.5045278072357178, 0.4919454753398895, 0.48578810691833496, 0.4926174581050873, 0.49143609404563904, 0.4767759442329407, 0.49648383259773254, 0.5019404888153076, 0.5111402273178101, 0.5138339996337891, 0.5006896257400513, 0.47792208194732666, 0.4972752034664154, 0.4835309684276581, 0.5081967115402222, 0.48959776759147644, 0.49798116087913513, 0.5219178199768066, 0.5047490000724792], "Recall": [0.5146443247795105, 0.5230125784873962, 0.5439330339431763, 0.5536959767341614, 0.5244072675704956, 0.5118549466133118, 0.5202231407165527, 0.4867503345012665, 0.4923291504383087, 0.5411436557769775, 0.5439330339431763, 0.5439330339431763, 0.5062761306762695, 0.5132496356964111, 0.509065568447113, 0.5118549466133118, 0.5188284516334534, 0.4923291504383087, 0.5160390734672546, 0.5313807725906372, 0.5188284516334534], "AUC": [0.48513486981391907, 0.5002927780151367, 0.4974401295185089, 0.4881110191345215, 0.4861396253108978, 0.48457178473472595, 0.49242448806762695, 0.46578022837638855, 0.48027193546295166, 0.489404559135437, 0.5281906723976135, 0.5073217153549194, 0.5035237073898315, 0.47074148058891296, 0.4958197772502899, 0.4831390976905823, 0.5188031792640686, 0.46756497025489807, 0.5010387301445007, 0.5257397294044495, 0.5038612484931946], "val_loss": [0.04301977902650833, 0.04276591166853905, 0.04252272844314575, 0.04239295795559883, 0.04225609451532364, 0.042122285813093185, 0.04197027161717415, 0.041869986802339554, 0.04181445389986038, 0.04180566594004631, 0.041814420372247696, 0.041841696947813034, 0.04186747968196869, 0.041894007474184036, 0.041920796036720276, 0.04194893687963486, 0.04197927191853523, 0.04200255125761032, 0.042019322514534, 0.04202856495976448, 0.042027007788419724], "val_accuracy": [0.6218181848526001, 0.6218181848526001, 0.6218181848526001, 0.6218181848526001, 0.6218181848526001, 0.6218181848526001, 0.6218181848526001, 0.6218181848526001, 0.6218181848526001, 0.6218181848526001, 0.6218181848526001, 0.6218181848526001, 0.6218181848526001, 0.6218181848526001, 0.6218181848526001, 0.6218181848526001, 0.6218181848526001, 0.6218181848526001, 0.6218181848526001, 0.6218181848526001, 0.6218181848526001], "val_benchmark_86": [104.0, 104.0, 104.0, 104.0, 104.0, 104.0, 104.0, 104.0, 104.0, 104.0, 104.0, 104.0, 104.0, 104.0, 104.0, 104.0, 104.0, 104.0, 104.0, 104.0, 104.0], "val_TP": [171.0, 171.0, 171.0, 171.0, 171.0, 171.0, 171.0, 171.0, 171.0, 171.0, 171.0, 171.0, 171.0, 171.0, 171.0, 171.0, 171.0, 171.0, 171.0, 171.0, 171.0], "val_TN": [0.0, 0.0, 0.0, 0.0, 0.0, 0.0, 0.0, 0.0, 0.0, 0.0, 0.0, 0.0, 0.0, 0.0, 0.0, 0.0, 0.0, 0.0, 0.0, 0.0, 0.0], "val_FP": [104.0, 104.0, 104.0, 104.0, 104.0, 104.0, 104.0, 104.0, 104.0, 104.0, 104.0, 104.0, 104.0, 104.0, 104.0, 104.0, 104.0, 104.0, 104.0, 104.0, 104.0], "val_FN": [0.0, 0.0, 0.0, 0.0, 0.0, 0.0, 0.0, 0.0, 0.0, 0.0, 0.0, 0.0, 0.0, 0.0, 0.0, 0.0, 0.0, 0.0, 0.0, 0.0, 0.0], "val_Precision": [0.6218181848526001, 0.6218181848526001, 0.6218181848526001, 0.6218181848526001, 0.6218181848526001, 0.6218181848526001, 0.6218181848526001, 0.6218181848526001, 0.6218181848526001, 0.6218181848526001, 0.6218181848526001, 0.6218181848526001, 0.6218181848526001, 0.6218181848526001, 0.6218181848526001, 0.6218181848526001, 0.6218181848526001, 0.6218181848526001, 0.6218181848526001, 0.6218181848526001, 0.6218181848526001], "val_Recall": [1.0, 1.0, 1.0, 1.0, 1.0, 1.0, 1.0, 1.0, 1.0, 1.0, 1.0, 1.0, 1.0, 1.0, 1.0, 1.0, 1.0, 1.0, 1.0, 1.0, 1.0], "val_AUC": [0.509615421295166, 0.5, 0.5, 0.5, 0.4914248585700989, 0.5, 0.47244715690612793, 0.5, 0.5, 0.5, 0.48141586780548096, 0.5, 0.5089687705039978, 0.42344242334365845, 0.49603575468063354, 0.5, 0.49454569816589355, 0.4761021137237549, 0.5004779696464539, 0.47767654061317444, 0.48917561769485474]}