{"loss": [0.3469617962837219, 0.34700319170951843, 0.3455891013145447, 0.34574151039123535, 0.34610220789909363, 0.343843013048172, 0.344252347946167, 0.3443003296852112, 0.344171941280365, 0.3457653820514679, 0.3425007462501526, 0.3446621000766754, 0.3446810245513916, 0.34359896183013916, 0.344093918800354, 0.3435525894165039, 0.3428606390953064, 0.34210559725761414, 0.34205394983291626, 0.34159499406814575, 0.34177184104919434, 0.34120091795921326, 0.33996620774269104], "accuracy": [0.5160390734672546, 0.5055788159370422, 0.5167363882064819, 0.5223152041435242, 0.5125523209571838, 0.5251045823097229, 0.534867525100708, 0.5376569032669067, 0.5251045823097229, 0.5355648398399353, 0.5439330339431763, 0.5292887091636658, 0.5404462814331055, 0.5446304082870483, 0.5244072675704956, 0.5334727764129639, 0.5369595289230347, 0.5411436557769775, 0.5474197864532471, 0.5313807725906372, 0.5516039133071899, 0.5509065389633179, 0.5634588599205017], "benchmark_1176": [694.0, 709.0, 693.0, 685.0, 699.0, 681.0, 667.0, 663.0, 681.0, 666.0, 654.0, 675.0, 659.0, 653.0, 682.0, 669.0, 664.0, 658.0, 649.0, 672.0, 643.0, 644.0, 626.0], "TP": [305.0, 352.0, 370.0, 352.0, 341.0, 351.0, 351.0, 325.0, 327.0, 334.0, 330.0, 322.0, 347.0, 355.0, 318.0, 311.0, 314.0, 330.0, 331.0, 340.0, 328.0, 344.0, 351.0], "TN": [435.0, 373.0, 371.0, 397.0, 394.0, 402.0, 416.0, 446.0, 426.0, 434.0, 450.0, 437.0, 428.0, 426.0, 434.0, 454.0, 456.0, 446.0, 454.0, 422.0, 463.0, 446.0, 457.0], "FP": [282.0, 344.0, 346.0, 320.0, 323.0, 315.0, 301.0, 271.0, 291.0, 283.0, 267.0, 280.0, 289.0, 291.0, 283.0, 263.0, 261.0, 271.0, 263.0, 295.0, 254.0, 271.0, 260.0], "FN": [412.0, 365.0, 347.0, 365.0, 376.0, 366.0, 366.0, 392.0, 390.0, 383.0, 387.0, 395.0, 370.0, 362.0, 399.0, 406.0, 403.0, 387.0, 386.0, 377.0, 389.0, 373.0, 366.0], "Precision": [0.5195911526679993, 0.5057471394538879, 0.5167597532272339, 0.523809552192688, 0.5135542154312134, 0.5270270109176636, 0.5383435487747192, 0.5453020334243774, 0.5291262269020081, 0.541329026222229, 0.552763819694519, 0.5348837375640869, 0.545597493648529, 0.5495356321334839, 0.5291181206703186, 0.5418118238449097, 0.5460869669914246, 0.5490848422050476, 0.5572390556335449, 0.5354330539703369, 0.5635738968849182, 0.5593495965003967, 0.5744680762290955], "Recall": [0.4253835380077362, 0.49093446135520935, 0.5160390734672546, 0.49093446135520935, 0.4755927622318268, 0.4895397424697876, 0.4895397424697876, 0.4532775580883026, 0.45606693625450134, 0.46582984924316406, 0.4602510333061218, 0.44909343123435974, 0.48396095633506775, 0.49511855840682983, 0.4435146450996399, 0.4337517321109772, 0.43793582916259766, 0.4602510333061218, 0.4616457521915436, 0.47419804334640503, 0.4574616551399231, 0.47977685928344727, 0.4895397424697876], "AUC": [0.5137671232223511, 0.5076931715011597, 0.522419273853302, 0.5284483432769775, 0.5237070322036743, 0.5373281836509705, 0.5495205521583557, 0.54059898853302, 0.5430995225906372, 0.5317426323890686, 0.558436393737793, 0.5348957180976868, 0.5432707667350769, 0.5498716831207275, 0.5298070907592773, 0.5434107780456543, 0.5506303310394287, 0.5549302101135254, 0.5676906108856201, 0.5590267181396484, 0.5649712085723877, 0.5648195147514343, 0.5760675668716431], "val_loss": [0.34421586990356445, 0.3397328555583954, 0.3363940417766571, 0.33268246054649353, 0.33079439401626587, 0.32877564430236816, 0.3323438763618469, 0.33291077613830566, 0.32961684465408325, 0.33502814173698425, 0.3286186158657074, 0.32919973134994507, 0.33431002497673035, 0.331693559885025, 0.3351520001888275, 0.3347080647945404, 0.3327987790107727, 0.3314862549304962, 0.33068913221359253, 0.3326742947101593, 0.3291066288948059, 0.33096176385879517, 0.32892268896102905], "val_accuracy": [0.6218181848526001, 0.6218181848526001, 0.6327272653579712, 0.585454523563385, 0.585454523563385, 0.5600000023841858, 0.5600000023841858, 0.5745454430580139, 0.5600000023841858, 0.5600000023841858, 0.5563636422157288, 0.5563636422157288, 0.5600000023841858, 0.5563636422157288, 0.5381818413734436, 0.5454545617103577, 0.5672727227210999, 0.5527272820472717, 0.5563636422157288, 0.5636363625526428, 0.5527272820472717, 0.5527272820472717, 0.5563636422157288], "val_benchmark_1176": [104.0, 104.0, 101.0, 114.0, 114.0, 121.0, 121.0, 117.0, 121.0, 121.0, 122.0, 122.0, 121.0, 122.0, 127.0, 125.0, 119.0, 123.0, 122.0, 120.0, 123.0, 123.0, 122.0], "val_TP": [171.0, 171.0, 160.0, 138.0, 138.0, 131.0, 111.0, 115.0, 124.0, 109.0, 129.0, 126.0, 115.0, 114.0, 98.0, 102.0, 110.0, 111.0, 116.0, 104.0, 116.0, 114.0, 113.0], "val_TN": [0.0, 0.0, 14.0, 23.0, 23.0, 23.0, 43.0, 43.0, 30.0, 45.0, 24.0, 27.0, 39.0, 39.0, 50.0, 48.0, 46.0, 41.0, 37.0, 51.0, 36.0, 38.0, 40.0], "val_FP": [104.0, 104.0, 90.0, 81.0, 81.0, 81.0, 61.0, 61.0, 74.0, 59.0, 80.0, 77.0, 65.0, 65.0, 54.0, 56.0, 58.0, 63.0, 67.0, 53.0, 68.0, 66.0, 64.0], "val_FN": [0.0, 0.0, 11.0, 33.0, 33.0, 40.0, 60.0, 56.0, 47.0, 62.0, 42.0, 45.0, 56.0, 57.0, 73.0, 69.0, 61.0, 60.0, 55.0, 67.0, 55.0, 57.0, 58.0], "val_Precision": [0.6218181848526001, 0.6218181848526001, 0.6399999856948853, 0.6301369667053223, 0.6301369667053223, 0.6179245114326477, 0.645348846912384, 0.6534090638160706, 0.6262626051902771, 0.648809552192688, 0.6172248721122742, 0.6206896305084229, 0.6388888955116272, 0.6368715167045593, 0.6447368264198303, 0.6455696225166321, 0.6547619104385376, 0.6379310488700867, 0.6338797807693481, 0.662420392036438, 0.6304348111152649, 0.6333333253860474, 0.6384180784225464], "val_Recall": [1.0, 1.0, 0.9356725215911865, 0.8070175647735596, 0.8070175647735596, 0.7660818696022034, 0.6491228342056274, 0.6725146174430847, 0.7251461744308472, 0.6374269127845764, 0.7543859481811523, 0.7368420958518982, 0.6725146174430847, 0.6666666865348816, 0.5730994343757629, 0.5964912176132202, 0.6432748436927795, 0.6491228342056274, 0.6783625483512878, 0.6081871390342712, 0.6783625483512878, 0.6666666865348816, 0.6608186960220337], "val_AUC": [0.5087719559669495, 0.5677013397216797, 0.5661831498146057, 0.5748988389968872, 0.5731837153434753, 0.5706533789634705, 0.5731837153434753, 0.5733805894851685, 0.5738584995269775, 0.5698943138122559, 0.5698379874229431, 0.5721997022628784, 0.575151801109314, 0.5741115212440491, 0.57512366771698, 0.5749550461769104, 0.5771198868751526, 0.5793972015380859, 0.5774291753768921, 0.5806624293327332, 0.5793972611427307, 0.5844579339027405, 0.5828835368156433]}