{"loss": [0.7104358673095703, 0.705723762512207, 0.7051831483840942, 0.6718358993530273, 0.6645633578300476, 0.6558361053466797, 0.6410849690437317, 0.6215741634368896, 0.6105731725692749, 0.5944187641143799, 0.5904378890991211, 0.5820682048797607, 0.5557663440704346, 0.5442854166030884, 0.5473810434341431, 0.5299110412597656, 0.5287238359451294, 0.5215145945549011, 0.506454348564148, 0.5032840967178345, 0.480882465839386], "accuracy": [0.5069735050201416, 0.5139470100402832, 0.5139470100402832, 0.5829846858978271, 0.5948396325111389, 0.6220362782478333, 0.633193850517273, 0.6492329239845276, 0.6478382349014282, 0.6792189478874207, 0.6868898272514343, 0.6861924529075623, 0.732914924621582, 0.7189679145812988, 0.7175732254981995, 0.7294281721115112, 0.7447698712348938, 0.7433751821517944, 0.749651312828064, 0.7538354396820068, 0.7719665169715881], "benchmark_1735": [707.0, 697.0, 697.0, 598.0, 581.0, 542.0, 526.0, 503.0, 505.0, 460.0, 449.0, 450.0, 383.0, 403.0, 405.0, 388.0, 366.0, 368.0, 359.0, 353.0, 327.0], "TP": [344.0, 363.0, 365.0, 433.0, 379.0, 419.0, 416.0, 434.0, 462.0, 467.0, 469.0, 481.0, 505.0, 488.0, 497.0, 505.0, 514.0, 536.0, 526.0, 517.0, 534.0], "TN": [383.0, 374.0, 372.0, 403.0, 474.0, 473.0, 492.0, 497.0, 467.0, 507.0, 516.0, 503.0, 546.0, 543.0, 532.0, 541.0, 554.0, 530.0, 549.0, 564.0, 573.0], "FP": [334.0, 343.0, 345.0, 314.0, 243.0, 244.0, 225.0, 220.0, 250.0, 210.0, 201.0, 214.0, 171.0, 174.0, 185.0, 176.0, 163.0, 187.0, 168.0, 153.0, 144.0], "FN": [373.0, 354.0, 352.0, 284.0, 338.0, 298.0, 301.0, 283.0, 255.0, 250.0, 248.0, 236.0, 212.0, 229.0, 220.0, 212.0, 203.0, 181.0, 191.0, 200.0, 183.0], "Precision": [0.50737464427948, 0.5141643285751343, 0.51408451795578, 0.579651951789856, 0.6093247532844543, 0.6319758892059326, 0.6489859819412231, 0.6636085510253906, 0.648876428604126, 0.6898079514503479, 0.699999988079071, 0.6920863389968872, 0.7470414042472839, 0.7371601462364197, 0.7287390232086182, 0.7415565252304077, 0.7592319250106812, 0.7413554787635803, 0.7579250931739807, 0.7716417908668518, 0.7876105904579163], "Recall": [0.47977685928344727, 0.5062761306762695, 0.509065568447113, 0.6039051413536072, 0.5285913348197937, 0.5843793749809265, 0.5801952481269836, 0.6052998900413513, 0.6443514823913574, 0.651324987411499, 0.6541143655776978, 0.6708507537841797, 0.7043235898017883, 0.6806136965751648, 0.6931659579277039, 0.7043235898017883, 0.7168758511543274, 0.7475592494010925, 0.7336122989654541, 0.7210599780082703, 0.7447698712348938], "AUC": [0.5079576969146729, 0.5172236561775208, 0.5248128175735474, 0.6135824918746948, 0.629402756690979, 0.6517149806022644, 0.6755425333976746, 0.7049800157546997, 0.7197227478027344, 0.7455178499221802, 0.7519223093986511, 0.7578152418136597, 0.7887077927589417, 0.7957211136817932, 0.794365406036377, 0.8072950839996338, 0.8097042441368103, 0.8168001770973206, 0.8292814493179321, 0.8311216831207275, 0.848873496055603], "val_loss": [0.682407557964325, 0.6771039962768555, 0.6639381051063538, 0.7201070785522461, 0.6667179465293884, 0.6915284991264343, 0.6686170101165771, 0.6665483117103577, 0.6924067735671997, 0.673996090888977, 0.662977397441864, 0.6627317667007446, 0.6859728693962097, 0.662688136100769, 0.6643420457839966, 0.6695199608802795, 0.681815505027771, 0.6732425689697266, 0.6868944764137268, 0.6751266717910767, 0.6891347169876099], "val_accuracy": [0.6218181848526001, 0.6218181848526001, 0.6218181848526001, 0.3781818151473999, 0.6218181848526001, 0.6218181848526001, 0.6218181848526001, 0.6218181848526001, 0.5672727227210999, 0.6218181848526001, 0.6218181848526001, 0.6218181848526001, 0.578181803226471, 0.6218181848526001, 0.6218181848526001, 0.6218181848526001, 0.6218181848526001, 0.6218181848526001, 0.5636363625526428, 0.6218181848526001, 0.5272727012634277], "val_benchmark_1735": [104.0, 104.0, 104.0, 171.0, 104.0, 104.0, 104.0, 104.0, 119.0, 104.0, 104.0, 104.0, 116.0, 104.0, 104.0, 104.0, 104.0, 104.0, 120.0, 104.0, 130.0], "val_TP": [171.0, 171.0, 171.0, 0.0, 171.0, 171.0, 171.0, 171.0, 131.0, 171.0, 171.0, 171.0, 154.0, 171.0, 171.0, 171.0, 171.0, 169.0, 133.0, 171.0, 120.0], "val_TN": [0.0, 0.0, 0.0, 104.0, 0.0, 0.0, 0.0, 0.0, 25.0, 0.0, 0.0, 0.0, 5.0, 0.0, 0.0, 0.0, 0.0, 2.0, 22.0, 0.0, 25.0], "val_FP": [104.0, 104.0, 104.0, 0.0, 104.0, 104.0, 104.0, 104.0, 79.0, 104.0, 104.0, 104.0, 99.0, 104.0, 104.0, 104.0, 104.0, 102.0, 82.0, 104.0, 79.0], "val_FN": [0.0, 0.0, 0.0, 171.0, 0.0, 0.0, 0.0, 0.0, 40.0, 0.0, 0.0, 0.0, 17.0, 0.0, 0.0, 0.0, 0.0, 2.0, 38.0, 0.0, 51.0], "val_Precision": [0.6218181848526001, 0.6218181848526001, 0.6218181848526001, 0.0, 0.6218181848526001, 0.6218181848526001, 0.6218181848526001, 0.6218181848526001, 0.6238095164299011, 0.6218181848526001, 0.6218181848526001, 0.6218181848526001, 0.6086956262588501, 0.6218181848526001, 0.6218181848526001, 0.6218181848526001, 0.6218181848526001, 0.6236162185668945, 0.6186046600341797, 0.6218181848526001, 0.6030150651931763], "val_Recall": [1.0, 1.0, 1.0, 0.0, 1.0, 1.0, 1.0, 1.0, 0.7660818696022034, 1.0, 1.0, 1.0, 0.9005848169326782, 1.0, 1.0, 1.0, 1.0, 0.988304078578949, 0.7777777910232544, 1.0, 0.7017543911933899], "val_AUC": [0.5, 0.5, 0.5, 0.5085750818252563, 0.5, 0.47660818696022034, 0.4951923191547394, 0.45015186071395874, 0.5135233998298645, 0.5431848764419556, 0.5056230425834656, 0.5206365585327148, 0.5612066984176636, 0.5556961297988892, 0.5014338493347168, 0.4944050908088684, 0.4672739505767822, 0.46302857995033264, 0.4662055969238281, 0.4454284608364105, 0.4750056266784668]}