{"loss": [0.6800152063369751, 0.6695743799209595, 0.6608791351318359, 0.6543721556663513, 0.6450554728507996, 0.6402277946472168, 0.635959804058075, 0.6281918883323669, 0.6270331144332886, 0.6254565119743347, 0.6167682409286499, 0.6179656386375427, 0.6099125146865845, 0.6158254742622375, 0.6106176972389221, 0.6017316579818726, 0.5985080003738403, 0.5983586311340332, 0.5988325476646423, 0.6016228795051575, 0.59344482421875, 0.595125675201416, 0.5935420989990234, 0.5862215757369995, 0.5884206891059875, 0.5845112800598145, 0.5907827019691467, 0.5818720459938049, 0.5823970437049866, 0.5774761438369751, 0.5754709243774414, 0.5755206346511841, 0.5754052400588989, 0.5745620131492615, 0.5687369704246521, 0.5709893703460693, 0.5716639757156372, 0.5705989003181458, 0.5668550729751587, 0.5657735466957092, 0.5613487362861633, 0.5582275390625, 0.5559919476509094, 0.5481664538383484, 0.5603135228157043, 0.5589555501937866, 0.55499267578125, 0.5468865036964417, 0.5528902411460876, 0.5441083312034607, 0.5461761355400085, 0.5413458943367004, 0.5440689921379089, 0.5473675727844238, 0.5356314778327942, 0.5440778732299805], "accuracy": [0.5613667964935303, 0.5913528800010681, 0.6227335929870605, 0.6304044723510742, 0.625523030757904, 0.6352859139442444, 0.6527196764945984, 0.6457461714744568, 0.6499302387237549, 0.6687586903572083, 0.6569037437438965, 0.6617852449417114, 0.6666666865348816, 0.6582984924316406, 0.6673640012741089, 0.6617852449417114, 0.6820083856582642, 0.6666666865348816, 0.6757321953773499, 0.668061375617981, 0.6785216331481934, 0.685495138168335, 0.6687586903572083, 0.6903765797615051, 0.6687586903572083, 0.6973500847816467, 0.677126944065094, 0.6882845163345337, 0.6875871419906616, 0.6945606470108032, 0.6882845163345337, 0.6973500847816467, 0.6917712688446045, 0.6903765797615051, 0.7029288411140442, 0.6987447738647461, 0.6994421482086182, 0.6945606470108032, 0.7085076570510864, 0.7085076570510864, 0.6994421482086182, 0.7008368372917175, 0.6938633322715759, 0.7224546670913696, 0.7008368372917175, 0.7112970948219299, 0.7133890986442566, 0.7266387939453125, 0.7161785364151001, 0.7287307977676392, 0.7112970948219299, 0.7147838473320007, 0.7126917839050293, 0.7224546670913696, 0.7377963662147522, 0.7196652889251709], "benchmark_1815": [629.0, 586.0, 541.0, 530.0, 537.0, 523.0, 498.0, 508.0, 502.0, 475.0, 492.0, 485.0, 478.0, 490.0, 477.0, 485.0, 456.0, 478.0, 465.0, 476.0, 461.0, 451.0, 475.0, 444.0, 475.0, 434.0, 463.0, 447.0, 448.0, 438.0, 447.0, 434.0, 442.0, 444.0, 426.0, 432.0, 431.0, 438.0, 418.0, 418.0, 431.0, 429.0, 439.0, 398.0, 429.0, 414.0, 411.0, 392.0, 407.0, 389.0, 414.0, 409.0, 412.0, 398.0, 376.0, 402.0], "TP": [441.0, 442.0, 458.0, 470.0, 459.0, 468.0, 465.0, 487.0, 464.0, 483.0, 476.0, 480.0, 477.0, 471.0, 478.0, 480.0, 490.0, 477.0, 474.0, 484.0, 482.0, 492.0, 476.0, 493.0, 477.0, 485.0, 480.0, 494.0, 498.0, 493.0, 486.0, 494.0, 489.0, 507.0, 497.0, 497.0, 496.0, 504.0, 508.0, 489.0, 496.0, 506.0, 498.0, 514.0, 505.0, 503.0, 511.0, 515.0, 504.0, 524.0, 501.0, 513.0, 505.0, 521.0, 535.0, 521.0], "TN": [364.0, 406.0, 435.0, 434.0, 438.0, 443.0, 471.0, 439.0, 468.0, 476.0, 466.0, 469.0, 479.0, 473.0, 479.0, 469.0, 488.0, 479.0, 495.0, 474.0, 491.0, 491.0, 483.0, 497.0, 482.0, 515.0, 491.0, 493.0, 488.0, 503.0, 501.0, 506.0, 503.0, 483.0, 511.0, 505.0, 507.0, 492.0, 508.0, 527.0, 507.0, 499.0, 497.0, 522.0, 500.0, 517.0, 512.0, 527.0, 523.0, 521.0, 519.0, 512.0, 517.0, 515.0, 523.0, 511.0], "FP": [353.0, 311.0, 282.0, 283.0, 279.0, 274.0, 246.0, 278.0, 249.0, 241.0, 251.0, 248.0, 238.0, 244.0, 238.0, 248.0, 229.0, 238.0, 222.0, 243.0, 226.0, 226.0, 234.0, 220.0, 235.0, 202.0, 226.0, 224.0, 229.0, 214.0, 216.0, 211.0, 214.0, 234.0, 206.0, 212.0, 210.0, 225.0, 209.0, 190.0, 210.0, 218.0, 220.0, 195.0, 217.0, 200.0, 205.0, 190.0, 194.0, 196.0, 198.0, 205.0, 200.0, 202.0, 194.0, 206.0], "FN": [276.0, 275.0, 259.0, 247.0, 258.0, 249.0, 252.0, 230.0, 253.0, 234.0, 241.0, 237.0, 240.0, 246.0, 239.0, 237.0, 227.0, 240.0, 243.0, 233.0, 235.0, 225.0, 241.0, 224.0, 240.0, 232.0, 237.0, 223.0, 219.0, 224.0, 231.0, 223.0, 228.0, 210.0, 220.0, 220.0, 221.0, 213.0, 209.0, 228.0, 221.0, 211.0, 219.0, 203.0, 212.0, 214.0, 206.0, 202.0, 213.0, 193.0, 216.0, 204.0, 212.0, 196.0, 182.0, 196.0], "Precision": [0.5554156303405762, 0.5869854092597961, 0.6189188957214355, 0.6241700053215027, 0.6219512224197388, 0.6307277679443359, 0.6540084481239319, 0.6366013288497925, 0.6507713794708252, 0.6671270728111267, 0.6547455191612244, 0.6593406796455383, 0.6671328544616699, 0.6587412357330322, 0.667597770690918, 0.6593406796455383, 0.681502103805542, 0.6671328544616699, 0.681034505367279, 0.6657496690750122, 0.6807909607887268, 0.6852367520332336, 0.6704225540161133, 0.6914445757865906, 0.6699438095092773, 0.7059679627418518, 0.6798866987228394, 0.688022255897522, 0.685006856918335, 0.697312593460083, 0.692307710647583, 0.7007092237472534, 0.6955903172492981, 0.6842105388641357, 0.7069701552391052, 0.7009872794151306, 0.7025495767593384, 0.6913580298423767, 0.7085076570510864, 0.7201767563819885, 0.7025495767593384, 0.6988950371742249, 0.6935933232307434, 0.7249647378921509, 0.6994459629058838, 0.7155050039291382, 0.7136871218681335, 0.7304964661598206, 0.7220630645751953, 0.7277777791023254, 0.716738224029541, 0.714484691619873, 0.716312050819397, 0.7206085920333862, 0.7338820099830627, 0.716643750667572], "Recall": [0.6150627732276917, 0.616457462310791, 0.6387726664543152, 0.6555090546607971, 0.6401673555374146, 0.6527196764945984, 0.6485355496406555, 0.6792189478874207, 0.6471408605575562, 0.6736401915550232, 0.6638772487640381, 0.6694560647010803, 0.6652719378471375, 0.6569037437438965, 0.6666666865348816, 0.6694560647010803, 0.6834030747413635, 0.6652719378471375, 0.6610878705978394, 0.6750348806381226, 0.672245442867279, 0.6861924529075623, 0.6638772487640381, 0.6875871419906616, 0.6652719378471375, 0.6764295697212219, 0.6694560647010803, 0.6889818906784058, 0.6945606470108032, 0.6875871419906616, 0.6778242588043213, 0.6889818906784058, 0.6820083856582642, 0.7071129679679871, 0.6931659579277039, 0.6931659579277039, 0.6917712688446045, 0.7029288411140442, 0.7085076570510864, 0.6820083856582642, 0.6917712688446045, 0.7057182788848877, 0.6945606470108032, 0.7168758511543274, 0.7043235898017883, 0.7015341520309448, 0.7126917839050293, 0.7182705998420715, 0.7029288411140442, 0.7308228611946106, 0.6987447738647461, 0.715481162071228, 0.7043235898017883, 0.7266387939453125, 0.7461645603179932, 0.7266387939453125], "AUC": [0.5860327482223511, 0.6337676048278809, 0.6635115742683411, 0.6741896867752075, 0.6820064187049866, 0.6966868042945862, 0.703424870967865, 0.7077178955078125, 0.7084414958953857, 0.7140222787857056, 0.7220121622085571, 0.7187851071357727, 0.7283757925033569, 0.7163029909133911, 0.7281569838523865, 0.7381377220153809, 0.7447319626808167, 0.7394284605979919, 0.741047739982605, 0.7340013980865479, 0.7502329349517822, 0.746622622013092, 0.7411829233169556, 0.7562377452850342, 0.7485435009002686, 0.757567286491394, 0.7484112977981567, 0.7573250532150269, 0.7595407366752625, 0.7664800882339478, 0.7652148008346558, 0.7642508745193481, 0.7652789354324341, 0.7653995752334595, 0.7729313373565674, 0.770651638507843, 0.7714879512786865, 0.769817054271698, 0.7760455012321472, 0.7772389650344849, 0.7788252830505371, 0.784486711025238, 0.785000205039978, 0.7961529493331909, 0.7815942764282227, 0.7812450528144836, 0.7856548428535461, 0.7966325283050537, 0.7915856838226318, 0.8010053038597107, 0.7947632074356079, 0.7983422875404358, 0.7967978119850159, 0.793607771396637, 0.8088823556900024, 0.7963018417358398],