{"loss": [0.6998435854911804, 0.7010332345962524, 0.6953062415122986, 0.6987723112106323, 0.6968448758125305, 0.6906127333641052, 0.6941412687301636, 0.6931304335594177, 0.6957987546920776, 0.6975760459899902, 0.7009795308113098, 0.6921949982643127, 0.6970416307449341, 0.6942113041877747, 0.6949105262756348, 0.6943120360374451, 0.6931130290031433, 0.6938448548316956, 0.6896200180053711, 0.6947101354598999, 0.6910317540168762, 0.6936209797859192, 0.6945669054985046], "accuracy": [0.4644351601600647, 0.472106009721756, 0.4867503345012665, 0.4686192572116852, 0.49163180589675903, 0.509065568447113, 0.4937238395214081, 0.5062761306762695, 0.4958159029483795, 0.47768479585647583, 0.4714086353778839, 0.5271966457366943, 0.4923291504383087, 0.49093446135520935, 0.48396095633506775, 0.48465830087661743, 0.5292887091636658, 0.5027893781661987, 0.517433762550354, 0.49790793657302856, 0.5013946890830994, 0.5118549466133118, 0.4972105920314789], "benchmark_4": [768.0, 757.0, 736.0, 762.0, 729.0, 704.0, 726.0, 708.0, 723.0, 749.0, 758.0, 678.0, 728.0, 730.0, 740.0, 739.0, 675.0, 713.0, 692.0, 720.0, 715.0, 700.0, 721.0], "TP": [351.0, 390.0, 399.0, 376.0, 411.0, 410.0, 425.0, 439.0, 438.0, 417.0, 429.0, 473.0, 457.0, 478.0, 452.0, 454.0, 499.0, 469.0, 485.0, 471.0, 477.0, 505.0, 482.0], "TN": [315.0, 287.0, 299.0, 296.0, 294.0, 320.0, 283.0, 287.0, 273.0, 268.0, 247.0, 283.0, 249.0, 226.0, 242.0, 241.0, 260.0, 252.0, 257.0, 243.0, 242.0, 229.0, 231.0], "FP": [402.0, 430.0, 418.0, 421.0, 423.0, 397.0, 434.0, 430.0, 444.0, 449.0, 470.0, 434.0, 468.0, 491.0, 475.0, 476.0, 457.0, 465.0, 460.0, 474.0, 475.0, 488.0, 486.0], "FN": [366.0, 327.0, 318.0, 341.0, 306.0, 307.0, 292.0, 278.0, 279.0, 300.0, 288.0, 244.0, 260.0, 239.0, 265.0, 263.0, 218.0, 248.0, 232.0, 246.0, 240.0, 212.0, 235.0], "Precision": [0.4661354720592499, 0.47560974955558777, 0.4883720874786377, 0.4717691242694855, 0.49280574917793274, 0.5080544948577881, 0.4947613477706909, 0.5051783919334412, 0.49659863114356995, 0.481524258852005, 0.4771968722343445, 0.5214994549751282, 0.49405404925346375, 0.49329206347465515, 0.4875943958759308, 0.4881720542907715, 0.5219665169715881, 0.5021413564682007, 0.5132275223731995, 0.49841269850730896, 0.5010504126548767, 0.5085599422454834, 0.49793389439582825], "Recall": [0.4895397424697876, 0.5439330339431763, 0.5564853549003601, 0.5244072675704956, 0.573221743106842, 0.5718270540237427, 0.5927475690841675, 0.6122733354568481, 0.6108786463737488, 0.581589937210083, 0.5983263850212097, 0.65969318151474, 0.6373779773712158, 0.6666666865348816, 0.6304044723510742, 0.633193850517273, 0.6959553956985474, 0.6541143655776978, 0.6764295697212219, 0.6569037437438965, 0.6652719378471375, 0.7043235898017883, 0.672245442867279], "AUC": [0.4733849763870239, 0.4652356505393982, 0.5016933083534241, 0.46975231170654297, 0.5047968029975891, 0.5260615944862366, 0.5077632665634155, 0.5140024423599243, 0.5023624897003174, 0.4751366078853607, 0.4661886692047119, 0.536153256893158, 0.49885913729667664, 0.4986140727996826, 0.4978038966655731, 0.4902818500995636, 0.5227071642875671, 0.52070552110672, 0.5402585864067078, 0.5019899606704712, 0.5295755863189697, 0.5250287652015686, 0.5127322673797607], "val_loss": [0.6932983994483948, 0.6931541562080383, 0.6921971440315247, 0.6914969682693481, 0.6909070611000061, 0.6902207136154175, 0.6896313428878784, 0.6893351674079895, 0.688846230506897, 0.6883537769317627, 0.6878612637519836, 0.6873562932014465, 0.6868451833724976, 0.6863651871681213, 0.6859286427497864, 0.6855088472366333, 0.6851221323013306, 0.6848686933517456, 0.6847482919692993, 0.68467777967453, 0.6845977306365967, 0.6847558617591858, 0.6849164366722107], "val_accuracy": [0.3781818151473999, 0.4727272689342499, 0.6218181848526001, 0.6218181848526001, 0.6218181848526001, 0.6218181848526001, 0.6218181848526001, 0.6218181848526001, 0.6218181848526001, 0.6218181848526001, 0.6218181848526001, 0.6218181848526001, 0.6218181848526001, 0.6218181848526001, 0.6218181848526001, 0.6218181848526001, 0.6218181848526001, 0.6218181848526001, 0.6218181848526001, 0.6218181848526001, 0.6218181848526001, 0.6218181848526001, 0.6218181848526001], "val_benchmark_4": [171.0, 145.0, 104.0, 104.0, 104.0, 104.0, 104.0, 104.0, 104.0, 104.0, 104.0, 104.0, 104.0, 104.0, 104.0, 104.0, 104.0, 104.0, 104.0, 104.0, 104.0, 104.0, 104.0], "val_TP": [0.0, 37.0, 171.0, 171.0, 171.0, 171.0, 171.0, 171.0, 171.0, 171.0, 171.0, 171.0, 171.0, 171.0, 171.0, 171.0, 171.0, 171.0, 171.0, 171.0, 171.0, 171.0, 171.0], "val_TN": [104.0, 93.0, 0.0, 0.0, 0.0, 0.0, 0.0, 0.0, 0.0, 0.0, 0.0, 0.0, 0.0, 0.0, 0.0, 0.0, 0.0, 0.0, 0.0, 0.0, 0.0, 0.0, 0.0], "val_FP": [0.0, 11.0, 104.0, 104.0, 104.0, 104.0, 104.0, 104.0, 104.0, 104.0, 104.0, 104.0, 104.0, 104.0, 104.0, 104.0, 104.0, 104.0, 104.0, 104.0, 104.0, 104.0, 104.0], "val_FN": [171.0, 134.0, 0.0, 0.0, 0.0, 0.0, 0.0, 0.0, 0.0, 0.0, 0.0, 0.0, 0.0, 0.0, 0.0, 0.0, 0.0, 0.0, 0.0, 0.0, 0.0, 0.0, 0.0], "val_Precision": [0.0, 0.7708333134651184, 0.6218181848526001, 0.6218181848526001, 0.6218181848526001, 0.6218181848526001, 0.6218181848526001, 0.6218181848526001, 0.6218181848526001, 0.6218181848526001, 0.6218181848526001, 0.6218181848526001, 0.6218181848526001, 0.6218181848526001, 0.6218181848526001, 0.6218181848526001, 0.6218181848526001, 0.6218181848526001, 0.6218181848526001, 0.6218181848526001, 0.6218181848526001, 0.6218181848526001, 0.6218181848526001], "val_Recall": [0.0, 0.2163742631673813, 1.0, 1.0, 1.0, 1.0, 1.0, 1.0, 1.0, 1.0, 1.0, 1.0, 1.0, 1.0, 1.0, 1.0, 1.0, 1.0, 1.0, 1.0, 1.0, 1.0, 1.0], "val_AUC": [0.5, 0.5, 0.5, 0.5, 0.5, 0.5, 0.520102322101593, 0.5, 0.5, 0.5, 0.5146198868751526, 0.551338255405426, 0.5311797261238098, 0.5, 0.5029239654541016, 0.5187247395515442, 0.5060728788375854, 0.5107681155204773, 0.5144792795181274, 0.5079846978187561, 0.47975707054138184, 0.4794759154319763, 0.45850202441215515]}