{"loss": [0.6840195655822754, 0.6542107462882996, 0.6450948119163513, 0.6418970823287964, 0.6460006833076477, 0.6409600973129272, 0.6433343887329102, 0.6334036588668823, 0.630736768245697, 0.6349257826805115, 0.6239152550697327, 0.6221523880958557, 0.6223205924034119, 0.6172715425491333, 0.6106035113334656, 0.6272203922271729, 0.6156966686248779, 0.6124765276908875, 0.607053279876709, 0.6113978028297424, 0.6128524541854858, 0.6123040914535522, 0.6066616773605347, 0.6115536093711853], "accuracy": [0.5655509233474731, 0.5913528800010681, 0.6122733354568481, 0.6220362782478333, 0.6178521513938904, 0.6234309673309326, 0.6276150345802307, 0.6234309673309326, 0.6366806030273438, 0.6317991614341736, 0.6548117399215698, 0.6527196764945984, 0.6464434862136841, 0.6624825596809387, 0.6478382349014282, 0.633193850517273, 0.6548117399215698, 0.6757321953773499, 0.6603904962539673, 0.6645746231079102, 0.6562064290046692, 0.6582984924316406, 0.6666666865348816, 0.6659693121910095], "benchmark_904": [623.0, 586.0, 556.0, 542.0, 548.0, 540.0, 534.0, 540.0, 521.0, 528.0, 495.0, 498.0, 507.0, 484.0, 505.0, 526.0, 495.0, 465.0, 487.0, 481.0, 493.0, 490.0, 478.0, 479.0], "TP": [430.0, 376.0, 406.0, 376.0, 467.0, 412.0, 399.0, 484.0, 392.0, 440.0, 451.0, 462.0, 437.0, 469.0, 413.0, 445.0, 438.0, 463.0, 480.0, 427.0, 462.0, 463.0, 434.0, 443.0], "TN": [381.0, 472.0, 472.0, 516.0, 419.0, 482.0, 501.0, 410.0, 521.0, 466.0, 488.0, 474.0, 490.0, 481.0, 516.0, 463.0, 501.0, 506.0, 467.0, 526.0, 479.0, 481.0, 522.0, 512.0], "FP": [336.0, 245.0, 245.0, 201.0, 298.0, 235.0, 216.0, 307.0, 196.0, 251.0, 229.0, 243.0, 227.0, 236.0, 201.0, 254.0, 216.0, 211.0, 250.0, 191.0, 238.0, 236.0, 195.0, 205.0], "FN": [287.0, 341.0, 311.0, 341.0, 250.0, 305.0, 318.0, 233.0, 325.0, 277.0, 266.0, 255.0, 280.0, 248.0, 304.0, 272.0, 279.0, 254.0, 237.0, 290.0, 255.0, 254.0, 283.0, 274.0], "Precision": [0.5613576769828796, 0.6054750680923462, 0.6236559152603149, 0.6516464352607727, 0.6104575395584106, 0.6367851495742798, 0.6487804651260376, 0.6118836998939514, 0.6666666865348816, 0.6367583274841309, 0.6632353067398071, 0.6553191542625427, 0.6581325531005859, 0.6652482151985168, 0.6726384162902832, 0.636623740196228, 0.6697247624397278, 0.6869435906410217, 0.6575342416763306, 0.6909385323524475, 0.6600000262260437, 0.6623747944831848, 0.6899840831756592, 0.6836419701576233], "Recall": [0.5997210741043091, 0.5244072675704956, 0.5662482380867004, 0.5244072675704956, 0.651324987411499, 0.5746164321899414, 0.5564853549003601, 0.6750348806381226, 0.5467224717140198, 0.6136680841445923, 0.6290097832679749, 0.6443514823913574, 0.6094839572906494, 0.6541143655776978, 0.5760111808776855, 0.6206415891647339, 0.6108786463737488, 0.6457461714744568, 0.6694560647010803, 0.5955369472503662, 0.6443514823913574, 0.6457461714744568, 0.6052998900413513, 0.6178521513938904], "AUC": [0.5825071334838867, 0.6423566341400146, 0.671011209487915, 0.6762233972549438, 0.6728329062461853, 0.677302896976471, 0.6720353960990906, 0.690218985080719, 0.6962676048278809, 0.686454176902771, 0.7044771909713745, 0.7058622241020203, 0.7064661979675293, 0.7148013114929199, 0.7191604971885681, 0.694115161895752, 0.7164936065673828, 0.7214598059654236, 0.7252868413925171, 0.7246390581130981, 0.7203870415687561, 0.7204287052154541, 0.7272971272468567, 0.7232414484024048], "val_loss": [0.6965767741203308, 0.7210773825645447, 0.7015847563743591, 0.6612264513969421, 0.6615889072418213, 0.6628297567367554, 0.6801390051841736, 0.6885784864425659, 0.7077670693397522, 0.7412005066871643, 0.8468971848487854, 0.8798995018005371, 0.8728644847869873, 1.0176219940185547, 1.1028430461883545, 0.9274567365646362, 0.9937155842781067, 1.0483640432357788, 0.8640108108520508, 0.9975044131278992, 0.9289706349372864, 1.022396206855774, 1.3660773038864136, 1.0670398473739624], "val_accuracy": [0.3781818151473999, 0.3781818151473999, 0.3781818151473999, 0.6218181848526001, 0.6218181848526001, 0.6218181848526001, 0.6218181848526001, 0.6218181848526001, 0.6218181848526001, 0.6218181848526001, 0.6218181848526001, 0.6218181848526001, 0.6218181848526001, 0.6218181848526001, 0.6218181848526001, 0.6218181848526001, 0.6218181848526001, 0.6218181848526001, 0.6218181848526001, 0.6218181848526001, 0.6218181848526001, 0.6218181848526001, 0.6218181848526001, 0.6218181848526001], "val_benchmark_904": [171.0, 171.0, 171.0, 104.0, 104.0, 104.0, 104.0, 104.0, 104.0, 104.0, 104.0, 104.0, 104.0, 104.0, 104.0, 104.0, 104.0, 104.0, 104.0, 104.0, 104.0, 104.0, 104.0, 104.0], "val_TP": [0.0, 0.0, 0.0, 171.0, 171.0, 171.0, 171.0, 171.0, 171.0, 171.0, 171.0, 171.0, 171.0, 171.0, 171.0, 171.0, 171.0, 171.0, 171.0, 171.0, 171.0, 171.0, 171.0, 171.0], "val_TN": [104.0, 104.0, 104.0, 0.0, 0.0, 0.0, 0.0, 0.0, 0.0, 0.0, 0.0, 0.0, 0.0, 0.0, 0.0, 0.0, 0.0, 0.0, 0.0, 0.0, 0.0, 0.0, 0.0, 0.0], "val_FP": [0.0, 0.0, 0.0, 104.0, 104.0, 104.0, 104.0, 104.0, 104.0, 104.0, 104.0, 104.0, 104.0, 104.0, 104.0, 104.0, 104.0, 104.0, 104.0, 104.0, 104.0, 104.0, 104.0, 104.0], "val_FN": [171.0, 171.0, 171.0, 0.0, 0.0, 0.0, 0.0, 0.0, 0.0, 0.0, 0.0, 0.0, 0.0, 0.0, 0.0, 0.0, 0.0, 0.0, 0.0, 0.0, 0.0, 0.0, 0.0, 0.0], "val_Precision": [0.0, 0.0, 0.0, 0.6218181848526001, 0.6218181848526001, 0.6218181848526001, 0.6218181848526001, 0.6218181848526001, 0.6218181848526001, 0.6218181848526001, 0.6218181848526001, 0.6218181848526001, 0.6218181848526001, 0.6218181848526001, 0.6218181848526001, 0.6218181848526001, 0.6218181848526001, 0.6218181848526001, 0.6218181848526001, 0.6218181848526001, 0.6218181848526001, 0.6218181848526001, 0.6218181848526001, 0.6218181848526001], "val_Recall": [0.0, 0.0, 0.0, 1.0, 1.0, 1.0, 1.0, 1.0, 1.0, 1.0, 1.0, 1.0, 1.0, 1.0, 1.0, 1.0, 1.0, 1.0, 1.0, 1.0, 1.0, 1.0, 1.0, 1.0], "val_AUC": [0.5104588866233826, 0.5745332837104797, 0.5953665971755981, 0.5738022923469543, 0.6034919023513794, 0.6007647514343262, 0.6258997321128845, 0.6124606728553772, 0.6112516522407532, 0.6257871985435486, 0.6354306936264038, 0.6405476927757263, 0.6337437629699707, 0.6395917534828186, 0.6501349806785583, 0.6485042572021484, 0.6513438820838928, 0.646311342716217, 0.6613247990608215, 0.6632647514343262, 0.666835367679596, 0.6781657338142395, 0.6592442393302917, 0.6400697231292725]}