{"loss": [0.04292462393641472, 0.04296576604247093, 0.04206234589219093, 0.0414840392768383, 0.041069820523262024, 0.04030328616499901, 0.04089533910155296, 0.0408330075442791, 0.03978034481406212, 0.03987202048301697, 0.03940306603908539, 0.0386510007083416, 0.038853712379932404, 0.03818436339497566, 0.038823630660772324, 0.03913993388414383, 0.037864573299884796, 0.03742634505033493, 0.03792949393391609, 0.037300869822502136, 0.03750636801123619, 0.03660892695188522, 0.0363599993288517, 0.036965545266866684, 0.035211630165576935, 0.03627407178282738, 0.035615455359220505, 0.0362132228910923, 0.03539415821433067, 0.03518378362059593, 0.03516009449958801, 0.035739921033382416, 0.034226201474666595, 0.0344095416367054, 0.03403910994529724, 0.03445722535252571, 0.0339459590613842, 0.03354840725660324, 0.033525217324495316, 0.034540191292762756, 0.03356679901480675, 0.03309948742389679, 0.032702695578336716, 0.03178927302360535, 0.03188851848244667, 0.03240933269262314, 0.03182055428624153, 0.0315910279750824, 0.030650978907942772, 0.03064979985356331], "accuracy": [0.5460250973701477, 0.5341701507568359, 0.5725244283676147, 0.5941422581672668, 0.607391893863678, 0.6206415891647339, 0.6199442148208618, 0.6108786463737488, 0.642259418964386, 0.6324965357780457, 0.6394700407981873, 0.6582984924316406, 0.6603904962539673, 0.668061375617981, 0.6485355496406555, 0.6457461714744568, 0.6778242588043213, 0.668061375617981, 0.672245442867279, 0.6715481281280518, 0.6687586903572083, 0.6973500847816467, 0.6931659579277039, 0.6834030747413635, 0.706415593624115, 0.6868898272514343, 0.7043235898017883, 0.7029288411140442, 0.7036262154579163, 0.7036262154579163, 0.715481162071228, 0.7008368372917175, 0.7336122989654541, 0.7161785364151001, 0.7161785364151001, 0.7252440452575684, 0.7454672455787659, 0.723849356174469, 0.7384937405586243, 0.6966527104377747, 0.7294281721115112, 0.7315202355384827, 0.7440724968910217, 0.7559275031089783, 0.7629009485244751, 0.750348687171936, 0.7482566237449646, 0.7517433762550354, 0.7622036337852478, 0.7726638913154602], "benchmark_84": [651.0, 668.0, 613.0, 582.0, 563.0, 544.0, 545.0, 558.0, 513.0, 527.0, 517.0, 490.0, 487.0, 476.0, 504.0, 508.0, 462.0, 476.0, 470.0, 471.0, 475.0, 434.0, 440.0, 454.0, 421.0, 449.0, 424.0, 426.0, 425.0, 425.0, 408.0, 429.0, 382.0, 407.0, 407.0, 394.0, 365.0, 396.0, 375.0, 435.0, 388.0, 385.0, 367.0, 350.0, 340.0, 358.0, 361.0, 356.0, 341.0, 326.0], "TP": [398.0, 347.0, 362.0, 366.0, 378.0, 404.0, 360.0, 417.0, 423.0, 408.0, 404.0, 448.0, 441.0, 438.0, 438.0, 421.0, 428.0, 446.0, 434.0, 471.0, 430.0, 471.0, 472.0, 456.0, 482.0, 458.0, 490.0, 467.0, 466.0, 481.0, 477.0, 480.0, 494.0, 480.0, 482.0, 486.0, 502.0, 503.0, 498.0, 459.0, 498.0, 505.0, 503.0, 514.0, 533.0, 522.0, 524.0, 502.0, 531.0, 542.0], "TN": [385.0, 419.0, 459.0, 486.0, 493.0, 486.0, 529.0, 459.0, 498.0, 499.0, 513.0, 496.0, 506.0, 520.0, 492.0, 505.0, 544.0, 512.0, 530.0, 492.0, 529.0, 529.0, 522.0, 524.0, 531.0, 527.0, 520.0, 541.0, 543.0, 528.0, 549.0, 525.0, 558.0, 547.0, 545.0, 554.0, 567.0, 535.0, 561.0, 540.0, 548.0, 544.0, 564.0, 570.0, 561.0, 554.0, 549.0, 576.0, 562.0, 566.0], "FP": [332.0, 298.0, 258.0, 231.0, 224.0, 231.0, 188.0, 258.0, 219.0, 218.0, 204.0, 221.0, 211.0, 197.0, 225.0, 212.0, 173.0, 205.0, 187.0, 225.0, 188.0, 188.0, 195.0, 193.0, 186.0, 190.0, 197.0, 176.0, 174.0, 189.0, 168.0, 192.0, 159.0, 170.0, 172.0, 163.0, 150.0, 182.0, 156.0, 177.0, 169.0, 173.0, 153.0, 147.0, 156.0, 163.0, 168.0, 141.0, 155.0, 151.0], "FN": [319.0, 370.0, 355.0, 351.0, 339.0, 313.0, 357.0, 300.0, 294.0, 309.0, 313.0, 269.0, 276.0, 279.0, 279.0, 296.0, 289.0, 271.0, 283.0, 246.0, 287.0, 246.0, 245.0, 261.0, 235.0, 259.0, 227.0, 250.0, 251.0, 236.0, 240.0, 237.0, 223.0, 237.0, 235.0, 231.0, 215.0, 214.0, 219.0, 258.0, 219.0, 212.0, 214.0, 203.0, 184.0, 195.0, 193.0, 215.0, 186.0, 175.0], "Precision": [0.5452054738998413, 0.5379844903945923, 0.5838709473609924, 0.6130653023719788, 0.6279069781303406, 0.6362204551696777, 0.6569343209266663, 0.6177777647972107, 0.65887850522995, 0.6517571806907654, 0.6644737124443054, 0.6696562170982361, 0.6763803958892822, 0.6897637844085693, 0.6606335043907166, 0.6650868654251099, 0.7121464014053345, 0.6850998401641846, 0.6988728046417236, 0.6767241358757019, 0.6957928538322449, 0.714719295501709, 0.7076461911201477, 0.7026194334030151, 0.7215569019317627, 0.7067901492118835, 0.7132459878921509, 0.726283073425293, 0.7281249761581421, 0.7179104685783386, 0.739534854888916, 0.7142857313156128, 0.7565084099769592, 0.7384615540504456, 0.7370030283927917, 0.7488443851470947, 0.7699386477470398, 0.7343065738677979, 0.7614678740501404, 0.7216981053352356, 0.7466266751289368, 0.744837760925293, 0.7667682766914368, 0.7776097059249878, 0.7735849022865295, 0.7620437741279602, 0.7572254538536072, 0.7807154059410095, 0.7740525007247925, 0.7821067571640015], "Recall": [0.5550906658172607, 0.48396095633506775, 0.5048814415931702, 0.5104602575302124, 0.5271966457366943, 0.5634588599205017, 0.5020920634269714, 0.581589937210083, 0.589958131313324, 0.569037675857544, 0.5634588599205017, 0.624825656414032, 0.6150627732276917, 0.6108786463737488, 0.6108786463737488, 0.5871687531471252, 0.5969316363334656, 0.6220362782478333, 0.6052998900413513, 0.6569037437438965, 0.5997210741043091, 0.6569037437438965, 0.6582984924316406, 0.6359832882881165, 0.672245442867279, 0.6387726664543152, 0.6834030747413635, 0.651324987411499, 0.6499302387237549, 0.6708507537841797, 0.6652719378471375, 0.6694560647010803, 0.6889818906784058, 0.6694560647010803, 0.672245442867279, 0.6778242588043213, 0.7001394629478455, 0.7015341520309448, 0.6945606470108032, 0.6401673555374146, 0.6945606470108032, 0.7043235898017883, 0.7015341520309448, 0.7168758511543274, 0.7433751821517944, 0.7280334830284119, 0.7308228611946106, 0.7001394629478455, 0.7405857443809509, 0.7559275031089783], "AUC": [0.5664796829223633, 0.5528731346130371, 0.5935781002044678, 0.6284563541412354, 0.640770435333252, 0.6722484230995178, 0.6545899510383606, 0.6552396416664124, 0.6938380599021912, 0.6906917095184326, 0.7011013031005859, 0.719459056854248, 0.7161006927490234, 0.7283602356910706, 0.7127530574798584, 0.7042301893234253, 0.7344059348106384, 0.7473598718643188, 0.7332067489624023, 0.7466946244239807, 0.7395820617675781, 0.764233410358429, 0.7656952142715454, 0.7530709505081177, 0.7844536304473877, 0.7637821435928345, 0.7815903425216675, 0.766684353351593, 0.7827554941177368, 0.7877721786499023, 0.786345362663269, 0.7801771759986877, 0.8033686876296997, 0.7979347705841064, 0.8067046999931335, 0.7996844053268433, 0.8106436729431152, 0.809057354927063, 0.8136032223701477, 0.7932624816894531, 0.8144241571426392, 0.8182406425476074, 0.8262022733688354, 0.8394392728805542, 0.8377800583839417, 0.8321691751480103, 0.837177038192749, 0.8405869007110596, 0.8530400395393372, 0.8519488573074341], "val_loss": [0.04571906104683876, 0.04557226970791817, 0.05106467008590698, 0.04646126925945282, 0.05095905065536499, 0.05763579532504082, 0.050337690860033035, 0.06572280079126358, 0.07044163346290588, 0.07330380380153656, 0.0662868395447731, 0.058048065751791, 0.055155519396066666, 0.06985679268836975, 0.05877644568681717, 0.045896876603364944, 0.04698479175567627, 0.048720791935920715, 0.04226478189229965, 0.04286101087927818, 0.0426524393260479, 0.05433838814496994, 0.045150015503168106, 0.04157310351729393, 0.054453954100608826, 0.03924163430929184, 0.05599404126405716, 0.0403703972697258, 0.040407855063676834, 0.03930447995662689, 0.03841303661465645, 0.04337095841765404, 0.0438101701438427, 0.057760514318943024, 0.04520794376730919, 0.047333765774965286, 0.05187276378273964, 0.043988779187202454, 0.04861554130911827, 0.04872846603393555, 0.043227434158325195, 0.0533733107149601, 0.04911636933684349, 0.043232355266809464, 0.038108207285404205, 0.05305281654000282, 0.07034515589475632, 0.040505968034267426, 0.05601819232106209, 0.06362131983041763],