{"loss": [0.04595020040869713, 0.041809458285570145, 0.04006124660372734, 0.038639362901449203, 0.0368659570813179, 0.03510594740509987, 0.033459004014730453, 0.03140624612569809, 0.02900158241391182, 0.02667410485446453, 0.024387160316109657, 0.0231141597032547, 0.021020635962486267, 0.01895304210484028, 0.015004959888756275, 0.012869947589933872, 0.011180729605257511, 0.009928151965141296, 0.008763703517615795, 0.006372763775289059, 0.005228883121162653, 0.004355041775852442, 0.004130966030061245, 0.003721473040059209, 0.0029334439896047115], "accuracy": [0.5223152041435242, 0.6004183888435364, 0.650627613067627, 0.6729428172111511, 0.7085076570510864, 0.741283118724823, 0.7635983228683472, 0.7928870320320129, 0.8249651193618774, 0.8556485176086426, 0.875174343585968, 0.8821478486061096, 0.9037656784057617, 0.9156206250190735, 0.9539749026298523, 0.9644351601600647, 0.9728033542633057, 0.9811715483665466, 0.9867503643035889, 0.9958158731460571, 0.9986053109169006, 0.9986053109169006, 0.9986053109169006, 0.9986053109169006, 0.9993026256561279], "benchmark_418": [685.0, 573.0, 501.0, 469.0, 418.0, 371.0, 339.0, 297.0, 251.0, 207.0, 179.0, 169.0, 138.0, 121.0, 66.0, 51.0, 39.0, 27.0, 19.0, 6.0, 2.0, 2.0, 2.0, 2.0, 1.0], "TP": [374.0, 427.0, 473.0, 472.0, 510.0, 530.0, 533.0, 550.0, 568.0, 594.0, 610.0, 617.0, 632.0, 642.0, 665.0, 678.0, 690.0, 697.0, 702.0, 712.0, 715.0, 715.0, 715.0, 715.0, 716.0], "TN": [375.0, 434.0, 460.0, 493.0, 506.0, 533.0, 562.0, 587.0, 615.0, 633.0, 645.0, 648.0, 664.0, 671.0, 703.0, 705.0, 705.0, 710.0, 713.0, 716.0, 717.0, 717.0, 717.0, 717.0, 717.0], "FP": [342.0, 283.0, 257.0, 224.0, 211.0, 184.0, 155.0, 130.0, 102.0, 84.0, 72.0, 69.0, 53.0, 46.0, 14.0, 12.0, 12.0, 7.0, 4.0, 1.0, 0.0, 0.0, 0.0, 0.0, 0.0], "FN": [343.0, 290.0, 244.0, 245.0, 207.0, 187.0, 184.0, 167.0, 149.0, 123.0, 107.0, 100.0, 85.0, 75.0, 52.0, 39.0, 27.0, 20.0, 15.0, 5.0, 2.0, 2.0, 2.0, 2.0, 1.0], "Precision": [0.5223463773727417, 0.6014084219932556, 0.6479452252388, 0.6781609058380127, 0.7073509097099304, 0.7422969341278076, 0.7747092843055725, 0.8088235259056091, 0.8477612137794495, 0.8761062026023865, 0.8944281339645386, 0.8994169235229492, 0.9226277470588684, 0.9331395626068115, 0.9793814420700073, 0.9826086759567261, 0.9829059839248657, 0.9900568127632141, 0.9943342804908752, 0.9985975027084351, 1.0, 1.0, 1.0, 1.0, 1.0], "Recall": [0.5216178297996521, 0.5955369472503662, 0.65969318151474, 0.6582984924316406, 0.7112970948219299, 0.7391910552978516, 0.7433751821517944, 0.767085075378418, 0.7921896576881409, 0.8284518718719482, 0.8507670760154724, 0.8605299592018127, 0.8814504742622375, 0.8953974843025208, 0.9274755716323853, 0.9456067085266113, 0.9623430967330933, 0.9721059799194336, 0.9790794849395752, 0.9930264949798584, 0.9972106218338013, 0.9972106218338013, 0.9972106218338013, 0.9972106218338013, 0.9986053109169006], "AUC": [0.5358770489692688, 0.6311659812927246, 0.6952141523361206, 0.7377068996429443, 0.784156084060669, 0.8183290958404541, 0.8473591208457947, 0.8718538284301758, 0.9023048877716064, 0.9262004494667053, 0.9452205300331116, 0.9513430595397949, 0.9628216028213501, 0.9730912446975708, 0.9899958968162537, 0.9951944947242737, 0.9967340230941772, 0.9974197149276733, 0.9988688826560974, 0.9999318718910217, 0.9999805688858032, 1.0, 0.999988317489624, 0.9999961256980896, 1.0], "val_loss": [0.04735643044114113, 0.04532865434885025, 0.04436519369482994, 0.043565910309553146, 0.04318125918507576, 0.04289781302213669, 0.04300782456994057, 0.04387015849351883, 0.04488268494606018, 0.04794726520776749, 0.053289078176021576, 0.06303124129772186, 0.06982354819774628, 0.08902765810489655, 0.11449949443340302, 0.15101732313632965, 0.19379286468029022, 0.23787719011306763, 0.2845577299594879, 0.3459329307079315, 0.3919045925140381, 0.43868517875671387, 0.5050474405288696, 0.5158563256263733, 0.5605703592300415], "val_accuracy": [0.3781818151473999, 0.3781818151473999, 0.3781818151473999, 0.3781818151473999, 0.6218181848526001, 0.6218181848526001, 0.6218181848526001, 0.3781818151473999, 0.3781818151473999, 0.3781818151473999, 0.3781818151473999, 0.3781818151473999, 0.3781818151473999, 0.3781818151473999, 0.3781818151473999, 0.3781818151473999, 0.3781818151473999, 0.3781818151473999, 0.3781818151473999, 0.3781818151473999, 0.3781818151473999, 0.3781818151473999, 0.3781818151473999, 0.3781818151473999, 0.3781818151473999], "val_benchmark_418": [171.0, 171.0, 171.0, 171.0, 104.0, 104.0, 104.0, 171.0, 171.0, 171.0, 171.0, 171.0, 171.0, 171.0, 171.0, 171.0, 171.0, 171.0, 171.0, 171.0, 171.0, 171.0, 171.0, 171.0, 171.0], "val_TP": [0.0, 0.0, 0.0, 0.0, 171.0, 171.0, 171.0, 0.0, 0.0, 0.0, 0.0, 0.0, 0.0, 0.0, 0.0, 0.0, 0.0, 0.0, 0.0, 0.0, 0.0, 0.0, 0.0, 0.0, 0.0], "val_TN": [104.0, 104.0, 104.0, 104.0, 0.0, 0.0, 0.0, 104.0, 104.0, 104.0, 104.0, 104.0, 104.0, 104.0, 104.0, 104.0, 104.0, 104.0, 104.0, 104.0, 104.0, 104.0, 104.0, 104.0, 104.0], "val_FP": [0.0, 0.0, 0.0, 0.0, 104.0, 104.0, 104.0, 0.0, 0.0, 0.0, 0.0, 0.0, 0.0, 0.0, 0.0, 0.0, 0.0, 0.0, 0.0, 0.0, 0.0, 0.0, 0.0, 0.0, 0.0], "val_FN": [171.0, 171.0, 171.0, 171.0, 0.0, 0.0, 0.0, 171.0, 171.0, 171.0, 171.0, 171.0, 171.0, 171.0, 171.0, 171.0, 171.0, 171.0, 171.0, 171.0, 171.0, 171.0, 171.0, 171.0, 171.0], "val_Precision": [0.0, 0.0, 0.0, 0.0, 0.6218181848526001, 0.6218181848526001, 0.6218181848526001, 0.0, 0.0, 0.0, 0.0, 0.0, 0.0, 0.0, 0.0, 0.0, 0.0, 0.0, 0.0, 0.0, 0.0, 0.0, 0.0, 0.0, 0.0], "val_Recall": [0.0, 0.0, 0.0, 0.0, 1.0, 1.0, 1.0, 0.0, 0.0, 0.0, 0.0, 0.0, 0.0, 0.0, 0.0, 0.0, 0.0, 0.0, 0.0, 0.0, 0.0, 0.0, 0.0, 0.0, 0.0], "val_AUC": [0.5, 0.5, 0.5, 0.5, 0.5, 0.5, 0.5, 0.5, 0.5, 0.5, 0.5, 0.5, 0.49642935395240784, 0.5098965764045715, 0.5084907412528992, 0.5115553140640259, 0.5294647216796875, 0.5319107174873352, 0.5115272998809814, 0.5147323608398438, 0.5369714498519897, 0.5064945816993713, 0.500562310218811, 0.5239822268486023, 0.5280589461326599]}