{"loss": [0.17505048215389252, 0.17500543594360352, 0.17498350143432617, 0.17498679459095, 0.17489759624004364, 0.174874946475029, 0.17477640509605408, 0.17477470636367798, 0.1747206747531891, 0.17465196549892426, 0.1746211051940918, 0.17453685402870178, 0.17461657524108887, 0.1745985597372055, 0.17456166446208954, 0.17447951436042786, 0.174436554312706, 0.17446283996105194, 0.1744629442691803, 0.1743878722190857, 0.17442314326763153], "accuracy": [0.437238484621048, 0.4476987421512604, 0.4428173005580902, 0.437238484621048, 0.4407252371311188, 0.4330543875694275, 0.44909343123435974, 0.44560670852661133, 0.45188283920288086, 0.454672247171402, 0.44560670852661133, 0.4574616551399231, 0.44909343123435974, 0.456764280796051, 0.46304044127464294, 0.4602510333061218, 0.46582984924316406, 0.4609484076499939, 0.46234309673309326, 0.46304044127464294, 0.46931660175323486], "benchmark_898": [807.0, 792.0, 799.0, 807.0, 802.0, 813.0, 790.0, 795.0, 786.0, 782.0, 795.0, 778.0, 790.0, 779.0, 770.0, 774.0, 766.0, 773.0, 771.0, 770.0, 761.0], "TP": [325.0, 329.0, 322.0, 323.0, 329.0, 321.0, 332.0, 324.0, 341.0, 340.0, 331.0, 338.0, 334.0, 347.0, 345.0, 348.0, 342.0, 341.0, 347.0, 348.0, 352.0], "TN": [302.0, 313.0, 313.0, 304.0, 303.0, 300.0, 312.0, 315.0, 307.0, 312.0, 308.0, 318.0, 310.0, 308.0, 319.0, 312.0, 326.0, 320.0, 316.0, 316.0, 321.0], "FP": [415.0, 404.0, 404.0, 413.0, 414.0, 417.0, 405.0, 402.0, 410.0, 405.0, 409.0, 399.0, 407.0, 409.0, 398.0, 405.0, 391.0, 397.0, 401.0, 401.0, 396.0], "FN": [392.0, 388.0, 395.0, 394.0, 388.0, 396.0, 385.0, 393.0, 376.0, 377.0, 386.0, 379.0, 383.0, 370.0, 372.0, 369.0, 375.0, 376.0, 370.0, 369.0, 365.0], "Precision": [0.43918919563293457, 0.4488403797149658, 0.44352617859840393, 0.43885868787765503, 0.44279944896698, 0.434959352016449, 0.45047488808631897, 0.44628098607063293, 0.45406123995780945, 0.4563758373260498, 0.4472973048686981, 0.4586160182952881, 0.450742244720459, 0.45899471640586853, 0.46433377265930176, 0.4621514081954956, 0.4665757119655609, 0.4620596170425415, 0.4639037549495697, 0.4646194875240326, 0.47058823704719543], "Recall": [0.4532775580883026, 0.45885634422302246, 0.44909343123435974, 0.4504881501197815, 0.45885634422302246, 0.4476987421512604, 0.46304044127464294, 0.45188283920288086, 0.4755927622318268, 0.47419804334640503, 0.4616457521915436, 0.4714086353778839, 0.46582984924316406, 0.48396095633506775, 0.48117154836654663, 0.4853556454181671, 0.47698745131492615, 0.4755927622318268, 0.48396095633506775, 0.4853556454181671, 0.49093446135520935], "AUC": [0.4294236898422241, 0.4293157458305359, 0.42741042375564575, 0.432606041431427, 0.4355403482913971, 0.4363320469856262, 0.4367190897464752, 0.4437033236026764, 0.44386669993400574, 0.4478563070297241, 0.4501185715198517, 0.4491245746612549, 0.4456494152545929, 0.4456125497817993, 0.4469936192035675, 0.4478640556335449, 0.4550281763076782, 0.4573964476585388, 0.4516192674636841, 0.4552188217639923, 0.4481791853904724], "val_loss": [0.17146539688110352, 0.17010647058486938, 0.1690201461315155, 0.16815613210201263, 0.16750085353851318, 0.16706685721874237, 0.16684697568416595, 0.16681668162345886, 0.16693535447120667, 0.16715149581432343, 0.167420893907547, 0.16769161820411682, 0.16793107986450195, 0.16812646389007568, 0.168263778090477, 0.16833995282649994, 0.16836977005004883, 0.16835449635982513, 0.16830000281333923, 0.16827233135700226, 0.16826669871807098], "val_accuracy": [0.6218181848526001, 0.6218181848526001, 0.6218181848526001, 0.6218181848526001, 0.6218181848526001, 0.6218181848526001, 0.6218181848526001, 0.6218181848526001, 0.6218181848526001, 0.6218181848526001, 0.6218181848526001, 0.6218181848526001, 0.6218181848526001, 0.6218181848526001, 0.6218181848526001, 0.6218181848526001, 0.6218181848526001, 0.6218181848526001, 0.6218181848526001, 0.6218181848526001, 0.6218181848526001], "val_benchmark_898": [104.0, 104.0, 104.0, 104.0, 104.0, 104.0, 104.0, 104.0, 104.0, 104.0, 104.0, 104.0, 104.0, 104.0, 104.0, 104.0, 104.0, 104.0, 104.0, 104.0, 104.0], "val_TP": [171.0, 171.0, 171.0, 171.0, 171.0, 171.0, 171.0, 171.0, 171.0, 171.0, 171.0, 171.0, 171.0, 171.0, 171.0, 171.0, 171.0, 171.0, 171.0, 171.0, 171.0], "val_TN": [0.0, 0.0, 0.0, 0.0, 0.0, 0.0, 0.0, 0.0, 0.0, 0.0, 0.0, 0.0, 0.0, 0.0, 0.0, 0.0, 0.0, 0.0, 0.0, 0.0, 0.0], "val_FP": [104.0, 104.0, 104.0, 104.0, 104.0, 104.0, 104.0, 104.0, 104.0, 104.0, 104.0, 104.0, 104.0, 104.0, 104.0, 104.0, 104.0, 104.0, 104.0, 104.0, 104.0], "val_FN": [0.0, 0.0, 0.0, 0.0, 0.0, 0.0, 0.0, 0.0, 0.0, 0.0, 0.0, 0.0, 0.0, 0.0, 0.0, 0.0, 0.0, 0.0, 0.0, 0.0, 0.0], "val_Precision": [0.6218181848526001, 0.6218181848526001, 0.6218181848526001, 0.6218181848526001, 0.6218181848526001, 0.6218181848526001, 0.6218181848526001, 0.6218181848526001, 0.6218181848526001, 0.6218181848526001, 0.6218181848526001, 0.6218181848526001, 0.6218181848526001, 0.6218181848526001, 0.6218181848526001, 0.6218181848526001, 0.6218181848526001, 0.6218181848526001, 0.6218181848526001, 0.6218181848526001, 0.6218181848526001], "val_Recall": [1.0, 1.0, 1.0, 1.0, 1.0, 1.0, 1.0, 1.0, 1.0, 1.0, 1.0, 1.0, 1.0, 1.0, 1.0, 1.0, 1.0, 1.0, 1.0, 1.0, 1.0], "val_AUC": [0.5, 0.46783626079559326, 0.5, 0.5, 0.5, 0.5, 0.4951923191547394, 0.49811628460884094, 0.4923245310783386, 0.4287842810153961, 0.4316520392894745, 0.41396763920783997, 0.40398672223091125, 0.4198155403137207, 0.4200685918331146, 0.40319952368736267, 0.361814022064209, 0.3920659124851227, 0.3536043167114258, 0.3815508484840393, 0.38700518012046814]}