{"loss": [0.8067962527275085, 0.7563995718955994, 0.7547548413276672, 0.7619497776031494, 0.7658357620239258, 0.7543827891349792, 0.7675431966781616, 0.7525361776351929, 0.7410651445388794, 0.7493085265159607, 0.7349942326545715, 0.7449670433998108, 0.748625636100769, 0.7324047088623047, 0.7349975109100342, 0.7471840977668762, 0.7382269501686096, 0.7363137602806091, 0.7454745173454285, 0.7509111166000366, 0.7478792667388916, 0.7430654764175415, 0.7435763478279114, 0.7346583008766174, 0.7301784157752991, 0.7337142825126648, 0.742234468460083, 0.7635151743888855, 0.729701578617096, 0.720729410648346, 0.7422324419021606, 0.7455492615699768, 0.7273885011672974, 0.7408393025398254, 0.7364596724510193, 0.7289506196975708, 0.7383472919464111, 0.7343447208404541, 0.7402029037475586, 0.7354282736778259, 0.7609801292419434, 0.7380083203315735, 0.7361183762550354, 0.7386243343353271, 0.7326873540878296, 0.7364122867584229, 0.7430588603019714, 0.739881694316864, 0.719771683216095, 0.7433177828788757, 0.7276718020439148, 0.7360169887542725, 0.735702633857727, 0.7310620546340942], "accuracy": [0.48396095633506775, 0.5104602575302124, 0.5202231407165527, 0.48814505338668823, 0.4923291504383087, 0.5041841268539429, 0.4895397424697876, 0.4993026554584503, 0.5062761306762695, 0.5062761306762695, 0.5111575722694397, 0.5097628831863403, 0.4993026554584503, 0.5125523209571838, 0.5055788159370422, 0.5041841268539429, 0.5125523209571838, 0.5048814415931702, 0.5, 0.49790793657302856, 0.48326361179351807, 0.5118549466133118, 0.5055788159370422, 0.5118549466133118, 0.5285913348197937, 0.5118549466133118, 0.5048814415931702, 0.4818688929080963, 0.5230125784873962, 0.5446304082870483, 0.5118549466133118, 0.5104602575302124, 0.5271966457366943, 0.5097628831863403, 0.508368194103241, 0.525801956653595, 0.509065568447113, 0.49442121386528015, 0.5139470100402832, 0.5097628831863403, 0.4888423979282379, 0.5076708793640137, 0.5216178297996521, 0.5251045823097229, 0.517433762550354, 0.5069735050201416, 0.509065568447113, 0.5111575722694397, 0.5327754616737366, 0.5216178297996521, 0.5132496356964111, 0.517433762550354, 0.5223152041435242, 0.5167363882064819], "benchmark_1498": [740.0, 702.0, 688.0, 734.0, 728.0, 711.0, 732.0, 718.0, 708.0, 708.0, 701.0, 703.0, 718.0, 699.0, 709.0, 711.0, 699.0, 710.0, 717.0, 720.0, 741.0, 700.0, 709.0, 700.0, 676.0, 700.0, 710.0, 743.0, 684.0, 653.0, 700.0, 702.0, 678.0, 703.0, 705.0, 680.0, 704.0, 725.0, 697.0, 703.0, 733.0, 706.0, 686.0, 681.0, 692.0, 707.0, 704.0, 701.0, 670.0, 686.0, 698.0, 692.0, 685.0, 693.0], "TP": [108.0, 185.0, 241.0, 230.0, 249.0, 271.0, 274.0, 297.0, 319.0, 329.0, 327.0, 326.0, 343.0, 337.0, 348.0, 355.0, 357.0, 344.0, 335.0, 337.0, 338.0, 361.0, 348.0, 363.0, 374.0, 349.0, 352.0, 344.0, 365.0, 395.0, 368.0, 368.0, 379.0, 365.0, 359.0, 380.0, 358.0, 345.0, 367.0, 366.0, 362.0, 363.0, 356.0, 370.0, 365.0, 342.0, 368.0, 373.0, 389.0, 376.0, 358.0, 363.0, 386.0, 376.0], "TN": [586.0, 547.0, 505.0, 470.0, 457.0, 452.0, 428.0, 419.0, 407.0, 397.0, 406.0, 405.0, 373.0, 398.0, 377.0, 368.0, 378.0, 380.0, 382.0, 377.0, 355.0, 373.0, 377.0, 371.0, 384.0, 385.0, 372.0, 347.0, 385.0, 386.0, 366.0, 364.0, 377.0, 366.0, 370.0, 374.0, 372.0, 364.0, 370.0, 365.0, 339.0, 365.0, 392.0, 383.0, 377.0, 385.0, 362.0, 360.0, 375.0, 372.0, 378.0, 379.0, 363.0, 365.0], "FP": [131.0, 170.0, 212.0, 247.0, 260.0, 265.0, 289.0, 298.0, 310.0, 320.0, 311.0, 312.0, 344.0, 319.0, 340.0, 349.0, 339.0, 337.0, 335.0, 340.0, 362.0, 344.0, 340.0, 346.0, 333.0, 332.0, 345.0, 370.0, 332.0, 331.0, 351.0, 353.0, 340.0, 351.0, 347.0, 343.0, 345.0, 353.0, 347.0, 352.0, 378.0, 352.0, 325.0, 334.0, 340.0, 332.0, 355.0, 357.0, 342.0, 345.0, 339.0, 338.0, 354.0, 352.0], "FN": [609.0, 532.0, 476.0, 487.0, 468.0, 446.0, 443.0, 420.0, 398.0, 388.0, 390.0, 391.0, 374.0, 380.0, 369.0, 362.0, 360.0, 373.0, 382.0, 380.0, 379.0, 356.0, 369.0, 354.0, 343.0, 368.0, 365.0, 373.0, 352.0, 322.0, 349.0, 349.0, 338.0, 352.0, 358.0, 337.0, 359.0, 372.0, 350.0, 351.0, 355.0, 354.0, 361.0, 347.0, 352.0, 375.0, 349.0, 344.0, 328.0, 341.0, 359.0, 354.0, 331.0, 341.0], "Precision": [0.45188283920288086, 0.5211267471313477, 0.5320088267326355, 0.48218029737472534, 0.48919451236724854, 0.5055969953536987, 0.48667851090431213, 0.49915966391563416, 0.5071542263031006, 0.5069337487220764, 0.5125392079353333, 0.5109717845916748, 0.4992721974849701, 0.5137194991111755, 0.5058139562606812, 0.5042613744735718, 0.5129310488700867, 0.5051395297050476, 0.5, 0.4977843463420868, 0.4828571379184723, 0.5120567083358765, 0.5058139562606812, 0.5119886994361877, 0.5289957523345947, 0.5124816298484802, 0.5050215125083923, 0.48179271817207336, 0.523672878742218, 0.5440771579742432, 0.511821985244751, 0.5104022026062012, 0.5271210074424744, 0.5097765326499939, 0.5084986090660095, 0.5255878567695618, 0.5092461109161377, 0.49426934123039246, 0.5140056014060974, 0.5097492933273315, 0.48918917775154114, 0.5076923370361328, 0.5227606296539307, 0.5255681872367859, 0.5177304744720459, 0.5074183940887451, 0.5089903473854065, 0.5109589099884033, 0.5321477651596069, 0.521497905254364, 0.5136298537254333, 0.5178316831588745, 0.5216216444969177, 0.5164835453033447], "Recall": [0.15062761306762695, 0.2580195367336273, 0.3361227214336395, 0.32078102231025696, 0.3472803235054016, 0.37796375155448914, 0.3821478486061096, 0.4142259359359741, 0.44490933418273926, 0.45885634422302246, 0.45606693625450134, 0.454672247171402, 0.4783821403980255, 0.47001394629478455, 0.4853556454181671, 0.49511855840682983, 0.49790793657302856, 0.47977685928344727, 0.4672245383262634, 0.47001394629478455, 0.4714086353778839, 0.5034867525100708, 0.4853556454181671, 0.5062761306762695, 0.5216178297996521, 0.4867503345012665, 0.49093446135520935, 0.47977685928344727, 0.509065568447113, 0.5509065389633179, 0.5132496356964111, 0.5132496356964111, 0.5285913348197937, 0.509065568447113, 0.5006973743438721, 0.5299860239028931, 0.4993026554584503, 0.48117154836654663, 0.5118549466133118, 0.5104602575302124, 0.5048814415931702, 0.5062761306762695, 0.4965132474899292, 0.5160390734672546, 0.509065568447113, 0.47698745131492615, 0.5132496356964111, 0.5202231407165527, 0.5425383448600769, 0.5244072675704956, 0.4993026554584503, 0.5062761306762695, 0.5383542776107788, 0.5244072675704956], "AUC": [0.4898568093776703, 0.5157667398452759, 0.5213649868965149, 0.4971405565738678, 0.48870334029197693, 0.5073440670967102, 0.4826430678367615, 0.4974362552165985, 0.5118335485458374, 0.504616916179657, 0.5208767056465149, 0.5144556760787964, 0.5025122761726379, 0.5293081402778625, 0.5235270261764526, 0.5050477385520935, 0.5241008400917053, 0.5132778882980347, 0.5028671622276306, 0.4995156526565552, 0.5023877024650574, 0.5085296630859375, 0.5095187425613403, 0.5239199995994568, 0.5365850329399109, 0.5188887715339661, 0.5094380378723145, 0.48115986585617065, 0.5248420238494873, 0.5521212816238403, 0.5145441889762878, 0.5100177526473999, 0.5448414087295532, 0.5166673064231873, 0.5175076723098755, 0.5336848497390747, 0.5106440186500549, 0.5109913349151611, 0.5134888887405396, 0.5157473087310791, 0.4843665361404419, 0.5201842188835144, 0.5217782855033875, 0.5182088613510132, 0.526068389415741, 0.5103377103805542, 0.5061030387878418, 0.5150061845779419, 0.5470522046089172, 0.5165846347808838, 0.5326159596443176, 0.5229610204696655, 0.5187681913375854, 0.5257329344749451],