{"loss": [1.063604474067688, 0.9845814108848572, 0.9325587749481201, 0.950480043888092, 0.928882360458374, 0.9083659648895264, 0.8794673085212708, 0.8339531421661377, 0.8506863713264465, 0.7947819232940674, 0.8013710975646973, 0.7992790937423706, 0.7923305034637451, 0.7584090828895569, 0.7792412042617798, 0.7788175344467163, 0.7465048432350159, 0.743604838848114, 0.7551080584526062, 0.7469267249107361, 0.731477677822113], "accuracy": [0.49093446135520935, 0.5216178297996521, 0.5188284516334534, 0.5111575722694397, 0.5237098932266235, 0.5062761306762695, 0.4867503345012665, 0.525801956653595, 0.4902370870113373, 0.5418410301208496, 0.5195258259773254, 0.5146443247795105, 0.5055788159370422, 0.5195258259773254, 0.5062761306762695, 0.5048814415931702, 0.5313807725906372, 0.5223152041435242, 0.5069735050201416, 0.517433762550354, 0.5244072675704956], "benchmark_1146": [730.0, 686.0, 690.0, 701.0, 683.0, 708.0, 736.0, 680.0, 731.0, 657.0, 689.0, 696.0, 709.0, 689.0, 708.0, 710.0, 672.0, 685.0, 707.0, 692.0, 682.0], "TP": [347.0, 361.0, 388.0, 363.0, 379.0, 342.0, 349.0, 365.0, 368.0, 384.0, 369.0, 367.0, 349.0, 370.0, 366.0, 362.0, 367.0, 376.0, 357.0, 376.0, 371.0], "TN": [357.0, 387.0, 356.0, 370.0, 372.0, 384.0, 349.0, 389.0, 335.0, 393.0, 376.0, 371.0, 376.0, 375.0, 360.0, 362.0, 395.0, 373.0, 370.0, 366.0, 381.0], "FP": [360.0, 330.0, 361.0, 347.0, 345.0, 333.0, 368.0, 328.0, 382.0, 324.0, 341.0, 346.0, 341.0, 342.0, 357.0, 355.0, 322.0, 344.0, 347.0, 351.0, 336.0], "FN": [370.0, 356.0, 329.0, 354.0, 338.0, 375.0, 368.0, 352.0, 349.0, 333.0, 348.0, 350.0, 368.0, 347.0, 351.0, 355.0, 350.0, 341.0, 360.0, 341.0, 346.0], "Precision": [0.4908062219619751, 0.5224312543869019, 0.5180240273475647, 0.5112676024436951, 0.5234806537628174, 0.5066666603088379, 0.4867503345012665, 0.5266955494880676, 0.4906666576862335, 0.5423728823661804, 0.5197182893753052, 0.5147265195846558, 0.5057970881462097, 0.5196629166603088, 0.5062240958213806, 0.5048814415931702, 0.5326560139656067, 0.5222222208976746, 0.5071022510528564, 0.5171939730644226, 0.5247524976730347], "Recall": [0.48396095633506775, 0.5034867525100708, 0.5411436557769775, 0.5062761306762695, 0.5285913348197937, 0.47698745131492615, 0.4867503345012665, 0.509065568447113, 0.5132496356964111, 0.5355648398399353, 0.5146443247795105, 0.5118549466133118, 0.4867503345012665, 0.5160390734672546, 0.5104602575302124, 0.5048814415931702, 0.5118549466133118, 0.5244072675704956, 0.49790793657302856, 0.5244072675704956, 0.517433762550354], "AUC": [0.4969061613082886, 0.5287508964538574, 0.5245521664619446, 0.5048230886459351, 0.5055642127990723, 0.5044963359832764, 0.5006604194641113, 0.5331673622131348, 0.49074774980545044, 0.5409024953842163, 0.5250112414360046, 0.5197252035140991, 0.5130453705787659, 0.5329319834709167, 0.5168113112449646, 0.5019851326942444, 0.539234459400177, 0.5297896265983582, 0.5108084678649902, 0.5210887789726257, 0.532985508441925], "val_loss": [0.6826003193855286, 0.6701724529266357, 0.7036718130111694, 0.6862034201622009, 0.717430591583252, 0.6933379173278809, 0.6907104253768921, 0.6777161359786987, 0.6934725046157837, 0.6883581280708313, 0.6934187412261963, 0.6948192119598389, 0.6890905499458313, 0.6922774910926819, 0.6994661688804626, 0.7007656097412109, 0.6865825057029724, 0.6976532340049744, 0.6854420900344849, 0.6935849785804749, 0.7011184692382812], "val_accuracy": [0.6218181848526001, 0.6218181848526001, 0.3781818151473999, 0.6218181848526001, 0.3781818151473999, 0.3781818151473999, 0.6218181848526001, 0.6218181848526001, 0.3781818151473999, 0.6218181848526001, 0.3781818151473999, 0.3781818151473999, 0.6218181848526001, 0.6218181848526001, 0.3781818151473999, 0.3781818151473999, 0.6218181848526001, 0.3781818151473999, 0.6218181848526001, 0.41818180680274963, 0.3781818151473999], "val_benchmark_1146": [104.0, 104.0, 171.0, 104.0, 171.0, 171.0, 104.0, 104.0, 171.0, 104.0, 171.0, 171.0, 104.0, 104.0, 171.0, 171.0, 104.0, 171.0, 104.0, 160.0, 171.0], "val_TP": [171.0, 171.0, 0.0, 171.0, 0.0, 0.0, 171.0, 171.0, 0.0, 171.0, 24.0, 0.0, 171.0, 171.0, 0.0, 0.0, 171.0, 0.0, 171.0, 12.0, 0.0], "val_TN": [0.0, 0.0, 104.0, 0.0, 104.0, 104.0, 0.0, 0.0, 104.0, 0.0, 80.0, 104.0, 0.0, 0.0, 104.0, 104.0, 0.0, 104.0, 0.0, 103.0, 104.0], "val_FP": [104.0, 104.0, 0.0, 104.0, 0.0, 0.0, 104.0, 104.0, 0.0, 104.0, 24.0, 0.0, 104.0, 104.0, 0.0, 0.0, 104.0, 0.0, 104.0, 1.0, 0.0], "val_FN": [0.0, 0.0, 171.0, 0.0, 171.0, 171.0, 0.0, 0.0, 171.0, 0.0, 147.0, 171.0, 0.0, 0.0, 171.0, 171.0, 0.0, 171.0, 0.0, 159.0, 171.0], "val_Precision": [0.6218181848526001, 0.6218181848526001, 0.0, 0.6218181848526001, 0.0, 0.0, 0.6218181848526001, 0.6218181848526001, 0.0, 0.6218181848526001, 0.5, 0.0, 0.6218181848526001, 0.6218181848526001, 0.0, 0.0, 0.6218181848526001, 0.0, 0.6218181848526001, 0.9230769276618958, 0.0], "val_Recall": [1.0, 1.0, 0.0, 1.0, 0.0, 0.0, 1.0, 1.0, 0.0, 1.0, 0.14035087823867798, 0.0, 1.0, 1.0, 0.0, 0.0, 1.0, 0.0, 1.0, 0.07017543911933899, 0.0], "val_AUC": [0.5, 0.5, 0.5, 0.5, 0.5, 0.5, 0.5, 0.49811628460884094, 0.5, 0.5, 0.5, 0.47511810064315796, 0.5, 0.5118927359580994, 0.4915373623371124, 0.5, 0.5, 0.5204678177833557, 0.5235885977745056, 0.5329790711402893, 0.538798987865448]}