{"loss": [0.7847162485122681, 0.7315354347229004, 0.7172104716300964, 0.7618497014045715, 0.7398068904876709, 0.722174346446991, 0.7662798166275024, 0.6619028449058533, 0.693730890750885, 0.7569274306297302, 0.743173360824585, 0.7603461146354675, 0.7704470157623291, 0.6806082725524902, 0.7238298058509827, 0.6878105998039246, 0.7348138093948364, 0.7150223255157471, 0.7776656746864319, 0.7626000642776489, 0.7369261980056763], "accuracy": [0.5, 0.5006973743438721, 0.5188284516334534, 0.5132496356964111, 0.47698745131492615, 0.49442121386528015, 0.49093446135520935, 0.5306833982467651, 0.49163180589675903, 0.5076708793640137, 0.5041841268539429, 0.5, 0.4888423979282379, 0.534867525100708, 0.517433762550354, 0.5195258259773254, 0.5048814415931702, 0.5188284516334534, 0.4937238395214081, 0.49790793657302856, 0.5055788159370422], "benchmark_164": [717.0, 716.0, 690.0, 698.0, 750.0, 725.0, 730.0, 673.0, 729.0, 706.0, 711.0, 717.0, 733.0, 667.0, 692.0, 689.0, 710.0, 690.0, 726.0, 720.0, 709.0], "TP": [298.0, 291.0, 317.0, 320.0, 306.0, 325.0, 326.0, 341.0, 314.0, 360.0, 344.0, 348.0, 350.0, 374.0, 353.0, 351.0, 342.0, 368.0, 351.0, 345.0, 357.0], "TN": [419.0, 427.0, 427.0, 416.0, 378.0, 384.0, 378.0, 420.0, 391.0, 368.0, 379.0, 369.0, 351.0, 393.0, 389.0, 394.0, 382.0, 376.0, 357.0, 369.0, 368.0], "FP": [298.0, 290.0, 290.0, 301.0, 339.0, 333.0, 339.0, 297.0, 326.0, 349.0, 338.0, 348.0, 366.0, 324.0, 328.0, 323.0, 335.0, 341.0, 360.0, 348.0, 349.0], "FN": [419.0, 426.0, 400.0, 397.0, 411.0, 392.0, 391.0, 376.0, 403.0, 357.0, 373.0, 369.0, 367.0, 343.0, 364.0, 366.0, 375.0, 349.0, 366.0, 372.0, 360.0], "Precision": [0.5, 0.5008605718612671, 0.5222405195236206, 0.5152978897094727, 0.47441861033439636, 0.4939209818840027, 0.49022555351257324, 0.5344827771186829, 0.4906249940395355, 0.5077574253082275, 0.5043988227844238, 0.5, 0.48882681131362915, 0.5358166098594666, 0.5183553695678711, 0.5207715034484863, 0.5051698684692383, 0.5190408825874329, 0.49367088079452515, 0.4978354871273041, 0.5056657195091248], "Recall": [0.4156206548213959, 0.40585774183273315, 0.4421199560165405, 0.446304053068161, 0.42677825689315796, 0.4532775580883026, 0.454672247171402, 0.4755927622318268, 0.43793582916259766, 0.5020920634269714, 0.47977685928344727, 0.4853556454181671, 0.48814505338668823, 0.5216178297996521, 0.4923291504383087, 0.4895397424697876, 0.47698745131492615, 0.5132496356964111, 0.4895397424697876, 0.48117154836654663, 0.49790793657302856], "AUC": [0.4965638518333435, 0.5069034695625305, 0.5046548247337341, 0.50944584608078, 0.48302334547042847, 0.49808403849601746, 0.4964043200016022, 0.5509970188140869, 0.5152026414871216, 0.5020385384559631, 0.5138809084892273, 0.4904530644416809, 0.4893403649330139, 0.5419985055923462, 0.5194032788276672, 0.5379982590675354, 0.4939436614513397, 0.5232498645782471, 0.4909626543521881, 0.5001079440116882, 0.5085471868515015], "val_loss": [0.23848633468151093, 0.22444850206375122, 0.21564927697181702, 0.20657436549663544, 0.2015160322189331, 0.19714786112308502, 0.19432397186756134, 0.19037866592407227, 0.1866227388381958, 0.1859888881444931, 0.18454398214817047, 0.1832222193479538, 0.18342886865139008, 0.18163235485553741, 0.1802925318479538, 0.17879855632781982, 0.17712152004241943, 0.17644551396369934, 0.17603319883346558, 0.1754697859287262, 0.17488938570022583], "val_accuracy": [0.3781818151473999, 0.3781818151473999, 0.3781818151473999, 0.3781818151473999, 0.3781818151473999, 0.3781818151473999, 0.3781818151473999, 0.3781818151473999, 0.3781818151473999, 0.3781818151473999, 0.3781818151473999, 0.3781818151473999, 0.3781818151473999, 0.3781818151473999, 0.3781818151473999, 0.3781818151473999, 0.3781818151473999, 0.3781818151473999, 0.3781818151473999, 0.3781818151473999, 0.3781818151473999], "val_benchmark_164": [171.0, 171.0, 171.0, 171.0, 171.0, 171.0, 171.0, 171.0, 171.0, 171.0, 171.0, 171.0, 171.0, 171.0, 171.0, 171.0, 171.0, 171.0, 171.0, 171.0, 171.0], "val_TP": [0.0, 0.0, 0.0, 0.0, 0.0, 0.0, 0.0, 0.0, 0.0, 0.0, 0.0, 0.0, 0.0, 0.0, 0.0, 0.0, 0.0, 0.0, 0.0, 0.0, 0.0], "val_TN": [104.0, 104.0, 104.0, 104.0, 104.0, 104.0, 104.0, 104.0, 104.0, 104.0, 104.0, 104.0, 104.0, 104.0, 104.0, 104.0, 104.0, 104.0, 104.0, 104.0, 104.0], "val_FP": [0.0, 0.0, 0.0, 0.0, 0.0, 0.0, 0.0, 0.0, 0.0, 0.0, 0.0, 0.0, 0.0, 0.0, 0.0, 0.0, 0.0, 0.0, 0.0, 0.0, 0.0], "val_FN": [171.0, 171.0, 171.0, 171.0, 171.0, 171.0, 171.0, 171.0, 171.0, 171.0, 171.0, 171.0, 171.0, 171.0, 171.0, 171.0, 171.0, 171.0, 171.0, 171.0, 171.0], "val_Precision": [0.0, 0.0, 0.0, 0.0, 0.0, 0.0, 0.0, 0.0, 0.0, 0.0, 0.0, 0.0, 0.0, 0.0, 0.0, 0.0, 0.0, 0.0, 0.0, 0.0, 0.0], "val_Recall": [0.0, 0.0, 0.0, 0.0, 0.0, 0.0, 0.0, 0.0, 0.0, 0.0, 0.0, 0.0, 0.0, 0.0, 0.0, 0.0, 0.0, 0.0, 0.0, 0.0, 0.0], "val_AUC": [0.5, 0.5, 0.5, 0.5, 0.5, 0.5, 0.5, 0.5, 0.5, 0.5, 0.5, 0.5, 0.5, 0.5, 0.5, 0.5, 0.5, 0.5, 0.5, 0.5, 0.5]}