{"loss": [0.1409304141998291, 0.10447794944047928, 0.08726591616868973, 0.08515480905771255, 0.07973457127809525, 0.07466292381286621, 0.07093378901481628, 0.06538672745227814, 0.06470737606287003, 0.06271425634622574, 0.06354740262031555, 0.06160133704543114, 0.061717163771390915, 0.05811217054724693, 0.05750446021556854, 0.05784015357494354, 0.05539657175540924, 0.056759100407361984, 0.05545685067772865, 0.05683111026883125, 0.051702830940485, 0.05385071411728859, 0.05194230005145073, 0.05162709206342697, 0.05225206911563873, 0.051830489188432693, 0.053551603108644485, 0.05241500586271286], "accuracy": [0.49093446135520935, 0.5055788159370422, 0.508368194103241, 0.5069735050201416, 0.5013946890830994, 0.4902370870113373, 0.48326361179351807, 0.517433762550354, 0.5006973743438721, 0.5153416991233826, 0.5041841268539429, 0.47977685928344727, 0.5, 0.5076708793640137, 0.49511855840682983, 0.5006973743438721, 0.5062761306762695, 0.49093446135520935, 0.49511855840682983, 0.49163180589675903, 0.5237098932266235, 0.5069735050201416, 0.5251045823097229, 0.5216178297996521, 0.5104602575302124, 0.5181310772895813, 0.4958159029483795, 0.5055788159370422], "benchmark_1766": [730.0, 709.0, 705.0, 707.0, 715.0, 731.0, 741.0, 692.0, 716.0, 695.0, 711.0, 746.0, 717.0, 706.0, 724.0, 716.0, 708.0, 730.0, 724.0, 729.0, 683.0, 707.0, 681.0, 686.0, 702.0, 691.0, 723.0, 709.0], "TP": [265.0, 305.0, 307.0, 322.0, 323.0, 330.0, 330.0, 336.0, 340.0, 344.0, 345.0, 328.0, 344.0, 347.0, 325.0, 348.0, 344.0, 347.0, 357.0, 351.0, 370.0, 354.0, 368.0, 376.0, 371.0, 362.0, 356.0, 352.0], "TN": [439.0, 420.0, 422.0, 405.0, 396.0, 373.0, 363.0, 406.0, 378.0, 395.0, 378.0, 360.0, 373.0, 381.0, 385.0, 370.0, 382.0, 357.0, 353.0, 354.0, 381.0, 373.0, 385.0, 372.0, 361.0, 381.0, 355.0, 373.0], "FP": [278.0, 297.0, 295.0, 312.0, 321.0, 344.0, 354.0, 311.0, 339.0, 322.0, 339.0, 357.0, 344.0, 336.0, 332.0, 347.0, 335.0, 360.0, 364.0, 363.0, 336.0, 344.0, 332.0, 345.0, 356.0, 336.0, 362.0, 344.0], "FN": [452.0, 412.0, 410.0, 395.0, 394.0, 387.0, 387.0, 381.0, 377.0, 373.0, 372.0, 389.0, 373.0, 370.0, 392.0, 369.0, 373.0, 370.0, 360.0, 366.0, 347.0, 363.0, 349.0, 341.0, 346.0, 355.0, 361.0, 365.0], "Precision": [0.48802947998046875, 0.5066445469856262, 0.5099667906761169, 0.5078864097595215, 0.5015528202056885, 0.48961424827575684, 0.48245614767074585, 0.5193199515342712, 0.5007363557815552, 0.5165165066719055, 0.5043859481811523, 0.4788321256637573, 0.5, 0.5080527067184448, 0.4946727454662323, 0.500719428062439, 0.5066273808479309, 0.4908062219619751, 0.49514561891555786, 0.49159663915634155, 0.5240793228149414, 0.5071633458137512, 0.5257142782211304, 0.521497905254364, 0.5103163719177246, 0.5186246633529663, 0.4958217144012451, 0.5057471394538879], "Recall": [0.3695955276489258, 0.4253835380077362, 0.4281729459762573, 0.44909343123435974, 0.4504881501197815, 0.4602510333061218, 0.4602510333061218, 0.4686192572116852, 0.47419804334640503, 0.47977685928344727, 0.48117154836654663, 0.4574616551399231, 0.47977685928344727, 0.48396095633506775, 0.4532775580883026, 0.4853556454181671, 0.47977685928344727, 0.48396095633506775, 0.49790793657302856, 0.4895397424697876, 0.5160390734672546, 0.4937238395214081, 0.5132496356964111, 0.5244072675704956, 0.517433762550354, 0.5048814415931702, 0.4965132474899292, 0.49093446135520935], "AUC": [0.4905259609222412, 0.49566027522087097, 0.5192515254020691, 0.49622243642807007, 0.5026327967643738, 0.49354684352874756, 0.48731836676597595, 0.5266364812850952, 0.4940098226070404, 0.5213689208030701, 0.4871004819869995, 0.49126997590065, 0.49056875705718994, 0.5081415772438049, 0.49356335401535034, 0.5001351833343506, 0.5193331837654114, 0.48763054609298706, 0.4963828921318054, 0.48190295696258545, 0.5349015593528748, 0.5134723782539368, 0.5331771969795227, 0.5337616205215454, 0.5090500116348267, 0.5206500887870789, 0.5023235082626343, 0.4989933967590332], "val_loss": [0.0478290356695652, 0.04535268619656563, 0.04412372410297394, 0.04368634149432182, 0.04338304325938225, 0.04343628138303757, 0.0432814285159111, 0.04302120953798294, 0.043044883757829666, 0.04272789880633354, 0.04266555234789848, 0.04264889284968376, 0.042532458901405334, 0.04252983257174492, 0.04248921573162079, 0.042461611330509186, 0.04256758838891983, 0.04245317354798317, 0.04259568452835083, 0.04253404960036278, 0.042543891817331314, 0.042518459260463715, 0.04248862341046333, 0.0425255186855793, 0.042548131197690964, 0.04256482794880867, 0.04256337881088257, 0.04257691651582718], "val_accuracy": [0.3781818151473999, 0.3781818151473999, 0.3781818151473999, 0.3781818151473999, 0.3781818151473999, 0.3781818151473999, 0.5345454812049866, 0.6218181848526001, 0.6218181848526001, 0.6218181848526001, 0.6218181848526001, 0.6218181848526001, 0.6218181848526001, 0.6218181848526001, 0.6218181848526001, 0.6218181848526001, 0.6218181848526001, 0.6218181848526001, 0.6218181848526001, 0.6218181848526001, 0.6218181848526001, 0.6218181848526001, 0.6218181848526001, 0.6218181848526001, 0.6218181848526001, 0.6218181848526001, 0.6218181848526001, 0.6218181848526001], "val_benchmark_1766": [171.0, 171.0, 171.0, 171.0, 171.0, 171.0, 128.0, 104.0, 104.0, 104.0, 104.0, 104.0, 104.0, 104.0, 104.0, 104.0, 104.0, 104.0, 104.0, 104.0, 104.0, 104.0, 104.0, 104.0, 104.0, 104.0, 104.0, 104.0], "val_TP": [0.0, 0.0, 0.0, 0.0, 0.0, 0.0, 103.0, 171.0, 171.0, 171.0, 171.0, 171.0, 171.0, 171.0, 171.0, 171.0, 171.0, 171.0, 171.0, 171.0, 171.0, 171.0, 171.0, 171.0, 171.0, 171.0, 171.0, 171.0], "val_TN": [104.0, 104.0, 104.0, 104.0, 104.0, 104.0, 44.0, 0.0, 0.0, 0.0, 0.0, 0.0, 0.0, 0.0, 0.0, 0.0, 0.0, 0.0, 0.0, 0.0, 0.0, 0.0, 0.0, 0.0, 0.0, 0.0, 0.0, 0.0], "val_FP": [0.0, 0.0, 0.0, 0.0, 0.0, 0.0, 60.0, 104.0, 104.0, 104.0, 104.0, 104.0, 104.0, 104.0, 104.0, 104.0, 104.0, 104.0, 104.0, 104.0, 104.0, 104.0, 104.0, 104.0, 104.0, 104.0, 104.0, 104.0], "val_FN": [171.0, 171.0, 171.0, 171.0, 171.0, 171.0, 68.0, 0.0, 0.0, 0.0, 0.0, 0.0, 0.0, 0.0, 0.0, 0.0, 0.0, 0.0, 0.0, 0.0, 0.0, 0.0, 0.0, 0.0, 0.0, 0.0, 0.0, 0.0], "val_Precision": [0.0, 0.0, 0.0, 0.0, 0.0, 0.0, 0.6319018602371216, 0.6218181848526001, 0.6218181848526001, 0.6218181848526001, 0.6218181848526001, 0.6218181848526001, 0.6218181848526001, 0.6218181848526001, 0.6218181848526001, 0.6218181848526001, 0.6218181848526001, 0.6218181848526001, 0.6218181848526001, 0.6218181848526001, 0.6218181848526001, 0.6218181848526001, 0.6218181848526001, 0.6218181848526001, 0.6218181848526001, 0.6218181848526001, 0.6218181848526001, 0.6218181848526001], "val_Recall": [0.0, 0.0, 0.0, 0.0, 0.0, 0.0, 0.6023392081260681, 1.0, 1.0, 1.0, 1.0, 1.0, 1.0, 1.0, 1.0, 1.0, 1.0, 1.0, 1.0, 1.0, 1.0, 1.0, 1.0, 1.0, 1.0, 1.0, 1.0, 1.0], "val_AUC": [0.5, 0.5, 0.5, 0.5, 0.5, 0.5, 0.5, 0.5573267340660095, 0.5358186960220337, 0.5087719559669495, 0.5150135159492493, 0.49955013394355774, 0.506297767162323, 0.5130454301834106, 0.49499550461769104, 0.49707603454589844, 0.48906320333480835, 0.5, 0.5102901458740234, 0.5165598392486572, 0.4981725215911865, 0.4927181899547577, 0.4989597201347351, 0.48622357845306396, 0.5277215242385864, 0.5034300684928894, 0.4944612979888916, 0.5491452813148499]}