{"loss": [0.7232688069343567, 0.7189221978187561, 0.7156212329864502, 0.7129966020584106, 0.7106648683547974, 0.7088428735733032, 0.7073332667350769, 0.7059553265571594, 0.7046951651573181, 0.7035655379295349, 0.7026186585426331, 0.7017642855644226, 0.7009102702140808, 0.7002790570259094, 0.6996290683746338, 0.6990408897399902, 0.6985393762588501, 0.6980649828910828, 0.6977092027664185, 0.6972249746322632, 0.6968979835510254], "accuracy": [0.5, 0.5, 0.5, 0.5, 0.5, 0.5, 0.5, 0.5, 0.5, 0.5, 0.5, 0.5, 0.5, 0.5, 0.5, 0.5, 0.5, 0.5, 0.5, 0.5, 0.5], "benchmark_90": [717.0, 717.0, 717.0, 717.0, 717.0, 717.0, 717.0, 717.0, 717.0, 717.0, 717.0, 717.0, 717.0, 717.0, 717.0, 717.0, 717.0, 717.0, 717.0, 717.0, 717.0], "TP": [0.0, 0.0, 0.0, 0.0, 0.0, 0.0, 0.0, 0.0, 0.0, 0.0, 0.0, 0.0, 0.0, 0.0, 0.0, 0.0, 0.0, 0.0, 0.0, 0.0, 0.0], "TN": [717.0, 717.0, 717.0, 717.0, 717.0, 717.0, 717.0, 717.0, 717.0, 717.0, 717.0, 717.0, 717.0, 717.0, 717.0, 717.0, 717.0, 717.0, 717.0, 717.0, 717.0], "FP": [0.0, 0.0, 0.0, 0.0, 0.0, 0.0, 0.0, 0.0, 0.0, 0.0, 0.0, 0.0, 0.0, 0.0, 0.0, 0.0, 0.0, 0.0, 0.0, 0.0, 0.0], "FN": [717.0, 717.0, 717.0, 717.0, 717.0, 717.0, 717.0, 717.0, 717.0, 717.0, 717.0, 717.0, 717.0, 717.0, 717.0, 717.0, 717.0, 717.0, 717.0, 717.0, 717.0], "Precision": [0.0, 0.0, 0.0, 0.0, 0.0, 0.0, 0.0, 0.0, 0.0, 0.0, 0.0, 0.0, 0.0, 0.0, 0.0, 0.0, 0.0, 0.0, 0.0, 0.0, 0.0], "Recall": [0.0, 0.0, 0.0, 0.0, 0.0, 0.0, 0.0, 0.0, 0.0, 0.0, 0.0, 0.0, 0.0, 0.0, 0.0, 0.0, 0.0, 0.0, 0.0, 0.0, 0.0], "AUC": [0.4783306419849396, 0.4576454758644104, 0.4632718861103058, 0.4763951301574707, 0.48390454053878784, 0.4607033431529999, 0.486178457736969, 0.4998151957988739, 0.4913546144962311, 0.5081571340560913, 0.5054873824119568, 0.5126447081565857, 0.5137768387794495, 0.527027428150177, 0.5206685662269592, 0.5249119997024536, 0.5317279696464539, 0.5319652557373047, 0.5360035300254822, 0.5288763046264648, 0.5391780138015747], "val_loss": [0.7774947285652161, 0.768293559551239, 0.7609643936157227, 0.7543432116508484, 0.7489982843399048, 0.744412899017334, 0.7403349280357361, 0.7364729642868042, 0.7331930994987488, 0.7303187847137451, 0.7278060913085938, 0.7252812385559082, 0.7234698534011841, 0.721667468547821, 0.7198622822761536, 0.7184880375862122, 0.7172362208366394, 0.7161263823509216, 0.7149136662483215, 0.7138754725456238, 0.7127561569213867], "val_accuracy": [0.3781818151473999, 0.3781818151473999, 0.3781818151473999, 0.3781818151473999, 0.3781818151473999, 0.3781818151473999, 0.3781818151473999, 0.3781818151473999, 0.3781818151473999, 0.3781818151473999, 0.3781818151473999, 0.3781818151473999, 0.3781818151473999, 0.3781818151473999, 0.3781818151473999, 0.3781818151473999, 0.3781818151473999, 0.3781818151473999, 0.3781818151473999, 0.3781818151473999, 0.3781818151473999], "val_benchmark_90": [171.0, 171.0, 171.0, 171.0, 171.0, 171.0, 171.0, 171.0, 171.0, 171.0, 171.0, 171.0, 171.0, 171.0, 171.0, 171.0, 171.0, 171.0, 171.0, 171.0, 171.0], "val_TP": [0.0, 0.0, 0.0, 0.0, 0.0, 0.0, 0.0, 0.0, 0.0, 0.0, 0.0, 0.0, 0.0, 0.0, 0.0, 0.0, 0.0, 0.0, 0.0, 0.0, 0.0], "val_TN": [104.0, 104.0, 104.0, 104.0, 104.0, 104.0, 104.0, 104.0, 104.0, 104.0, 104.0, 104.0, 104.0, 104.0, 104.0, 104.0, 104.0, 104.0, 104.0, 104.0, 104.0], "val_FP": [0.0, 0.0, 0.0, 0.0, 0.0, 0.0, 0.0, 0.0, 0.0, 0.0, 0.0, 0.0, 0.0, 0.0, 0.0, 0.0, 0.0, 0.0, 0.0, 0.0, 0.0], "val_FN": [171.0, 171.0, 171.0, 171.0, 171.0, 171.0, 171.0, 171.0, 171.0, 171.0, 171.0, 171.0, 171.0, 171.0, 171.0, 171.0, 171.0, 171.0, 171.0, 171.0, 171.0], "val_Precision": [0.0, 0.0, 0.0, 0.0, 0.0, 0.0, 0.0, 0.0, 0.0, 0.0, 0.0, 0.0, 0.0, 0.0, 0.0, 0.0, 0.0, 0.0, 0.0, 0.0, 0.0], "val_Recall": [0.0, 0.0, 0.0, 0.0, 0.0, 0.0, 0.0, 0.0, 0.0, 0.0, 0.0, 0.0, 0.0, 0.0, 0.0, 0.0, 0.0, 0.0, 0.0, 0.0, 0.0], "val_AUC": [0.5, 0.5, 0.5, 0.5, 0.5, 0.5, 0.5, 0.5, 0.5, 0.5, 0.5, 0.5, 0.5, 0.5, 0.5, 0.5, 0.5037674307823181, 0.5, 0.5225483179092407, 0.5232512950897217, 0.5029239654541016]}