{"loss": [0.6973300576210022, 0.6958345174789429, 0.6951599717140198, 0.6992853283882141, 0.6967485547065735, 0.6942624449729919, 0.6945418119430542, 0.6945522427558899, 0.6955506205558777, 0.6953374147415161, 0.6948604583740234, 0.69456946849823, 0.695667564868927, 0.6958755254745483, 0.6981110572814941, 0.7023347616195679, 0.6971379518508911, 0.6937785148620605, 0.6952002048492432, 0.695320725440979, 0.694191575050354, 0.6955249905586243, 0.6973294615745544, 0.6945216059684753, 0.6956577897071838, 0.6998142600059509], "accuracy": [0.4888423979282379, 0.4958159029483795, 0.4895397424697876, 0.48117154836654663, 0.49163180589675903, 0.508368194103241, 0.5111575722694397, 0.5055788159370422, 0.4972105920314789, 0.48047420382499695, 0.5013946890830994, 0.4972105920314789, 0.5034867525100708, 0.5, 0.5, 0.4818688929080963, 0.4993026554584503, 0.49860531091690063, 0.4993026554584503, 0.509065568447113, 0.48814505338668823, 0.4923291504383087, 0.47977685928344727, 0.5216178297996521, 0.4958159029483795, 0.4637377858161926], "benchmark_54": [733.0, 723.0, 732.0, 744.0, 729.0, 705.0, 701.0, 709.0, 721.0, 745.0, 715.0, 721.0, 712.0, 717.0, 717.0, 743.0, 718.0, 719.0, 718.0, 704.0, 734.0, 728.0, 746.0, 686.0, 723.0, 769.0], "TP": [348.0, 318.0, 258.0, 258.0, 291.0, 402.0, 329.0, 400.0, 255.0, 360.0, 223.0, 295.0, 422.0, 420.0, 321.0, 308.0, 370.0, 395.0, 365.0, 377.0, 332.0, 365.0, 359.0, 461.0, 273.0, 295.0], "TN": [353.0, 393.0, 444.0, 432.0, 414.0, 327.0, 404.0, 325.0, 458.0, 329.0, 496.0, 418.0, 300.0, 297.0, 396.0, 383.0, 346.0, 320.0, 351.0, 353.0, 368.0, 341.0, 329.0, 287.0, 438.0, 370.0], "FP": [364.0, 324.0, 273.0, 285.0, 303.0, 390.0, 313.0, 392.0, 259.0, 388.0, 221.0, 299.0, 417.0, 420.0, 321.0, 334.0, 371.0, 397.0, 366.0, 364.0, 349.0, 376.0, 388.0, 430.0, 279.0, 347.0], "FN": [369.0, 399.0, 459.0, 459.0, 426.0, 315.0, 388.0, 317.0, 462.0, 357.0, 494.0, 422.0, 295.0, 297.0, 396.0, 409.0, 347.0, 322.0, 352.0, 340.0, 385.0, 352.0, 358.0, 256.0, 444.0, 422.0], "Precision": [0.48876404762268066, 0.4953271150588989, 0.4858756959438324, 0.4751381278038025, 0.4898989796638489, 0.5075757503509521, 0.5124610662460327, 0.5050504803657532, 0.4961089491844177, 0.48128342628479004, 0.5022522807121277, 0.49663299322128296, 0.5029797554016113, 0.5, 0.5, 0.47975078225135803, 0.4993252456188202, 0.4987373650074005, 0.49931600689888, 0.5087719559669495, 0.4875183701515198, 0.49257761240005493, 0.48058903217315674, 0.5173962116241455, 0.4945652186870575, 0.45950156450271606], "Recall": [0.4853556454181671, 0.4435146450996399, 0.35983264446258545, 0.35983264446258545, 0.40585774183273315, 0.560669481754303, 0.45885634422302246, 0.5578800439834595, 0.35564854741096497, 0.5020920634269714, 0.3110181391239166, 0.411436527967453, 0.5885634422302246, 0.5857740640640259, 0.4476987421512604, 0.4295676350593567, 0.5160390734672546, 0.5509065389633179, 0.509065568447113, 0.525801956653595, 0.46304044127464294, 0.509065568447113, 0.5006973743438721, 0.6429567933082581, 0.38075312972068787, 0.411436527967453], "AUC": [0.4816111922264099, 0.4908400774002075, 0.49394363164901733, 0.4658152759075165, 0.49004065990448, 0.5020463466644287, 0.5046762228012085, 0.5016787052154541, 0.4893627166748047, 0.48775023221969604, 0.49875408411026, 0.49891167879104614, 0.5037814378738403, 0.5081697702407837, 0.4913818836212158, 0.47050023078918457, 0.5124647617340088, 0.507720410823822, 0.4991859197616577, 0.5094332098960876, 0.4902741014957428, 0.4978019595146179, 0.48235517740249634, 0.5147785544395447, 0.4918544888496399, 0.4701102375984192], "val_loss": [0.7020252346992493, 0.7298144102096558, 0.702305793762207, 0.7125009894371033, 0.7166074514389038, 0.6899489164352417, 0.686672031879425, 0.7181230187416077, 0.7195743322372437, 0.7109283804893494, 0.6791728138923645, 0.682013213634491, 0.6670546531677246, 0.7100057601928711, 0.666941225528717, 0.7027533650398254, 0.6845355033874512, 0.687306821346283, 0.7112646102905273, 0.6923583745956421, 0.6750208735466003, 0.6721499562263489, 0.6963919997215271, 0.7327346801757812, 0.7172883749008179, 0.8104208111763], "val_accuracy": [0.3781818151473999, 0.3781818151473999, 0.3781818151473999, 0.3781818151473999, 0.3781818151473999, 0.6218181848526001, 0.6218181848526001, 0.3781818151473999, 0.3781818151473999, 0.3781818151473999, 0.6218181848526001, 0.6218181848526001, 0.6218181848526001, 0.3781818151473999, 0.6218181848526001, 0.3781818151473999, 0.6218181848526001, 0.6218181848526001, 0.3781818151473999, 0.6218181848526001, 0.6218181848526001, 0.6218181848526001, 0.3781818151473999, 0.3781818151473999, 0.3781818151473999, 0.3781818151473999], "val_benchmark_54": [171.0, 171.0, 171.0, 171.0, 171.0, 104.0, 104.0, 171.0, 171.0, 171.0, 104.0, 104.0, 104.0, 171.0, 104.0, 171.0, 104.0, 104.0, 171.0, 104.0, 104.0, 104.0, 171.0, 171.0, 171.0, 171.0], "val_TP": [0.0, 0.0, 0.0, 0.0, 0.0, 171.0, 171.0, 0.0, 0.0, 0.0, 171.0, 171.0, 171.0, 0.0, 171.0, 0.0, 171.0, 171.0, 0.0, 171.0, 171.0, 171.0, 0.0, 0.0, 0.0, 0.0], "val_TN": [104.0, 104.0, 104.0, 104.0, 104.0, 0.0, 0.0, 104.0, 104.0, 104.0, 0.0, 0.0, 0.0, 104.0, 0.0, 104.0, 0.0, 0.0, 104.0, 0.0, 0.0, 0.0, 104.0, 104.0, 104.0, 104.0], "val_FP": [0.0, 0.0, 0.0, 0.0, 0.0, 104.0, 104.0, 0.0, 0.0, 0.0, 104.0, 104.0, 104.0, 0.0, 104.0, 0.0, 104.0, 104.0, 0.0, 104.0, 104.0, 104.0, 0.0, 0.0, 0.0, 0.0], "val_FN": [171.0, 171.0, 171.0, 171.0, 171.0, 0.0, 0.0, 171.0, 171.0, 171.0, 0.0, 0.0, 0.0, 171.0, 0.0, 171.0, 0.0, 0.0, 171.0, 0.0, 0.0, 0.0, 171.0, 171.0, 171.0, 171.0], "val_Precision": [0.0, 0.0, 0.0, 0.0, 0.0, 0.6218181848526001, 0.6218181848526001, 0.0, 0.0, 0.0, 0.6218181848526001, 0.6218181848526001, 0.6218181848526001, 0.0, 0.6218181848526001, 0.0, 0.6218181848526001, 0.6218181848526001, 0.0, 0.6218181848526001, 0.6218181848526001, 0.6218181848526001, 0.0, 0.0, 0.0, 0.0], "val_Recall": [0.0, 0.0, 0.0, 0.0, 0.0, 1.0, 1.0, 0.0, 0.0, 0.0, 1.0, 1.0, 1.0, 0.0, 1.0, 0.0, 1.0, 1.0, 0.0, 1.0, 1.0, 1.0, 0.0, 0.0, 0.0, 0.0], "val_AUC": [0.5, 0.5, 0.4745276868343353, 0.5, 0.5, 0.5, 0.5, 0.5, 0.5, 0.5, 0.5, 0.5, 0.5, 0.5, 0.5, 0.5, 0.5, 0.5, 0.5060447454452515, 0.5, 0.5, 0.5, 0.5, 0.5, 0.5, 0.5]}