{"loss": [0.3455100953578949, 0.34482380747795105, 0.3442489504814148, 0.34412434697151184, 0.34364381432533264, 0.3432715833187103, 0.34307408332824707, 0.34300705790519714, 0.34298983216285706, 0.3429873287677765, 0.34277379512786865, 0.3426503539085388, 0.34265008568763733, 0.3424586355686188, 0.3425956666469574, 0.34250590205192566, 0.3423905074596405, 0.34188011288642883, 0.34207040071487427, 0.3419826328754425, 0.34203973412513733, 0.34169337153434753, 0.3417562246322632, 0.3417522609233856, 0.3414475619792938, 0.3415653109550476, 0.3411841094493866, 0.3413322865962982, 0.34133705496788025, 0.3410450220108032, 0.3408967852592468, 0.34100764989852905, 0.3411824703216553, 0.3410981595516205, 0.3408840596675873, 0.34069257974624634, 0.3405819237232208, 0.3406561613082886, 0.34063833951950073], "accuracy": [0.5320780873298645, 0.5543932914733887, 0.5564853549003601, 0.5446304082870483, 0.5543932914733887, 0.5523012280464172, 0.5474197864532471, 0.5502092242240906, 0.5529986023902893, 0.543235719203949, 0.5536959767341614, 0.5529986023902893, 0.5571827292442322, 0.555787980556488, 0.5467224717140198, 0.5516039133071899, 0.5502092242240906, 0.560669481754303, 0.5571827292442322, 0.555787980556488, 0.555787980556488, 0.5620641708374023, 0.5571827292442322, 0.5523012280464172, 0.5578800439834595, 0.560669481754303, 0.5634588599205017, 0.5599721074104309, 0.555787980556488, 0.5585774183273315, 0.5571827292442322, 0.5543932914733887, 0.5613667964935303, 0.5502092242240906, 0.5627614855766296, 0.5516039133071899, 0.5550906658172607, 0.5634588599205017, 0.5599721074104309], "benchmark_313": [671.0, 639.0, 636.0, 653.0, 639.0, 642.0, 649.0, 645.0, 641.0, 655.0, 640.0, 641.0, 635.0, 637.0, 650.0, 643.0, 645.0, 630.0, 635.0, 637.0, 637.0, 628.0, 635.0, 642.0, 634.0, 630.0, 626.0, 631.0, 637.0, 633.0, 635.0, 639.0, 629.0, 645.0, 627.0, 643.0, 638.0, 626.0, 631.0], "TP": [314.0, 322.0, 333.0, 330.0, 341.0, 336.0, 336.0, 338.0, 351.0, 338.0, 350.0, 344.0, 342.0, 342.0, 334.0, 341.0, 334.0, 343.0, 342.0, 339.0, 337.0, 342.0, 334.0, 332.0, 338.0, 341.0, 338.0, 339.0, 338.0, 335.0, 332.0, 330.0, 342.0, 330.0, 335.0, 330.0, 329.0, 341.0, 335.0], "TN": [449.0, 473.0, 465.0, 451.0, 454.0, 456.0, 449.0, 451.0, 442.0, 441.0, 444.0, 449.0, 457.0, 455.0, 450.0, 450.0, 455.0, 461.0, 457.0, 458.0, 460.0, 464.0, 465.0, 460.0, 462.0, 463.0, 470.0, 464.0, 459.0, 466.0, 467.0, 465.0, 463.0, 459.0, 472.0, 461.0, 467.0, 467.0, 468.0], "FP": [268.0, 244.0, 252.0, 266.0, 263.0, 261.0, 268.0, 266.0, 275.0, 276.0, 273.0, 268.0, 260.0, 262.0, 267.0, 267.0, 262.0, 256.0, 260.0, 259.0, 257.0, 253.0, 252.0, 257.0, 255.0, 254.0, 247.0, 253.0, 258.0, 251.0, 250.0, 252.0, 254.0, 258.0, 245.0, 256.0, 250.0, 250.0, 249.0], "FN": [403.0, 395.0, 384.0, 387.0, 376.0, 381.0, 381.0, 379.0, 366.0, 379.0, 367.0, 373.0, 375.0, 375.0, 383.0, 376.0, 383.0, 374.0, 375.0, 378.0, 380.0, 375.0, 383.0, 385.0, 379.0, 376.0, 379.0, 378.0, 379.0, 382.0, 385.0, 387.0, 375.0, 387.0, 382.0, 387.0, 388.0, 376.0, 382.0], "Precision": [0.5395188927650452, 0.5689045786857605, 0.5692307949066162, 0.5536912679672241, 0.5645695328712463, 0.5628140568733215, 0.556291401386261, 0.559602677822113, 0.5607028603553772, 0.5504885911941528, 0.5617977380752563, 0.5620915293693542, 0.5681062936782837, 0.5662251710891724, 0.5557404160499573, 0.5608552694320679, 0.5604026913642883, 0.5726210474967957, 0.5681062936782837, 0.5668896436691284, 0.567340075969696, 0.5747899413108826, 0.5699658989906311, 0.5636672377586365, 0.5699831247329712, 0.5731092691421509, 0.5777778029441833, 0.5726351141929626, 0.5671141147613525, 0.5716723799705505, 0.5704467296600342, 0.5670102834701538, 0.573825478553772, 0.5612244606018066, 0.5775862336158752, 0.5631399154663086, 0.5682210922241211, 0.576988160610199, 0.573630154132843], "Recall": [0.43793582916259766, 0.44909343123435974, 0.4644351601600647, 0.4602510333061218, 0.4755927622318268, 0.4686192572116852, 0.4686192572116852, 0.4714086353778839, 0.4895397424697876, 0.4714086353778839, 0.48814505338668823, 0.47977685928344727, 0.47698745131492615, 0.47698745131492615, 0.46582984924316406, 0.4755927622318268, 0.46582984924316406, 0.4783821403980255, 0.47698745131492615, 0.47280335426330566, 0.47001394629478455, 0.47698745131492615, 0.46582984924316406, 0.46304044127464294, 0.4714086353778839, 0.4755927622318268, 0.4714086353778839, 0.47280335426330566, 0.4714086353778839, 0.4672245383262634, 0.46304044127464294, 0.4602510333061218, 0.47698745131492615, 0.4602510333061218, 0.4672245383262634, 0.4602510333061218, 0.45885634422302246, 0.4755927622318268, 0.4672245383262634], "AUC": [0.5555925369262695, 0.5582321286201477, 0.5505340695381165, 0.5493776202201843, 0.5521154999732971, 0.5570027828216553, 0.5555351376533508, 0.5538525581359863, 0.5561702251434326, 0.5530180335044861, 0.5568335056304932, 0.555189847946167, 0.5573402643203735, 0.5587009191513062, 0.5575338006019592, 0.5584713816642761, 0.5571739673614502, 0.5616430044174194, 0.55881667137146, 0.5604302287101746, 0.5604292154312134, 0.5631661415100098, 0.5614135265350342, 0.5607132315635681, 0.5628840923309326, 0.5608094930648804, 0.56777423620224, 0.56455397605896, 0.5638478994369507, 0.5661432147026062, 0.5676487684249878, 0.565169632434845, 0.5652222037315369, 0.5643380880355835, 0.5669018030166626, 0.5700773000717163, 0.5711618065834045, 0.5697612762451172, 0.570858359336853], "val_loss": [0.3401748538017273, 0.34074866771698, 0.3411746025085449, 0.3414645791053772, 0.34165456891059875, 0.3417854905128479, 0.3418375551700592, 0.3418506383895874, 0.34180620312690735, 0.3417380750179291, 0.34167298674583435, 0.3415985703468323, 0.34155958890914917, 0.34151744842529297, 0.34153854846954346, 0.3415362238883972, 0.34151697158813477, 0.34145501255989075, 0.3413698673248291, 0.3412230312824249, 0.3409857153892517, 0.34072473645210266, 0.3404073119163513, 0.3400357663631439, 0.33966684341430664, 0.33924350142478943, 0.3388539254665375, 0.33842429518699646, 0.33803045749664307, 0.33767959475517273, 0.3373274803161621, 0.3369426727294922, 0.3366055488586426, 0.33632975816726685, 0.33598995208740234, 0.33572566509246826, 0.33555448055267334, 0.3353411853313446, 0.33523184061050415], "val_accuracy": [0.6218181848526001, 0.6218181848526001, 0.6218181848526001, 0.6218181848526001, 0.6218181848526001, 0.6218181848526001, 0.6218181848526001, 0.6218181848526001, 0.6218181848526001, 0.6218181848526001, 0.6218181848526001, 0.6218181848526001, 0.6218181848526001, 0.6218181848526001, 0.6218181848526001, 0.6218181848526001, 0.6218181848526001, 0.6218181848526001, 0.6399999856948853, 0.6290909051895142, 0.6290909051895142, 0.6218181848526001, 0.6036363840103149, 0.610909104347229, 0.610909104347229, 0.6000000238418579, 0.5963636636734009, 0.6000000238418579, 0.578181803226471, 0.5745454430580139, 0.578181803226471, 0.5745454430580139, 0.5709090828895569, 0.5745454430580139, 0.5745454430580139, 0.5709090828895569, 0.5745454430580139, 0.578181803226471, 0.578181803226471], "val_benchmark_313": [104.0, 104.0, 104.0, 104.0, 104.0, 104.0, 104.0, 104.0, 104.0, 104.0, 104.0, 104.0, 104.0, 104.0, 104.0, 104.0, 104.0, 104.0, 99.0, 102.0, 102.0, 104.0, 109.0, 107.0, 107.0, 110.0, 111.0, 110.0, 116.0, 117.0, 116.0, 117.0, 118.0, 117.0, 117.0, 118.0, 117.0, 116.0, 116.0], "val_TP": [171.0, 171.0, 171.0, 171.0, 171.0, 171.0, 171.0, 171.0, 171.0, 171.0, 171.0, 171.0, 171.0, 171.0, 171.0, 171.0, 171.0, 170.0, 170.0, 166.0, 164.0, 156.0, 150.0, 147.0, 144.0, 141.0, 137.0, 136.0, 129.0, 125.0, 121.0, 119.0, 118.0, 116.0, 116.0, 115.0, 115.0, 115.0, 114.0], "val_TN": [0.0, 0.0, 0.0, 0.0, 0.0, 0.0, 0.0, 0.0, 0.0, 0.0, 0.0, 0.0, 0.0, 0.0, 0.0, 0.0, 0.0, 1.0, 6.0, 7.0, 9.0, 15.0, 16.0, 21.0, 24.0, 24.0, 27.0, 29.0, 30.0, 33.0, 38.0, 39.0, 39.0, 42.0, 42.0, 42.0, 43.0, 44.0, 45.0],