{"loss": [0.6935567855834961, 0.6924082040786743, 0.6911303997039795, 0.6902980208396912, 0.6897042393684387, 0.6889329552650452, 0.6886019706726074, 0.6878418922424316, 0.687933087348938, 0.6870625615119934, 0.6876153945922852, 0.6864058375358582, 0.6868575811386108, 0.6871524453163147, 0.6871271729469299, 0.6867882013320923, 0.686577320098877, 0.6869192123413086, 0.6868556141853333, 0.6872324347496033, 0.6868696212768555, 0.6869010329246521, 0.6867978572845459, 0.6868327856063843, 0.6871092319488525, 0.6870067715644836, 0.6864863634109497, 0.6864163279533386, 0.686730682849884, 0.6865138411521912, 0.6861866116523743, 0.6863437294960022, 0.6865378022193909, 0.6863512396812439, 0.6868151426315308, 0.6868410706520081, 0.6870905160903931, 0.6866887807846069, 0.687875509262085, 0.6865013837814331, 0.6864725947380066, 0.6865789890289307, 0.6866847276687622, 0.6862083673477173, 0.6867294311523438, 0.686255693435669, 0.6864317655563354, 0.686286985874176, 0.6872280836105347, 0.6865901350975037, 0.6868354678153992, 0.6863910555839539, 0.6867483258247375, 0.6863017678260803, 0.6874772310256958, 0.6867027282714844, 0.6869275569915771, 0.6857866644859314, 0.686639130115509, 0.6865644454956055, 0.6868252754211426], "accuracy": [0.48047420382499695, 0.5327754616737366, 0.525801956653595, 0.5341701507568359, 0.5418410301208496, 0.5543932914733887, 0.5320780873298645, 0.5495118498802185, 0.5320780873298645, 0.5509065389633179, 0.5341701507568359, 0.5481171607971191, 0.5467224717140198, 0.5383542776107788, 0.5383542776107788, 0.5460250973701477, 0.543235719203949, 0.5411436557769775, 0.5418410301208496, 0.5425383448600769, 0.5425383448600769, 0.5299860239028931, 0.5425383448600769, 0.5341701507568359, 0.5425383448600769, 0.5355648398399353, 0.543235719203949, 0.5376569032669067, 0.5320780873298645, 0.5390515923500061, 0.5383542776107788, 0.5446304082870483, 0.5390515923500061, 0.5425383448600769, 0.5313807725906372, 0.5453277826309204, 0.5446304082870483, 0.5460250973701477, 0.5439330339431763, 0.5397489666938782, 0.5439330339431763, 0.5327754616737366, 0.5467224717140198, 0.5425383448600769, 0.5355648398399353, 0.5418410301208496, 0.5341701507568359, 0.5495118498802185, 0.5383542776107788, 0.5362622141838074, 0.5453277826309204, 0.5362622141838074, 0.5418410301208496, 0.5397489666938782, 0.5369595289230347, 0.5495118498802185, 0.5495118498802185, 0.5467224717140198, 0.5439330339431763, 0.534867525100708, 0.5453277826309204], "benchmark_1732": [745.0, 670.0, 680.0, 668.0, 657.0, 639.0, 671.0, 646.0, 671.0, 644.0, 668.0, 648.0, 650.0, 662.0, 662.0, 651.0, 655.0, 658.0, 657.0, 656.0, 656.0, 674.0, 656.0, 668.0, 656.0, 666.0, 655.0, 663.0, 671.0, 661.0, 662.0, 653.0, 661.0, 656.0, 672.0, 652.0, 653.0, 651.0, 654.0, 660.0, 654.0, 670.0, 650.0, 656.0, 666.0, 657.0, 668.0, 646.0, 662.0, 665.0, 652.0, 665.0, 657.0, 660.0, 664.0, 646.0, 646.0, 650.0, 654.0, 667.0, 652.0], "TP": [246.0, 369.0, 348.0, 368.0, 345.0, 327.0, 366.0, 332.0, 354.0, 353.0, 359.0, 348.0, 350.0, 342.0, 346.0, 341.0, 348.0, 339.0, 362.0, 347.0, 339.0, 355.0, 360.0, 354.0, 348.0, 344.0, 346.0, 345.0, 352.0, 354.0, 353.0, 365.0, 345.0, 347.0, 338.0, 348.0, 357.0, 350.0, 336.0, 346.0, 351.0, 349.0, 354.0, 357.0, 348.0, 355.0, 353.0, 347.0, 354.0, 348.0, 353.0, 344.0, 355.0, 351.0, 341.0, 354.0, 332.0, 362.0, 351.0, 352.0, 342.0], "TN": [443.0, 395.0, 406.0, 398.0, 432.0, 468.0, 397.0, 456.0, 409.0, 437.0, 407.0, 438.0, 434.0, 430.0, 426.0, 442.0, 431.0, 437.0, 415.0, 431.0, 439.0, 405.0, 418.0, 412.0, 430.0, 424.0, 433.0, 426.0, 411.0, 419.0, 419.0, 416.0, 428.0, 431.0, 424.0, 434.0, 424.0, 433.0, 444.0, 428.0, 429.0, 415.0, 430.0, 421.0, 420.0, 422.0, 413.0, 441.0, 418.0, 421.0, 429.0, 425.0, 422.0, 423.0, 429.0, 434.0, 456.0, 422.0, 429.0, 415.0, 440.0], "FP": [274.0, 322.0, 311.0, 319.0, 285.0, 249.0, 320.0, 261.0, 308.0, 280.0, 310.0, 279.0, 283.0, 287.0, 291.0, 275.0, 286.0, 280.0, 302.0, 286.0, 278.0, 312.0, 299.0, 305.0, 287.0, 293.0, 284.0, 291.0, 306.0, 298.0, 298.0, 301.0, 289.0, 286.0, 293.0, 283.0, 293.0, 284.0, 273.0, 289.0, 288.0, 302.0, 287.0, 296.0, 297.0, 295.0, 304.0, 276.0, 299.0, 296.0, 288.0, 292.0, 295.0, 294.0, 288.0, 283.0, 261.0, 295.0, 288.0, 302.0, 277.0], "FN": [471.0, 348.0, 369.0, 349.0, 372.0, 390.0, 351.0, 385.0, 363.0, 364.0, 358.0, 369.0, 367.0, 375.0, 371.0, 376.0, 369.0, 378.0, 355.0, 370.0, 378.0, 362.0, 357.0, 363.0, 369.0, 373.0, 371.0, 372.0, 365.0, 363.0, 364.0, 352.0, 372.0, 370.0, 379.0, 369.0, 360.0, 367.0, 381.0, 371.0, 366.0, 368.0, 363.0, 360.0, 369.0, 362.0, 364.0, 370.0, 363.0, 369.0, 364.0, 373.0, 362.0, 366.0, 376.0, 363.0, 385.0, 355.0, 366.0, 365.0, 375.0], "Precision": [0.4730769097805023, 0.5340086817741394, 0.5280728340148926, 0.5356622934341431, 0.5476190447807312, 0.5677083134651184, 0.533527672290802, 0.5598651170730591, 0.5347431898117065, 0.5576619505882263, 0.5366218090057373, 0.5550239086151123, 0.5529226064682007, 0.5437201857566833, 0.5431711077690125, 0.5535714030265808, 0.5488958954811096, 0.5476574897766113, 0.5451807379722595, 0.548183262348175, 0.5494327545166016, 0.5322338938713074, 0.5462822318077087, 0.537177562713623, 0.5480315089225769, 0.540031373500824, 0.5492063760757446, 0.5424528121948242, 0.5349544286727905, 0.5429447889328003, 0.542242705821991, 0.5480480194091797, 0.5441640615463257, 0.548183262348175, 0.5356577038764954, 0.5515055656433105, 0.5492307543754578, 0.5520504713058472, 0.5517241358757019, 0.5448818802833557, 0.5492957830429077, 0.536098301410675, 0.5522620677947998, 0.5467075109481812, 0.539534866809845, 0.5461538434028625, 0.5372906923294067, 0.5569823384284973, 0.5421133041381836, 0.5403726696968079, 0.5507020354270935, 0.5408805012702942, 0.5461538434028625, 0.5441860556602478, 0.5421303510665894, 0.5557299852371216, 0.5598651170730591, 0.5509893298149109, 0.5492957830429077, 0.538226306438446, 0.5525040626525879], "Recall": [0.34309622645378113, 0.5146443247795105, 0.4853556454181671, 0.5132496356964111, 0.48117154836654663, 0.45606693625450134, 0.5104602575302124, 0.46304044127464294, 0.4937238395214081, 0.4923291504383087, 0.5006973743438721, 0.4853556454181671, 0.48814505338668823, 0.47698745131492615, 0.482566237449646, 0.4755927622318268, 0.4853556454181671, 0.47280335426330566, 0.5048814415931702, 0.48396095633506775, 0.47280335426330566, 0.49511855840682983, 0.5020920634269714, 0.4937238395214081, 0.4853556454181671, 0.47977685928344727, 0.482566237449646, 0.48117154836654663, 0.49093446135520935, 0.4937238395214081, 0.4923291504383087, 0.509065568447113, 0.48117154836654663, 0.48396095633506775, 0.4714086353778839, 0.4853556454181671, 0.49790793657302856, 0.48814505338668823, 0.4686192572116852, 0.482566237449646, 0.4895397424697876, 0.4867503345012665, 0.4937238395214081, 0.49790793657302856, 0.4853556454181671, 0.49511855840682983, 0.4923291504383087, 0.48396095633506775, 0.4937238395214081, 0.4853556454181671, 0.4923291504383087, 0.47977685928344727, 0.49511855840682983, 0.4895397424697876, 0.4755927622318268, 0.4937238395214081, 0.46304044127464294, 0.5048814415931702, 0.4895397424697876, 0.49093446135520935, 0.47698745131492615],