{"loss": [0.6808030009269714, 0.6595218181610107, 0.6462197303771973, 0.629983127117157, 0.6297464966773987, 0.6210958957672119, 0.6257116794586182, 0.6195537447929382, 0.6237446069717407, 0.6081114411354065, 0.6117709279060364, 0.5978132486343384, 0.6024417877197266, 0.605212926864624, 0.5956300497055054, 0.5912953019142151, 0.5807538032531738, 0.5900103449821472, 0.5831170678138733, 0.5936952233314514, 0.580504834651947, 0.5656043887138367, 0.5691646933555603, 0.5665667653083801, 0.5682016611099243, 0.5666628479957581, 0.5635324716567993, 0.5561529994010925, 0.5592567324638367, 0.5701914429664612, 0.5560610294342041, 0.5477838516235352, 0.5383121371269226, 0.5293165445327759, 0.5431516170501709, 0.5348702669143677, 0.5454846024513245, 0.5227457284927368, 0.5226690769195557, 0.5167248845100403, 0.5260461568832397, 0.5269509553909302, 0.5271932482719421, 0.511673092842102, 0.5083874464035034, 0.5038385391235352], "accuracy": [0.5495118498802185, 0.5948396325111389, 0.6143653988838196, 0.6234309673309326, 0.6297070980072021, 0.650627613067627, 0.6387726664543152, 0.6352859139442444, 0.6464434862136841, 0.6555090546607971, 0.6492329239845276, 0.6659693121910095, 0.6520223021507263, 0.6603904962539673, 0.6806136965751648, 0.6743375062942505, 0.6820083856582642, 0.6708507537841797, 0.6827057003974915, 0.6666666865348816, 0.6785216331481934, 0.6910738945007324, 0.6903765797615051, 0.6875871419906616, 0.6778242588043213, 0.6820083856582642, 0.7119944095611572, 0.7112970948219299, 0.6952580213546753, 0.6952580213546753, 0.7078103423118591, 0.7022315263748169, 0.7168758511543274, 0.7259414196014404, 0.7071129679679871, 0.7203626036643982, 0.7078103423118591, 0.7280334830284119, 0.7175732254981995, 0.7245467305183411, 0.7224546670913696, 0.7301255464553833, 0.7280334830284119, 0.7301255464553833, 0.7364016771316528, 0.7426778078079224], "benchmark_1508": [646.0, 581.0, 553.0, 540.0, 531.0, 501.0, 518.0, 523.0, 507.0, 494.0, 503.0, 479.0, 499.0, 487.0, 458.0, 467.0, 456.0, 472.0, 455.0, 478.0, 461.0, 443.0, 444.0, 448.0, 462.0, 456.0, 413.0, 414.0, 437.0, 437.0, 419.0, 427.0, 406.0, 393.0, 420.0, 401.0, 419.0, 390.0, 405.0, 395.0, 398.0, 387.0, 390.0, 387.0, 378.0, 369.0], "TP": [388.0, 455.0, 448.0, 464.0, 448.0, 447.0, 453.0, 455.0, 460.0, 479.0, 456.0, 470.0, 434.0, 451.0, 466.0, 467.0, 476.0, 469.0, 466.0, 464.0, 474.0, 481.0, 483.0, 472.0, 465.0, 465.0, 496.0, 491.0, 475.0, 496.0, 496.0, 488.0, 502.0, 513.0, 507.0, 510.0, 497.0, 491.0, 499.0, 511.0, 516.0, 522.0, 511.0, 514.0, 523.0, 534.0], "TN": [400.0, 398.0, 433.0, 430.0, 455.0, 486.0, 463.0, 456.0, 467.0, 461.0, 475.0, 485.0, 501.0, 496.0, 510.0, 500.0, 502.0, 493.0, 513.0, 492.0, 499.0, 510.0, 507.0, 514.0, 507.0, 513.0, 525.0, 529.0, 522.0, 501.0, 519.0, 519.0, 526.0, 528.0, 507.0, 523.0, 518.0, 553.0, 530.0, 528.0, 520.0, 525.0, 533.0, 533.0, 533.0, 531.0], "FP": [317.0, 319.0, 284.0, 287.0, 262.0, 231.0, 254.0, 261.0, 250.0, 256.0, 242.0, 232.0, 216.0, 221.0, 207.0, 217.0, 215.0, 224.0, 204.0, 225.0, 218.0, 207.0, 210.0, 203.0, 210.0, 204.0, 192.0, 188.0, 195.0, 216.0, 198.0, 198.0, 191.0, 189.0, 210.0, 194.0, 199.0, 164.0, 187.0, 189.0, 197.0, 192.0, 184.0, 184.0, 184.0, 186.0], "FN": [329.0, 262.0, 269.0, 253.0, 269.0, 270.0, 264.0, 262.0, 257.0, 238.0, 261.0, 247.0, 283.0, 266.0, 251.0, 250.0, 241.0, 248.0, 251.0, 253.0, 243.0, 236.0, 234.0, 245.0, 252.0, 252.0, 221.0, 226.0, 242.0, 221.0, 221.0, 229.0, 215.0, 204.0, 210.0, 207.0, 220.0, 226.0, 218.0, 206.0, 201.0, 195.0, 206.0, 203.0, 194.0, 183.0], "Precision": [0.5503545999526978, 0.5878552794456482, 0.6120218634605408, 0.6178428530693054, 0.6309859156608582, 0.6592920422554016, 0.6407355070114136, 0.6354748606681824, 0.6478873491287231, 0.6517006754875183, 0.65329509973526, 0.6695156693458557, 0.6676923036575317, 0.6711309552192688, 0.6924219727516174, 0.682748556137085, 0.6888567209243774, 0.6767676472663879, 0.6955223679542542, 0.6734397411346436, 0.6849710941314697, 0.6991279125213623, 0.6969696879386902, 0.6992592811584473, 0.6888889074325562, 0.695067286491394, 0.7209302186965942, 0.723122239112854, 0.7089552283287048, 0.6966292262077332, 0.7146974205970764, 0.7113702893257141, 0.7243867516517639, 0.7307692170143127, 0.7071129679679871, 0.7244318127632141, 0.7140804529190063, 0.7496182918548584, 0.7274052500724792, 0.7300000190734863, 0.7237026691436768, 0.7310924530029297, 0.735251784324646, 0.736389696598053, 0.7397453784942627, 0.7416666746139526], "Recall": [0.5411436557769775, 0.6345885396003723, 0.624825656414032, 0.6471408605575562, 0.624825656414032, 0.6234309673309326, 0.6317991614341736, 0.6345885396003723, 0.6415620446205139, 0.668061375617981, 0.6359832882881165, 0.6555090546607971, 0.6052998900413513, 0.6290097832679749, 0.6499302387237549, 0.651324987411499, 0.6638772487640381, 0.6541143655776978, 0.6499302387237549, 0.6471408605575562, 0.6610878705978394, 0.6708507537841797, 0.6736401915550232, 0.6582984924316406, 0.6485355496406555, 0.6485355496406555, 0.6917712688446045, 0.6847977638244629, 0.6624825596809387, 0.6917712688446045, 0.6917712688446045, 0.6806136965751648, 0.7001394629478455, 0.715481162071228, 0.7071129679679871, 0.7112970948219299, 0.6931659579277039, 0.6847977638244629, 0.6959553956985474, 0.7126917839050293, 0.7196652889251709, 0.7280334830284119, 0.7126917839050293, 0.7168758511543274, 0.7294281721115112, 0.7447698712348938], "AUC": [0.581908106803894, 0.6375335454940796, 0.6616529822349548, 0.6875969171524048, 0.6909893155097961, 0.702440619468689, 0.6982225179672241, 0.7068824172019958, 0.6981573104858398, 0.722138524055481, 0.7167707681655884, 0.7329908609390259, 0.725810170173645, 0.7251439690589905, 0.7415505647659302, 0.7452552318572998, 0.7567124366760254, 0.7464397549629211, 0.7553448677062988, 0.7440287470817566, 0.7551027536392212, 0.7696780562400818, 0.764565110206604, 0.7707390785217285, 0.7649832963943481, 0.7668166756629944, 0.7799019813537598, 0.7845159769058228, 0.780742347240448, 0.7671998143196106, 0.7824481725692749, 0.7890530824661255, 0.7955694198608398, 0.8071696162223816, 0.7932537198066711, 0.8019477128982544, 0.7930368185043335, 0.8140069246292114, 0.8087441921234131, 0.816528856754303, 0.8060258030891418, 0.8096010684967041, 0.8104705810546875, 0.8212732076644897, 0.8233351111412048, 0.8266720175743103], "val_loss": [0.6880248785018921, 0.6539595723152161, 0.602603554725647, 0.6096616387367249, 0.593398928642273, 0.5982013940811157, 0.6056928634643555, 0.5960113406181335, 0.582012951374054, 0.5900207757949829, 0.6236712336540222, 0.5849886536598206, 0.5876198410987854, 0.6279199719429016, 0.632030189037323, 0.5893475413322449, 0.6705532670021057, 0.5779564380645752, 0.5844051837921143, 0.5806756615638733, 0.5618230700492859, 0.5793606042861938, 0.5908192992210388, 0.6090641021728516, 0.5962247848510742, 0.5856661200523376, 0.5825151205062866, 0.5704878568649292, 0.5811147093772888, 0.600840151309967, 0.5889562368392944, 0.5782604813575745, 0.5917605757713318, 0.6018965840339661, 0.6041199564933777, 0.582625150680542, 0.600515604019165, 0.5905489921569824, 0.5873118042945862, 0.5749061107635498, 0.6016255617141724, 0.6744482517242432, 0.6785193085670471, 0.6137905120849609, 0.5957850217819214, 0.6482833623886108],