{"loss": [0.6965503692626953, 0.6944155097007751, 0.6948771476745605, 0.6909781098365784, 0.6918774843215942, 0.690736711025238, 0.6859100461006165, 0.686610758304596, 0.6843265295028687, 0.6811884641647339, 0.680165708065033, 0.6758636832237244, 0.6717760562896729, 0.6682223677635193, 0.6627069711685181, 0.6582555174827576, 0.657765805721283, 0.6497274041175842, 0.6445740461349487, 0.6420724391937256, 0.6397704482078552, 0.6336868405342102, 0.638087809085846, 0.6295218467712402, 0.6290585398674011, 0.625081479549408, 0.6269967555999756, 0.6192017197608948, 0.623582661151886, 0.6189132332801819, 0.616934061050415, 0.6114743947982788, 0.6112866401672363, 0.615851879119873, 0.6131245493888855, 0.6061461567878723, 0.6090448498725891, 0.6022012233734131, 0.6049014925956726, 0.6003431081771851, 0.5995153188705444, 0.5982223749160767, 0.5988897085189819, 0.5899754166603088, 0.5974156260490417, 0.5949347019195557, 0.5911117196083069, 0.5923994183540344, 0.5848528146743774, 0.5920726656913757], "accuracy": [0.4902370870113373, 0.5146443247795105, 0.4923291504383087, 0.5418410301208496, 0.5237098932266235, 0.517433762550354, 0.5397489666938782, 0.5397489666938782, 0.5634588599205017, 0.560669481754303, 0.5669456124305725, 0.5871687531471252, 0.6059972047805786, 0.5871687531471252, 0.5920501947402954, 0.6143653988838196, 0.6220362782478333, 0.6359832882881165, 0.6359832882881165, 0.6220362782478333, 0.6213389039039612, 0.6401673555374146, 0.6206415891647339, 0.651324987411499, 0.6443514823913574, 0.6464434862136841, 0.6548117399215698, 0.65969318151474, 0.651324987411499, 0.6520223021507263, 0.6687586903572083, 0.6631799340248108, 0.6652719378471375, 0.65969318151474, 0.6499302387237549, 0.6708507537841797, 0.6527196764945984, 0.6694560647010803, 0.6792189478874207, 0.6715481281280518, 0.6743375062942505, 0.6729428172111511, 0.6757321953773499, 0.6861924529075623, 0.6666666865348816, 0.6806136965751648, 0.6624825596809387, 0.6841003894805908, 0.6889818906784058, 0.6841003894805908], "benchmark_528": [731.0, 696.0, 728.0, 657.0, 683.0, 692.0, 660.0, 660.0, 626.0, 630.0, 621.0, 592.0, 565.0, 592.0, 585.0, 553.0, 542.0, 522.0, 522.0, 542.0, 543.0, 516.0, 544.0, 500.0, 510.0, 507.0, 495.0, 488.0, 500.0, 499.0, 475.0, 483.0, 480.0, 488.0, 502.0, 472.0, 498.0, 474.0, 460.0, 471.0, 467.0, 469.0, 465.0, 450.0, 478.0, 458.0, 484.0, 453.0, 446.0, 453.0], "TP": [364.0, 366.0, 355.0, 422.0, 356.0, 318.0, 379.0, 367.0, 388.0, 377.0, 405.0, 407.0, 414.0, 430.0, 424.0, 431.0, 440.0, 456.0, 449.0, 441.0, 445.0, 457.0, 444.0, 454.0, 470.0, 453.0, 464.0, 481.0, 469.0, 464.0, 474.0, 475.0, 467.0, 460.0, 466.0, 480.0, 463.0, 464.0, 495.0, 481.0, 487.0, 479.0, 483.0, 484.0, 467.0, 482.0, 476.0, 489.0, 500.0, 493.0], "TN": [339.0, 372.0, 351.0, 355.0, 395.0, 424.0, 395.0, 407.0, 420.0, 427.0, 408.0, 435.0, 455.0, 412.0, 425.0, 450.0, 452.0, 456.0, 463.0, 451.0, 446.0, 461.0, 446.0, 480.0, 454.0, 474.0, 475.0, 465.0, 465.0, 471.0, 485.0, 476.0, 487.0, 486.0, 466.0, 482.0, 473.0, 496.0, 479.0, 482.0, 480.0, 486.0, 486.0, 500.0, 489.0, 494.0, 474.0, 492.0, 488.0, 488.0], "FP": [378.0, 345.0, 366.0, 362.0, 322.0, 293.0, 322.0, 310.0, 297.0, 290.0, 309.0, 282.0, 262.0, 305.0, 292.0, 267.0, 265.0, 261.0, 254.0, 266.0, 271.0, 256.0, 271.0, 237.0, 263.0, 243.0, 242.0, 252.0, 252.0, 246.0, 232.0, 241.0, 230.0, 231.0, 251.0, 235.0, 244.0, 221.0, 238.0, 235.0, 237.0, 231.0, 231.0, 217.0, 228.0, 223.0, 243.0, 225.0, 229.0, 229.0], "FN": [353.0, 351.0, 362.0, 295.0, 361.0, 399.0, 338.0, 350.0, 329.0, 340.0, 312.0, 310.0, 303.0, 287.0, 293.0, 286.0, 277.0, 261.0, 268.0, 276.0, 272.0, 260.0, 273.0, 263.0, 247.0, 264.0, 253.0, 236.0, 248.0, 253.0, 243.0, 242.0, 250.0, 257.0, 251.0, 237.0, 254.0, 253.0, 222.0, 236.0, 230.0, 238.0, 234.0, 233.0, 250.0, 235.0, 241.0, 228.0, 217.0, 224.0], "Precision": [0.49056604504585266, 0.5147679448127747, 0.49237170815467834, 0.5382652878761292, 0.525073766708374, 0.5204582810401917, 0.5406562089920044, 0.5420975089073181, 0.5664233565330505, 0.5652173757553101, 0.5672268867492676, 0.5907111763954163, 0.6124260425567627, 0.5850340127944946, 0.5921787619590759, 0.6174784898757935, 0.6241135001182556, 0.6359832882881165, 0.6386913061141968, 0.6237623691558838, 0.6215083599090576, 0.6409537196159363, 0.6209790110588074, 0.6570188403129578, 0.6412005424499512, 0.6508620977401733, 0.6572238206863403, 0.6562073826789856, 0.6504854559898376, 0.6535211205482483, 0.6713880896568298, 0.6634078025817871, 0.6700143218040466, 0.6657018661499023, 0.6499302387237549, 0.6713286638259888, 0.6548797488212585, 0.6773722767829895, 0.6753069758415222, 0.6717877388000488, 0.6726519465446472, 0.674647867679596, 0.6764705777168274, 0.6904422044754028, 0.6719424724578857, 0.6836879253387451, 0.6620305776596069, 0.6848739385604858, 0.6858710646629333, 0.68282550573349], "Recall": [0.5076708793640137, 0.5104602575302124, 0.49511855840682983, 0.5885634422302246, 0.4965132474899292, 0.4435146450996399, 0.5285913348197937, 0.5118549466133118, 0.5411436557769775, 0.525801956653595, 0.5648535490036011, 0.5676429271697998, 0.5774058699607849, 0.5997210741043091, 0.5913528800010681, 0.6011157631874084, 0.6136680841445923, 0.6359832882881165, 0.6262203454971313, 0.6150627732276917, 0.6206415891647339, 0.6373779773712158, 0.6192468404769897, 0.633193850517273, 0.6555090546607971, 0.6317991614341736, 0.6471408605575562, 0.6708507537841797, 0.6541143655776978, 0.6471408605575562, 0.6610878705978394, 0.6624825596809387, 0.651324987411499, 0.6415620446205139, 0.6499302387237549, 0.6694560647010803, 0.6457461714744568, 0.6471408605575562, 0.6903765797615051, 0.6708507537841797, 0.6792189478874207, 0.668061375617981, 0.6736401915550232, 0.6750348806381226, 0.651324987411499, 0.672245442867279, 0.6638772487640381, 0.6820083856582642, 0.6973500847816467, 0.6875871419906616], "AUC": [0.4855599105358124, 0.5076805353164673, 0.49230384826660156, 0.5409306883811951, 0.5269573926925659, 0.5357691049575806, 0.5699285268783569, 0.5633479952812195, 0.5800921320915222, 0.5910659432411194, 0.5954270362854004, 0.608750581741333, 0.6308314204216003, 0.6312409043312073, 0.6448503732681274, 0.6570594310760498, 0.657207190990448, 0.6771016120910645, 0.6828389763832092, 0.6802606582641602, 0.6823974251747131, 0.6990492343902588, 0.6856468319892883, 0.701677143573761, 0.7026050090789795, 0.7078083753585815, 0.703240156173706, 0.7163681983947754, 0.7046523094177246, 0.7124553918838501, 0.7174468040466309, 0.7260250449180603, 0.7235897183418274, 0.7177425026893616, 0.7199833393096924, 0.7325764298439026, 0.7252576947212219, 0.7393272519111633, 0.736189603805542, 0.7408085465431213, 0.7415661811828613, 0.7413949966430664, 0.7424852252006531, 0.7526090145111084, 0.7426952719688416, 0.7475232481956482, 0.7467082738876343, 0.7485290169715881, 0.759494960308075, 0.7483645677566528], "val_loss": [0.6958242058753967, 0.6936032176017761, 0.687082827091217, 0.6905627250671387, 0.691045343875885, 0.6869070529937744, 0.6937922835350037, 0.7035008668899536, 0.7044016122817993, 0.7131913304328918, 0.6693374514579773, 0.6434130072593689, 0.6728814244270325, 0.7700659036636353, 0.6263785362243652, 0.7069340944290161, 0.6278584599494934, 0.744465172290802, 0.8199284672737122, 0.751645565032959, 0.6375117301940918, 0.6431268453598022, 0.7457360029220581, 0.5961951017379761, 0.5882136821746826, 0.7795194983482361, 0.6674424409866333, 0.7602565884590149, 0.6049351692199707, 0.5806220173835754, 0.6615491509437561, 0.5933215618133545, 0.5887926816940308, 0.6717756986618042, 0.5786034464836121, 0.5842752456665039, 0.5746118426322937, 0.5966113805770874, 0.5793144702911377, 0.5792887210845947, 0.6595399379730225, 0.5941895842552185, 0.572715699672699, 0.652478039264679, 0.7158200144767761, 0.5656661987304688, 0.5697379112243652, 0.5666512250900269, 0.5635877251625061, 0.5949453115463257],