{"loss": [0.6926295757293701, 0.690902829170227, 0.687626838684082, 0.6852455139160156, 0.6826059818267822, 0.6787672638893127, 0.6711620688438416, 0.6618379950523376, 0.6603455543518066, 0.6555476188659668, 0.6455959677696228, 0.643814206123352, 0.6370692849159241, 0.6308959126472473, 0.6283174753189087, 0.6174540519714355, 0.6245560646057129, 0.614290177822113, 0.6227719783782959, 0.6112807393074036, 0.6140497326850891, 0.6107426285743713, 0.600443959236145, 0.6055407524108887, 0.6016574501991272, 0.5966271758079529, 0.6014506220817566, 0.6010487079620361, 0.5902253985404968, 0.597086489200592, 0.5857663750648499, 0.5962291359901428, 0.5914971232414246, 0.5881503224372864, 0.5862179398536682, 0.5845614671707153, 0.5863463878631592, 0.5789201855659485, 0.5762555003166199, 0.5800046324729919], "accuracy": [0.5223152041435242, 0.5285913348197937, 0.5676429271697998, 0.5662482380867004, 0.5788005590438843, 0.5676429271697998, 0.6066945791244507, 0.6046025156974792, 0.6283124089241028, 0.6206415891647339, 0.642259418964386, 0.6366806030273438, 0.6387726664543152, 0.651324987411499, 0.6652719378471375, 0.668061375617981, 0.6701534390449524, 0.6687586903572083, 0.6443514823913574, 0.6569037437438965, 0.6631799340248108, 0.6645746231079102, 0.6764295697212219, 0.6673640012741089, 0.6687586903572083, 0.6806136965751648, 0.6659693121910095, 0.6708507537841797, 0.6875871419906616, 0.6694560647010803, 0.6882845163345337, 0.6694560647010803, 0.6799163222312927, 0.685495138168335, 0.698047399520874, 0.6861924529075623, 0.6827057003974915, 0.7057182788848877, 0.6966527104377747, 0.6952580213546753], "benchmark_288": [685.0, 676.0, 620.0, 622.0, 604.0, 620.0, 564.0, 567.0, 533.0, 544.0, 513.0, 521.0, 518.0, 500.0, 480.0, 476.0, 473.0, 475.0, 510.0, 492.0, 483.0, 481.0, 464.0, 477.0, 475.0, 458.0, 479.0, 472.0, 448.0, 474.0, 447.0, 474.0, 459.0, 451.0, 433.0, 450.0, 455.0, 422.0, 435.0, 437.0], "TP": [102.0, 344.0, 382.0, 386.0, 405.0, 395.0, 417.0, 436.0, 442.0, 441.0, 443.0, 458.0, 461.0, 472.0, 481.0, 481.0, 487.0, 484.0, 457.0, 478.0, 482.0, 487.0, 488.0, 477.0, 484.0, 497.0, 487.0, 487.0, 499.0, 485.0, 496.0, 480.0, 490.0, 494.0, 500.0, 493.0, 492.0, 510.0, 495.0, 497.0], "TN": [647.0, 414.0, 432.0, 426.0, 425.0, 419.0, 453.0, 431.0, 459.0, 449.0, 478.0, 455.0, 455.0, 462.0, 473.0, 477.0, 474.0, 475.0, 467.0, 464.0, 469.0, 466.0, 482.0, 480.0, 475.0, 479.0, 468.0, 475.0, 487.0, 475.0, 491.0, 480.0, 485.0, 489.0, 501.0, 491.0, 487.0, 502.0, 504.0, 500.0], "FP": [70.0, 303.0, 285.0, 291.0, 292.0, 298.0, 264.0, 286.0, 258.0, 268.0, 239.0, 262.0, 262.0, 255.0, 244.0, 240.0, 243.0, 242.0, 250.0, 253.0, 248.0, 251.0, 235.0, 237.0, 242.0, 238.0, 249.0, 242.0, 230.0, 242.0, 226.0, 237.0, 232.0, 228.0, 216.0, 226.0, 230.0, 215.0, 213.0, 217.0], "FN": [615.0, 373.0, 335.0, 331.0, 312.0, 322.0, 300.0, 281.0, 275.0, 276.0, 274.0, 259.0, 256.0, 245.0, 236.0, 236.0, 230.0, 233.0, 260.0, 239.0, 235.0, 230.0, 229.0, 240.0, 233.0, 220.0, 230.0, 230.0, 218.0, 232.0, 221.0, 237.0, 227.0, 223.0, 217.0, 224.0, 225.0, 207.0, 222.0, 220.0], "Precision": [0.5930232405662537, 0.5316846966743469, 0.5727136135101318, 0.5701624751091003, 0.5810617208480835, 0.569985568523407, 0.6123347878456116, 0.6038781404495239, 0.631428599357605, 0.6220028400421143, 0.6495600938796997, 0.6361111402511597, 0.6376210451126099, 0.6492434740066528, 0.6634482741355896, 0.6671289801597595, 0.6671232581138611, 0.6666666865348816, 0.6463932394981384, 0.6538987755775452, 0.6602739691734314, 0.6598916053771973, 0.6749654412269592, 0.668067216873169, 0.6666666865348816, 0.6761904954910278, 0.6616848111152649, 0.6680384278297424, 0.6844993233680725, 0.6671251654624939, 0.6869806051254272, 0.6694560647010803, 0.678670346736908, 0.6842105388641357, 0.6983240246772766, 0.6856745481491089, 0.6814404726028442, 0.7034482955932617, 0.6991525292396545, 0.6960784196853638], "Recall": [0.142259418964386, 0.47977685928344727, 0.5327754616737366, 0.5383542776107788, 0.5648535490036011, 0.5509065389633179, 0.581589937210083, 0.60808926820755, 0.616457462310791, 0.6150627732276917, 0.6178521513938904, 0.6387726664543152, 0.6429567933082581, 0.6582984924316406, 0.6708507537841797, 0.6708507537841797, 0.6792189478874207, 0.6750348806381226, 0.6373779773712158, 0.6666666865348816, 0.672245442867279, 0.6792189478874207, 0.6806136965751648, 0.6652719378471375, 0.6750348806381226, 0.6931659579277039, 0.6792189478874207, 0.6792189478874207, 0.6959553956985474, 0.6764295697212219, 0.6917712688446045, 0.6694560647010803, 0.6834030747413635, 0.6889818906784058, 0.6973500847816467, 0.6875871419906616, 0.6861924529075623, 0.7112970948219299, 0.6903765797615051, 0.6931659579277039], "AUC": [0.5309295058250427, 0.5612491369247437, 0.5798763036727905, 0.5899990200996399, 0.5996296405792236, 0.6101210117340088, 0.6436744928359985, 0.6649383306503296, 0.6572364568710327, 0.6649091839790344, 0.6888739466667175, 0.6840800046920776, 0.693218469619751, 0.7037867307662964, 0.7064710855484009, 0.7231938242912292, 0.7089813351631165, 0.7239145040512085, 0.7086370587348938, 0.7246167063713074, 0.7230158448219299, 0.727313756942749, 0.7407792806625366, 0.7319189310073853, 0.7371836304664612, 0.7448087930679321, 0.7389732003211975, 0.7385695576667786, 0.75212562084198, 0.7420048117637634, 0.756438136100769, 0.7426924705505371, 0.748121440410614, 0.7532790303230286, 0.757947564125061, 0.7567542791366577, 0.754480242729187, 0.7652459144592285, 0.7675246596336365, 0.7629924416542053], "val_loss": [0.6876270174980164, 0.6808998584747314, 0.673412024974823, 0.6679935455322266, 0.6660535335540771, 0.6584495902061462, 0.6512205004692078, 0.7313700318336487, 0.6385340690612793, 0.6343457698822021, 0.6722561717033386, 0.710793673992157, 0.6116194128990173, 0.6150907278060913, 0.6243919730186462, 0.6244863867759705, 0.6208764910697937, 0.6649880409240723, 0.5948922038078308, 0.5869603753089905, 0.6329447031021118, 0.5822415947914124, 0.6167343258857727, 0.5774042010307312, 0.6691362261772156, 0.5995355248451233, 0.6492797136306763, 0.5972940325737, 0.5958236455917358, 0.5775402784347534, 0.6545652151107788, 0.5823533535003662, 0.5807556509971619, 0.6887187361717224, 0.5887124538421631, 0.5894589424133301, 0.5942108035087585, 0.6662209630012512, 0.5683805346488953, 0.5929651856422424], "val_accuracy": [0.6218181848526001, 0.6218181848526001, 0.6218181848526001, 0.6218181848526001, 0.6218181848526001, 0.6690909266471863, 0.6327272653579712, 0.4618181884288788, 0.6363636255264282, 0.6690909266471863, 0.5636363625526428, 0.5309090614318848, 0.6800000071525574, 0.6545454263687134, 0.6327272653579712, 0.6545454263687134, 0.6618182063102722, 0.585454523563385, 0.6872727274894714, 0.7090908885002136, 0.6327272653579712, 0.6981818079948425, 0.6690909266471863, 0.6981818079948425, 0.6545454263687134, 0.6981818079948425, 0.6690909266471863, 0.6981818079948425, 0.6981818079948425, 0.6800000071525574, 0.6763636469841003, 0.6727272868156433, 0.6945454478263855, 0.6800000071525574, 0.6581818461418152, 0.6945454478263855, 0.6763636469841003, 0.6763636469841003, 0.6727272868156433, 0.6836363673210144], "val_benchmark_288": [104.0, 104.0, 104.0, 104.0, 104.0, 91.0, 101.0, 148.0, 100.0, 91.0, 120.0, 129.0, 88.0, 95.0, 101.0, 95.0, 93.0, 114.0, 86.0, 80.0, 101.0, 83.0, 91.0, 83.0, 95.0, 83.0, 91.0, 83.0, 83.0, 88.0, 89.0, 90.0, 84.0, 88.0, 94.0, 84.0, 89.0, 89.0, 90.0, 87.0], "val_TP": [171.0, 171.0, 171.0, 171.0, 171.0, 157.0, 170.0, 28.0, 169.0, 110.0, 64.0, 48.0, 123.0, 111.0, 99.0, 168.0, 168.0, 73.0, 157.0, 160.0, 95.0, 141.0, 166.0, 153.0, 169.0, 161.0, 167.0, 163.0, 161.0, 153.0, 166.0, 124.0, 156.0, 166.0, 119.0, 155.0, 114.0, 166.0, 137.0, 161.0], "val_TN": [0.0, 0.0, 0.0, 0.0, 0.0, 27.0, 4.0, 99.0, 6.0, 74.0, 91.0, 98.0, 64.0, 69.0, 75.0, 12.0, 14.0, 88.0, 32.0, 35.0, 79.0, 51.0, 18.0, 39.0, 11.0, 31.0, 17.0, 29.0, 31.0, 34.0, 20.0, 61.0, 35.0, 21.0, 62.0, 36.0, 72.0, 20.0, 48.0, 27.0],