{"loss": [0.6945182681083679, 0.6958185434341431, 0.6907899379730225, 0.6919413805007935, 0.6907327771186829, 0.6865699291229248, 0.6872633695602417, 0.6820669770240784, 0.6793537139892578, 0.6752879619598389, 0.6756709814071655, 0.6659282445907593, 0.6652554273605347, 0.6590182781219482, 0.6592528820037842, 0.657437801361084, 0.6515814065933228, 0.6507445573806763, 0.6444973945617676, 0.6455317735671997, 0.6395404934883118, 0.637381911277771, 0.6362210512161255, 0.6304163336753845, 0.6291258335113525, 0.6266959309577942, 0.6243212223052979, 0.6207870841026306, 0.6278151869773865, 0.6211037635803223, 0.6194334626197815, 0.6155585646629333, 0.6165449023246765, 0.617983341217041, 0.6163930892944336, 0.6142405271530151, 0.6109103560447693, 0.6052629351615906, 0.6082396507263184, 0.5995965003967285, 0.6016241908073425, 0.6043429374694824, 0.594719648361206, 0.5964445471763611, 0.5931002497673035, 0.6008842587471008, 0.5913600325584412, 0.5919342041015625, 0.5917799472808838, 0.5859755277633667, 0.5902290940284729, 0.5920383334159851, 0.5784475207328796, 0.5838137269020081, 0.5805731415748596, 0.5727507472038269, 0.5729448795318604, 0.5756981372833252, 0.5707613825798035, 0.5672662854194641, 0.5671125650405884], "accuracy": [0.5097628831863403, 0.4972105920314789, 0.5397489666938782, 0.5237098932266235, 0.5202231407165527, 0.5334727764129639, 0.5334727764129639, 0.5655509233474731, 0.5739191174507141, 0.5794979333877563, 0.5662482380867004, 0.60808926820755, 0.5885634422302246, 0.6122733354568481, 0.5955369472503662, 0.5913528800010681, 0.60808926820755, 0.6094839572906494, 0.6234309673309326, 0.616457462310791, 0.6199442148208618, 0.6311017870903015, 0.6227335929870605, 0.6297070980072021, 0.6457461714744568, 0.6485355496406555, 0.6408647298812866, 0.6373779773712158, 0.6359832882881165, 0.6415620446205139, 0.6464434862136841, 0.6555090546607971, 0.6485355496406555, 0.6534169912338257, 0.6436541080474854, 0.6485355496406555, 0.6555090546607971, 0.6589958071708679, 0.6631799340248108, 0.6757321953773499, 0.6694560647010803, 0.6624825596809387, 0.672245442867279, 0.6673640012741089, 0.6868898272514343, 0.6624825596809387, 0.6785216331481934, 0.6736401915550232, 0.6820083856582642, 0.6799163222312927, 0.6820083856582642, 0.6659693121910095, 0.6994421482086182, 0.6806136965751648, 0.6813110113143921, 0.6889818906784058, 0.6889818906784058, 0.6889818906784058, 0.6945606470108032, 0.7140864729881287, 0.6973500847816467], "benchmark_328": [703.0, 721.0, 660.0, 683.0, 688.0, 669.0, 669.0, 623.0, 611.0, 603.0, 622.0, 562.0, 590.0, 556.0, 580.0, 586.0, 562.0, 560.0, 540.0, 550.0, 545.0, 529.0, 541.0, 531.0, 508.0, 504.0, 515.0, 520.0, 522.0, 514.0, 507.0, 494.0, 504.0, 497.0, 511.0, 504.0, 494.0, 489.0, 483.0, 465.0, 474.0, 484.0, 470.0, 477.0, 449.0, 484.0, 461.0, 468.0, 456.0, 459.0, 456.0, 479.0, 431.0, 458.0, 457.0, 446.0, 446.0, 446.0, 438.0, 410.0, 434.0], "TP": [402.0, 325.0, 358.0, 353.0, 354.0, 379.0, 369.0, 398.0, 396.0, 407.0, 375.0, 410.0, 437.0, 427.0, 404.0, 421.0, 426.0, 439.0, 443.0, 440.0, 441.0, 434.0, 437.0, 455.0, 447.0, 463.0, 458.0, 453.0, 449.0, 465.0, 463.0, 466.0, 463.0, 456.0, 445.0, 460.0, 464.0, 466.0, 469.0, 471.0, 478.0, 474.0, 464.0, 462.0, 479.0, 463.0, 483.0, 469.0, 475.0, 469.0, 489.0, 460.0, 490.0, 480.0, 483.0, 495.0, 482.0, 481.0, 486.0, 500.0, 490.0], "TN": [329.0, 388.0, 416.0, 398.0, 392.0, 386.0, 396.0, 413.0, 427.0, 424.0, 437.0, 462.0, 407.0, 451.0, 450.0, 427.0, 446.0, 435.0, 451.0, 444.0, 448.0, 471.0, 456.0, 448.0, 479.0, 467.0, 461.0, 461.0, 463.0, 455.0, 464.0, 474.0, 467.0, 481.0, 478.0, 470.0, 476.0, 479.0, 482.0, 498.0, 482.0, 476.0, 500.0, 495.0, 506.0, 487.0, 490.0, 497.0, 503.0, 506.0, 489.0, 495.0, 513.0, 496.0, 494.0, 493.0, 506.0, 507.0, 510.0, 524.0, 510.0], "FP": [388.0, 329.0, 301.0, 319.0, 325.0, 331.0, 321.0, 304.0, 290.0, 293.0, 280.0, 255.0, 310.0, 266.0, 267.0, 290.0, 271.0, 282.0, 266.0, 273.0, 269.0, 246.0, 261.0, 269.0, 238.0, 250.0, 256.0, 256.0, 254.0, 262.0, 253.0, 243.0, 250.0, 236.0, 239.0, 247.0, 241.0, 238.0, 235.0, 219.0, 235.0, 241.0, 217.0, 222.0, 211.0, 230.0, 227.0, 220.0, 214.0, 211.0, 228.0, 222.0, 204.0, 221.0, 223.0, 224.0, 211.0, 210.0, 207.0, 193.0, 207.0], "FN": [315.0, 392.0, 359.0, 364.0, 363.0, 338.0, 348.0, 319.0, 321.0, 310.0, 342.0, 307.0, 280.0, 290.0, 313.0, 296.0, 291.0, 278.0, 274.0, 277.0, 276.0, 283.0, 280.0, 262.0, 270.0, 254.0, 259.0, 264.0, 268.0, 252.0, 254.0, 251.0, 254.0, 261.0, 272.0, 257.0, 253.0, 251.0, 248.0, 246.0, 239.0, 243.0, 253.0, 255.0, 238.0, 254.0, 234.0, 248.0, 242.0, 248.0, 228.0, 257.0, 227.0, 237.0, 234.0, 222.0, 235.0, 236.0, 231.0, 217.0, 227.0], "Precision": [0.5088607668876648, 0.4969418942928314, 0.5432473421096802, 0.5252976417541504, 0.5213549137115479, 0.5338028073310852, 0.5347825884819031, 0.56695157289505, 0.5772594809532166, 0.581428587436676, 0.572519063949585, 0.61654132604599, 0.5850067138671875, 0.6161616444587708, 0.6020864248275757, 0.5921237468719482, 0.6111907958984375, 0.6088765859603882, 0.6248236894607544, 0.6171107888221741, 0.6211267709732056, 0.6382352709770203, 0.626074492931366, 0.6284530162811279, 0.6525547504425049, 0.6493688821792603, 0.6414566040039062, 0.6389280557632446, 0.6386913061141968, 0.6396148800849915, 0.6466480493545532, 0.6572637557983398, 0.6493688821792603, 0.6589595079421997, 0.6505848169326782, 0.6506364941596985, 0.6581560373306274, 0.6619318127632141, 0.6661931872367859, 0.6826087236404419, 0.6704067587852478, 0.6629370450973511, 0.6813509464263916, 0.6754385828971863, 0.6942028999328613, 0.668109655380249, 0.6802816987037659, 0.6806966662406921, 0.6894049644470215, 0.6897059082984924, 0.6820083856582642, 0.6744868159294128, 0.7060518860816956, 0.6847360730171204, 0.6841359734535217, 0.6884561777114868, 0.6955267190933228, 0.6960926055908203, 0.701298713684082, 0.7215006947517395, 0.7030128836631775], "Recall": [0.560669481754303, 0.4532775580883026, 0.4993026554584503, 0.4923291504383087, 0.4937238395214081, 0.5285913348197937, 0.5146443247795105, 0.5550906658172607, 0.5523012280464172, 0.5676429271697998, 0.5230125784873962, 0.5718270540237427, 0.6094839572906494, 0.5955369472503662, 0.5634588599205017, 0.5871687531471252, 0.5941422581672668, 0.6122733354568481, 0.6178521513938904, 0.6136680841445923, 0.6150627732276917, 0.6052998900413513, 0.6094839572906494, 0.6345885396003723, 0.6234309673309326, 0.6457461714744568, 0.6387726664543152, 0.6317991614341736, 0.6262203454971313, 0.6485355496406555, 0.6457461714744568, 0.6499302387237549, 0.6457461714744568, 0.6359832882881165, 0.6206415891647339, 0.6415620446205139, 0.6471408605575562, 0.6499302387237549, 0.6541143655776978, 0.6569037437438965, 0.6666666865348816, 0.6610878705978394, 0.6471408605575562, 0.6443514823913574, 0.668061375617981, 0.6457461714744568, 0.6736401915550232, 0.6541143655776978, 0.6624825596809387, 0.6541143655776978, 0.6820083856582642, 0.6415620446205139, 0.6834030747413635, 0.6694560647010803, 0.6736401915550232, 0.6903765797615051, 0.672245442867279, 0.6708507537841797, 0.6778242588043213, 0.6973500847816467, 0.6834030747413635],