{"loss": [0.6909370422363281, 0.6895654797554016, 0.6890251040458679, 0.6871315240859985, 0.6892529129981995, 0.6859472393989563, 0.6883207559585571, 0.6873010396957397, 0.6862635612487793, 0.6894850134849548, 0.6872438788414001, 0.6872721314430237, 0.6880573034286499, 0.6878763437271118, 0.68851637840271, 0.6871631741523743, 0.6869624257087708, 0.6885474920272827, 0.688407301902771, 0.6873689889907837, 0.6876193284988403, 0.6880602836608887, 0.6884878277778625, 0.6892675161361694, 0.687161922454834, 0.6886793971061707, 0.688981831073761], "accuracy": [0.5320780873298645, 0.5209205150604248, 0.5369595289230347, 0.5439330339431763, 0.5223152041435242, 0.5383542776107788, 0.5327754616737366, 0.5369595289230347, 0.5495118498802185, 0.5188284516334534, 0.5439330339431763, 0.5278940200805664, 0.5334727764129639, 0.5271966457366943, 0.5306833982467651, 0.5411436557769775, 0.5460250973701477, 0.5244072675704956, 0.5230125784873962, 0.5285913348197937, 0.534867525100708, 0.5362622141838074, 0.5223152041435242, 0.5299860239028931, 0.5453277826309204, 0.5362622141838074, 0.5397489666938782], "benchmark_109": [671.0, 687.0, 664.0, 654.0, 685.0, 662.0, 670.0, 664.0, 646.0, 690.0, 654.0, 677.0, 669.0, 678.0, 673.0, 658.0, 651.0, 682.0, 684.0, 676.0, 667.0, 665.0, 685.0, 674.0, 652.0, 665.0, 660.0], "TP": [345.0, 348.0, 366.0, 351.0, 340.0, 356.0, 353.0, 354.0, 367.0, 343.0, 367.0, 355.0, 353.0, 351.0, 353.0, 364.0, 357.0, 353.0, 345.0, 349.0, 351.0, 358.0, 345.0, 359.0, 362.0, 353.0, 359.0], "TN": [418.0, 399.0, 404.0, 429.0, 409.0, 416.0, 411.0, 416.0, 421.0, 401.0, 413.0, 402.0, 412.0, 405.0, 408.0, 412.0, 426.0, 399.0, 405.0, 409.0, 416.0, 411.0, 404.0, 401.0, 420.0, 416.0, 415.0], "FP": [299.0, 318.0, 313.0, 288.0, 308.0, 301.0, 306.0, 301.0, 296.0, 316.0, 304.0, 315.0, 305.0, 312.0, 309.0, 305.0, 291.0, 318.0, 312.0, 308.0, 301.0, 306.0, 313.0, 316.0, 297.0, 301.0, 302.0], "FN": [372.0, 369.0, 351.0, 366.0, 377.0, 361.0, 364.0, 363.0, 350.0, 374.0, 350.0, 362.0, 364.0, 366.0, 364.0, 353.0, 360.0, 364.0, 372.0, 368.0, 366.0, 359.0, 372.0, 358.0, 355.0, 364.0, 358.0], "Precision": [0.5357142686843872, 0.522522509098053, 0.539027988910675, 0.5492957830429077, 0.5246913433074951, 0.5418569445610046, 0.5356600880622864, 0.5404580235481262, 0.5535445213317871, 0.5204855799674988, 0.5469448566436768, 0.5298507213592529, 0.5364741683006287, 0.529411792755127, 0.5332326292991638, 0.5440956354141235, 0.5509259104728699, 0.5260804891586304, 0.5251141786575317, 0.5312024354934692, 0.5383435487747192, 0.5391566157341003, 0.524316132068634, 0.5318518280982971, 0.5493171215057373, 0.5397553443908691, 0.5431165099143982], "Recall": [0.48117154836654663, 0.4853556454181671, 0.5104602575302124, 0.4895397424697876, 0.47419804334640503, 0.4965132474899292, 0.4923291504383087, 0.4937238395214081, 0.5118549466133118, 0.4783821403980255, 0.5118549466133118, 0.49511855840682983, 0.4923291504383087, 0.4895397424697876, 0.4923291504383087, 0.5076708793640137, 0.49790793657302856, 0.4923291504383087, 0.48117154836654663, 0.4867503345012665, 0.4895397424697876, 0.4993026554584503, 0.48117154836654663, 0.5006973743438721, 0.5048814415931702, 0.4923291504383087, 0.5006973743438721], "AUC": [0.5412632822990417, 0.542495608329773, 0.5425597429275513, 0.5553824305534363, 0.5394027233123779, 0.5595917701721191, 0.54509437084198, 0.5485392808914185, 0.5577107667922974, 0.5356689095497131, 0.5507324934005737, 0.5497141480445862, 0.5442987084388733, 0.5478671789169312, 0.5398666262626648, 0.5503531694412231, 0.5553707480430603, 0.5463246703147888, 0.542228102684021, 0.5521300435066223, 0.5477368831634521, 0.544217050075531, 0.540224552154541, 0.5413673520088196, 0.5516428351402283, 0.5420870780944824, 0.5434574484825134], "val_loss": [0.6970704793930054, 0.694515585899353, 0.692359447479248, 0.6894927620887756, 0.6877577900886536, 0.6888782978057861, 0.6844562292098999, 0.6869960427284241, 0.6860776543617249, 0.6819151639938354, 0.6834651827812195, 0.6840835213661194, 0.6816809773445129, 0.6819690465927124, 0.6822049617767334, 0.6838594079017639, 0.6846352815628052, 0.6820749640464783, 0.6831005215644836, 0.6835724711418152, 0.6828411221504211, 0.6837751269340515, 0.6825688481330872, 0.6821362972259521, 0.6839280724525452, 0.6827816367149353, 0.6821210384368896], "val_accuracy": [0.389090895652771, 0.46909090876579285, 0.49454545974731445, 0.5163636207580566, 0.5163636207580566, 0.5163636207580566, 0.5272727012634277, 0.5236363410949707, 0.5236363410949707, 0.5090909004211426, 0.5199999809265137, 0.5272727012634277, 0.5090909004211426, 0.5127272605895996, 0.5163636207580566, 0.5199999809265137, 0.5272727012634277, 0.5163636207580566, 0.5163636207580566, 0.5199999809265137, 0.5163636207580566, 0.5199999809265137, 0.5199999809265137, 0.5127272605895996, 0.5199999809265137, 0.5163636207580566, 0.5127272605895996], "val_benchmark_109": [168.0, 146.0, 139.0, 133.0, 133.0, 133.0, 130.0, 131.0, 131.0, 135.0, 132.0, 130.0, 135.0, 134.0, 133.0, 132.0, 130.0, 133.0, 133.0, 132.0, 133.0, 132.0, 132.0, 134.0, 132.0, 133.0, 134.0], "val_TP": [3.0, 36.0, 53.0, 66.0, 70.0, 67.0, 79.0, 74.0, 75.0, 81.0, 80.0, 79.0, 82.0, 81.0, 81.0, 80.0, 78.0, 81.0, 80.0, 80.0, 80.0, 80.0, 81.0, 81.0, 80.0, 80.0, 81.0], "val_TN": [104.0, 93.0, 83.0, 76.0, 72.0, 75.0, 66.0, 70.0, 69.0, 59.0, 63.0, 66.0, 58.0, 60.0, 61.0, 63.0, 67.0, 61.0, 62.0, 63.0, 62.0, 63.0, 62.0, 60.0, 63.0, 62.0, 60.0], "val_FP": [0.0, 11.0, 21.0, 28.0, 32.0, 29.0, 38.0, 34.0, 35.0, 45.0, 41.0, 38.0, 46.0, 44.0, 43.0, 41.0, 37.0, 43.0, 42.0, 41.0, 42.0, 41.0, 42.0, 44.0, 41.0, 42.0, 44.0], "val_FN": [168.0, 135.0, 118.0, 105.0, 101.0, 104.0, 92.0, 97.0, 96.0, 90.0, 91.0, 92.0, 89.0, 90.0, 90.0, 91.0, 93.0, 90.0, 91.0, 91.0, 91.0, 91.0, 90.0, 90.0, 91.0, 91.0, 90.0], "val_Precision": [1.0, 0.7659574747085571, 0.7162162065505981, 0.7021276354789734, 0.686274528503418, 0.6979166865348816, 0.6752136945724487, 0.6851851940155029, 0.6818181872367859, 0.6428571343421936, 0.6611570119857788, 0.6752136945724487, 0.640625, 0.6480000019073486, 0.6532257795333862, 0.6611570119857788, 0.678260862827301, 0.6532257795333862, 0.6557376980781555, 0.6611570119857788, 0.6557376980781555, 0.6611570119857788, 0.6585366129875183, 0.6480000019073486, 0.6611570119857788, 0.6557376980781555, 0.6480000019073486], "val_Recall": [0.017543859779834747, 0.21052631735801697, 0.30994153022766113, 0.38596490025520325, 0.4093567132949829, 0.39181286096572876, 0.46198830008506775, 0.4327485263347626, 0.4385964870452881, 0.4736842215061188, 0.46783626079559326, 0.46198830008506775, 0.4795321524143219, 0.4736842215061188, 0.4736842215061188, 0.46783626079559326, 0.45614033937454224, 0.4736842215061188, 0.46783626079559326, 0.46783626079559326, 0.46783626079559326, 0.46783626079559326, 0.4736842215061188, 0.4736842215061188, 0.46783626079559326, 0.46783626079559326, 0.4736842215061188], "val_AUC": [0.5721434950828552, 0.5602226257324219, 0.5684884786605835, 0.565761387348175, 0.5671671032905579, 0.5664642453193665, 0.5663517713546753, 0.5657051205635071, 0.5682917237281799, 0.5664642453193665, 0.5676732063293457, 0.5657613277435303, 0.5665767192840576, 0.5664361119270325, 0.5667734742164612, 0.5663517713546753, 0.5680668354034424, 0.5668016672134399, 0.5687696933746338, 0.5675045251846313, 0.5680386424064636, 0.5669422149658203, 0.5702597498893738, 0.5650022029876709, 0.5664080381393433, 0.5705971717834473, 0.5662112236022949]}