{"loss": [0.6917820572853088, 0.6862249970436096, 0.6834771633148193, 0.6799901723861694, 0.6775615811347961, 0.6752610206604004, 0.6726289987564087, 0.6673446297645569, 0.6628098487854004, 0.6611229181289673, 0.6562612652778625, 0.654901921749115, 0.6493520736694336, 0.6455985903739929, 0.6391348838806152, 0.6366179585456848, 0.6369026899337769, 0.6329827308654785, 0.6338548064231873, 0.6287102699279785, 0.6265828609466553, 0.6257069706916809, 0.6227658987045288, 0.6155731081962585, 0.6198487281799316, 0.6174319982528687, 0.6219534873962402, 0.6143928170204163, 0.6134759783744812, 0.6105091571807861, 0.6060290336608887, 0.6061161160469055, 0.6041225790977478, 0.608062744140625, 0.6015292406082153, 0.5955291390419006], "accuracy": [0.5132496356964111, 0.5502092242240906, 0.5523012280464172, 0.5495118498802185, 0.5564853549003601, 0.5536959767341614, 0.5516039133071899, 0.5774058699607849, 0.5920501947402954, 0.5836820006370544, 0.5948396325111389, 0.5962343215942383, 0.6129707098007202, 0.6032078266143799, 0.6199442148208618, 0.6283124089241028, 0.6206415891647339, 0.6290097832679749, 0.624825656414032, 0.633891224861145, 0.6450487971305847, 0.6241283416748047, 0.6527196764945984, 0.6373779773712158, 0.6534169912338257, 0.6478382349014282, 0.6499302387237549, 0.6408647298812866, 0.642259418964386, 0.6555090546607971, 0.6729428172111511, 0.6589958071708679, 0.6541143655776978, 0.6548117399215698, 0.6652719378471375, 0.672245442867279], "benchmark_160": [698.0, 645.0, 642.0, 646.0, 636.0, 640.0, 643.0, 606.0, 585.0, 597.0, 581.0, 579.0, 555.0, 569.0, 545.0, 533.0, 544.0, 532.0, 538.0, 525.0, 509.0, 539.0, 498.0, 520.0, 497.0, 505.0, 502.0, 515.0, 513.0, 494.0, 469.0, 489.0, 496.0, 495.0, 480.0, 470.0], "TP": [329.0, 326.0, 328.0, 331.0, 332.0, 323.0, 325.0, 339.0, 364.0, 357.0, 377.0, 373.0, 385.0, 385.0, 410.0, 406.0, 404.0, 417.0, 423.0, 421.0, 431.0, 430.0, 443.0, 438.0, 448.0, 453.0, 459.0, 452.0, 445.0, 457.0, 467.0, 459.0, 453.0, 464.0, 463.0, 475.0], "TN": [407.0, 463.0, 464.0, 457.0, 466.0, 471.0, 466.0, 489.0, 485.0, 480.0, 476.0, 482.0, 494.0, 480.0, 479.0, 495.0, 486.0, 485.0, 473.0, 488.0, 494.0, 465.0, 493.0, 476.0, 489.0, 476.0, 473.0, 467.0, 476.0, 483.0, 498.0, 486.0, 485.0, 475.0, 491.0, 489.0], "FP": [310.0, 254.0, 253.0, 260.0, 251.0, 246.0, 251.0, 228.0, 232.0, 237.0, 241.0, 235.0, 223.0, 237.0, 238.0, 222.0, 231.0, 232.0, 244.0, 229.0, 223.0, 252.0, 224.0, 241.0, 228.0, 241.0, 244.0, 250.0, 241.0, 234.0, 219.0, 231.0, 232.0, 242.0, 226.0, 228.0], "FN": [388.0, 391.0, 389.0, 386.0, 385.0, 394.0, 392.0, 378.0, 353.0, 360.0, 340.0, 344.0, 332.0, 332.0, 307.0, 311.0, 313.0, 300.0, 294.0, 296.0, 286.0, 287.0, 274.0, 279.0, 269.0, 264.0, 258.0, 265.0, 272.0, 260.0, 250.0, 258.0, 264.0, 253.0, 254.0, 242.0], "Precision": [0.5148670077323914, 0.5620689392089844, 0.5645439028739929, 0.5600676536560059, 0.5694682598114014, 0.5676625370979309, 0.5642361044883728, 0.5978835821151733, 0.6107382774353027, 0.6010100841522217, 0.6100323796272278, 0.6134868264198303, 0.6332237124443054, 0.618971049785614, 0.6327160596847534, 0.6464968323707581, 0.6362204551696777, 0.6425269842147827, 0.6341829299926758, 0.6476923227310181, 0.6590213775634766, 0.6304985284805298, 0.6641679406166077, 0.6450662612915039, 0.6627218723297119, 0.6527377367019653, 0.6529160737991333, 0.6438746452331543, 0.648688018321991, 0.6613603234291077, 0.680757999420166, 0.665217399597168, 0.6613138914108276, 0.6572238206863403, 0.6719883680343628, 0.6756756901741028], "Recall": [0.45885634422302246, 0.454672247171402, 0.4574616551399231, 0.4616457521915436, 0.46304044127464294, 0.4504881501197815, 0.4532775580883026, 0.47280335426330566, 0.5076708793640137, 0.49790793657302856, 0.525801956653595, 0.5202231407165527, 0.5369595289230347, 0.5369595289230347, 0.5718270540237427, 0.5662482380867004, 0.5634588599205017, 0.581589937210083, 0.589958131313324, 0.5871687531471252, 0.6011157631874084, 0.5997210741043091, 0.6178521513938904, 0.6108786463737488, 0.624825656414032, 0.6317991614341736, 0.6401673555374146, 0.6304044723510742, 0.6206415891647339, 0.6373779773712158, 0.651324987411499, 0.6401673555374146, 0.6317991614341736, 0.6471408605575562, 0.6457461714744568, 0.6624825596809387], "AUC": [0.5283676385879517, 0.5576845407485962, 0.5633246302604675, 0.5727140307426453, 0.5818671584129333, 0.5851156115531921, 0.5931122899055481, 0.6086893081665039, 0.6308752298355103, 0.635604977607727, 0.6451314687728882, 0.6516537070274353, 0.6624874472618103, 0.6628949642181396, 0.6794144511222839, 0.6905769109725952, 0.6779964566230774, 0.6925231218338013, 0.6856185793876648, 0.6948223114013672, 0.6992262005805969, 0.698948085308075, 0.703881025314331, 0.7172182202339172, 0.7076167464256287, 0.7084453701972961, 0.7085738182067871, 0.713634192943573, 0.7169565558433533, 0.7216629981994629, 0.7284983992576599, 0.7267535328865051, 0.7281316518783569, 0.7239904403686523, 0.7336997389793396, 0.7423850297927856], "val_loss": [0.6947546005249023, 0.6979933977127075, 0.70615154504776, 0.7195451855659485, 0.7437729835510254, 0.7622970342636108, 0.7843471765518188, 0.8172829151153564, 0.8016111850738525, 0.7931718230247498, 0.7073454260826111, 0.6343846321105957, 0.7004021406173706, 0.7610865235328674, 1.1261661052703857, 0.6197595000267029, 0.7192505598068237, 0.8622817993164062, 0.6814290285110474, 0.6779422163963318, 0.6086400747299194, 0.6027839779853821, 0.6085933446884155, 0.6305911540985107, 0.6294286847114563, 0.8340511918067932, 1.2089954614639282, 0.6287015676498413, 0.6047624945640564, 0.703034520149231, 0.6353158950805664, 0.6015317440032959, 0.650463879108429, 0.6238216161727905, 0.678045928478241, 0.7188681364059448], "val_accuracy": [0.3781818151473999, 0.3781818151473999, 0.3781818151473999, 0.3781818151473999, 0.3781818151473999, 0.38181817531585693, 0.3927272856235504, 0.4036363661289215, 0.4363636374473572, 0.4509090781211853, 0.4727272689342499, 0.6545454263687134, 0.5345454812049866, 0.49454545974731445, 0.6218181848526001, 0.6254545450210571, 0.5199999809265137, 0.41818180680274963, 0.5672727227210999, 0.5672727227210999, 0.6509090662002563, 0.6545454263687134, 0.6327272653579712, 0.6399999856948853, 0.6290909051895142, 0.48363634943962097, 0.6254545450210571, 0.6399999856948853, 0.6399999856948853, 0.6218181848526001, 0.6290909051895142, 0.6654545664787292, 0.6218181848526001, 0.6218181848526001, 0.6472727060317993, 0.5454545617103577], "val_benchmark_160": [171.0, 171.0, 171.0, 171.0, 171.0, 170.0, 167.0, 164.0, 155.0, 151.0, 145.0, 95.0, 128.0, 139.0, 104.0, 103.0, 132.0, 160.0, 119.0, 119.0, 96.0, 95.0, 101.0, 99.0, 102.0, 142.0, 103.0, 99.0, 99.0, 104.0, 102.0, 92.0, 104.0, 104.0, 97.0, 125.0], "val_TP": [0.0, 0.0, 0.0, 0.0, 0.0, 1.0, 4.0, 7.0, 17.0, 22.0, 30.0, 115.0, 61.0, 41.0, 171.0, 171.0, 44.0, 11.0, 62.0, 59.0, 170.0, 150.0, 136.0, 171.0, 167.0, 33.0, 171.0, 140.0, 163.0, 171.0, 169.0, 118.0, 168.0, 93.0, 171.0, 64.0], "val_TN": [104.0, 104.0, 104.0, 104.0, 104.0, 104.0, 104.0, 104.0, 103.0, 102.0, 100.0, 65.0, 86.0, 95.0, 0.0, 1.0, 99.0, 104.0, 94.0, 97.0, 9.0, 30.0, 38.0, 5.0, 6.0, 100.0, 1.0, 36.0, 13.0, 0.0, 4.0, 65.0, 3.0, 78.0, 7.0, 86.0], "val_FP": [0.0, 0.0, 0.0, 0.0, 0.0, 0.0, 0.0, 0.0, 1.0, 2.0, 4.0, 39.0, 18.0, 9.0, 104.0, 103.0, 5.0, 0.0, 10.0, 7.0, 95.0, 74.0, 66.0, 99.0, 98.0, 4.0, 103.0, 68.0, 91.0, 104.0, 100.0, 39.0, 101.0, 26.0, 97.0, 18.0], "val_FN": [171.0, 171.0, 171.0, 171.0, 171.0, 170.0, 167.0, 164.0, 154.0, 149.0, 141.0, 56.0, 110.0, 130.0, 0.0, 0.0, 127.0, 160.0, 109.0, 112.0, 1.0, 21.0, 35.0, 0.0, 4.0, 138.0, 0.0, 31.0, 8.0, 0.0, 2.0, 53.0, 3.0, 78.0, 0.0, 107.0],