{"loss": [0.08648765087127686, 0.08611679822206497, 0.0860099121928215, 0.08605954051017761, 0.0852436050772667, 0.08519328385591507, 0.0844254121184349, 0.0838254988193512, 0.08350477367639542, 0.08309824019670486, 0.08215273171663284, 0.081527940928936, 0.08093024045228958, 0.08052194863557816, 0.08000633865594864, 0.0794968530535698, 0.0782315582036972, 0.07884710282087326, 0.07785118371248245, 0.07763388007879257, 0.07677088677883148, 0.07571087032556534, 0.0771554633975029, 0.07542868703603745, 0.07696463912725449, 0.0754021555185318, 0.07403288036584854, 0.07606879621744156, 0.07451477646827698, 0.07455431669950485, 0.0738605186343193, 0.07356132566928864, 0.07402167469263077, 0.07370490580797195, 0.07273668050765991, 0.07306274026632309, 0.0717732384800911, 0.0722866952419281, 0.07198275625705719, 0.0728648379445076, 0.07153845578432083, 0.07121683657169342, 0.07120171189308167, 0.07121822237968445, 0.07169286906719208, 0.07115015387535095, 0.07006409764289856, 0.06925135850906372, 0.0698830708861351, 0.0703413337469101, 0.07016541063785553, 0.0691654160618782, 0.06833521276712418, 0.06878377497196198, 0.06937173753976822, 0.06811758875846863, 0.06958196312189102, 0.06882742047309875, 0.06758606433868408, 0.06668151915073395, 0.06795430183410645, 0.06588950753211975, 0.06663917005062103, 0.06767109036445618, 0.066827692091465, 0.06590070575475693, 0.06590454280376434, 0.06563442200422287, 0.06448296457529068, 0.0640675276517868, 0.06549835205078125], "accuracy": [0.5188284516334534, 0.5285913348197937, 0.5383542776107788, 0.5383542776107788, 0.555787980556488, 0.5446304082870483, 0.5843793749809265, 0.5927475690841675, 0.6032078266143799, 0.6046025156974792, 0.6324965357780457, 0.6178521513938904, 0.6317991614341736, 0.6471408605575562, 0.6429567933082581, 0.6464434862136841, 0.6673640012741089, 0.6520223021507263, 0.6499302387237549, 0.668061375617981, 0.6708507537841797, 0.677126944065094, 0.6631799340248108, 0.6924686431884766, 0.668061375617981, 0.6917712688446045, 0.685495138168335, 0.6743375062942505, 0.6785216331481934, 0.6875871419906616, 0.7001394629478455, 0.6945606470108032, 0.6875871419906616, 0.7022315263748169, 0.6938633322715759, 0.7043235898017883, 0.706415593624115, 0.7092050313949585, 0.7022315263748169, 0.7057182788848877, 0.723849356174469, 0.7168758511543274, 0.7175732254981995, 0.7168758511543274, 0.7147838473320007, 0.7105997204780579, 0.715481162071228, 0.7224546670913696, 0.7105997204780579, 0.7092050313949585, 0.732914924621582, 0.7252440452575684, 0.7419804930686951, 0.7210599780082703, 0.7259414196014404, 0.7336122989654541, 0.7308228611946106, 0.7259414196014404, 0.7259414196014404, 0.7524407505989075, 0.7315202355384827, 0.7510460019111633, 0.7343096137046814, 0.7308228611946106, 0.7308228611946106, 0.73221755027771, 0.749651312828064, 0.7377963662147522, 0.7426778078079224, 0.7566248178482056, 0.7517433762550354], "benchmark_1823": [690.0, 676.0, 662.0, 662.0, 637.0, 653.0, 596.0, 584.0, 569.0, 567.0, 527.0, 548.0, 528.0, 506.0, 512.0, 507.0, 477.0, 499.0, 502.0, 476.0, 472.0, 463.0, 483.0, 441.0, 476.0, 442.0, 451.0, 467.0, 461.0, 448.0, 430.0, 438.0, 448.0, 427.0, 439.0, 424.0, 421.0, 417.0, 427.0, 422.0, 396.0, 406.0, 405.0, 406.0, 409.0, 415.0, 408.0, 398.0, 415.0, 417.0, 383.0, 394.0, 370.0, 400.0, 393.0, 382.0, 386.0, 393.0, 393.0, 355.0, 385.0, 357.0, 381.0, 386.0, 386.0, 384.0, 359.0, 376.0, 369.0, 349.0, 356.0], "TP": [368.0, 434.0, 456.0, 440.0, 415.0, 426.0, 462.0, 451.0, 462.0, 467.0, 480.0, 455.0, 455.0, 478.0, 478.0, 455.0, 488.0, 459.0, 481.0, 483.0, 488.0, 487.0, 473.0, 508.0, 468.0, 491.0, 492.0, 485.0, 489.0, 492.0, 497.0, 507.0, 506.0, 507.0, 492.0, 509.0, 500.0, 511.0, 508.0, 502.0, 525.0, 525.0, 514.0, 520.0, 516.0, 501.0, 507.0, 521.0, 511.0, 510.0, 526.0, 511.0, 532.0, 520.0, 526.0, 523.0, 525.0, 517.0, 521.0, 547.0, 524.0, 546.0, 520.0, 537.0, 516.0, 524.0, 540.0, 525.0, 535.0, 538.0, 546.0], "TN": [376.0, 324.0, 316.0, 332.0, 382.0, 355.0, 376.0, 399.0, 403.0, 400.0, 427.0, 431.0, 451.0, 450.0, 444.0, 472.0, 469.0, 476.0, 451.0, 475.0, 474.0, 484.0, 478.0, 485.0, 490.0, 501.0, 491.0, 482.0, 484.0, 494.0, 507.0, 489.0, 480.0, 500.0, 503.0, 501.0, 513.0, 506.0, 499.0, 510.0, 513.0, 503.0, 515.0, 508.0, 509.0, 518.0, 519.0, 515.0, 508.0, 507.0, 525.0, 529.0, 532.0, 514.0, 515.0, 529.0, 523.0, 524.0, 520.0, 532.0, 525.0, 531.0, 533.0, 511.0, 532.0, 526.0, 535.0, 533.0, 530.0, 547.0, 532.0], "FP": [341.0, 393.0, 401.0, 385.0, 335.0, 362.0, 341.0, 318.0, 314.0, 317.0, 290.0, 286.0, 266.0, 267.0, 273.0, 245.0, 248.0, 241.0, 266.0, 242.0, 243.0, 233.0, 239.0, 232.0, 227.0, 216.0, 226.0, 235.0, 233.0, 223.0, 210.0, 228.0, 237.0, 217.0, 214.0, 216.0, 204.0, 211.0, 218.0, 207.0, 204.0, 214.0, 202.0, 209.0, 208.0, 199.0, 198.0, 202.0, 209.0, 210.0, 192.0, 188.0, 185.0, 203.0, 202.0, 188.0, 194.0, 193.0, 197.0, 185.0, 192.0, 186.0, 184.0, 206.0, 185.0, 191.0, 182.0, 184.0, 187.0, 170.0, 185.0], "FN": [349.0, 283.0, 261.0, 277.0, 302.0, 291.0, 255.0, 266.0, 255.0, 250.0, 237.0, 262.0, 262.0, 239.0, 239.0, 262.0, 229.0, 258.0, 236.0, 234.0, 229.0, 230.0, 244.0, 209.0, 249.0, 226.0, 225.0, 232.0, 228.0, 225.0, 220.0, 210.0, 211.0, 210.0, 225.0, 208.0, 217.0, 206.0, 209.0, 215.0, 192.0, 192.0, 203.0, 197.0, 201.0, 216.0, 210.0, 196.0, 206.0, 207.0, 191.0, 206.0, 185.0, 197.0, 191.0, 194.0, 192.0, 200.0, 196.0, 170.0, 193.0, 171.0, 197.0, 180.0, 201.0, 193.0, 177.0, 192.0, 182.0, 179.0, 171.0], "Precision": [0.5190408825874329, 0.5247883796691895, 0.5320886969566345, 0.5333333611488342, 0.5533333420753479, 0.5406091213226318, 0.5753424763679504, 0.5864759683609009, 0.5953608155250549, 0.5956632494926453, 0.6233766078948975, 0.6140350699424744, 0.6310679316520691, 0.6416107416152954, 0.636484682559967, 0.6499999761581421, 0.6630434989929199, 0.6557142734527588, 0.6439089775085449, 0.6662068963050842, 0.6675786375999451, 0.6763888597488403, 0.6643258333206177, 0.6864864826202393, 0.6733812689781189, 0.694483757019043, 0.6852367520332336, 0.6736111044883728, 0.6772853136062622, 0.6881119012832642, 0.7029703259468079, 0.6897959113121033, 0.6810228824615479, 0.700276255607605, 0.6968838572502136, 0.7020689845085144, 0.7102272510528564, 0.7077562212944031, 0.6997244954109192, 0.7080394625663757, 0.7201645970344543, 0.7104194760322571, 0.7178770899772644, 0.7133058905601501, 0.7127071619033813, 0.7157142758369446, 0.7191489338874817, 0.7206085920333862, 0.7097222208976746, 0.7083333134651184, 0.7325905561447144, 0.731044352054596, 0.7419804930686951, 0.7192254662513733, 0.7225274443626404, 0.7355836629867554, 0.7301807999610901, 0.7281690239906311, 0.7256267666816711, 0.7472677826881409, 0.7318435907363892, 0.7459016442298889, 0.7386363744735718, 0.7227455973625183, 0.7360913157463074, 0.7328671216964722, 0.747922420501709, 0.7404795289039612, 0.7409972548484802, 0.7598869800567627, 0.7469220161437988],