{"loss": [0.760177731513977, 0.7616636753082275, 0.7649065256118774, 0.7515174746513367, 0.7659305930137634, 0.7442437410354614, 0.7579385638237, 0.7546156048774719, 0.7631571888923645, 0.7470414638519287, 0.7537394165992737, 0.7372158169746399, 0.7465912103652954, 0.7384945154190063, 0.7451807856559753, 0.7417360544204712, 0.7336095571517944, 0.7294687628746033, 0.7486202120780945, 0.7476288080215454, 0.747739851474762, 0.7284055352210999, 0.7309949994087219, 0.7361404895782471, 0.7288533449172974, 0.726169228553772, 0.7104160785675049, 0.7300069332122803, 0.718317449092865, 0.7074353694915771, 0.7092207074165344, 0.7163256406784058, 0.7113897204399109, 0.6978003978729248, 0.6997557878494263, 0.7113224864006042, 0.6917136311531067, 0.6937825083732605, 0.6974602341651917, 0.6837794780731201, 0.6950904726982117, 0.6855295300483704, 0.6704654693603516, 0.6616207361221313, 0.6648903489112854, 0.669555127620697, 0.6685957908630371, 0.6496317982673645, 0.6467238664627075, 0.6513501405715942, 0.6599929928779602, 0.6418898701667786, 0.6342901587486267, 0.6252260804176331, 0.633350670337677, 0.617982804775238, 0.6300182342529297, 0.626472532749176, 0.6223709583282471, 0.6145213842391968, 0.6020087599754333, 0.6021493077278137, 0.5966925621032715], "accuracy": [0.5048814415931702, 0.5, 0.5020920634269714, 0.508368194103241, 0.4993026554584503, 0.5146443247795105, 0.49511855840682983, 0.4888423979282379, 0.48744770884513855, 0.49511855840682983, 0.49860531091690063, 0.5195258259773254, 0.5118549466133118, 0.5223152041435242, 0.5006973743438721, 0.5027893781661987, 0.517433762550354, 0.5341701507568359, 0.5069735050201416, 0.49442121386528015, 0.5097628831863403, 0.525801956653595, 0.5244072675704956, 0.5076708793640137, 0.5278940200805664, 0.525801956653595, 0.5641562342643738, 0.5104602575302124, 0.5369595289230347, 0.5453277826309204, 0.5474197864532471, 0.543235719203949, 0.5334727764129639, 0.5523012280464172, 0.5655509233474731, 0.5543932914733887, 0.560669481754303, 0.5760111808776855, 0.5676429271697998, 0.5788005590438843, 0.5536959767341614, 0.5627614855766296, 0.5753138065338135, 0.6059972047805786, 0.5969316363334656, 0.5941422581672668, 0.5997210741043091, 0.6199442148208618, 0.6345885396003723, 0.607391893863678, 0.616457462310791, 0.6373779773712158, 0.633193850517273, 0.6471408605575562, 0.6311017870903015, 0.6589958071708679, 0.633193850517273, 0.6436541080474854, 0.6659693121910095, 0.650627613067627, 0.6820083856582642, 0.6708507537841797, 0.6750348806381226], "benchmark_923": [710.0, 717.0, 714.0, 705.0, 718.0, 696.0, 724.0, 733.0, 735.0, 724.0, 719.0, 689.0, 700.0, 685.0, 716.0, 713.0, 692.0, 668.0, 707.0, 725.0, 703.0, 680.0, 682.0, 706.0, 677.0, 680.0, 625.0, 702.0, 664.0, 652.0, 649.0, 655.0, 669.0, 642.0, 623.0, 639.0, 630.0, 608.0, 620.0, 604.0, 640.0, 627.0, 609.0, 565.0, 578.0, 582.0, 574.0, 545.0, 524.0, 563.0, 550.0, 520.0, 526.0, 506.0, 529.0, 489.0, 526.0, 511.0, 479.0, 501.0, 456.0, 472.0, 466.0], "TP": [378.0, 362.0, 355.0, 364.0, 367.0, 365.0, 365.0, 345.0, 345.0, 354.0, 364.0, 359.0, 378.0, 361.0, 344.0, 370.0, 371.0, 391.0, 367.0, 361.0, 373.0, 384.0, 357.0, 373.0, 367.0, 369.0, 409.0, 362.0, 385.0, 401.0, 398.0, 384.0, 381.0, 399.0, 414.0, 389.0, 393.0, 416.0, 400.0, 421.0, 394.0, 394.0, 419.0, 439.0, 417.0, 420.0, 419.0, 457.0, 462.0, 422.0, 449.0, 457.0, 448.0, 478.0, 450.0, 461.0, 470.0, 458.0, 487.0, 469.0, 487.0, 475.0, 482.0], "TN": [346.0, 355.0, 365.0, 365.0, 349.0, 373.0, 345.0, 356.0, 354.0, 356.0, 351.0, 386.0, 356.0, 388.0, 374.0, 351.0, 371.0, 375.0, 360.0, 348.0, 358.0, 370.0, 395.0, 355.0, 390.0, 385.0, 400.0, 370.0, 385.0, 381.0, 387.0, 395.0, 384.0, 393.0, 397.0, 406.0, 411.0, 410.0, 414.0, 409.0, 400.0, 413.0, 406.0, 430.0, 439.0, 432.0, 441.0, 432.0, 448.0, 449.0, 435.0, 457.0, 460.0, 450.0, 455.0, 484.0, 438.0, 465.0, 468.0, 464.0, 491.0, 487.0, 486.0], "FP": [371.0, 362.0, 352.0, 352.0, 368.0, 344.0, 372.0, 361.0, 363.0, 361.0, 366.0, 331.0, 361.0, 329.0, 343.0, 366.0, 346.0, 342.0, 357.0, 369.0, 359.0, 347.0, 322.0, 362.0, 327.0, 332.0, 317.0, 347.0, 332.0, 336.0, 330.0, 322.0, 333.0, 324.0, 320.0, 311.0, 306.0, 307.0, 303.0, 308.0, 317.0, 304.0, 311.0, 287.0, 278.0, 285.0, 276.0, 285.0, 269.0, 268.0, 282.0, 260.0, 257.0, 267.0, 262.0, 233.0, 279.0, 252.0, 249.0, 253.0, 226.0, 230.0, 231.0], "FN": [339.0, 355.0, 362.0, 353.0, 350.0, 352.0, 352.0, 372.0, 372.0, 363.0, 353.0, 358.0, 339.0, 356.0, 373.0, 347.0, 346.0, 326.0, 350.0, 356.0, 344.0, 333.0, 360.0, 344.0, 350.0, 348.0, 308.0, 355.0, 332.0, 316.0, 319.0, 333.0, 336.0, 318.0, 303.0, 328.0, 324.0, 301.0, 317.0, 296.0, 323.0, 323.0, 298.0, 278.0, 300.0, 297.0, 298.0, 260.0, 255.0, 295.0, 268.0, 260.0, 269.0, 239.0, 267.0, 256.0, 247.0, 259.0, 230.0, 248.0, 230.0, 242.0, 235.0], "Precision": [0.5046728849411011, 0.5, 0.50212162733078, 0.5083798766136169, 0.49931973218917847, 0.5148096084594727, 0.49525102972984314, 0.4886685609817505, 0.48728814721107483, 0.49510490894317627, 0.4986301362514496, 0.5202898383140564, 0.5115020275115967, 0.5231884121894836, 0.5007277727127075, 0.5027173757553101, 0.517433762550354, 0.5334242582321167, 0.5069060921669006, 0.49452054500579834, 0.5095628499984741, 0.5253077745437622, 0.5257731676101685, 0.5074830055236816, 0.5288184285163879, 0.5263908505439758, 0.563360869884491, 0.5105782747268677, 0.5369595289230347, 0.5440977215766907, 0.5467032790184021, 0.5439093708992004, 0.5336134433746338, 0.5518672466278076, 0.5640326738357544, 0.5557143092155457, 0.5622317790985107, 0.5753803849220276, 0.5689900517463684, 0.5775034427642822, 0.5541490912437439, 0.5644699335098267, 0.5739725828170776, 0.6046832203865051, 0.6000000238418579, 0.5957446694374084, 0.602877676486969, 0.6159029603004456, 0.6320109367370605, 0.6115942001342773, 0.6142270565032959, 0.6373779773712158, 0.6354609727859497, 0.6416107416152954, 0.632022500038147, 0.6642651557922363, 0.6275033354759216, 0.6450704336166382, 0.6616848111152649, 0.6495844721794128, 0.6830294728279114, 0.673758864402771, 0.6760168075561523], "Recall": [0.5271966457366943, 0.5048814415931702, 0.49511855840682983, 0.5076708793640137, 0.5118549466133118, 0.509065568447113, 0.509065568447113, 0.48117154836654663, 0.48117154836654663, 0.4937238395214081, 0.5076708793640137, 0.5006973743438721, 0.5271966457366943, 0.5034867525100708, 0.47977685928344727, 0.5160390734672546, 0.517433762550354, 0.5453277826309204, 0.5118549466133118, 0.5034867525100708, 0.5202231407165527, 0.5355648398399353, 0.49790793657302856, 0.5202231407165527, 0.5118549466133118, 0.5146443247795105, 0.5704323649406433, 0.5048814415931702, 0.5369595289230347, 0.5592747330665588, 0.5550906658172607, 0.5355648398399353, 0.5313807725906372, 0.5564853549003601, 0.5774058699607849, 0.5425383448600769, 0.5481171607971191, 0.5801952481269836, 0.5578800439834595, 0.5871687531471252, 0.5495118498802185, 0.5495118498802185, 0.5843793749809265, 0.6122733354568481, 0.581589937210083, 0.5857740640640259, 0.5843793749809265, 0.6373779773712158, 0.6443514823913574, 0.5885634422302246, 0.6262203454971313, 0.6373779773712158, 0.624825656414032, 0.6666666865348816, 0.6276150345802307, 0.6429567933082581, 0.6555090546607971, 0.6387726664543152, 0.6792189478874207, 0.6541143655776978, 0.6792189478874207, 0.6624825596809387, 0.672245442867279],