{"loss": [0.6570881605148315, 0.6067097783088684, 0.5406468510627747, 0.48607441782951355, 0.4259588122367859, 0.33928894996643066, 0.26184624433517456, 0.19625601172447205, 0.153226837515831, 0.11373312771320343, 0.1057133674621582, 0.08095762133598328, 0.07920731604099274, 0.0681236982345581, 0.05830296501517296, 0.07035940140485764, 0.03737305849790573, 0.06502626091241837, 0.04167068004608154, 0.06393209844827652, 0.030145706608891487, 0.05089453607797623, 0.06299123913049698, 0.03157705068588257, 0.03759028762578964, 0.05564679950475693, 0.05073057860136032, 0.029538031667470932, 0.03702295944094658, 0.05063806474208832, 0.02036421000957489, 0.046650391072034836, 0.056206654757261276, 0.019518189132213593, 0.035705387592315674, 0.03817986324429512, 0.04980480298399925, 0.01639205403625965, 0.02813883312046528, 0.022962329909205437, 0.02754548005759716, 0.023579562082886696, 0.039782699197530746, 0.026522228494286537, 0.023375477641820908, 0.03702903166413307], "accuracy": [0.6122733354568481, 0.6589958071708679, 0.7217572927474976, 0.7573221921920776, 0.8089261054992676, 0.8605299592018127, 0.9072524309158325, 0.9316596984863281, 0.9490934610366821, 0.9644351601600647, 0.9609484076499939, 0.9686192274093628, 0.974198043346405, 0.9797768592834473, 0.9783821702003479, 0.9762901067733765, 0.9888424277305603, 0.9755927324295044, 0.9853556752204895, 0.9776847958564758, 0.9923291206359863, 0.9846583008766174, 0.9797768592834473, 0.9902371168136597, 0.9860529899597168, 0.9811715483665466, 0.9804741740226746, 0.9888424277305603, 0.9874476790428162, 0.9846583008766174, 0.9923291206359863, 0.9853556752204895, 0.9797768592834473, 0.9951185584068298, 0.9888424277305603, 0.9846583008766174, 0.9818689227104187, 0.9937238693237305, 0.9888424277305603, 0.9944211840629578, 0.9888424277305603, 0.9923291206359863, 0.9839609265327454, 0.9930264949798584, 0.990934431552887, 0.991631805896759], "benchmark_97": [556.0, 489.0, 399.0, 348.0, 274.0, 200.0, 133.0, 98.0, 73.0, 51.0, 56.0, 45.0, 37.0, 29.0, 31.0, 34.0, 16.0, 35.0, 21.0, 32.0, 11.0, 22.0, 29.0, 14.0, 20.0, 27.0, 28.0, 16.0, 18.0, 22.0, 11.0, 21.0, 29.0, 7.0, 16.0, 22.0, 26.0, 9.0, 16.0, 8.0, 16.0, 11.0, 23.0, 10.0, 13.0, 12.0], "TP": [369.0, 433.0, 507.0, 525.0, 567.0, 611.0, 646.0, 668.0, 668.0, 689.0, 688.0, 694.0, 697.0, 706.0, 702.0, 698.0, 710.0, 704.0, 708.0, 704.0, 708.0, 708.0, 703.0, 709.0, 709.0, 703.0, 702.0, 710.0, 706.0, 707.0, 711.0, 709.0, 703.0, 712.0, 706.0, 707.0, 707.0, 714.0, 706.0, 714.0, 710.0, 711.0, 710.0, 710.0, 712.0, 712.0], "TN": [509.0, 512.0, 528.0, 561.0, 593.0, 623.0, 655.0, 668.0, 693.0, 694.0, 690.0, 695.0, 700.0, 699.0, 701.0, 702.0, 708.0, 695.0, 705.0, 698.0, 715.0, 704.0, 702.0, 711.0, 705.0, 704.0, 704.0, 708.0, 710.0, 705.0, 712.0, 704.0, 702.0, 715.0, 712.0, 705.0, 701.0, 711.0, 712.0, 712.0, 708.0, 712.0, 701.0, 714.0, 709.0, 710.0], "FP": [208.0, 205.0, 189.0, 156.0, 124.0, 94.0, 62.0, 49.0, 24.0, 23.0, 27.0, 22.0, 17.0, 18.0, 16.0, 15.0, 9.0, 22.0, 12.0, 19.0, 2.0, 13.0, 15.0, 6.0, 12.0, 13.0, 13.0, 9.0, 7.0, 12.0, 5.0, 13.0, 15.0, 2.0, 5.0, 12.0, 16.0, 6.0, 5.0, 5.0, 9.0, 5.0, 16.0, 3.0, 8.0, 7.0], "FN": [348.0, 284.0, 210.0, 192.0, 150.0, 106.0, 71.0, 49.0, 49.0, 28.0, 29.0, 23.0, 20.0, 11.0, 15.0, 19.0, 7.0, 13.0, 9.0, 13.0, 9.0, 9.0, 14.0, 8.0, 8.0, 14.0, 15.0, 7.0, 11.0, 10.0, 6.0, 8.0, 14.0, 5.0, 11.0, 10.0, 10.0, 3.0, 11.0, 3.0, 7.0, 6.0, 7.0, 7.0, 5.0, 5.0], "Precision": [0.6395147442817688, 0.6786834001541138, 0.7284482717514038, 0.7709251046180725, 0.8205499053001404, 0.8666666746139526, 0.9124293923377991, 0.9316596984863281, 0.9653179049491882, 0.9676966071128845, 0.9622377753257751, 0.9692737460136414, 0.976190447807312, 0.9751381278038025, 0.9777158498764038, 0.9789621233940125, 0.9874826073646545, 0.9696969985961914, 0.9833333492279053, 0.9737206101417542, 0.997183084487915, 0.9819694757461548, 0.9791086316108704, 0.9916083812713623, 0.9833564758300781, 0.9818435907363892, 0.9818181991577148, 0.9874826073646545, 0.9901823401451111, 0.9833101630210876, 0.99301677942276, 0.9819944500923157, 0.9791086316108704, 0.9971988797187805, 0.9929676651954651, 0.9833101630210876, 0.977869987487793, 0.9916666746139526, 0.9929676651954651, 0.9930459260940552, 0.9874826073646545, 0.99301677942276, 0.9779614210128784, 0.9957924485206604, 0.9888888597488403, 0.9902642369270325], "Recall": [0.5146443247795105, 0.6039051413536072, 0.7071129679679871, 0.73221755027771, 0.7907949686050415, 0.8521617650985718, 0.900976300239563, 0.9316596984863281, 0.9316596984863281, 0.9609484076499939, 0.9595537185668945, 0.9679219126701355, 0.9721059799194336, 0.9846583008766174, 0.9790794849395752, 0.973500669002533, 0.9902371168136597, 0.9818689227104187, 0.9874476790428162, 0.9818689227104187, 0.9874476790428162, 0.9874476790428162, 0.9804741740226746, 0.9888424277305603, 0.9888424277305603, 0.9804741740226746, 0.9790794849395752, 0.9902371168136597, 0.9846583008766174, 0.9860529899597168, 0.991631805896759, 0.9888424277305603, 0.9804741740226746, 0.9930264949798584, 0.9846583008766174, 0.9860529899597168, 0.9860529899597168, 0.9958158731460571, 0.9846583008766174, 0.9958158731460571, 0.9902371168136597, 0.991631805896759, 0.9902371168136597, 0.9902371168136597, 0.9930264949798584, 0.9930264949798584], "AUC": [0.6490120887756348, 0.7261485457420349, 0.8041865825653076, 0.8485593199729919, 0.8871966004371643, 0.9361677169799805, 0.9649788737297058, 0.9810675978660583, 0.9888308048248291, 0.9937831163406372, 0.9944154024124146, 0.9972387552261353, 0.9958139657974243, 0.9965803623199463, 0.9979293942451477, 0.997010350227356, 0.9992491602897644, 0.9969925880432129, 0.999030351638794, 0.9975314736366272, 0.9981511235237122, 0.998149037361145, 0.9969304203987122, 0.998853325843811, 0.9990778565406799, 0.9977980852127075, 0.9981122016906738, 0.9993910789489746, 0.9985430836677551, 0.9972456097602844, 0.9998190999031067, 0.9974653124809265, 0.9970170259475708, 0.9997908473014832, 0.9992724657058716, 0.9991644620895386, 0.9974536895751953, 0.9998258948326111, 0.9988367557525635, 0.9990439414978027, 0.9989107847213745, 0.9996498227119446, 0.9985790848731995, 0.9989117383956909, 0.9996751546859741, 0.9987404346466064], "val_loss": [0.7280807495117188, 0.7529023289680481, 0.7535291910171509, 0.7769453525543213, 0.7953609824180603, 0.8051873445510864, 1.3290992975234985, 0.7486180663108826, 1.3592028617858887, 2.892104387283325, 0.8344183564186096, 1.2442710399627686, 1.1379505395889282, 3.732299327850342, 2.4963912963867188, 1.3866969347000122, 1.5773738622665405, 1.5319044589996338, 1.4286376237869263, 1.523504614830017, 1.6652487516403198, 1.9243004322052002, 1.5501465797424316, 3.7751882076263428, 2.4135539531707764, 1.6412394046783447, 2.8311715126037598, 2.167548656463623, 2.8832719326019287, 2.14943528175354, 1.7914454936981201, 2.706362724304199, 2.232002019882202, 1.91477632522583, 2.4187564849853516, 2.3936502933502197, 1.877187728881836, 2.0295891761779785, 2.7884602546691895, 3.300069808959961, 2.4903781414031982, 3.3048288822174072, 2.3433279991149902, 2.2001051902770996, 3.464648723602295, 2.097443103790283],