{"loss": [0.8912182450294495, 0.7296510934829712, 0.709540605545044, 0.7143863439559937, 0.71021568775177, 0.717718780040741, 0.7061814665794373, 0.7197009325027466, 0.7036577463150024, 0.7077025771141052, 0.7063269019126892, 0.6965935826301575, 0.6924678683280945, 0.6910591721534729, 0.6963043808937073, 0.6967587471008301, 0.7030172944068909, 0.69463711977005, 0.7073075771331787, 0.6939247250556946, 0.69681715965271], "accuracy": [0.48465830087661743, 0.5097628831863403, 0.5, 0.4888423979282379, 0.49163180589675903, 0.4902370870113373, 0.47698745131492615, 0.48396095633506775, 0.4867503345012665, 0.4818688929080963, 0.5062761306762695, 0.5251045823097229, 0.5139470100402832, 0.5285913348197937, 0.5020920634269714, 0.5132496356964111, 0.4930264949798584, 0.5055788159370422, 0.5013946890830994, 0.5097628831863403, 0.5111575722694397], "benchmark_1139": [739.0, 703.0, 717.0, 733.0, 729.0, 731.0, 750.0, 740.0, 736.0, 743.0, 708.0, 681.0, 697.0, 676.0, 714.0, 698.0, 727.0, 709.0, 715.0, 703.0, 701.0], "TP": [318.0, 440.0, 378.0, 313.0, 289.0, 402.0, 270.0, 321.0, 437.0, 369.0, 374.0, 422.0, 350.0, 436.0, 382.0, 406.0, 374.0, 376.0, 391.0, 414.0, 365.0], "TN": [377.0, 291.0, 339.0, 388.0, 416.0, 301.0, 414.0, 373.0, 261.0, 322.0, 352.0, 331.0, 387.0, 322.0, 338.0, 330.0, 333.0, 349.0, 328.0, 317.0, 368.0], "FP": [340.0, 426.0, 378.0, 329.0, 301.0, 416.0, 303.0, 344.0, 456.0, 395.0, 365.0, 386.0, 330.0, 395.0, 379.0, 387.0, 384.0, 368.0, 389.0, 400.0, 349.0], "FN": [399.0, 277.0, 339.0, 404.0, 428.0, 315.0, 447.0, 396.0, 280.0, 348.0, 343.0, 295.0, 367.0, 281.0, 335.0, 311.0, 343.0, 341.0, 326.0, 303.0, 352.0], "Precision": [0.4832826852798462, 0.508083164691925, 0.5, 0.4875389337539673, 0.48983049392700195, 0.4914425313472748, 0.4712041914463043, 0.482706755399704, 0.4893617033958435, 0.4829843044281006, 0.5060893297195435, 0.5222772359848022, 0.5147058963775635, 0.5246690511703491, 0.5019710659980774, 0.5119798183441162, 0.49340370297431946, 0.5053763389587402, 0.5012820363044739, 0.5085995197296143, 0.5112044811248779], "Recall": [0.4435146450996399, 0.6136680841445923, 0.5271966457366943, 0.4365411400794983, 0.40306833386421204, 0.560669481754303, 0.3765690326690674, 0.4476987421512604, 0.6094839572906494, 0.5146443247795105, 0.5216178297996521, 0.5885634422302246, 0.48814505338668823, 0.60808926820755, 0.5327754616737366, 0.5662482380867004, 0.5216178297996521, 0.5244072675704956, 0.5453277826309204, 0.5774058699607849, 0.509065568447113], "AUC": [0.4814895689487457, 0.506829559803009, 0.5096092224121094, 0.4905940294265747, 0.495630145072937, 0.49665918946266174, 0.476192831993103, 0.48508813977241516, 0.48845529556274414, 0.46713507175445557, 0.5129384398460388, 0.5182662606239319, 0.5310393571853638, 0.5420967936515808, 0.5265556573867798, 0.514451801776886, 0.4954618811607361, 0.5184851288795471, 0.4945281744003296, 0.5288734436035156, 0.5210809707641602], "val_loss": [0.6634089946746826, 0.6632891893386841, 0.8301645517349243, 0.7522139549255371, 0.6775230765342712, 0.7096651196479797, 0.6663978695869446, 0.669558584690094, 0.6967669725418091, 0.9711062908172607, 0.6875948309898376, 0.6756200194358826, 0.6747525930404663, 0.7576478719711304, 0.6639096140861511, 0.6656492352485657, 0.7249141335487366, 0.6697514057159424, 0.6758209466934204, 0.7648040652275085, 0.7579507231712341], "val_accuracy": [0.6218181848526001, 0.6218181848526001, 0.3781818151473999, 0.3781818151473999, 0.6218181848526001, 0.3781818151473999, 0.6218181848526001, 0.6218181848526001, 0.3781818151473999, 0.3781818151473999, 0.6218181848526001, 0.6218181848526001, 0.6218181848526001, 0.3781818151473999, 0.6218181848526001, 0.6218181848526001, 0.3781818151473999, 0.6218181848526001, 0.6218181848526001, 0.3781818151473999, 0.3781818151473999], "val_benchmark_1139": [104.0, 104.0, 171.0, 171.0, 104.0, 171.0, 104.0, 104.0, 171.0, 171.0, 104.0, 104.0, 104.0, 171.0, 104.0, 104.0, 171.0, 104.0, 104.0, 171.0, 171.0], "val_TP": [171.0, 171.0, 0.0, 0.0, 171.0, 0.0, 171.0, 171.0, 0.0, 0.0, 171.0, 171.0, 171.0, 0.0, 171.0, 171.0, 0.0, 171.0, 171.0, 0.0, 0.0], "val_TN": [0.0, 0.0, 104.0, 104.0, 0.0, 104.0, 0.0, 0.0, 104.0, 104.0, 0.0, 0.0, 0.0, 104.0, 0.0, 0.0, 104.0, 0.0, 0.0, 104.0, 104.0], "val_FP": [104.0, 104.0, 0.0, 0.0, 104.0, 0.0, 104.0, 104.0, 0.0, 0.0, 104.0, 104.0, 104.0, 0.0, 104.0, 104.0, 0.0, 104.0, 104.0, 0.0, 0.0], "val_FN": [0.0, 0.0, 171.0, 171.0, 0.0, 171.0, 0.0, 0.0, 171.0, 171.0, 0.0, 0.0, 0.0, 171.0, 0.0, 0.0, 171.0, 0.0, 0.0, 171.0, 171.0], "val_Precision": [0.6218181848526001, 0.6218181848526001, 0.0, 0.0, 0.6218181848526001, 0.0, 0.6218181848526001, 0.6218181848526001, 0.0, 0.0, 0.6218181848526001, 0.6218181848526001, 0.6218181848526001, 0.0, 0.6218181848526001, 0.6218181848526001, 0.0, 0.6218181848526001, 0.6218181848526001, 0.0, 0.0], "val_Recall": [1.0, 1.0, 0.0, 0.0, 1.0, 0.0, 1.0, 1.0, 0.0, 0.0, 1.0, 1.0, 1.0, 0.0, 1.0, 1.0, 0.0, 1.0, 1.0, 0.0, 0.0], "val_AUC": [0.5, 0.5, 0.5, 0.5, 0.5, 0.5, 0.5, 0.5, 0.5066914558410645, 0.5, 0.5, 0.5, 0.5, 0.5, 0.5029239654541016, 0.5050045251846313, 0.5519849061965942, 0.5079284310340881, 0.5368589758872986, 0.49707603454589844, 0.5177406668663025]}