{"loss": [0.6916318535804749, 0.6876712441444397, 0.6833431124687195, 0.6772769689559937, 0.671354353427887, 0.6648924946784973, 0.6568604111671448, 0.6461793780326843, 0.6401335597038269, 0.6316461563110352, 0.6243878602981567, 0.6156478524208069, 0.6177323460578918, 0.6141330003738403, 0.6082481145858765, 0.6113234162330627, 0.6030746698379517, 0.6049290895462036, 0.5993776321411133, 0.5992001891136169, 0.5947304964065552, 0.5939937829971313, 0.5913317203521729, 0.5917894840240479, 0.5895496010780334, 0.5896453857421875, 0.5851977467536926, 0.5867700576782227, 0.5871680974960327, 0.5876767635345459, 0.5814772248268127, 0.5772458910942078, 0.5834418535232544, 0.5818477272987366, 0.5790432691574097, 0.5744571685791016, 0.5780152678489685, 0.5751845836639404, 0.5706890821456909, 0.5655377507209778, 0.5722061395645142, 0.5701906681060791, 0.5656740069389343], "accuracy": [0.5278940200805664, 0.5578800439834595, 0.5599721074104309, 0.5676429271697998, 0.5850766897201538, 0.590655505657196, 0.6108786463737488, 0.6324965357780457, 0.6185495257377625, 0.6520223021507263, 0.6499302387237549, 0.6576011180877686, 0.6548117399215698, 0.6534169912338257, 0.6638772487640381, 0.6548117399215698, 0.6562064290046692, 0.6638772487640381, 0.6743375062942505, 0.6666666865348816, 0.6757321953773499, 0.672245442867279, 0.6806136965751648, 0.668061375617981, 0.6701534390449524, 0.6827057003974915, 0.6708507537841797, 0.6743375062942505, 0.6792189478874207, 0.6659693121910095, 0.6820083856582642, 0.6834030747413635, 0.6806136965751648, 0.6799163222312927, 0.6813110113143921, 0.6903765797615051, 0.6924686431884766, 0.6820083856582642, 0.6896792054176331, 0.6882845163345337, 0.6875871419906616, 0.6910738945007324, 0.6841003894805908], "benchmark_1009": [677.0, 634.0, 631.0, 620.0, 595.0, 587.0, 558.0, 527.0, 547.0, 499.0, 502.0, 491.0, 495.0, 497.0, 482.0, 495.0, 493.0, 482.0, 467.0, 478.0, 465.0, 470.0, 458.0, 476.0, 473.0, 455.0, 472.0, 467.0, 460.0, 479.0, 456.0, 454.0, 458.0, 459.0, 457.0, 444.0, 441.0, 456.0, 445.0, 447.0, 448.0, 443.0, 453.0], "TP": [351.0, 326.0, 360.0, 297.0, 322.0, 350.0, 374.0, 368.0, 393.0, 407.0, 435.0, 426.0, 423.0, 423.0, 438.0, 434.0, 436.0, 448.0, 442.0, 444.0, 447.0, 457.0, 447.0, 455.0, 458.0, 457.0, 447.0, 451.0, 448.0, 449.0, 457.0, 461.0, 453.0, 455.0, 462.0, 472.0, 466.0, 467.0, 476.0, 463.0, 467.0, 471.0, 460.0], "TN": [406.0, 474.0, 443.0, 517.0, 517.0, 497.0, 502.0, 539.0, 494.0, 528.0, 497.0, 517.0, 516.0, 514.0, 514.0, 505.0, 505.0, 504.0, 525.0, 512.0, 522.0, 507.0, 529.0, 503.0, 503.0, 522.0, 515.0, 516.0, 526.0, 506.0, 521.0, 519.0, 523.0, 520.0, 515.0, 518.0, 527.0, 511.0, 513.0, 524.0, 519.0, 520.0, 521.0], "FP": [311.0, 243.0, 274.0, 200.0, 200.0, 220.0, 215.0, 178.0, 223.0, 189.0, 220.0, 200.0, 201.0, 203.0, 203.0, 212.0, 212.0, 213.0, 192.0, 205.0, 195.0, 210.0, 188.0, 214.0, 214.0, 195.0, 202.0, 201.0, 191.0, 211.0, 196.0, 198.0, 194.0, 197.0, 202.0, 199.0, 190.0, 206.0, 204.0, 193.0, 198.0, 197.0, 196.0], "FN": [366.0, 391.0, 357.0, 420.0, 395.0, 367.0, 343.0, 349.0, 324.0, 310.0, 282.0, 291.0, 294.0, 294.0, 279.0, 283.0, 281.0, 269.0, 275.0, 273.0, 270.0, 260.0, 270.0, 262.0, 259.0, 260.0, 270.0, 266.0, 269.0, 268.0, 260.0, 256.0, 264.0, 262.0, 255.0, 245.0, 251.0, 250.0, 241.0, 254.0, 250.0, 246.0, 257.0], "Precision": [0.5302115082740784, 0.5729349851608276, 0.5678233504295349, 0.5975854992866516, 0.6168582439422607, 0.6140350699424744, 0.6349745392799377, 0.6739926934242249, 0.6379870176315308, 0.6828858852386475, 0.6641221642494202, 0.6805111765861511, 0.6778846383094788, 0.6757188439369202, 0.6833073496818542, 0.6718266010284424, 0.6728395223617554, 0.6777609586715698, 0.6971608996391296, 0.6841294169425964, 0.6962617039680481, 0.6851574182510376, 0.7039369940757751, 0.6801195740699768, 0.6815476417541504, 0.7009202241897583, 0.6887519359588623, 0.691717803478241, 0.701095461845398, 0.6803030371665955, 0.6998468637466431, 0.6995447874069214, 0.7001545429229736, 0.6978527903556824, 0.6957831382751465, 0.7034277319908142, 0.7103658318519592, 0.6939078569412231, 0.699999988079071, 0.7057926654815674, 0.7022556662559509, 0.705089807510376, 0.7012194991111755], "Recall": [0.4895397424697876, 0.454672247171402, 0.5020920634269714, 0.4142259359359741, 0.44909343123435974, 0.48814505338668823, 0.5216178297996521, 0.5132496356964111, 0.5481171607971191, 0.5676429271697998, 0.6066945791244507, 0.5941422581672668, 0.589958131313324, 0.589958131313324, 0.6108786463737488, 0.6052998900413513, 0.60808926820755, 0.624825656414032, 0.616457462310791, 0.6192468404769897, 0.6234309673309326, 0.6373779773712158, 0.6234309673309326, 0.6345885396003723, 0.6387726664543152, 0.6373779773712158, 0.6234309673309326, 0.6290097832679749, 0.624825656414032, 0.6262203454971313, 0.6373779773712158, 0.6429567933082581, 0.6317991614341736, 0.6345885396003723, 0.6443514823913574, 0.6582984924316406, 0.6499302387237549, 0.651324987411499, 0.6638772487640381, 0.6457461714744568, 0.651324987411499, 0.6569037437438965, 0.6415620446205139], "AUC": [0.5355551242828369, 0.5585958957672119, 0.5715430378913879, 0.5889962911605835, 0.6075514554977417, 0.6285030245780945, 0.6466224789619446, 0.6749580502510071, 0.6783815026283264, 0.6928936839103699, 0.7002114653587341, 0.7110840082168579, 0.7055169343948364, 0.7102661728858948, 0.719102144241333, 0.7109849452972412, 0.7247392535209656, 0.7214732766151428, 0.7288447022438049, 0.7270190715789795, 0.7347132563591003, 0.7380335927009583, 0.7401013970375061, 0.7367673516273499, 0.7414075136184692, 0.7418802976608276, 0.7457084059715271, 0.7454264760017395, 0.7453572750091553, 0.7401744723320007, 0.7497329711914062, 0.7550706267356873, 0.7477119565010071, 0.7516753077507019, 0.7528977990150452, 0.7597167491912842, 0.7556678652763367, 0.7550676465034485, 0.7617436051368713, 0.7684991359710693, 0.7603265047073364, 0.761480987071991, 0.7661008238792419], "val_loss": [0.6957612037658691, 0.6935925483703613, 0.6901804208755493, 0.6876673102378845, 0.6842054128646851, 0.679585874080658, 0.6716325283050537, 0.6579290628433228, 0.6447126269340515, 0.6271008849143982, 0.6135929822921753, 0.6012141108512878, 0.5878151655197144, 0.5850804448127747, 0.5801547765731812, 0.5867491960525513, 0.5830767154693604, 0.5767369866371155, 0.5931724309921265, 0.5756081938743591, 0.610796332359314, 0.6329054236412048, 0.5708310604095459, 0.5836215019226074, 0.6089832782745361, 0.5717583298683167, 0.5954023599624634, 0.5748434066772461, 0.5952082872390747, 0.5985610485076904, 0.5925961136817932, 0.5986630916595459, 0.5961102247238159, 0.5759750008583069, 0.607251763343811, 0.6013907194137573, 0.5763145685195923, 0.5743424296379089, 0.6007586121559143, 0.5944738984107971, 0.5842680335044861, 0.6090918779373169, 0.6285641193389893], "val_accuracy": [0.3781818151473999, 0.3781818151473999, 0.6218181848526001, 0.6218181848526001, 0.6218181848526001, 0.6218181848526001, 0.6218181848526001, 0.6218181848526001, 0.6218181848526001, 0.6254545450210571, 0.6181818246841431, 0.6545454263687134, 0.6690909266471863, 0.6727272868156433, 0.6654545664787292, 0.6618182063102722, 0.6654545664787292, 0.6763636469841003, 0.6618182063102722, 0.6618182063102722, 0.6363636255264282, 0.614545464515686, 0.6872727274894714, 0.6618182063102722, 0.6472727060317993, 0.6727272868156433, 0.6581818461418152, 0.6727272868156433, 0.6545454263687134, 0.6545454263687134, 0.6509090662002563, 0.6509090662002563, 0.6472727060317993, 0.6690909266471863, 0.6472727060317993, 0.6545454263687134, 0.6727272868156433, 0.6763636469841003, 0.6581818461418152, 0.6436363458633423, 0.6581818461418152, 0.6581818461418152, 0.6436363458633423], "val_benchmark_1009": [171.0, 171.0, 104.0, 104.0, 104.0, 104.0, 104.0, 104.0, 104.0, 103.0, 105.0, 95.0, 91.0, 90.0, 92.0, 93.0, 92.0, 89.0, 93.0, 93.0, 100.0, 106.0, 86.0, 93.0, 97.0, 90.0, 94.0, 90.0, 95.0, 95.0, 96.0, 96.0, 97.0, 91.0, 97.0, 95.0, 90.0, 89.0, 94.0, 98.0, 94.0, 94.0, 98.0],