{"loss": [0.08750834316015244, 0.08611258864402771, 0.08576319366693497, 0.08497965335845947, 0.08443150669336319, 0.08401194214820862, 0.08316820859909058, 0.08258862048387527, 0.08295748382806778, 0.08200742304325104, 0.08194878697395325, 0.08122533559799194, 0.0807734876871109, 0.08146019279956818, 0.08079459518194199, 0.0801955908536911, 0.08037279546260834, 0.08060844242572784, 0.08069612830877304, 0.08009251207113266, 0.08073557913303375, 0.07907801121473312, 0.07888486981391907, 0.07993978261947632, 0.07956145703792572, 0.08037125319242477, 0.07896355539560318, 0.08018571138381958, 0.07805377244949341, 0.07917258143424988, 0.07972806692123413, 0.08025626093149185, 0.07984822988510132, 0.0788012146949768, 0.07927172631025314, 0.07812272757291794, 0.07867423444986343, 0.07903086394071579, 0.07807667553424835, 0.07857663929462433, 0.07849310338497162, 0.0776701271533966, 0.07722632586956024, 0.07795536518096924, 0.07767190784215927, 0.07848668098449707, 0.07785462588071823, 0.07817196846008301, 0.0766526311635971, 0.07732728123664856, 0.0769846960902214, 0.07709179073572159, 0.07679859548807144, 0.0771377682685852, 0.07662463933229446, 0.07638909667730331, 0.0769304484128952, 0.07588918507099152, 0.07694295048713684, 0.07601571083068848, 0.07573399692773819, 0.07717689871788025, 0.07596304267644882, 0.07621750980615616, 0.07623142749071121, 0.075472392141819, 0.07492867857217789, 0.07552981376647949], "accuracy": [0.5027893781661987, 0.5543932914733887, 0.5334727764129639, 0.5571827292442322, 0.5788005590438843, 0.589958131313324, 0.5913528800010681, 0.6206415891647339, 0.5948396325111389, 0.6171548366546631, 0.6143653988838196, 0.6311017870903015, 0.624825656414032, 0.6143653988838196, 0.6290097832679749, 0.6436541080474854, 0.6136680841445923, 0.6304044723510742, 0.6227335929870605, 0.6373779773712158, 0.6283124089241028, 0.6499302387237549, 0.6534169912338257, 0.6290097832679749, 0.6408647298812866, 0.6290097832679749, 0.6478382349014282, 0.633193850517273, 0.6548117399215698, 0.6394700407981873, 0.6262203454971313, 0.633193850517273, 0.6290097832679749, 0.6366806030273438, 0.6527196764945984, 0.6569037437438965, 0.642259418964386, 0.6478382349014282, 0.668061375617981, 0.6520223021507263, 0.6492329239845276, 0.6624825596809387, 0.6694560647010803, 0.6429567933082581, 0.6485355496406555, 0.6324965357780457, 0.6464434862136841, 0.6408647298812866, 0.6589958071708679, 0.6582984924316406, 0.6694560647010803, 0.6415620446205139, 0.6589958071708679, 0.651324987411499, 0.65969318151474, 0.6610878705978394, 0.6631799340248108, 0.6520223021507263, 0.6576011180877686, 0.6617852449417114, 0.6764295697212219, 0.65969318151474, 0.668061375617981, 0.6569037437438965, 0.650627613067627, 0.6743375062942505, 0.6847977638244629, 0.6624825596809387], "benchmark_94": [713.0, 639.0, 669.0, 635.0, 604.0, 588.0, 586.0, 544.0, 581.0, 549.0, 553.0, 529.0, 538.0, 553.0, 532.0, 511.0, 554.0, 530.0, 541.0, 520.0, 533.0, 502.0, 497.0, 532.0, 515.0, 532.0, 505.0, 526.0, 495.0, 517.0, 536.0, 526.0, 532.0, 521.0, 498.0, 492.0, 513.0, 505.0, 476.0, 499.0, 503.0, 484.0, 474.0, 512.0, 504.0, 527.0, 507.0, 515.0, 489.0, 490.0, 474.0, 514.0, 489.0, 500.0, 488.0, 486.0, 483.0, 499.0, 491.0, 485.0, 464.0, 488.0, 476.0, 492.0, 501.0, 467.0, 452.0, 484.0], "TP": [357.0, 412.0, 324.0, 341.0, 348.0, 376.0, 373.0, 431.0, 407.0, 423.0, 431.0, 455.0, 430.0, 433.0, 450.0, 463.0, 442.0, 462.0, 454.0, 460.0, 448.0, 474.0, 470.0, 468.0, 474.0, 460.0, 467.0, 469.0, 463.0, 451.0, 446.0, 452.0, 455.0, 470.0, 463.0, 482.0, 470.0, 473.0, 489.0, 477.0, 472.0, 475.0, 484.0, 450.0, 467.0, 460.0, 475.0, 464.0, 470.0, 477.0, 482.0, 465.0, 476.0, 466.0, 477.0, 474.0, 480.0, 466.0, 470.0, 478.0, 489.0, 474.0, 472.0, 478.0, 466.0, 480.0, 491.0, 484.0], "TN": [364.0, 383.0, 441.0, 458.0, 482.0, 470.0, 475.0, 459.0, 446.0, 462.0, 450.0, 450.0, 466.0, 448.0, 452.0, 460.0, 438.0, 442.0, 439.0, 454.0, 453.0, 458.0, 467.0, 434.0, 445.0, 442.0, 462.0, 439.0, 476.0, 466.0, 452.0, 456.0, 447.0, 443.0, 473.0, 460.0, 451.0, 456.0, 469.0, 458.0, 459.0, 475.0, 476.0, 472.0, 463.0, 447.0, 452.0, 455.0, 475.0, 467.0, 478.0, 455.0, 469.0, 468.0, 469.0, 474.0, 471.0, 469.0, 473.0, 471.0, 481.0, 472.0, 486.0, 464.0, 467.0, 487.0, 491.0, 466.0], "FP": [353.0, 334.0, 276.0, 259.0, 235.0, 247.0, 242.0, 258.0, 271.0, 255.0, 267.0, 267.0, 251.0, 269.0, 265.0, 257.0, 279.0, 275.0, 278.0, 263.0, 264.0, 259.0, 250.0, 283.0, 272.0, 275.0, 255.0, 278.0, 241.0, 251.0, 265.0, 261.0, 270.0, 274.0, 244.0, 257.0, 266.0, 261.0, 248.0, 259.0, 258.0, 242.0, 241.0, 245.0, 254.0, 270.0, 265.0, 262.0, 242.0, 250.0, 239.0, 262.0, 248.0, 249.0, 248.0, 243.0, 246.0, 248.0, 244.0, 246.0, 236.0, 245.0, 231.0, 253.0, 250.0, 230.0, 226.0, 251.0], "FN": [360.0, 305.0, 393.0, 376.0, 369.0, 341.0, 344.0, 286.0, 310.0, 294.0, 286.0, 262.0, 287.0, 284.0, 267.0, 254.0, 275.0, 255.0, 263.0, 257.0, 269.0, 243.0, 247.0, 249.0, 243.0, 257.0, 250.0, 248.0, 254.0, 266.0, 271.0, 265.0, 262.0, 247.0, 254.0, 235.0, 247.0, 244.0, 228.0, 240.0, 245.0, 242.0, 233.0, 267.0, 250.0, 257.0, 242.0, 253.0, 247.0, 240.0, 235.0, 252.0, 241.0, 251.0, 240.0, 243.0, 237.0, 251.0, 247.0, 239.0, 228.0, 243.0, 245.0, 239.0, 251.0, 237.0, 226.0, 233.0], "Precision": [0.502816915512085, 0.5522788166999817, 0.5400000214576721, 0.5683333277702332, 0.5969125032424927, 0.6035313010215759, 0.6065040826797485, 0.6255442500114441, 0.6002950072288513, 0.6238937973976135, 0.6174784898757935, 0.6301938891410828, 0.6314243674278259, 0.6168091297149658, 0.6293706297874451, 0.6430555582046509, 0.6130374670028687, 0.6268656849861145, 0.6202185750007629, 0.6362379193305969, 0.6292135119438171, 0.6466575860977173, 0.6527777910232544, 0.6231691241264343, 0.6353887319564819, 0.6258503198623657, 0.6468144059181213, 0.6278446912765503, 0.6576704382896423, 0.6424501538276672, 0.6272855401039124, 0.633941113948822, 0.6275861859321594, 0.6317204236984253, 0.6548797488212585, 0.6522327661514282, 0.6385869383811951, 0.6444141864776611, 0.6635006666183472, 0.648097813129425, 0.6465753316879272, 0.6624825596809387, 0.6675862073898315, 0.6474820375442505, 0.6477115154266357, 0.6301369667053223, 0.6418918967247009, 0.6391184329986572, 0.6601123809814453, 0.6561210751533508, 0.6685159206390381, 0.6396148800849915, 0.6574585437774658, 0.6517482399940491, 0.6579310297966003, 0.6610878705978394, 0.6611570119857788, 0.6526610851287842, 0.6582633256912231, 0.6602209806442261, 0.6744827628135681, 0.659248948097229, 0.6714082360267639, 0.6538987755775452, 0.6508380174636841, 0.6760563254356384, 0.6847977638244629, 0.6585034132003784], "Recall": [0.49790793657302856, 0.5746164321899414, 0.45188283920288086, 0.4755927622318268, 0.4853556454181671, 0.5244072675704956, 0.5202231407165527, 0.6011157631874084, 0.5676429271697998, 0.589958131313324, 0.6011157631874084, 0.6345885396003723, 0.5997210741043091, 0.6039051413536072, 0.6276150345802307, 0.6457461714744568, 0.616457462310791, 0.6443514823913574, 0.633193850517273, 0.6415620446205139, 0.624825656414032, 0.6610878705978394, 0.6555090546607971, 0.6527196764945984, 0.6610878705978394, 0.6415620446205139, 0.651324987411499, 0.6541143655776978, 0.6457461714744568, 0.6290097832679749, 0.6220362782478333, 0.6304044723510742, 0.6345885396003723, 0.6555090546607971, 0.6457461714744568, 0.672245442867279, 0.6555090546607971, 0.65969318151474, 0.6820083856582642, 0.6652719378471375, 0.6582984924316406, 0.6624825596809387, 0.6750348806381226, 0.6276150345802307, 0.651324987411499, 0.6415620446205139, 0.6624825596809387, 0.6471408605575562, 0.6555090546607971, 0.6652719378471375, 0.672245442867279, 0.6485355496406555, 0.6638772487640381, 0.6499302387237549, 0.6652719378471375, 0.6610878705978394, 0.6694560647010803, 0.6499302387237549, 0.6555090546607971, 0.6666666865348816, 0.6820083856582642, 0.6610878705978394, 0.6582984924316406, 0.6666666865348816, 0.6499302387237549, 0.6694560647010803, 0.6847977638244629, 0.6750348806381226],