{"loss": [0.6751065254211426, 0.6277452707290649, 0.5913697481155396, 0.5403628945350647, 0.5011467933654785, 0.45315980911254883, 0.4115692377090454, 0.3436075747013092, 0.3011031746864319, 0.2709822952747345, 0.24946142733097076, 0.23963424563407898, 0.21464931964874268, 0.16483256220817566, 0.19069170951843262, 0.13282926380634308, 0.14436881244182587, 0.15758341550827026, 0.1400115042924881, 0.1372029334306717, 0.16267086565494537, 0.09358612447977066, 0.101365827023983, 0.10592557489871979, 0.11578352004289627, 0.11575651168823242, 0.11705916374921799, 0.1116846352815628, 0.09397615492343903, 0.10443539917469025, 0.07489883899688721, 0.1448899507522583, 0.10194678604602814, 0.0855943039059639, 0.1047697588801384, 0.07197128981351852, 0.0724310651421547, 0.11333092302083969, 0.08075065165758133, 0.06415992975234985, 0.05705805495381355, 0.0847022533416748, 0.10632319748401642, 0.05369459465146065, 0.10174096375703812, 0.06497844308614731], "accuracy": [0.5711296796798706, 0.6401673555374146, 0.677126944065094, 0.7085076570510864, 0.7594142556190491, 0.7824267745018005, 0.7991631627082825, 0.8500697612762451, 0.8654114603996277, 0.8905160427093506, 0.9023709893226624, 0.8974895477294922, 0.9149233102798462, 0.9428172707557678, 0.9323570728302002, 0.939330518245697, 0.9435146450996399, 0.9379358291625977, 0.9421199560165405, 0.9476987719535828, 0.9470013976097107, 0.9693166017532349, 0.965132474899292, 0.9665272235870361, 0.9616457223892212, 0.9630404710769653, 0.9560669660568237, 0.9602510333061218, 0.9658298492431641, 0.9693166017532349, 0.9721059799194336, 0.9483960866928101, 0.9637377858161926, 0.9686192274093628, 0.9560669660568237, 0.9769874215126038, 0.9748954176902771, 0.9630404710769653, 0.973500669002533, 0.9755927324295044, 0.9797768592834473, 0.9728033542633057, 0.9609484076499939, 0.9797768592834473, 0.965132474899292, 0.9783821702003479], "benchmark_54": [615.0, 516.0, 463.0, 418.0, 345.0, 312.0, 288.0, 215.0, 193.0, 157.0, 140.0, 147.0, 122.0, 82.0, 97.0, 87.0, 81.0, 89.0, 83.0, 75.0, 76.0, 44.0, 50.0, 48.0, 55.0, 53.0, 63.0, 57.0, 49.0, 44.0, 40.0, 74.0, 52.0, 45.0, 63.0, 33.0, 36.0, 53.0, 38.0, 35.0, 29.0, 39.0, 56.0, 29.0, 50.0, 31.0], "TP": [406.0, 429.0, 462.0, 488.0, 518.0, 537.0, 564.0, 596.0, 607.0, 628.0, 638.0, 637.0, 651.0, 673.0, 661.0, 677.0, 676.0, 667.0, 670.0, 677.0, 682.0, 694.0, 695.0, 695.0, 691.0, 691.0, 684.0, 686.0, 689.0, 696.0, 699.0, 683.0, 693.0, 693.0, 688.0, 702.0, 699.0, 695.0, 700.0, 699.0, 702.0, 697.0, 692.0, 700.0, 695.0, 700.0], "TN": [413.0, 489.0, 509.0, 528.0, 571.0, 585.0, 582.0, 623.0, 634.0, 649.0, 656.0, 650.0, 661.0, 679.0, 676.0, 670.0, 677.0, 678.0, 681.0, 682.0, 676.0, 696.0, 689.0, 691.0, 688.0, 690.0, 687.0, 691.0, 696.0, 694.0, 695.0, 677.0, 689.0, 696.0, 683.0, 699.0, 699.0, 686.0, 696.0, 700.0, 703.0, 698.0, 686.0, 705.0, 689.0, 703.0], "FP": [304.0, 228.0, 208.0, 189.0, 146.0, 132.0, 135.0, 94.0, 83.0, 68.0, 61.0, 67.0, 56.0, 38.0, 41.0, 47.0, 40.0, 39.0, 36.0, 35.0, 41.0, 21.0, 28.0, 26.0, 29.0, 27.0, 30.0, 26.0, 21.0, 23.0, 22.0, 40.0, 28.0, 21.0, 34.0, 18.0, 18.0, 31.0, 21.0, 17.0, 14.0, 19.0, 31.0, 12.0, 28.0, 14.0], "FN": [311.0, 288.0, 255.0, 229.0, 199.0, 180.0, 153.0, 121.0, 110.0, 89.0, 79.0, 80.0, 66.0, 44.0, 56.0, 40.0, 41.0, 50.0, 47.0, 40.0, 35.0, 23.0, 22.0, 22.0, 26.0, 26.0, 33.0, 31.0, 28.0, 21.0, 18.0, 34.0, 24.0, 24.0, 29.0, 15.0, 18.0, 22.0, 17.0, 18.0, 15.0, 20.0, 25.0, 17.0, 22.0, 17.0], "Precision": [0.5718309879302979, 0.6529680490493774, 0.6895522475242615, 0.7208271622657776, 0.7801204919815063, 0.8026905655860901, 0.8068669438362122, 0.8637681007385254, 0.8797101378440857, 0.9022988677024841, 0.9127324819564819, 0.9048295617103577, 0.9207921028137207, 0.9465541243553162, 0.9415954351425171, 0.9350828528404236, 0.9441340565681458, 0.94475919008255, 0.9490085244178772, 0.9508426785469055, 0.9432918429374695, 0.9706293940544128, 0.9612724781036377, 0.9639389514923096, 0.9597222208976746, 0.9623955488204956, 0.9579831957817078, 0.9634831547737122, 0.9704225063323975, 0.9680111408233643, 0.9694868326187134, 0.9446749687194824, 0.9611650705337524, 0.970588207244873, 0.9529085755348206, 0.9750000238418579, 0.9748954176902771, 0.9573002457618713, 0.9708737730979919, 0.9762569665908813, 0.9804469347000122, 0.9734637141227722, 0.9571231007575989, 0.983146071434021, 0.9612724781036377, 0.9803921580314636], "Recall": [0.5662482380867004, 0.5983263850212097, 0.6443514823913574, 0.6806136965751648, 0.7224546670913696, 0.7489539980888367, 0.7866109013557434, 0.8312413096427917, 0.8465830087661743, 0.8758716583251953, 0.8898186683654785, 0.8884239792823792, 0.9079498052597046, 0.9386332035064697, 0.9218968152999878, 0.944212019443512, 0.9428172707557678, 0.9302650094032288, 0.9344490766525269, 0.944212019443512, 0.9511855244636536, 0.9679219126701355, 0.9693166017532349, 0.9693166017532349, 0.9637377858161926, 0.9637377858161926, 0.9539749026298523, 0.956764280796051, 0.9609484076499939, 0.9707112908363342, 0.9748954176902771, 0.9525802135467529, 0.9665272235870361, 0.9665272235870361, 0.9595537185668945, 0.9790794849395752, 0.9748954176902771, 0.9693166017532349, 0.9762901067733765, 0.9748954176902771, 0.9790794849395752, 0.9721059799194336, 0.965132474899292, 0.9762901067733765, 0.9693166017532349, 0.9762901067733765], "AUC": [0.6040987372398376, 0.6958045959472656, 0.7420135140419006, 0.7956016659736633, 0.8293038606643677, 0.8664268255233765, 0.8942060470581055, 0.9260138869285583, 0.9440563917160034, 0.9553734660148621, 0.9622223973274231, 0.9653288722038269, 0.9720777869224548, 0.9827422499656677, 0.9777889251708984, 0.9894065260887146, 0.9878172874450684, 0.9845951199531555, 0.9878485202789307, 0.9893938899040222, 0.9840903282165527, 0.9935991764068604, 0.9926344752311707, 0.9917951822280884, 0.9907000660896301, 0.9898228645324707, 0.9902468919754028, 0.9917183518409729, 0.9938617944717407, 0.9913429617881775, 0.9962982535362244, 0.9876666069030762, 0.9930683970451355, 0.994625449180603, 0.9934262633323669, 0.9955407381057739, 0.9950562715530396, 0.9905200600624084, 0.9965598583221436, 0.997006356716156, 0.9981540441513062, 0.9947917461395264, 0.9920938014984131, 0.9972700476646423, 0.9938464164733887, 0.9965482354164124], "val_loss": [0.7311714887619019, 0.7050023078918457, 0.6514391303062439, 0.7626364827156067, 0.664560854434967, 0.8309277296066284, 0.9995409250259399, 0.8813738226890564, 1.1325408220291138, 1.854552984237671, 1.7924011945724487, 1.8958464860916138, 1.3637502193450928, 1.5509681701660156, 1.534666657447815, 1.8266732692718506, 2.4387707710266113, 1.6568050384521484, 1.958583116531372, 1.8768397569656372, 1.6639727354049683, 1.7755885124206543, 2.086127519607544, 2.0475614070892334, 2.162914991378784, 2.0775938034057617, 1.9762591123580933, 3.0848591327667236, 1.8737906217575073, 2.1125576496124268, 2.1045615673065186, 1.9893150329589844, 2.1628143787384033, 2.0064358711242676, 1.9099687337875366, 2.182968854904175, 2.3712542057037354, 1.90821373462677, 1.8476226329803467, 2.28269624710083, 2.897890090942383, 2.246262311935425, 2.771995782852173, 3.6219239234924316, 2.0871994495391846, 2.324122428894043],