{"loss": [0.6926671862602234, 0.6909765601158142, 0.6905296444892883, 0.6892085075378418, 0.6875559091567993, 0.6887993216514587, 0.686964750289917, 0.686311662197113, 0.683563232421875, 0.6803736090660095, 0.6797864437103271, 0.6758160591125488, 0.6784374117851257, 0.6749420166015625, 0.6697876453399658, 0.6669425964355469, 0.6668193936347961, 0.6649563312530518, 0.6657716631889343, 0.6583834886550903, 0.6569994688034058, 0.6611162424087524, 0.6562073826789856, 0.6578437685966492, 0.654387891292572, 0.6533447504043579, 0.6494274139404297, 0.6541501879692078, 0.6470952033996582, 0.6459530591964722, 0.6433320045471191, 0.6470421552658081, 0.6420484781265259, 0.6385868787765503, 0.6328037977218628, 0.6343820691108704, 0.6373195052146912, 0.631656289100647, 0.6312681436538696, 0.6345128417015076, 0.6261009573936462, 0.6280957460403442, 0.6247713565826416, 0.6214774250984192, 0.6204261183738708, 0.6178070306777954, 0.6209648847579956, 0.6177768111228943, 0.6179251670837402, 0.6155761480331421, 0.6183160543441772, 0.6123154759407043, 0.6091710925102234, 0.6110474467277527, 0.6124257445335388, 0.6071014404296875], "accuracy": [0.5195258259773254, 0.5327754616737366, 0.5320780873298645, 0.5446304082870483, 0.5502092242240906, 0.5516039133071899, 0.555787980556488, 0.5543932914733887, 0.5739191174507141, 0.5746164321899414, 0.5781031847000122, 0.5920501947402954, 0.5836820006370544, 0.5920501947402954, 0.6046025156974792, 0.6011157631874084, 0.60808926820755, 0.6066945791244507, 0.6032078266143799, 0.6206415891647339, 0.6234309673309326, 0.6011157631874084, 0.6213389039039612, 0.6227335929870605, 0.624825656414032, 0.6241283416748047, 0.633193850517273, 0.6241283416748047, 0.624825656414032, 0.6276150345802307, 0.6345885396003723, 0.6283124089241028, 0.6359832882881165, 0.6436541080474854, 0.6548117399215698, 0.642259418964386, 0.6408647298812866, 0.6492329239845276, 0.6548117399215698, 0.6283124089241028, 0.6408647298812866, 0.6464434862136841, 0.6471408605575562, 0.6471408605575562, 0.6471408605575562, 0.668061375617981, 0.6555090546607971, 0.6464434862136841, 0.6541143655776978, 0.6631799340248108, 0.6576011180877686, 0.6694560647010803, 0.6666666865348816, 0.6541143655776978, 0.6527196764945984, 0.6764295697212219], "benchmark_1214": [689.0, 670.0, 671.0, 653.0, 645.0, 643.0, 637.0, 639.0, 611.0, 610.0, 605.0, 585.0, 597.0, 585.0, 567.0, 572.0, 562.0, 564.0, 569.0, 544.0, 540.0, 572.0, 543.0, 541.0, 538.0, 539.0, 526.0, 539.0, 538.0, 534.0, 524.0, 533.0, 522.0, 511.0, 495.0, 513.0, 515.0, 503.0, 495.0, 533.0, 515.0, 507.0, 506.0, 506.0, 506.0, 476.0, 494.0, 507.0, 496.0, 483.0, 491.0, 474.0, 478.0, 496.0, 498.0, 464.0], "TP": [537.0, 541.0, 499.0, 473.0, 454.0, 467.0, 462.0, 446.0, 462.0, 451.0, 448.0, 445.0, 450.0, 453.0, 456.0, 447.0, 445.0, 449.0, 438.0, 447.0, 458.0, 434.0, 448.0, 448.0, 448.0, 443.0, 448.0, 439.0, 442.0, 448.0, 447.0, 445.0, 453.0, 455.0, 464.0, 453.0, 446.0, 457.0, 466.0, 442.0, 447.0, 455.0, 453.0, 445.0, 454.0, 466.0, 453.0, 449.0, 459.0, 459.0, 451.0, 463.0, 466.0, 456.0, 446.0, 467.0], "TN": [208.0, 223.0, 264.0, 308.0, 335.0, 324.0, 335.0, 349.0, 361.0, 373.0, 381.0, 404.0, 387.0, 396.0, 411.0, 415.0, 427.0, 421.0, 427.0, 443.0, 436.0, 428.0, 443.0, 445.0, 448.0, 452.0, 460.0, 456.0, 454.0, 452.0, 463.0, 456.0, 459.0, 468.0, 475.0, 468.0, 473.0, 474.0, 473.0, 459.0, 472.0, 472.0, 475.0, 483.0, 474.0, 492.0, 487.0, 478.0, 479.0, 492.0, 492.0, 497.0, 490.0, 482.0, 490.0, 503.0], "FP": [509.0, 494.0, 453.0, 409.0, 382.0, 393.0, 382.0, 368.0, 356.0, 344.0, 336.0, 313.0, 330.0, 321.0, 306.0, 302.0, 290.0, 296.0, 290.0, 274.0, 281.0, 289.0, 274.0, 272.0, 269.0, 265.0, 257.0, 261.0, 263.0, 265.0, 254.0, 261.0, 258.0, 249.0, 242.0, 249.0, 244.0, 243.0, 244.0, 258.0, 245.0, 245.0, 242.0, 234.0, 243.0, 225.0, 230.0, 239.0, 238.0, 225.0, 225.0, 220.0, 227.0, 235.0, 227.0, 214.0], "FN": [180.0, 176.0, 218.0, 244.0, 263.0, 250.0, 255.0, 271.0, 255.0, 266.0, 269.0, 272.0, 267.0, 264.0, 261.0, 270.0, 272.0, 268.0, 279.0, 270.0, 259.0, 283.0, 269.0, 269.0, 269.0, 274.0, 269.0, 278.0, 275.0, 269.0, 270.0, 272.0, 264.0, 262.0, 253.0, 264.0, 271.0, 260.0, 251.0, 275.0, 270.0, 262.0, 264.0, 272.0, 263.0, 251.0, 264.0, 268.0, 258.0, 258.0, 266.0, 254.0, 251.0, 261.0, 271.0, 250.0], "Precision": [0.5133843421936035, 0.5227053165435791, 0.5241596698760986, 0.536281168460846, 0.5430622100830078, 0.5430232286453247, 0.5473933815956116, 0.547911524772644, 0.5647921562194824, 0.5672956109046936, 0.5714285969734192, 0.5870712399482727, 0.5769230723381042, 0.5852712988853455, 0.5984252095222473, 0.5967957377433777, 0.6054421663284302, 0.6026845574378967, 0.6016483306884766, 0.619972288608551, 0.6197564005851746, 0.6002766489982605, 0.6204985976219177, 0.6222222447395325, 0.624825656414032, 0.6257061958312988, 0.6354609727859497, 0.6271428465843201, 0.6269503831863403, 0.6283310055732727, 0.6376605033874512, 0.6303116083145142, 0.6371307969093323, 0.6463068127632141, 0.6572238206863403, 0.6452991366386414, 0.6463767886161804, 0.6528571248054504, 0.6563380360603333, 0.631428599357605, 0.6459537744522095, 0.6499999761581421, 0.6517985463142395, 0.6553755402565002, 0.651362955570221, 0.6743849515914917, 0.6632503867149353, 0.6526162624359131, 0.6585366129875183, 0.6710526347160339, 0.6671597361564636, 0.6778916716575623, 0.6724386811256409, 0.659913182258606, 0.6627042889595032, 0.685756266117096], "Recall": [0.7489539980888367, 0.7545327544212341, 0.6959553956985474, 0.65969318151474, 0.633193850517273, 0.651324987411499, 0.6443514823913574, 0.6220362782478333, 0.6443514823913574, 0.6290097832679749, 0.624825656414032, 0.6206415891647339, 0.6276150345802307, 0.6317991614341736, 0.6359832882881165, 0.6234309673309326, 0.6206415891647339, 0.6262203454971313, 0.6108786463737488, 0.6234309673309326, 0.6387726664543152, 0.6052998900413513, 0.624825656414032, 0.624825656414032, 0.624825656414032, 0.6178521513938904, 0.624825656414032, 0.6122733354568481, 0.616457462310791, 0.624825656414032, 0.6234309673309326, 0.6206415891647339, 0.6317991614341736, 0.6345885396003723, 0.6471408605575562, 0.6317991614341736, 0.6220362782478333, 0.6373779773712158, 0.6499302387237549, 0.616457462310791, 0.6234309673309326, 0.6345885396003723, 0.6317991614341736, 0.6206415891647339, 0.633193850517273, 0.6499302387237549, 0.6317991614341736, 0.6262203454971313, 0.6401673555374146, 0.6401673555374146, 0.6290097832679749, 0.6457461714744568, 0.6499302387237549, 0.6359832882881165, 0.6220362782478333, 0.651324987411499], "AUC": [0.52888023853302, 0.5730778574943542, 0.5624268651008606, 0.5744938850402832, 0.5939992666244507, 0.5670779347419739, 0.5823243260383606, 0.5908139944076538, 0.6171869039535522, 0.6295709609985352, 0.6202875375747681, 0.6447862386703491, 0.6261066198348999, 0.637488842010498, 0.6568881869316101, 0.6567335724830627, 0.659400463104248, 0.6562306880950928, 0.6533839702606201, 0.6683074235916138, 0.6756689548492432, 0.6566994786262512, 0.6756242513656616, 0.6660539507865906, 0.6715636849403381, 0.6760434508323669, 0.6839467883110046, 0.6680214405059814, 0.6828399300575256, 0.6844398379325867, 0.6875599026679993, 0.6774556636810303, 0.6860446333885193, 0.6935452818870544, 0.704781711101532, 0.6989850997924805, 0.6909776329994202, 0.7035951018333435, 0.7053545117378235, 0.6948826313018799, 0.7134835124015808, 0.7021352648735046, 0.7099490165710449, 0.7131906747817993, 0.7173816561698914, 0.7239924669265747, 0.7143374085426331, 0.7173923850059509, 0.7149122357368469, 0.7197908163070679, 0.7187782526016235, 0.7277193069458008, 0.7318440675735474, 0.7287434935569763, 0.7261155843734741, 0.7336297631263733],