{"loss": [0.6901906728744507, 0.6859562993049622, 0.6774787306785583, 0.6715106964111328, 0.6593384742736816, 0.6545560956001282, 0.6522067189216614, 0.6423272490501404, 0.6346052289009094, 0.6415019035339355, 0.6345014572143555, 0.626999020576477, 0.6315512657165527, 0.621871829032898, 0.6179213523864746, 0.6210114359855652, 0.6175723075866699, 0.6174612045288086, 0.6144341230392456, 0.607308030128479, 0.6087178587913513, 0.6008157730102539, 0.6029393672943115, 0.6013458371162415, 0.6002991199493408, 0.6020872592926025, 0.6032681465148926, 0.5952700972557068, 0.5957502126693726, 0.5922564268112183, 0.5895540714263916, 0.5800709128379822, 0.5876021981239319, 0.5861113667488098, 0.5789811611175537, 0.582749605178833, 0.5756127834320068, 0.5761774778366089, 0.574317991733551, 0.5743502974510193, 0.5714070200920105, 0.5660979151725769, 0.5665469765663147, 0.563636839389801, 0.5739885568618774, 0.564182698726654, 0.5608750581741333, 0.5583755970001221, 0.5561206936836243, 0.5627937316894531, 0.556640088558197, 0.5555755496025085], "accuracy": [0.5076708793640137, 0.5571827292442322, 0.5613667964935303, 0.5948396325111389, 0.5927475690841675, 0.6059972047805786, 0.6059972047805786, 0.6199442148208618, 0.6283124089241028, 0.6185495257377625, 0.6297070980072021, 0.6387726664543152, 0.6345885396003723, 0.6492329239845276, 0.6610878705978394, 0.6415620446205139, 0.6478382349014282, 0.6485355496406555, 0.6582984924316406, 0.6666666865348816, 0.6569037437438965, 0.6729428172111511, 0.6562064290046692, 0.6715481281280518, 0.668061375617981, 0.6673640012741089, 0.6652719378471375, 0.6778242588043213, 0.6666666865348816, 0.6757321953773499, 0.6889818906784058, 0.6847977638244629, 0.6778242588043213, 0.677126944065094, 0.6931659579277039, 0.6868898272514343, 0.6966527104377747, 0.6938633322715759, 0.6847977638244629, 0.6861924529075623, 0.6931659579277039, 0.6931659579277039, 0.7078103423118591, 0.7105997204780579, 0.6875871419906616, 0.7036262154579163, 0.7057182788848877, 0.7015341520309448, 0.7071129679679871, 0.7112970948219299, 0.7126917839050293, 0.7043235898017883], "benchmark_1591": [706.0, 635.0, 629.0, 581.0, 584.0, 565.0, 565.0, 545.0, 533.0, 547.0, 531.0, 518.0, 524.0, 503.0, 486.0, 514.0, 505.0, 504.0, 490.0, 478.0, 492.0, 469.0, 493.0, 471.0, 476.0, 477.0, 480.0, 462.0, 478.0, 465.0, 446.0, 452.0, 462.0, 463.0, 440.0, 449.0, 435.0, 439.0, 452.0, 450.0, 440.0, 440.0, 419.0, 415.0, 448.0, 425.0, 422.0, 428.0, 420.0, 414.0, 412.0, 424.0], "TP": [363.0, 399.0, 387.0, 429.0, 411.0, 437.0, 437.0, 442.0, 460.0, 446.0, 462.0, 460.0, 461.0, 475.0, 487.0, 468.0, 474.0, 469.0, 477.0, 481.0, 472.0, 492.0, 478.0, 488.0, 480.0, 481.0, 493.0, 486.0, 473.0, 494.0, 494.0, 494.0, 491.0, 484.0, 505.0, 477.0, 504.0, 489.0, 491.0, 496.0, 490.0, 505.0, 499.0, 503.0, 488.0, 501.0, 510.0, 496.0, 503.0, 498.0, 516.0, 500.0], "TN": [365.0, 400.0, 418.0, 424.0, 439.0, 432.0, 432.0, 447.0, 441.0, 441.0, 441.0, 456.0, 449.0, 456.0, 461.0, 452.0, 455.0, 461.0, 467.0, 475.0, 470.0, 473.0, 463.0, 475.0, 478.0, 476.0, 461.0, 486.0, 483.0, 475.0, 494.0, 488.0, 481.0, 487.0, 489.0, 508.0, 495.0, 506.0, 491.0, 488.0, 504.0, 489.0, 516.0, 516.0, 498.0, 508.0, 502.0, 510.0, 511.0, 522.0, 506.0, 510.0], "FP": [352.0, 317.0, 299.0, 293.0, 278.0, 285.0, 285.0, 270.0, 276.0, 276.0, 276.0, 261.0, 268.0, 261.0, 256.0, 265.0, 262.0, 256.0, 250.0, 242.0, 247.0, 244.0, 254.0, 242.0, 239.0, 241.0, 256.0, 231.0, 234.0, 242.0, 223.0, 229.0, 236.0, 230.0, 228.0, 209.0, 222.0, 211.0, 226.0, 229.0, 213.0, 228.0, 201.0, 201.0, 219.0, 209.0, 215.0, 207.0, 206.0, 195.0, 211.0, 207.0], "FN": [354.0, 318.0, 330.0, 288.0, 306.0, 280.0, 280.0, 275.0, 257.0, 271.0, 255.0, 257.0, 256.0, 242.0, 230.0, 249.0, 243.0, 248.0, 240.0, 236.0, 245.0, 225.0, 239.0, 229.0, 237.0, 236.0, 224.0, 231.0, 244.0, 223.0, 223.0, 223.0, 226.0, 233.0, 212.0, 240.0, 213.0, 228.0, 226.0, 221.0, 227.0, 212.0, 218.0, 214.0, 229.0, 216.0, 207.0, 221.0, 214.0, 219.0, 201.0, 217.0], "Precision": [0.5076923370361328, 0.5572625994682312, 0.5641399621963501, 0.5941828489303589, 0.5965166687965393, 0.6052631735801697, 0.6052631735801697, 0.6207864880561829, 0.625, 0.6177285313606262, 0.6260162591934204, 0.6380027532577515, 0.6323730945587158, 0.645380437374115, 0.6554508805274963, 0.6384720206260681, 0.64402174949646, 0.6468965411186218, 0.6561210751533508, 0.6652835607528687, 0.6564673185348511, 0.66847825050354, 0.6530054807662964, 0.6684931516647339, 0.6675938963890076, 0.6662049889564514, 0.6582109332084656, 0.6778242588043213, 0.6690240502357483, 0.6711956262588501, 0.6889818906784058, 0.6832641959190369, 0.6753782629966736, 0.6778711676597595, 0.6889495253562927, 0.6953352689743042, 0.6942148804664612, 0.6985714435577393, 0.6847977638244629, 0.6841379404067993, 0.6970127820968628, 0.6889495253562927, 0.7128571271896362, 0.7144886255264282, 0.6902404427528381, 0.705633819103241, 0.7034482955932617, 0.7055476307868958, 0.7094499468803406, 0.7186146974563599, 0.709766149520874, 0.7072135806083679], "Recall": [0.5062761306762695, 0.5564853549003601, 0.5397489666938782, 0.5983263850212097, 0.573221743106842, 0.6094839572906494, 0.6094839572906494, 0.616457462310791, 0.6415620446205139, 0.6220362782478333, 0.6443514823913574, 0.6415620446205139, 0.6429567933082581, 0.6624825596809387, 0.6792189478874207, 0.6527196764945984, 0.6610878705978394, 0.6541143655776978, 0.6652719378471375, 0.6708507537841797, 0.6582984924316406, 0.6861924529075623, 0.6666666865348816, 0.6806136965751648, 0.6694560647010803, 0.6708507537841797, 0.6875871419906616, 0.6778242588043213, 0.65969318151474, 0.6889818906784058, 0.6889818906784058, 0.6889818906784058, 0.6847977638244629, 0.6750348806381226, 0.7043235898017883, 0.6652719378471375, 0.7029288411140442, 0.6820083856582642, 0.6847977638244629, 0.6917712688446045, 0.6834030747413635, 0.7043235898017883, 0.6959553956985474, 0.7015341520309448, 0.6806136965751648, 0.6987447738647461, 0.7112970948219299, 0.6917712688446045, 0.7015341520309448, 0.6945606470108032, 0.7196652889251709, 0.6973500847816467], "AUC": [0.5408266186714172, 0.5649284720420837, 0.591158390045166, 0.6232277154922485, 0.6422185897827148, 0.6536134481430054, 0.6622219085693359, 0.676885724067688, 0.689464271068573, 0.6778009533882141, 0.6909659504890442, 0.6999557018280029, 0.6932448148727417, 0.7064972519874573, 0.7159907817840576, 0.7096874117851257, 0.7153216600418091, 0.713395893573761, 0.719752848148346, 0.7284954786300659, 0.7261835932731628, 0.7391132116317749, 0.7327505946159363, 0.7372002005577087, 0.7379052639007568, 0.7344983220100403, 0.7345138788223267, 0.7430385947227478, 0.7435843348503113, 0.7491582036018372, 0.7547787427902222, 0.7615150809288025, 0.7544481158256531, 0.7540017366409302, 0.7631110548973083, 0.7577247619628906, 0.767665684223175, 0.7670227289199829, 0.7669916749000549, 0.7668545842170715, 0.7712391018867493, 0.7748483419418335, 0.7758169770240784, 0.7797317504882812, 0.7656047940254211, 0.7793241739273071, 0.7824637293815613, 0.7833254337310791, 0.786143958568573, 0.7800906300544739, 0.7868355512619019, 0.7859184741973877],