{"loss": [0.9355922341346741, 0.8554844856262207, 0.9378088116645813, 0.9291565418243408, 0.9029735922813416, 0.8762757778167725, 0.8516470193862915, 0.8896965980529785, 0.8507874011993408, 0.8576382398605347, 0.8544977903366089, 0.8634952306747437, 0.870663583278656, 0.8824391961097717, 0.8451882600784302, 0.8691954612731934, 0.8596394062042236, 0.8833761215209961, 0.8669451475143433, 0.8736603856086731, 0.8663620352745056], "accuracy": [0.482566237449646, 0.5313807725906372, 0.4902370870113373, 0.47629010677337646, 0.5041841268539429, 0.5055788159370422, 0.5076708793640137, 0.5048814415931702, 0.5292887091636658, 0.5132496356964111, 0.5146443247795105, 0.508368194103241, 0.5020920634269714, 0.49511855840682983, 0.5251045823097229, 0.5202231407165527, 0.49790793657302856, 0.5139470100402832, 0.4930264949798584, 0.5097628831863403, 0.48117154836654663], "benchmark_80": [742.0, 672.0, 731.0, 751.0, 711.0, 709.0, 706.0, 710.0, 675.0, 698.0, 696.0, 705.0, 714.0, 724.0, 681.0, 688.0, 720.0, 697.0, 727.0, 703.0, 744.0], "TP": [315.0, 380.0, 339.0, 352.0, 345.0, 359.0, 362.0, 394.0, 395.0, 373.0, 370.0, 381.0, 344.0, 344.0, 372.0, 362.0, 357.0, 371.0, 348.0, 366.0, 329.0], "TN": [377.0, 382.0, 364.0, 331.0, 378.0, 366.0, 366.0, 330.0, 364.0, 363.0, 368.0, 348.0, 376.0, 366.0, 381.0, 384.0, 357.0, 366.0, 359.0, 365.0, 361.0], "FP": [340.0, 335.0, 353.0, 386.0, 339.0, 351.0, 351.0, 387.0, 353.0, 354.0, 349.0, 369.0, 341.0, 351.0, 336.0, 333.0, 360.0, 351.0, 358.0, 352.0, 356.0], "FN": [402.0, 337.0, 378.0, 365.0, 372.0, 358.0, 355.0, 323.0, 322.0, 344.0, 347.0, 336.0, 373.0, 373.0, 345.0, 355.0, 360.0, 346.0, 369.0, 351.0, 388.0], "Precision": [0.48091602325439453, 0.5314685106277466, 0.4898844063282013, 0.4769647717475891, 0.5043859481811523, 0.5056338310241699, 0.5077139139175415, 0.5044814348220825, 0.5280748605728149, 0.5130674242973328, 0.5146036148071289, 0.5080000162124634, 0.5021897554397583, 0.49496403336524963, 0.5254237055778503, 0.5208632946014404, 0.49790793657302856, 0.5138503909111023, 0.49291783571243286, 0.5097492933273315, 0.4802919626235962], "Recall": [0.4393305480480194, 0.5299860239028931, 0.47280335426330566, 0.49093446135520935, 0.48117154836654663, 0.5006973743438721, 0.5048814415931702, 0.5495118498802185, 0.5509065389633179, 0.5202231407165527, 0.5160390734672546, 0.5313807725906372, 0.47977685928344727, 0.47977685928344727, 0.5188284516334534, 0.5048814415931702, 0.49790793657302856, 0.517433762550354, 0.4853556454181671, 0.5104602575302124, 0.45885634422302246], "AUC": [0.48470693826675415, 0.5353420972824097, 0.4783306419849396, 0.47573962807655334, 0.49561944603919983, 0.513201117515564, 0.5127866864204407, 0.500760555267334, 0.5228763818740845, 0.5137631893157959, 0.5173627734184265, 0.5109649896621704, 0.5020735859870911, 0.4865023195743561, 0.522192656993866, 0.504613995552063, 0.5083993077278137, 0.49418875575065613, 0.4919596016407013, 0.4971522092819214, 0.4872921109199524], "val_loss": [0.6865319609642029, 0.7030380964279175, 0.6870700716972351, 0.7040722370147705, 0.6924476027488708, 0.6866660118103027, 0.6773993372917175, 0.6863271594047546, 0.6962493062019348, 0.6901650428771973, 0.6826168894767761, 0.7096882462501526, 0.7055744528770447, 0.6992328763008118, 0.6997835636138916, 0.6952548027038574, 0.6963617205619812, 0.6911476254463196, 0.688133180141449, 0.6876459121704102, 0.6897380948066711], "val_accuracy": [0.6218181848526001, 0.3781818151473999, 0.6218181848526001, 0.3781818151473999, 0.6218181848526001, 0.6218181848526001, 0.6218181848526001, 0.6218181848526001, 0.3781818151473999, 0.6218181848526001, 0.6218181848526001, 0.3781818151473999, 0.3781818151473999, 0.3781818151473999, 0.3781818151473999, 0.3781818151473999, 0.3781818151473999, 0.6218181848526001, 0.6218181848526001, 0.6218181848526001, 0.6218181848526001], "val_benchmark_80": [104.0, 171.0, 104.0, 171.0, 104.0, 104.0, 104.0, 104.0, 171.0, 104.0, 104.0, 171.0, 171.0, 171.0, 171.0, 171.0, 171.0, 104.0, 104.0, 104.0, 104.0], "val_TP": [171.0, 0.0, 171.0, 0.0, 171.0, 171.0, 171.0, 171.0, 0.0, 171.0, 171.0, 0.0, 0.0, 0.0, 0.0, 0.0, 0.0, 171.0, 171.0, 171.0, 171.0], "val_TN": [0.0, 104.0, 0.0, 104.0, 0.0, 0.0, 0.0, 0.0, 104.0, 0.0, 0.0, 104.0, 104.0, 104.0, 104.0, 104.0, 104.0, 0.0, 0.0, 0.0, 0.0], "val_FP": [104.0, 0.0, 104.0, 0.0, 104.0, 104.0, 104.0, 104.0, 0.0, 104.0, 104.0, 0.0, 0.0, 0.0, 0.0, 0.0, 0.0, 104.0, 104.0, 104.0, 104.0], "val_FN": [0.0, 171.0, 0.0, 171.0, 0.0, 0.0, 0.0, 0.0, 171.0, 0.0, 0.0, 171.0, 171.0, 171.0, 171.0, 171.0, 171.0, 0.0, 0.0, 0.0, 0.0], "val_Precision": [0.6218181848526001, 0.0, 0.6218181848526001, 0.0, 0.6218181848526001, 0.6218181848526001, 0.6218181848526001, 0.6218181848526001, 0.0, 0.6218181848526001, 0.6218181848526001, 0.0, 0.0, 0.0, 0.0, 0.0, 0.0, 0.6218181848526001, 0.6218181848526001, 0.6218181848526001, 0.6218181848526001], "val_Recall": [1.0, 0.0, 1.0, 0.0, 1.0, 1.0, 1.0, 1.0, 0.0, 1.0, 1.0, 0.0, 0.0, 0.0, 0.0, 0.0, 0.0, 1.0, 1.0, 1.0, 1.0], "val_AUC": [0.5, 0.5, 0.5, 0.5, 0.5, 0.5, 0.5, 0.5, 0.5, 0.5, 0.5, 0.5, 0.5, 0.5, 0.5254723429679871, 0.5, 0.5, 0.5, 0.5, 0.520664632320404, 0.5452935099601746]}