{"loss": [130.62144470214844, 91.6479721069336, 157.89488220214844, 238.84365844726562, 123.40253448486328, 151.5364990234375, 114.23236083984375, 317.9291076660156, 250.30723571777344, 120.81021118164062, 114.26527404785156, 142.07196044921875, 225.5325927734375, 123.1462173461914, 89.64510345458984, 147.0294647216797, 101.5179443359375, 189.46102905273438, 189.5879364013672, 165.1505126953125, 227.39732360839844, 155.5147705078125], "accuracy": [0.5601093173027039, 0.5346083641052246, 0.5582877993583679, 0.5309653878211975, 0.5382513403892517, 0.5291438698768616, 0.5291438698768616, 0.5491803288459778, 0.5455373525619507, 0.5400728583335876, 0.5510018467903137, 0.5309653878211975, 0.556466281414032, 0.563752293586731, 0.5491803288459778, 0.5601093173027039, 0.5491803288459778, 0.5182149410247803, 0.5418943762779236, 0.5327869057655334, 0.5382513403892517, 0.5145719647407532], "benchmark_1": [483.0, 511.0, 485.0, 515.0, 507.0, 517.0, 517.0, 495.0, 499.0, 505.0, 493.0, 515.0, 487.0, 479.0, 495.0, 483.0, 495.0, 529.0, 503.0, 513.0, 507.0, 533.0], "TP": [480.0, 450.0, 484.0, 437.0, 452.0, 463.0, 452.0, 474.0, 456.0, 458.0, 464.0, 432.0, 478.0, 471.0, 458.0, 469.0, 463.0, 446.0, 443.0, 454.0, 457.0, 412.0], "TN": [135.0, 137.0, 129.0, 146.0, 139.0, 118.0, 129.0, 129.0, 143.0, 135.0, 141.0, 151.0, 133.0, 148.0, 145.0, 146.0, 140.0, 123.0, 152.0, 131.0, 134.0, 153.0], "FP": [256.0, 254.0, 262.0, 245.0, 252.0, 273.0, 262.0, 262.0, 248.0, 256.0, 250.0, 240.0, 258.0, 243.0, 246.0, 245.0, 251.0, 268.0, 239.0, 260.0, 257.0, 238.0], "FN": [227.0, 257.0, 223.0, 270.0, 255.0, 244.0, 255.0, 233.0, 251.0, 249.0, 243.0, 275.0, 229.0, 236.0, 249.0, 238.0, 244.0, 261.0, 264.0, 253.0, 250.0, 295.0], "Precision": [0.6521739363670349, 0.6392045617103577, 0.6487935781478882, 0.640762448310852, 0.6420454382896423, 0.6290760636329651, 0.6330532431602478, 0.64402174949646, 0.6477272510528564, 0.6414566040039062, 0.6498599648475647, 0.6428571343421936, 0.6494565010070801, 0.6596638560295105, 0.6505681872367859, 0.656862735748291, 0.6484593749046326, 0.6246498823165894, 0.6495600938796997, 0.6358543634414673, 0.6400560140609741, 0.6338461637496948], "Recall": [0.6789250373840332, 0.6364921927452087, 0.6845827698707581, 0.6181046962738037, 0.6393210887908936, 0.6548797488212585, 0.6393210887908936, 0.6704384684562683, 0.6449787616729736, 0.6478076577186584, 0.6562942266464233, 0.6110325455665588, 0.6760962009429932, 0.6661952137947083, 0.6478076577186584, 0.6633663177490234, 0.6548797488212585, 0.6308345198631287, 0.6265912055969238, 0.6421499252319336, 0.6463932394981384, 0.5827440023422241], "AUC": [0.5113624930381775, 0.49495363235473633, 0.5072529911994934, 0.49575310945510864, 0.49428439140319824, 0.47833502292633057, 0.48462218046188354, 0.5001808404922485, 0.5053538680076599, 0.4974062740802765, 0.5084540247917175, 0.4986109137535095, 0.508124828338623, 0.5223559141159058, 0.5093258023262024, 0.5197006464004517, 0.5064679980278015, 0.46881747245788574, 0.5036753416061401, 0.4885941445827484, 0.4945521354675293, 0.4885869026184082], "val_loss": [22.424266815185547, 128.2430877685547, 141.81912231445312, 268.772705078125, 120.94397735595703, 36.05340576171875, 301.1183776855469, 539.9280395507812, 83.25006103515625, 69.3281021118164, 26.030757904052734, 118.36918640136719, 87.38008880615234, 114.63046264648438, 27.060457229614258, 107.5542984008789, 60.83845901489258, 187.4441680908203, 26.033580780029297, 109.19611358642578, 279.3599853515625, 93.01673126220703], "val_accuracy": [0.3418181836605072, 0.6581818461418152, 0.6581818461418152, 0.6581818461418152, 0.6581818461418152, 0.3418181836605072, 0.6581818461418152, 0.3418181836605072, 0.3418181836605072, 0.6581818461418152, 0.3418181836605072, 0.6581818461418152, 0.3418181836605072, 0.6581818461418152, 0.6581818461418152, 0.6581818461418152, 0.3418181836605072, 0.3418181836605072, 0.6581818461418152, 0.6581818461418152, 0.3418181836605072, 0.6581818461418152], "val_benchmark_1": [181.0, 94.0, 94.0, 94.0, 94.0, 181.0, 94.0, 181.0, 181.0, 94.0, 181.0, 94.0, 181.0, 94.0, 94.0, 94.0, 181.0, 181.0, 94.0, 94.0, 181.0, 94.0], "val_TP": [0.0, 181.0, 181.0, 181.0, 181.0, 0.0, 181.0, 0.0, 0.0, 181.0, 0.0, 181.0, 0.0, 181.0, 181.0, 181.0, 0.0, 0.0, 181.0, 181.0, 0.0, 181.0], "val_TN": [94.0, 0.0, 0.0, 0.0, 0.0, 94.0, 0.0, 94.0, 94.0, 0.0, 94.0, 0.0, 94.0, 0.0, 0.0, 0.0, 94.0, 94.0, 0.0, 0.0, 94.0, 0.0], "val_FP": [0.0, 94.0, 94.0, 94.0, 94.0, 0.0, 94.0, 0.0, 0.0, 94.0, 0.0, 94.0, 0.0, 94.0, 94.0, 94.0, 0.0, 0.0, 94.0, 94.0, 0.0, 94.0], "val_FN": [181.0, 0.0, 0.0, 0.0, 0.0, 181.0, 0.0, 181.0, 181.0, 0.0, 181.0, 0.0, 181.0, 0.0, 0.0, 0.0, 181.0, 181.0, 0.0, 0.0, 181.0, 0.0], "val_Precision": [0.0, 0.6581818461418152, 0.6581818461418152, 0.6581818461418152, 0.6581818461418152, 0.0, 0.6581818461418152, 0.0, 0.0, 0.6581818461418152, 0.0, 0.6581818461418152, 0.0, 0.6581818461418152, 0.6581818461418152, 0.6581818461418152, 0.0, 0.0, 0.6581818461418152, 0.6581818461418152, 0.0, 0.6581818461418152], "val_Recall": [0.0, 1.0, 1.0, 1.0, 1.0, 0.0, 1.0, 0.0, 0.0, 1.0, 0.0, 1.0, 0.0, 1.0, 1.0, 1.0, 0.0, 0.0, 1.0, 1.0, 0.0, 1.0], "val_AUC": [0.5, 0.5, 0.5, 0.5, 0.5, 0.5, 0.5, 0.5, 0.5, 0.5, 0.5, 0.5, 0.5, 0.5, 0.5, 0.5, 0.5, 0.5, 0.5, 0.5, 0.5, 0.5]}