{"loss": [0.5180341005325317, 0.5233613848686218, 0.5160506963729858, 0.4988487958908081, 0.5087334513664246, 0.5034220218658447, 0.5076751708984375, 0.49831029772758484, 0.501343309879303, 0.49399489164352417, 0.5017033815383911, 0.5093506574630737, 0.4954897463321686, 0.4889228045940399, 0.5005452036857605, 0.5005956292152405, 0.5001589059829712, 0.5051476955413818, 0.5057510733604431, 0.4994313716888428, 0.49364230036735535], "accuracy": [0.4972105920314789, 0.48814505338668823, 0.5013946890830994, 0.5006973743438721, 0.49860531091690063, 0.5, 0.5013946890830994, 0.4923291504383087, 0.509065568447113, 0.5013946890830994, 0.4930264949798584, 0.5006973743438721, 0.5006973743438721, 0.5, 0.5, 0.5076708793640137, 0.5034867525100708, 0.49442121386528015, 0.4958159029483795, 0.5027893781661987, 0.5006973743438721], "benchmark_1410": [721.0, 734.0, 715.0, 716.0, 719.0, 717.0, 715.0, 728.0, 704.0, 715.0, 727.0, 716.0, 716.0, 717.0, 717.0, 706.0, 712.0, 725.0, 723.0, 713.0, 716.0], "TP": [14.0, 12.0, 24.0, 22.0, 21.0, 27.0, 21.0, 17.0, 35.0, 24.0, 14.0, 28.0, 32.0, 28.0, 30.0, 30.0, 28.0, 17.0, 19.0, 33.0, 27.0], "TN": [699.0, 688.0, 695.0, 696.0, 694.0, 690.0, 698.0, 689.0, 695.0, 695.0, 693.0, 690.0, 686.0, 689.0, 687.0, 698.0, 694.0, 692.0, 692.0, 688.0, 691.0], "FP": [18.0, 29.0, 22.0, 21.0, 23.0, 27.0, 19.0, 28.0, 22.0, 22.0, 24.0, 27.0, 31.0, 28.0, 30.0, 19.0, 23.0, 25.0, 25.0, 29.0, 26.0], "FN": [703.0, 705.0, 693.0, 695.0, 696.0, 690.0, 696.0, 700.0, 682.0, 693.0, 703.0, 689.0, 685.0, 689.0, 687.0, 687.0, 689.0, 700.0, 698.0, 684.0, 690.0], "Precision": [0.4375, 0.2926829159259796, 0.52173912525177, 0.5116279125213623, 0.47727271914482117, 0.5, 0.5249999761581421, 0.3777777850627899, 0.6140350699424744, 0.52173912525177, 0.3684210479259491, 0.5090909004211426, 0.5079365372657776, 0.5, 0.5, 0.6122449040412903, 0.5490196347236633, 0.4047619104385376, 0.4318181872367859, 0.5322580933570862, 0.5094339847564697], "Recall": [0.0195258017629385, 0.016736401244997978, 0.033472802489995956, 0.030683403834700584, 0.029288703575730324, 0.03765690326690674, 0.029288703575730324, 0.02370990253984928, 0.04881450533866882, 0.033472802489995956, 0.0195258017629385, 0.039051603525877, 0.04463040456175804, 0.039051603525877, 0.04184100404381752, 0.04184100404381752, 0.039051603525877, 0.02370990253984928, 0.026499303057789803, 0.0460251048207283, 0.03765690326690674], "AUC": [0.4791504740715027, 0.4821256697177887, 0.48576706647872925, 0.5177430510520935, 0.49535292387008667, 0.5120805501937866, 0.5089498162269592, 0.5140480995178223, 0.4999941885471344, 0.5329067707061768, 0.4983835816383362, 0.4611137807369232, 0.4932064414024353, 0.5186105966567993, 0.4917640686035156, 0.4928164482116699, 0.491033673286438, 0.4811375141143799, 0.46912890672683716, 0.47853389382362366, 0.5010348558425903], "val_loss": [0.5929213762283325, 0.5894493460655212, 0.5866570472717285, 0.5843333005905151, 0.5821942090988159, 0.5802659392356873, 0.5784052014350891, 0.5766820907592773, 0.5750440359115601, 0.5734408497810364, 0.5718965530395508, 0.5704177021980286, 0.5689942240715027, 0.5675902962684631, 0.5661987066268921, 0.5648201107978821, 0.5634692907333374, 0.5621334910392761, 0.5608270764350891, 0.5595568418502808, 0.55829256772995], "val_accuracy": [0.3781818151473999, 0.3781818151473999, 0.3781818151473999, 0.3781818151473999, 0.3781818151473999, 0.3781818151473999, 0.3781818151473999, 0.3781818151473999, 0.3781818151473999, 0.3781818151473999, 0.3781818151473999, 0.3781818151473999, 0.3781818151473999, 0.3781818151473999, 0.3781818151473999, 0.3781818151473999, 0.3781818151473999, 0.3781818151473999, 0.3781818151473999, 0.3781818151473999, 0.3781818151473999], "val_benchmark_1410": [171.0, 171.0, 171.0, 171.0, 171.0, 171.0, 171.0, 171.0, 171.0, 171.0, 171.0, 171.0, 171.0, 171.0, 171.0, 171.0, 171.0, 171.0, 171.0, 171.0, 171.0], "val_TP": [0.0, 0.0, 0.0, 0.0, 0.0, 0.0, 0.0, 0.0, 0.0, 0.0, 0.0, 0.0, 0.0, 0.0, 0.0, 0.0, 0.0, 0.0, 0.0, 0.0, 0.0], "val_TN": [104.0, 104.0, 104.0, 104.0, 104.0, 104.0, 104.0, 104.0, 104.0, 104.0, 104.0, 104.0, 104.0, 104.0, 104.0, 104.0, 104.0, 104.0, 104.0, 104.0, 104.0], "val_FP": [0.0, 0.0, 0.0, 0.0, 0.0, 0.0, 0.0, 0.0, 0.0, 0.0, 0.0, 0.0, 0.0, 0.0, 0.0, 0.0, 0.0, 0.0, 0.0, 0.0, 0.0], "val_FN": [171.0, 171.0, 171.0, 171.0, 171.0, 171.0, 171.0, 171.0, 171.0, 171.0, 171.0, 171.0, 171.0, 171.0, 171.0, 171.0, 171.0, 171.0, 171.0, 171.0, 171.0], "val_Precision": [0.0, 0.0, 0.0, 0.0, 0.0, 0.0, 0.0, 0.0, 0.0, 0.0, 0.0, 0.0, 0.0, 0.0, 0.0, 0.0, 0.0, 0.0, 0.0, 0.0, 0.0], "val_Recall": [0.0, 0.0, 0.0, 0.0, 0.0, 0.0, 0.0, 0.0, 0.0, 0.0, 0.0, 0.0, 0.0, 0.0, 0.0, 0.0, 0.0, 0.0, 0.0, 0.0, 0.0], "val_AUC": [0.5, 0.5, 0.5, 0.5, 0.5, 0.48830410838127136, 0.5, 0.5, 0.5, 0.5, 0.4629723131656647, 0.476411372423172, 0.5, 0.5, 0.5, 0.5, 0.4951923191547394, 0.47624266147613525, 0.457630455493927, 0.48245614767074585, 0.5]}