{"loss": [0.2426941692829132, 0.2402922362089157, 0.21223494410514832, 0.2182617336511612, 0.23619353771209717, 0.22864525020122528, 0.22490917146205902, 0.21438761055469513, 0.22396358847618103, 0.20410192012786865, 0.19915926456451416, 0.2123844474554062, 0.21347786486148834, 0.21097005903720856, 0.20061740279197693, 0.20857347548007965, 0.2057162970304489, 0.1903940588235855, 0.1900232583284378, 0.1841064989566803, 0.19230309128761292], "accuracy": [0.5146443247795105, 0.5160390734672546, 0.5446304082870483, 0.5237098932266235, 0.5020920634269714, 0.5132496356964111, 0.5146443247795105, 0.5313807725906372, 0.5334727764129639, 0.5662482380867004, 0.586471438407898, 0.5739191174507141, 0.569037675857544, 0.5739191174507141, 0.5892608165740967, 0.5676429271697998, 0.5878661274909973, 0.6018131375312805, 0.6108786463737488, 0.6283124089241028, 0.6143653988838196], "benchmark_987": [696.0, 694.0, 653.0, 683.0, 714.0, 698.0, 696.0, 672.0, 669.0, 622.0, 593.0, 611.0, 618.0, 611.0, 589.0, 620.0, 591.0, 571.0, 558.0, 533.0, 553.0], "TP": [370.0, 383.0, 386.0, 385.0, 355.0, 367.0, 391.0, 385.0, 389.0, 406.0, 412.0, 405.0, 414.0, 404.0, 427.0, 410.0, 431.0, 440.0, 437.0, 439.0, 439.0], "TN": [368.0, 357.0, 395.0, 366.0, 365.0, 369.0, 347.0, 377.0, 376.0, 406.0, 429.0, 418.0, 402.0, 419.0, 418.0, 404.0, 412.0, 423.0, 439.0, 462.0, 442.0], "FP": [349.0, 360.0, 322.0, 351.0, 352.0, 348.0, 370.0, 340.0, 341.0, 311.0, 288.0, 299.0, 315.0, 298.0, 299.0, 313.0, 305.0, 294.0, 278.0, 255.0, 275.0], "FN": [347.0, 334.0, 331.0, 332.0, 362.0, 350.0, 326.0, 332.0, 328.0, 311.0, 305.0, 312.0, 303.0, 313.0, 290.0, 307.0, 286.0, 277.0, 280.0, 278.0, 278.0], "Precision": [0.5146036148071289, 0.5154777765274048, 0.5451977252960205, 0.523097813129425, 0.50212162733078, 0.5132867097854614, 0.5137976408004761, 0.5310344696044922, 0.53287672996521, 0.5662482380867004, 0.5885714292526245, 0.5752840638160706, 0.5679012537002563, 0.5754985809326172, 0.5881542563438416, 0.56708163022995, 0.585597813129425, 0.5994550585746765, 0.6111888289451599, 0.6325648427009583, 0.6148459315299988], "Recall": [0.5160390734672546, 0.5341701507568359, 0.5383542776107788, 0.5369595289230347, 0.49511855840682983, 0.5118549466133118, 0.5453277826309204, 0.5369595289230347, 0.5425383448600769, 0.5662482380867004, 0.5746164321899414, 0.5648535490036011, 0.5774058699607849, 0.5634588599205017, 0.5955369472503662, 0.5718270540237427, 0.6011157631874084, 0.6136680841445923, 0.6094839572906494, 0.6122733354568481, 0.6122733354568481], "AUC": [0.5185357332229614, 0.5095149278640747, 0.573634147644043, 0.5489243865013123, 0.5046859383583069, 0.5220876336097717, 0.5326052308082581, 0.5521494746208191, 0.5459511876106262, 0.5832579135894775, 0.6261804699897766, 0.5914744734764099, 0.581819474697113, 0.6010437607765198, 0.6225429773330688, 0.5969802737236023, 0.6074172854423523, 0.647003710269928, 0.6475445032119751, 0.6742023229598999, 0.6483653783798218], "val_loss": [0.19468331336975098, 0.187208890914917, 0.18076001107692719, 0.6444323062896729, 0.4469427466392517, 0.18723957240581512, 0.22242037951946259, 0.20689408481121063, 0.2599736154079437, 0.8799732327461243, 0.7462496161460876, 0.27636781334877014, 0.7985052466392517, 0.19548442959785461, 0.5286996960639954, 0.21585507690906525, 0.536336362361908, 0.1899571269750595, 0.8715386390686035, 0.18892990052700043, 0.4129248857498169], "val_accuracy": [0.6218181848526001, 0.3781818151473999, 0.6218181848526001, 0.3781818151473999, 0.3781818151473999, 0.3781818151473999, 0.3781818151473999, 0.3781818151473999, 0.3781818151473999, 0.3781818151473999, 0.3781818151473999, 0.3781818151473999, 0.3781818151473999, 0.3781818151473999, 0.3781818151473999, 0.3781818151473999, 0.3781818151473999, 0.4000000059604645, 0.3781818151473999, 0.4981818199157715, 0.38181817531585693], "val_benchmark_987": [104.0, 171.0, 104.0, 171.0, 171.0, 171.0, 171.0, 171.0, 171.0, 171.0, 171.0, 171.0, 171.0, 171.0, 171.0, 171.0, 171.0, 165.0, 171.0, 138.0, 170.0], "val_TP": [171.0, 0.0, 171.0, 0.0, 0.0, 0.0, 0.0, 0.0, 0.0, 0.0, 0.0, 0.0, 0.0, 0.0, 0.0, 0.0, 0.0, 25.0, 0.0, 57.0, 1.0], "val_TN": [0.0, 104.0, 0.0, 104.0, 104.0, 104.0, 104.0, 104.0, 104.0, 104.0, 104.0, 104.0, 104.0, 104.0, 104.0, 104.0, 104.0, 85.0, 104.0, 80.0, 104.0], "val_FP": [104.0, 0.0, 104.0, 0.0, 0.0, 0.0, 0.0, 0.0, 0.0, 0.0, 0.0, 0.0, 0.0, 0.0, 0.0, 0.0, 0.0, 19.0, 0.0, 24.0, 0.0], "val_FN": [0.0, 171.0, 0.0, 171.0, 171.0, 171.0, 171.0, 171.0, 171.0, 171.0, 171.0, 171.0, 171.0, 171.0, 171.0, 171.0, 171.0, 146.0, 171.0, 114.0, 170.0], "val_Precision": [0.6218181848526001, 0.0, 0.6218181848526001, 0.0, 0.0, 0.0, 0.0, 0.0, 0.0, 0.0, 0.0, 0.0, 0.0, 0.0, 0.0, 0.0, 0.0, 0.5681818127632141, 0.0, 0.7037037014961243, 1.0], "val_Recall": [1.0, 0.0, 1.0, 0.0, 0.0, 0.0, 0.0, 0.0, 0.0, 0.0, 0.0, 0.0, 0.0, 0.0, 0.0, 0.0, 0.0, 0.1461988240480423, 0.0, 0.3333333432674408, 0.005847953259944916], "val_AUC": [0.5, 0.5, 0.4635908603668213, 0.4642374813556671, 0.44874608516693115, 0.44984254240989685, 0.4212775230407715, 0.4784919023513794, 0.42729422450065613, 0.47832322120666504, 0.5525191426277161, 0.44329172372817993, 0.5675888061523438, 0.5328384637832642, 0.5860324501991272, 0.5994433164596558, 0.638270378112793, 0.5013495087623596, 0.579903244972229, 0.5784975290298462, 0.619236409664154]}