{"loss": [1.6094446182250977, 1.0692360401153564, 0.9121407270431519, 0.9115089178085327, 0.9227396845817566, 0.9403523802757263, 1.1789147853851318, 1.0598247051239014, 0.9887754917144775, 1.1862338781356812, 0.9023118019104004, 0.9317411780357361, 0.8489489555358887, 1.0742157697677612, 1.0395848751068115, 0.928197979927063, 1.0295771360397339, 0.9191700220108032, 1.0387263298034668, 0.9607658982276917, 0.8163551092147827], "accuracy": [0.4958159029483795, 0.4818688929080963, 0.4895397424697876, 0.49093446135520935, 0.4972105920314789, 0.49093446135520935, 0.5055788159370422, 0.4748953878879547, 0.5111575722694397, 0.4748953878879547, 0.509065568447113, 0.48117154836654663, 0.4783821403980255, 0.46931660175323486, 0.5034867525100708, 0.49790793657302856, 0.4888423979282379, 0.48465830087661743, 0.5132496356964111, 0.5118549466133118, 0.5209205150604248], "benchmark_557": [723.0, 743.0, 732.0, 730.0, 721.0, 730.0, 709.0, 753.0, 701.0, 753.0, 704.0, 744.0, 748.0, 761.0, 712.0, 720.0, 733.0, 739.0, 698.0, 700.0, 687.0], "TP": [347.0, 331.0, 345.0, 349.0, 355.0, 358.0, 361.0, 342.0, 383.0, 339.0, 362.0, 321.0, 337.0, 329.0, 358.0, 369.0, 367.0, 337.0, 356.0, 346.0, 372.0], "TN": [364.0, 360.0, 357.0, 355.0, 358.0, 346.0, 364.0, 339.0, 350.0, 342.0, 368.0, 369.0, 349.0, 344.0, 364.0, 345.0, 334.0, 358.0, 380.0, 388.0, 375.0], "FP": [353.0, 357.0, 360.0, 362.0, 359.0, 371.0, 353.0, 378.0, 367.0, 375.0, 349.0, 348.0, 368.0, 373.0, 353.0, 372.0, 383.0, 359.0, 337.0, 329.0, 342.0], "FN": [370.0, 386.0, 372.0, 368.0, 362.0, 359.0, 356.0, 375.0, 334.0, 378.0, 355.0, 396.0, 380.0, 388.0, 359.0, 348.0, 350.0, 380.0, 361.0, 371.0, 345.0], "Precision": [0.4957142770290375, 0.48110464215278625, 0.4893617033958435, 0.49085795879364014, 0.4971988797187805, 0.49108368158340454, 0.505602240562439, 0.4749999940395355, 0.5106666684150696, 0.47478991746902466, 0.5091420412063599, 0.4798206388950348, 0.47801417112350464, 0.46866098046302795, 0.5035161972045898, 0.4979757070541382, 0.4893333315849304, 0.48419541120529175, 0.5137085318565369, 0.512592613697052, 0.5210084319114685], "Recall": [0.48396095633506775, 0.4616457521915436, 0.48117154836654663, 0.4867503345012665, 0.49511855840682983, 0.4993026554584503, 0.5034867525100708, 0.47698745131492615, 0.5341701507568359, 0.47280335426330566, 0.5048814415931702, 0.4476987421512604, 0.47001394629478455, 0.45885634422302246, 0.4993026554584503, 0.5146443247795105, 0.5118549466133118, 0.47001394629478455, 0.4965132474899292, 0.482566237449646, 0.5188284516334534], "AUC": [0.49350106716156006, 0.4813213050365448, 0.4971901476383209, 0.5015668272972107, 0.48653730750083923, 0.48931214213371277, 0.5175912976264954, 0.47014522552490234, 0.5132467150688171, 0.48906999826431274, 0.4974615275859833, 0.4916084408760071, 0.47107312083244324, 0.46781978011131287, 0.5100109577178955, 0.49854108691215515, 0.4923904240131378, 0.480800986289978, 0.5087679028511047, 0.5153971314430237, 0.5134364366531372], "val_loss": [1.9199631214141846, 0.742323100566864, 1.5778380632400513, 1.4293736219406128, 0.9266549944877625, 4.959585189819336, 0.6870586276054382, 1.3079477548599243, 1.5099387168884277, 1.4675214290618896, 0.6674132347106934, 1.4758081436157227, 0.6633616089820862, 0.950501024723053, 0.6712749600410461, 0.7713221907615662, 0.6827178597450256, 0.8278219103813171, 1.6844377517700195, 0.7917894124984741, 0.6647921204566956], "val_accuracy": [0.6218181848526001, 0.3781818151473999, 0.3781818151473999, 0.3781818151473999, 0.6218181848526001, 0.3781818151473999, 0.6218181848526001, 0.3781818151473999, 0.3781818151473999, 0.6218181848526001, 0.6218181848526001, 0.6218181848526001, 0.6218181848526001, 0.6218181848526001, 0.6218181848526001, 0.6218181848526001, 0.6218181848526001, 0.6218181848526001, 0.3781818151473999, 0.3781818151473999, 0.6218181848526001], "val_benchmark_557": [104.0, 171.0, 171.0, 171.0, 104.0, 171.0, 104.0, 171.0, 171.0, 104.0, 104.0, 104.0, 104.0, 104.0, 104.0, 104.0, 104.0, 104.0, 171.0, 171.0, 104.0], "val_TP": [171.0, 0.0, 0.0, 0.0, 171.0, 0.0, 171.0, 0.0, 0.0, 171.0, 171.0, 171.0, 171.0, 171.0, 171.0, 171.0, 171.0, 171.0, 0.0, 0.0, 171.0], "val_TN": [0.0, 104.0, 104.0, 104.0, 0.0, 104.0, 0.0, 104.0, 104.0, 0.0, 0.0, 0.0, 0.0, 0.0, 0.0, 0.0, 0.0, 0.0, 104.0, 104.0, 0.0], "val_FP": [104.0, 0.0, 0.0, 0.0, 104.0, 0.0, 104.0, 0.0, 0.0, 104.0, 104.0, 104.0, 104.0, 104.0, 104.0, 104.0, 104.0, 104.0, 0.0, 0.0, 104.0], "val_FN": [0.0, 171.0, 171.0, 171.0, 0.0, 171.0, 0.0, 171.0, 171.0, 0.0, 0.0, 0.0, 0.0, 0.0, 0.0, 0.0, 0.0, 0.0, 171.0, 171.0, 0.0], "val_Precision": [0.6218181848526001, 0.0, 0.0, 0.0, 0.6218181848526001, 0.0, 0.6218181848526001, 0.0, 0.0, 0.6218181848526001, 0.6218181848526001, 0.6218181848526001, 0.6218181848526001, 0.6218181848526001, 0.6218181848526001, 0.6218181848526001, 0.6218181848526001, 0.6218181848526001, 0.0, 0.0, 0.6218181848526001], "val_Recall": [1.0, 0.0, 0.0, 0.0, 1.0, 0.0, 1.0, 0.0, 0.0, 1.0, 1.0, 1.0, 1.0, 1.0, 1.0, 1.0, 1.0, 1.0, 0.0, 0.0, 1.0], "val_AUC": [0.5, 0.4795321524143219, 0.5, 0.5, 0.5, 0.5, 0.5, 0.5, 0.5, 0.5, 0.5, 0.5, 0.5, 0.5, 0.5, 0.5, 0.5, 0.5, 0.5, 0.5, 0.5]}