{"loss": [0.42713940143585205, 0.40283259749412537, 0.40310391783714294, 0.40977197885513306, 0.4069083631038666, 0.40432479977607727, 0.3971906304359436, 0.3981839418411255, 0.39944982528686523, 0.37999585270881653, 0.3849959373474121, 0.3833100497722626, 0.38786718249320984, 0.3824426829814911, 0.3889460265636444, 0.37748613953590393, 0.3840515613555908, 0.36925771832466125, 0.373674213886261, 0.37863534688949585, 0.37078288197517395], "accuracy": [0.4860529899597168, 0.5111575722694397, 0.5055788159370422, 0.508368194103241, 0.4923291504383087, 0.5013946890830994, 0.5160390734672546, 0.509065568447113, 0.49790793657302856, 0.5320780873298645, 0.5355648398399353, 0.5292887091636658, 0.5027893781661987, 0.526499330997467, 0.4923291504383087, 0.5292887091636658, 0.5125523209571838, 0.5327754616737366, 0.5202231407165527, 0.5069735050201416, 0.5181310772895813], "benchmark_37": [737.0, 701.0, 709.0, 705.0, 728.0, 715.0, 694.0, 704.0, 720.0, 671.0, 666.0, 675.0, 713.0, 679.0, 728.0, 675.0, 699.0, 670.0, 688.0, 707.0, 691.0], "TP": [354.0, 377.0, 370.0, 369.0, 369.0, 354.0, 367.0, 371.0, 355.0, 374.0, 397.0, 386.0, 355.0, 395.0, 349.0, 383.0, 375.0, 383.0, 363.0, 373.0, 363.0], "TN": [343.0, 356.0, 355.0, 360.0, 337.0, 365.0, 373.0, 359.0, 359.0, 389.0, 371.0, 373.0, 366.0, 360.0, 357.0, 376.0, 360.0, 381.0, 383.0, 354.0, 380.0], "FP": [374.0, 361.0, 362.0, 357.0, 380.0, 352.0, 344.0, 358.0, 358.0, 328.0, 346.0, 344.0, 351.0, 357.0, 360.0, 341.0, 357.0, 336.0, 334.0, 363.0, 337.0], "FN": [363.0, 340.0, 347.0, 348.0, 348.0, 363.0, 350.0, 346.0, 362.0, 343.0, 320.0, 331.0, 362.0, 322.0, 368.0, 334.0, 342.0, 334.0, 354.0, 344.0, 354.0], "Precision": [0.4862637221813202, 0.510840117931366, 0.505464494228363, 0.5082644820213318, 0.4926568865776062, 0.5014164447784424, 0.5161743760108948, 0.5089163184165955, 0.4978962242603302, 0.5327635407447815, 0.5343202948570251, 0.5287671089172363, 0.5028328895568848, 0.5252659320831299, 0.49224260449409485, 0.5290055274963379, 0.5122950673103333, 0.5326842665672302, 0.5208034515380859, 0.5067934989929199, 0.5185714364051819], "Recall": [0.4937238395214081, 0.525801956653595, 0.5160390734672546, 0.5146443247795105, 0.5146443247795105, 0.4937238395214081, 0.5118549466133118, 0.517433762550354, 0.49511855840682983, 0.5216178297996521, 0.5536959767341614, 0.5383542776107788, 0.49511855840682983, 0.5509065389633179, 0.4867503345012665, 0.5341701507568359, 0.5230125784873962, 0.5341701507568359, 0.5062761306762695, 0.5202231407165527, 0.5062761306762695], "AUC": [0.4899822771549225, 0.5137991905212402, 0.5119706988334656, 0.4923136234283447, 0.49224159121513367, 0.5059124231338501, 0.515322208404541, 0.5102851390838623, 0.5020288825035095, 0.5483973026275635, 0.5338287949562073, 0.5347546339035034, 0.5196483135223389, 0.5271869897842407, 0.5100041031837463, 0.5299627184867859, 0.5125834345817566, 0.5463314652442932, 0.5319370627403259, 0.5032464861869812, 0.524323582649231], "val_loss": [0.3428300619125366, 0.41581565141677856, 0.3435131907463074, 0.3337877690792084, 0.3980296850204468, 0.37506482005119324, 0.3913186490535736, 0.5036112070083618, 0.40044307708740234, 0.3487894535064697, 0.4303717315196991, 0.5005663633346558, 0.3583301901817322, 0.48167601227760315, 0.3652494251728058, 0.3520447313785553, 0.40750959515571594, 0.4400840103626251, 0.34141454100608826, 0.43718022108078003, 0.42516186833381653], "val_accuracy": [0.6218181848526001, 0.3781818151473999, 0.6218181848526001, 0.6218181848526001, 0.3781818151473999, 0.3781818151473999, 0.3781818151473999, 0.3781818151473999, 0.3781818151473999, 0.4363636374473572, 0.3781818151473999, 0.3781818151473999, 0.4036363661289215, 0.3781818151473999, 0.38545453548431396, 0.4363636374473572, 0.3781818151473999, 0.3781818151473999, 0.5418182015419006, 0.3781818151473999, 0.3781818151473999], "val_benchmark_37": [104.0, 171.0, 104.0, 104.0, 171.0, 171.0, 171.0, 171.0, 171.0, 155.0, 171.0, 171.0, 164.0, 171.0, 169.0, 155.0, 171.0, 171.0, 126.0, 171.0, 171.0], "val_TP": [171.0, 0.0, 171.0, 171.0, 0.0, 0.0, 0.0, 0.0, 0.0, 21.0, 0.0, 0.0, 7.0, 0.0, 2.0, 19.0, 0.0, 0.0, 84.0, 0.0, 0.0], "val_TN": [0.0, 104.0, 0.0, 0.0, 104.0, 104.0, 104.0, 104.0, 104.0, 99.0, 104.0, 104.0, 104.0, 104.0, 104.0, 101.0, 104.0, 104.0, 65.0, 104.0, 104.0], "val_FP": [104.0, 0.0, 104.0, 104.0, 0.0, 0.0, 0.0, 0.0, 0.0, 5.0, 0.0, 0.0, 0.0, 0.0, 0.0, 3.0, 0.0, 0.0, 39.0, 0.0, 0.0], "val_FN": [0.0, 171.0, 0.0, 0.0, 171.0, 171.0, 171.0, 171.0, 171.0, 150.0, 171.0, 171.0, 164.0, 171.0, 169.0, 152.0, 171.0, 171.0, 87.0, 171.0, 171.0], "val_Precision": [0.6218181848526001, 0.0, 0.6218181848526001, 0.6218181848526001, 0.0, 0.0, 0.0, 0.0, 0.0, 0.807692289352417, 0.0, 0.0, 1.0, 0.0, 1.0, 0.8636363744735718, 0.0, 0.0, 0.6829268336296082, 0.0, 0.0], "val_Recall": [1.0, 0.0, 1.0, 1.0, 0.0, 0.0, 0.0, 0.0, 0.0, 0.12280701845884323, 0.0, 0.0, 0.04093567281961441, 0.0, 0.011695906519889832, 0.1111111119389534, 0.0, 0.0, 0.4912280738353729, 0.0, 0.0], "val_AUC": [0.5, 0.5, 0.5142262578010559, 0.5, 0.5, 0.5058479309082031, 0.5645243525505066, 0.5628092885017395, 0.5668016672134399, 0.5666048526763916, 0.5618534088134766, 0.5680949091911316, 0.5647491812705994, 0.5741678476333618, 0.5744208693504333, 0.5732118487358093, 0.569444477558136, 0.5681793093681335, 0.5701754093170166, 0.5690789222717285, 0.5801563262939453]}