{"loss": [0.6947409510612488, 0.6929646134376526, 0.6900659799575806, 0.689509928226471, 0.6885862946510315, 0.6865754723548889, 0.6863254904747009, 0.6853687167167664, 0.6797178387641907, 0.6744305491447449, 0.6723596453666687, 0.6660662293434143, 0.6675583124160767, 0.6589128375053406, 0.6568410992622375, 0.6515775918960571, 0.6535763144493103, 0.650374710559845, 0.6442269086837769, 0.6416729092597961, 0.6389950513839722, 0.6355399489402771, 0.6376860737800598, 0.6294257044792175, 0.6323893666267395, 0.6329103708267212, 0.6356746554374695, 0.6272778511047363, 0.6268874406814575, 0.6329643726348877, 0.6251522302627563, 0.6190215945243835, 0.6183369159698486, 0.6155970692634583, 0.6104430556297302, 0.6148825883865356, 0.6120601892471313, 0.6076275706291199, 0.61423659324646, 0.6106191277503967, 0.6066118478775024, 0.6074495911598206, 0.6046850085258484, 0.5995225310325623, 0.6029247045516968, 0.5986201763153076, 0.5961256623268127, 0.5952174663543701, 0.5905081629753113, 0.5901265740394592, 0.5962047576904297, 0.5932299494743347, 0.5895856618881226, 0.5870280861854553, 0.5810937881469727, 0.5871894359588623], "accuracy": [0.5048814415931702, 0.5048814415931702, 0.5306833982467651, 0.5341701507568359, 0.5502092242240906, 0.5327754616737366, 0.5620641708374023, 0.5467224717140198, 0.5697349905967712, 0.5774058699607849, 0.5801952481269836, 0.599023699760437, 0.5843793749809265, 0.6136680841445923, 0.5997210741043091, 0.633891224861145, 0.6087865829467773, 0.616457462310791, 0.6317991614341736, 0.6262203454971313, 0.6206415891647339, 0.6429567933082581, 0.6262203454971313, 0.6373779773712158, 0.6317991614341736, 0.6283124089241028, 0.615760087966919, 0.6499302387237549, 0.6345885396003723, 0.6401673555374146, 0.6520223021507263, 0.650627613067627, 0.6603904962539673, 0.6589958071708679, 0.6576011180877686, 0.6499302387237549, 0.668061375617981, 0.6673640012741089, 0.6520223021507263, 0.6729428172111511, 0.6555090546607971, 0.6666666865348816, 0.6541143655776978, 0.6701534390449524, 0.6652719378471375, 0.6799163222312927, 0.6555090546607971, 0.6757321953773499, 0.6785216331481934, 0.6729428172111511, 0.6701534390449524, 0.6806136965751648, 0.6666666865348816, 0.6785216331481934, 0.6820083856582642, 0.6841003894805908], "benchmark_499": [710.0, 710.0, 673.0, 668.0, 645.0, 670.0, 628.0, 650.0, 617.0, 606.0, 602.0, 575.0, 596.0, 554.0, 574.0, 525.0, 561.0, 550.0, 528.0, 536.0, 544.0, 512.0, 536.0, 520.0, 528.0, 533.0, 551.0, 502.0, 524.0, 516.0, 499.0, 501.0, 487.0, 489.0, 491.0, 502.0, 476.0, 477.0, 499.0, 469.0, 494.0, 478.0, 496.0, 473.0, 480.0, 459.0, 494.0, 465.0, 461.0, 469.0, 473.0, 458.0, 478.0, 461.0, 456.0, 453.0], "TP": [352.0, 356.0, 343.0, 389.0, 367.0, 369.0, 406.0, 361.0, 415.0, 399.0, 394.0, 431.0, 421.0, 437.0, 422.0, 457.0, 437.0, 431.0, 450.0, 450.0, 440.0, 466.0, 444.0, 467.0, 442.0, 445.0, 437.0, 460.0, 461.0, 456.0, 471.0, 470.0, 462.0, 466.0, 465.0, 457.0, 474.0, 488.0, 461.0, 490.0, 470.0, 475.0, 471.0, 473.0, 483.0, 486.0, 472.0, 486.0, 494.0, 470.0, 483.0, 490.0, 487.0, 490.0, 492.0, 494.0], "TN": [372.0, 368.0, 418.0, 377.0, 422.0, 395.0, 400.0, 423.0, 402.0, 429.0, 438.0, 428.0, 417.0, 443.0, 438.0, 452.0, 436.0, 453.0, 456.0, 448.0, 450.0, 456.0, 454.0, 447.0, 464.0, 456.0, 446.0, 472.0, 449.0, 462.0, 464.0, 463.0, 485.0, 479.0, 478.0, 475.0, 484.0, 469.0, 474.0, 475.0, 470.0, 481.0, 467.0, 488.0, 471.0, 489.0, 468.0, 483.0, 479.0, 495.0, 478.0, 486.0, 469.0, 483.0, 486.0, 487.0], "FP": [345.0, 349.0, 299.0, 340.0, 295.0, 322.0, 317.0, 294.0, 315.0, 288.0, 279.0, 289.0, 300.0, 274.0, 279.0, 265.0, 281.0, 264.0, 261.0, 269.0, 267.0, 261.0, 263.0, 270.0, 253.0, 261.0, 271.0, 245.0, 268.0, 255.0, 253.0, 254.0, 232.0, 238.0, 239.0, 242.0, 233.0, 248.0, 243.0, 242.0, 247.0, 236.0, 250.0, 229.0, 246.0, 228.0, 249.0, 234.0, 238.0, 222.0, 239.0, 231.0, 248.0, 234.0, 231.0, 230.0], "FN": [365.0, 361.0, 374.0, 328.0, 350.0, 348.0, 311.0, 356.0, 302.0, 318.0, 323.0, 286.0, 296.0, 280.0, 295.0, 260.0, 280.0, 286.0, 267.0, 267.0, 277.0, 251.0, 273.0, 250.0, 275.0, 272.0, 280.0, 257.0, 256.0, 261.0, 246.0, 247.0, 255.0, 251.0, 252.0, 260.0, 243.0, 229.0, 256.0, 227.0, 247.0, 242.0, 246.0, 244.0, 234.0, 231.0, 245.0, 231.0, 223.0, 247.0, 234.0, 227.0, 230.0, 227.0, 225.0, 223.0], "Precision": [0.5050215125083923, 0.5049645304679871, 0.5342679023742676, 0.5336076617240906, 0.5543806552886963, 0.5340086817741394, 0.5615491271018982, 0.5511450171470642, 0.568493127822876, 0.5807860493659973, 0.5854383111000061, 0.5986111164093018, 0.5839112401008606, 0.6146273016929626, 0.6019971370697021, 0.632964015007019, 0.6086350679397583, 0.6201438903808594, 0.6329113841056824, 0.6258692741394043, 0.6223479509353638, 0.6409903764724731, 0.6280056834220886, 0.6336499452590942, 0.6359712481498718, 0.6303116083145142, 0.6172316670417786, 0.652482271194458, 0.6323730945587158, 0.6413502097129822, 0.65055251121521, 0.6491712927818298, 0.6657060384750366, 0.6619318127632141, 0.6605113744735718, 0.6537911295890808, 0.6704384684562683, 0.6630434989929199, 0.6548295617103577, 0.6693989038467407, 0.6555090546607971, 0.6680731177330017, 0.6532593369483948, 0.6737892031669617, 0.6625514626502991, 0.680672287940979, 0.6546463370323181, 0.675000011920929, 0.6748633980751038, 0.6791907548904419, 0.6689750552177429, 0.6796116232872009, 0.6625850200653076, 0.6767956018447876, 0.680497944355011, 0.6823204159736633], "Recall": [0.49093446135520935, 0.4965132474899292, 0.4783821403980255, 0.5425383448600769, 0.5118549466133118, 0.5146443247795105, 0.5662482380867004, 0.5034867525100708, 0.5788005590438843, 0.5564853549003601, 0.5495118498802185, 0.6011157631874084, 0.5871687531471252, 0.6094839572906494, 0.5885634422302246, 0.6373779773712158, 0.6094839572906494, 0.6011157631874084, 0.6276150345802307, 0.6276150345802307, 0.6136680841445923, 0.6499302387237549, 0.6192468404769897, 0.651324987411499, 0.616457462310791, 0.6206415891647339, 0.6094839572906494, 0.6415620446205139, 0.6429567933082581, 0.6359832882881165, 0.6569037437438965, 0.6555090546607971, 0.6443514823913574, 0.6499302387237549, 0.6485355496406555, 0.6373779773712158, 0.6610878705978394, 0.6806136965751648, 0.6429567933082581, 0.6834030747413635, 0.6555090546607971, 0.6624825596809387, 0.6569037437438965, 0.65969318151474, 0.6736401915550232, 0.6778242588043213, 0.6582984924316406, 0.6778242588043213, 0.6889818906784058, 0.6555090546607971, 0.6736401915550232, 0.6834030747413635, 0.6792189478874207, 0.6834030747413635, 0.6861924529075623, 0.6889818906784058], "AUC": [0.5094282627105713, 0.5204848051071167, 0.5431724786758423, 0.5463013052940369, 0.5529800653457642, 0.5598340034484863, 0.5697515606880188, 0.5688246488571167, 0.5952918529510498, 0.6197701692581177, 0.6200327277183533, 0.6376103758811951, 0.6287860870361328, 0.6569990515708923, 0.657417356967926, 0.6674000024795532, 0.6587954759597778, 0.6643460392951965, 0.6794368028640747, 0.6780158281326294, 0.683079183101654, 0.6921378970146179, 0.6831599473953247, 0.7009524703025818, 0.6942669153213501, 0.6925444602966309, 0.6834468245506287, 0.7025330662727356, 0.7014573812484741, 0.6942747235298157, 0.7047349214553833, 0.7110286951065063, 0.7189192771911621, 0.7176558375358582, 0.729090690612793, 0.7176394462585449, 0.7246342897415161, 0.7312517762184143, 0.720376193523407, 0.7268819808959961, 0.7308160662651062, 0.7301352620124817, 0.7292929887771606, 0.7376874089241028, 0.7338475584983826, 0.7402172088623047, 0.744299054145813, 0.7467792630195618, 0.7476078867912292, 0.7485153079032898, 0.7446064352989197, 0.7468074560165405, 0.7485396265983582, 0.7529367208480835, 0.7586507201194763, 0.7531983852386475],