{"loss": [0.6924675703048706, 0.690677285194397, 0.6902280449867249, 0.6885516047477722, 0.6853938698768616, 0.6846470236778259, 0.6806718707084656, 0.6782297492027283, 0.6769999265670776, 0.6711199283599854, 0.6693310141563416, 0.6651042103767395, 0.6615958213806152, 0.6553930044174194, 0.6512630581855774, 0.6481176614761353, 0.6404201984405518, 0.6364210247993469, 0.6348240375518799, 0.6244029998779297, 0.6171566247940063, 0.6099846959114075, 0.605631947517395, 0.6009992957115173, 0.5894671082496643, 0.5827189683914185, 0.5753298401832581, 0.5630980730056763, 0.554839551448822, 0.5477672815322876, 0.5346224308013916, 0.5241563320159912, 0.5177754759788513, 0.5065058469772339, 0.49026983976364136, 0.4857081472873688, 0.4745858907699585, 0.46509984135627747, 0.4407695531845093, 0.44469818472862244, 0.426282674074173, 0.4034796357154846, 0.4070397913455963, 0.3831125795841217, 0.3632431924343109, 0.3609447479248047, 0.33457323908805847, 0.3154766857624054, 0.3056444525718689, 0.2880758047103882, 0.2941974997520447, 0.2603903114795685, 0.24584442377090454, 0.2274666428565979, 0.23123617470264435], "accuracy": [0.5069735050201416, 0.5320780873298645, 0.5034867525100708, 0.5299860239028931, 0.5362622141838074, 0.5543932914733887, 0.5488144755363464, 0.5648535490036011, 0.5683403015136719, 0.5878661274909973, 0.5934448838233948, 0.6108786463737488, 0.615760087966919, 0.6143653988838196, 0.6241283416748047, 0.6485355496406555, 0.6450487971305847, 0.6541143655776978, 0.65969318151474, 0.6617852449417114, 0.6750348806381226, 0.6882845163345337, 0.6931659579277039, 0.6945606470108032, 0.7210599780082703, 0.7273361086845398, 0.7315202355384827, 0.7377963662147522, 0.7594142556190491, 0.7524407505989075, 0.7663877010345459, 0.7642956972122192, 0.776150643825531, 0.7754532694816589, 0.8012552261352539, 0.8040446043014526, 0.8075313568115234, 0.8131101727485657, 0.84030681848526, 0.8312413096427917, 0.8305439352989197, 0.8612273335456848, 0.8423988819122314, 0.8758716583251953, 0.8870292901992798, 0.8828451633453369, 0.9023709893226624, 0.9149233102798462, 0.9218968152999878, 0.9295676350593567, 0.910041868686676, 0.9463040232658386, 0.9456067085266113, 0.9532775282859802, 0.9463040232658386], "benchmark_619": [707.0, 671.0, 712.0, 674.0, 665.0, 639.0, 647.0, 624.0, 619.0, 591.0, 583.0, 558.0, 551.0, 553.0, 539.0, 504.0, 509.0, 496.0, 488.0, 485.0, 466.0, 447.0, 440.0, 438.0, 400.0, 391.0, 385.0, 376.0, 345.0, 355.0, 335.0, 338.0, 321.0, 322.0, 285.0, 281.0, 276.0, 268.0, 229.0, 242.0, 243.0, 199.0, 226.0, 178.0, 162.0, 168.0, 140.0, 122.0, 112.0, 101.0, 129.0, 77.0, 78.0, 67.0, 77.0], "TP": [388.0, 419.0, 432.0, 436.0, 454.0, 481.0, 456.0, 471.0, 465.0, 460.0, 459.0, 452.0, 438.0, 437.0, 418.0, 447.0, 429.0, 437.0, 437.0, 423.0, 431.0, 448.0, 449.0, 460.0, 475.0, 484.0, 482.0, 487.0, 511.0, 505.0, 515.0, 516.0, 522.0, 527.0, 542.0, 546.0, 540.0, 551.0, 572.0, 567.0, 560.0, 587.0, 585.0, 601.0, 599.0, 598.0, 617.0, 629.0, 634.0, 648.0, 624.0, 664.0, 662.0, 668.0, 658.0], "TN": [339.0, 344.0, 290.0, 324.0, 315.0, 314.0, 331.0, 339.0, 350.0, 383.0, 392.0, 424.0, 445.0, 444.0, 477.0, 483.0, 496.0, 501.0, 509.0, 526.0, 537.0, 539.0, 545.0, 536.0, 559.0, 559.0, 567.0, 571.0, 578.0, 574.0, 584.0, 580.0, 591.0, 585.0, 607.0, 607.0, 618.0, 615.0, 633.0, 625.0, 631.0, 648.0, 623.0, 655.0, 673.0, 668.0, 677.0, 683.0, 688.0, 685.0, 681.0, 693.0, 694.0, 699.0, 699.0], "FP": [378.0, 373.0, 427.0, 393.0, 402.0, 403.0, 386.0, 378.0, 367.0, 334.0, 325.0, 293.0, 272.0, 273.0, 240.0, 234.0, 221.0, 216.0, 208.0, 191.0, 180.0, 178.0, 172.0, 181.0, 158.0, 158.0, 150.0, 146.0, 139.0, 143.0, 133.0, 137.0, 126.0, 132.0, 110.0, 110.0, 99.0, 102.0, 84.0, 92.0, 86.0, 69.0, 94.0, 62.0, 44.0, 49.0, 40.0, 34.0, 29.0, 32.0, 36.0, 24.0, 23.0, 18.0, 18.0], "FN": [329.0, 298.0, 285.0, 281.0, 263.0, 236.0, 261.0, 246.0, 252.0, 257.0, 258.0, 265.0, 279.0, 280.0, 299.0, 270.0, 288.0, 280.0, 280.0, 294.0, 286.0, 269.0, 268.0, 257.0, 242.0, 233.0, 235.0, 230.0, 206.0, 212.0, 202.0, 201.0, 195.0, 190.0, 175.0, 171.0, 177.0, 166.0, 145.0, 150.0, 157.0, 130.0, 132.0, 116.0, 118.0, 119.0, 100.0, 88.0, 83.0, 69.0, 93.0, 53.0, 55.0, 49.0, 59.0], "Precision": [0.5065274238586426, 0.5290403962135315, 0.5029103755950928, 0.5259348750114441, 0.5303738117218018, 0.5441176295280457, 0.5415676832199097, 0.554770290851593, 0.5588942170143127, 0.5793451070785522, 0.5854591727256775, 0.6067113876342773, 0.6169013977050781, 0.6154929399490356, 0.6352583765983582, 0.6563876867294312, 0.6600000262260437, 0.6692190170288086, 0.6775193810462952, 0.6889250874519348, 0.7054010033607483, 0.7156549692153931, 0.7230273485183716, 0.7176287174224854, 0.7503949403762817, 0.7538940906524658, 0.7626582384109497, 0.7693523168563843, 0.7861538529396057, 0.779321014881134, 0.7947530746459961, 0.7901991009712219, 0.8055555820465088, 0.7996965050697327, 0.8312883377075195, 0.832317054271698, 0.8450704216957092, 0.8437978625297546, 0.8719512224197388, 0.8603945374488831, 0.8668730854988098, 0.894817054271698, 0.861561119556427, 0.9064856767654419, 0.9315707683563232, 0.9242658615112305, 0.9391171932220459, 0.9487179517745972, 0.9562594294548035, 0.9529411792755127, 0.9454545378684998, 0.9651162624359131, 0.9664233326911926, 0.9737609624862671, 0.973372757434845], "Recall": [0.5411436557769775, 0.5843793749809265, 0.6025104522705078, 0.60808926820755, 0.633193850517273, 0.6708507537841797, 0.6359832882881165, 0.6569037437438965, 0.6485355496406555, 0.6415620446205139, 0.6401673555374146, 0.6304044723510742, 0.6108786463737488, 0.6094839572906494, 0.5829846858978271, 0.6234309673309326, 0.5983263850212097, 0.6094839572906494, 0.6094839572906494, 0.589958131313324, 0.6011157631874084, 0.624825656414032, 0.6262203454971313, 0.6415620446205139, 0.6624825596809387, 0.6750348806381226, 0.672245442867279, 0.6792189478874207, 0.7126917839050293, 0.7043235898017883, 0.7182705998420715, 0.7196652889251709, 0.7280334830284119, 0.7350069880485535, 0.7559275031089783, 0.7615062594413757, 0.7531380653381348, 0.7684797644615173, 0.7977684736251831, 0.7907949686050415, 0.7810320854187012, 0.8186889886856079, 0.8158996105194092, 0.8382147550582886, 0.8354253768920898, 0.8340306878089905, 0.8605299592018127, 0.8772664070129395, 0.884239912033081, 0.9037656784057617, 0.8702929019927979, 0.9260808825492859, 0.9232915043830872, 0.9316596984863281, 0.9177126884460449], "AUC": [0.5225622653961182, 0.5448453426361084, 0.5306843519210815, 0.5588711500167847, 0.5756853818893433, 0.5841264724731445, 0.5970911979675293, 0.6172861456871033, 0.614236056804657, 0.6447979211807251, 0.6493370532989502, 0.6575894355773926, 0.6576419472694397, 0.6723096370697021, 0.6819908618927002, 0.6887523531913757, 0.696348249912262, 0.7091000080108643, 0.7112980484962463, 0.7289486527442932, 0.7391424179077148, 0.7603819966316223, 0.75584477186203, 0.7651359438896179, 0.7807520031929016, 0.7886611819267273, 0.7919718623161316, 0.8068340420722961, 0.8141635656356812, 0.8180372714996338, 0.8321895003318787, 0.8417958617210388, 0.8449841141700745, 0.8522318601608276, 0.8679051399230957, 0.8663596510887146, 0.8766624331474304, 0.8829891085624695, 0.9057303667068481, 0.8965810537338257, 0.9116184711456299, 0.9277216792106628, 0.9206693768501282, 0.9331798553466797, 0.9500300288200378, 0.9436051249504089, 0.9573673009872437, 0.96761554479599, 0.9693156480789185, 0.9764292240142822, 0.970313549041748, 0.9782771468162537, 0.9875264763832092, 0.9900104999542236, 0.9862075448036194],