{"loss": [0.17216140031814575, 0.17081218957901, 0.17032766342163086, 0.16981180012226105, 0.169527068734169, 0.1683310717344284, 0.16844899952411652, 0.16783471405506134, 0.16719533503055573, 0.16613909602165222, 0.1658310741186142, 0.16562233865261078, 0.16535881161689758, 0.16457980871200562, 0.163940891623497, 0.16447414457798004, 0.16354075074195862, 0.16303834319114685, 0.1640482395887375, 0.16236582398414612, 0.16256295144557953], "accuracy": [0.5237098932266235, 0.5306833982467651, 0.5334727764129639, 0.5599721074104309, 0.5627614855766296, 0.5739191174507141, 0.581589937210083, 0.5885634422302246, 0.5913528800010681, 0.5753138065338135, 0.6025104522705078, 0.5885634422302246, 0.6087865829467773, 0.6136680841445923, 0.6115760207176208, 0.6178521513938904, 0.6129707098007202, 0.6359832882881165, 0.6122733354568481, 0.6262203454971313, 0.6317991614341736], "benchmark_27": [683.0, 673.0, 669.0, 631.0, 627.0, 611.0, 600.0, 590.0, 586.0, 609.0, 570.0, 590.0, 561.0, 554.0, 557.0, 548.0, 555.0, 522.0, 556.0, 536.0, 528.0], "TP": [661.0, 617.0, 588.0, 560.0, 514.0, 509.0, 486.0, 478.0, 471.0, 450.0, 454.0, 436.0, 438.0, 431.0, 439.0, 421.0, 416.0, 422.0, 423.0, 425.0, 436.0], "TN": [90.0, 144.0, 177.0, 243.0, 293.0, 314.0, 348.0, 366.0, 377.0, 375.0, 410.0, 408.0, 435.0, 449.0, 438.0, 465.0, 463.0, 490.0, 455.0, 473.0, 470.0], "FP": [627.0, 573.0, 540.0, 474.0, 424.0, 403.0, 369.0, 351.0, 340.0, 342.0, 307.0, 309.0, 282.0, 268.0, 279.0, 252.0, 254.0, 227.0, 262.0, 244.0, 247.0], "FN": [56.0, 100.0, 129.0, 157.0, 203.0, 208.0, 231.0, 239.0, 246.0, 267.0, 263.0, 281.0, 279.0, 286.0, 278.0, 296.0, 301.0, 295.0, 294.0, 292.0, 281.0], "Precision": [0.513198733329773, 0.5184873938560486, 0.521276593208313, 0.5415861010551453, 0.5479744076728821, 0.5581140518188477, 0.5684210658073425, 0.5765982866287231, 0.5807644724845886, 0.5681818127632141, 0.5965834259986877, 0.5852348804473877, 0.6083333492279053, 0.6165951490402222, 0.6114206314086914, 0.6255571842193604, 0.620895504951477, 0.650231122970581, 0.6175182461738586, 0.6352765560150146, 0.6383602023124695], "Recall": [0.9218968152999878, 0.8605299592018127, 0.8200836777687073, 0.7810320854187012, 0.7168758511543274, 0.7099023461341858, 0.6778242588043213, 0.6666666865348816, 0.6569037437438965, 0.6276150345802307, 0.633193850517273, 0.60808926820755, 0.6108786463737488, 0.6011157631874084, 0.6122733354568481, 0.5871687531471252, 0.5801952481269836, 0.5885634422302246, 0.589958131313324, 0.5927475690841675, 0.60808926820755], "AUC": [0.5896819233894348, 0.597043514251709, 0.5995265245437622, 0.6055868268013, 0.606585681438446, 0.6260773539543152, 0.6236264705657959, 0.624433696269989, 0.6350155472755432, 0.6424383521080017, 0.6494079828262329, 0.6508318781852722, 0.6614798307418823, 0.6591923236846924, 0.6700192093849182, 0.6681829690933228, 0.6709928512573242, 0.6722473502159119, 0.6574921607971191, 0.6799289584159851, 0.6785216331481934], "val_loss": [0.17177031934261322, 0.16991403698921204, 0.1687454730272293, 0.16792802512645721, 0.167327880859375, 0.16690115630626678, 0.16663315892219543, 0.16645999252796173, 0.16634678840637207, 0.1662195920944214, 0.16611196100711823, 0.16603517532348633, 0.16593977808952332, 0.16584892570972443, 0.1657327264547348, 0.16556338965892792, 0.1654156595468521, 0.1652033030986786, 0.16512250900268555, 0.16511523723602295, 0.16504140198230743], "val_accuracy": [0.6218181848526001, 0.6218181848526001, 0.6218181848526001, 0.6218181848526001, 0.6218181848526001, 0.6218181848526001, 0.6218181848526001, 0.6218181848526001, 0.6218181848526001, 0.6218181848526001, 0.6218181848526001, 0.6218181848526001, 0.6218181848526001, 0.6218181848526001, 0.6218181848526001, 0.6218181848526001, 0.6218181848526001, 0.6218181848526001, 0.6218181848526001, 0.6218181848526001, 0.6218181848526001], "val_benchmark_27": [104.0, 104.0, 104.0, 104.0, 104.0, 104.0, 104.0, 104.0, 104.0, 104.0, 104.0, 104.0, 104.0, 104.0, 104.0, 104.0, 104.0, 104.0, 104.0, 104.0, 104.0], "val_TP": [171.0, 171.0, 171.0, 171.0, 171.0, 171.0, 171.0, 171.0, 171.0, 171.0, 171.0, 171.0, 171.0, 171.0, 171.0, 171.0, 171.0, 171.0, 171.0, 171.0, 171.0], "val_TN": [0.0, 0.0, 0.0, 0.0, 0.0, 0.0, 0.0, 0.0, 0.0, 0.0, 0.0, 0.0, 0.0, 0.0, 0.0, 0.0, 0.0, 0.0, 0.0, 0.0, 0.0], "val_FP": [104.0, 104.0, 104.0, 104.0, 104.0, 104.0, 104.0, 104.0, 104.0, 104.0, 104.0, 104.0, 104.0, 104.0, 104.0, 104.0, 104.0, 104.0, 104.0, 104.0, 104.0], "val_FN": [0.0, 0.0, 0.0, 0.0, 0.0, 0.0, 0.0, 0.0, 0.0, 0.0, 0.0, 0.0, 0.0, 0.0, 0.0, 0.0, 0.0, 0.0, 0.0, 0.0, 0.0], "val_Precision": [0.6218181848526001, 0.6218181848526001, 0.6218181848526001, 0.6218181848526001, 0.6218181848526001, 0.6218181848526001, 0.6218181848526001, 0.6218181848526001, 0.6218181848526001, 0.6218181848526001, 0.6218181848526001, 0.6218181848526001, 0.6218181848526001, 0.6218181848526001, 0.6218181848526001, 0.6218181848526001, 0.6218181848526001, 0.6218181848526001, 0.6218181848526001, 0.6218181848526001, 0.6218181848526001], "val_Recall": [1.0, 1.0, 1.0, 1.0, 1.0, 1.0, 1.0, 1.0, 1.0, 1.0, 1.0, 1.0, 1.0, 1.0, 1.0, 1.0, 1.0, 1.0, 1.0, 1.0, 1.0], "val_AUC": [0.5, 0.49707603454589844, 0.5, 0.5, 0.5, 0.49707603454589844, 0.5525752902030945, 0.5148448348045349, 0.5265969634056091, 0.5713000297546387, 0.6039136648178101, 0.594298243522644, 0.5934266448020935, 0.611785888671875, 0.6402946710586548, 0.6233411431312561, 0.6512314081192017, 0.631944477558136, 0.6526371836662292, 0.6343342065811157, 0.6637988686561584]}