{"loss": [0.17181652784347534, 0.16647891700267792, 0.16192200779914856, 0.15836656093597412, 0.15548580884933472, 0.1548185646533966, 0.15101180970668793, 0.14821018278598785, 0.14640530943870544, 0.14466515183448792, 0.14275187253952026, 0.13871443271636963, 0.13757382333278656, 0.13561750948429108, 0.1334715038537979, 0.13254526257514954, 0.12692196667194366, 0.12698720395565033, 0.1240467056632042, 0.1223052591085434, 0.12099207937717438, 0.11861536651849747, 0.11878298968076706, 0.11535067111253738, 0.1130477711558342, 0.1077115461230278, 0.11037755757570267, 0.10820609331130981, 0.10630103200674057, 0.10256478190422058, 0.09963789582252502, 0.09926769137382507, 0.09890684485435486, 0.09284970164299011, 0.09512445330619812, 0.08949605375528336, 0.08735459297895432, 0.08584115654230118, 0.08165416121482849, 0.07957937568426132, 0.07836965471506119, 0.07773178070783615, 0.0754077285528183, 0.07260826975107193, 0.06963338702917099, 0.07046272605657578, 0.06580051779747009, 0.06922245025634766, 0.061545394361019135], "accuracy": [0.5523012280464172, 0.5913528800010681, 0.624825656414032, 0.6345885396003723, 0.6471408605575562, 0.6450487971305847, 0.6820083856582642, 0.6903765797615051, 0.6973500847816467, 0.6966527104377747, 0.7050209045410156, 0.7259414196014404, 0.7252440452575684, 0.7426778078079224, 0.7440724968910217, 0.7426778078079224, 0.7622036337852478, 0.7524407505989075, 0.7782427072525024, 0.7719665169715881, 0.7796373963356018, 0.784518837928772, 0.7984658479690552, 0.7900976538658142, 0.8005578517913818, 0.8089261054992676, 0.7984658479690552, 0.8075313568115234, 0.8103207945823669, 0.827754557132721, 0.8340306878089905, 0.8340306878089905, 0.8249651193618774, 0.84030681848526, 0.8361227512359619, 0.8626220226287842, 0.8612273335456848, 0.848675012588501, 0.8786610960960388, 0.883542537689209, 0.8702929019927979, 0.8723849654197693, 0.8800557851791382, 0.8898186683654785, 0.8988842368125916, 0.8898186683654785, 0.8988842368125916, 0.8870292901992798, 0.9086471199989319], "benchmark_187": [642.0, 586.0, 538.0, 524.0, 506.0, 509.0, 456.0, 444.0, 434.0, 435.0, 423.0, 393.0, 394.0, 369.0, 367.0, 369.0, 341.0, 355.0, 318.0, 327.0, 316.0, 309.0, 289.0, 301.0, 286.0, 274.0, 289.0, 276.0, 272.0, 247.0, 238.0, 238.0, 251.0, 229.0, 235.0, 197.0, 199.0, 217.0, 174.0, 167.0, 186.0, 183.0, 172.0, 158.0, 145.0, 158.0, 145.0, 162.0, 131.0], "TP": [265.0, 348.0, 412.0, 435.0, 452.0, 435.0, 467.0, 472.0, 479.0, 476.0, 494.0, 499.0, 497.0, 508.0, 515.0, 517.0, 539.0, 517.0, 543.0, 547.0, 535.0, 547.0, 557.0, 558.0, 557.0, 566.0, 557.0, 568.0, 572.0, 583.0, 592.0, 585.0, 582.0, 586.0, 580.0, 608.0, 607.0, 601.0, 624.0, 625.0, 611.0, 616.0, 626.0, 631.0, 634.0, 622.0, 642.0, 625.0, 644.0], "TN": [527.0, 500.0, 484.0, 475.0, 476.0, 490.0, 511.0, 518.0, 521.0, 523.0, 517.0, 542.0, 543.0, 557.0, 552.0, 548.0, 554.0, 562.0, 573.0, 560.0, 583.0, 578.0, 588.0, 575.0, 591.0, 594.0, 588.0, 590.0, 590.0, 604.0, 604.0, 611.0, 601.0, 619.0, 619.0, 629.0, 628.0, 616.0, 636.0, 642.0, 637.0, 635.0, 636.0, 645.0, 655.0, 654.0, 647.0, 647.0, 659.0], "FP": [190.0, 217.0, 233.0, 242.0, 241.0, 227.0, 206.0, 199.0, 196.0, 194.0, 200.0, 175.0, 174.0, 160.0, 165.0, 169.0, 163.0, 155.0, 144.0, 157.0, 134.0, 139.0, 129.0, 142.0, 126.0, 123.0, 129.0, 127.0, 127.0, 113.0, 113.0, 106.0, 116.0, 98.0, 98.0, 88.0, 89.0, 101.0, 81.0, 75.0, 80.0, 82.0, 81.0, 72.0, 62.0, 63.0, 70.0, 70.0, 58.0], "FN": [452.0, 369.0, 305.0, 282.0, 265.0, 282.0, 250.0, 245.0, 238.0, 241.0, 223.0, 218.0, 220.0, 209.0, 202.0, 200.0, 178.0, 200.0, 174.0, 170.0, 182.0, 170.0, 160.0, 159.0, 160.0, 151.0, 160.0, 149.0, 145.0, 134.0, 125.0, 132.0, 135.0, 131.0, 137.0, 109.0, 110.0, 116.0, 93.0, 92.0, 106.0, 101.0, 91.0, 86.0, 83.0, 95.0, 75.0, 92.0, 73.0], "Precision": [0.5824176073074341, 0.6159291863441467, 0.6387596726417542, 0.6425406336784363, 0.6522366404533386, 0.657099723815918, 0.6939078569412231, 0.7034277319908142, 0.7096296548843384, 0.7104477882385254, 0.7118155360221863, 0.7403560876846313, 0.7406855225563049, 0.7604790329933167, 0.7573529481887817, 0.7536442875862122, 0.7678062915802002, 0.769345223903656, 0.7903929948806763, 0.7769886255264282, 0.7997010350227356, 0.7973760962486267, 0.8119533658027649, 0.7971428632736206, 0.8155197501182556, 0.821480393409729, 0.8119533658027649, 0.8172661662101746, 0.818311870098114, 0.8376436829566956, 0.8397163152694702, 0.8465991020202637, 0.8338108658790588, 0.8567251563072205, 0.8554572463035583, 0.8735632300376892, 0.8721264600753784, 0.8561253547668457, 0.8851063847541809, 0.8928571343421936, 0.8842257857322693, 0.8825215101242065, 0.8854314088821411, 0.8975818157196045, 0.9109195470809937, 0.9080291986465454, 0.9016854166984558, 0.8992805480957031, 0.9173789024353027], "Recall": [0.3695955276489258, 0.4853556454181671, 0.5746164321899414, 0.6066945791244507, 0.6304044723510742, 0.6066945791244507, 0.651324987411499, 0.6582984924316406, 0.668061375617981, 0.6638772487640381, 0.6889818906784058, 0.6959553956985474, 0.6931659579277039, 0.7085076570510864, 0.7182705998420715, 0.7210599780082703, 0.7517433762550354, 0.7210599780082703, 0.7573221921920776, 0.7629009485244751, 0.7461645603179932, 0.7629009485244751, 0.7768479585647583, 0.7782427072525024, 0.7768479585647583, 0.7894002795219421, 0.7768479585647583, 0.7921896576881409, 0.7977684736251831, 0.8131101727485657, 0.8256624937057495, 0.8158996105194092, 0.8117154836654663, 0.8172942996025085, 0.8089261054992676, 0.8479776978492737, 0.8465830087661743, 0.8382147550582886, 0.8702929019927979, 0.8716875910758972, 0.8521617650985718, 0.8591352701187134, 0.8730822801589966, 0.8800557851791382, 0.884239912033081, 0.8675034642219543, 0.8953974843025208, 0.8716875910758972, 0.8981868624687195], "AUC": [0.559508204460144, 0.6402257084846497, 0.6732978820800781, 0.6899282336235046, 0.7121948003768921, 0.7149161100387573, 0.7408356666564941, 0.7576382756233215, 0.760433554649353, 0.7710007429122925, 0.7795576453208923, 0.801066517829895, 0.8022580146789551, 0.8126434087753296, 0.8211573958396912, 0.8221474885940552, 0.8413445353507996, 0.836435854434967, 0.8495591282844543, 0.8524807691574097, 0.8581734299659729, 0.8653949499130249, 0.8669617772102356, 0.8732661604881287, 0.8817374110221863, 0.8952593803405762, 0.8860712647438049, 0.8914089202880859, 0.8947001695632935, 0.9077659845352173, 0.9117156863212585, 0.9112284183502197, 0.9114248752593994, 0.9242494702339172, 0.9194682240486145, 0.932620644569397, 0.934072732925415, 0.936263918876648, 0.9455774426460266, 0.9478641152381897, 0.9486567974090576, 0.9501681327819824, 0.9534788727760315, 0.9578487277030945, 0.9614667892456055, 0.9590809941291809, 0.9654378890991211, 0.9604611396789551, 0.9712072610855103], "val_loss": [0.17309695482254028, 0.1730423867702484, 0.17188574373722076, 0.1710614264011383, 0.1688663512468338, 0.16844767332077026, 0.16661061346530914, 0.16412702202796936, 0.16445036232471466, 0.16088303923606873, 0.1568468064069748, 0.1548256129026413, 0.15939344465732574, 0.15819087624549866, 0.14905917644500732, 0.15344694256782532, 0.1873723864555359, 0.16448350250720978, 0.15247870981693268, 0.21064063906669617, 0.1580294519662857, 0.19386382400989532, 0.19058243930339813, 0.19414182007312775, 0.1704133301973343, 0.21870261430740356, 0.15982145071029663, 0.19936148822307587, 0.18449267745018005, 0.17914435267448425, 0.27197250723838806, 0.2821424603462219, 0.2484181970357895, 0.2727453112602234, 0.19192832708358765, 0.22038103640079498, 0.25059059262275696, 0.22337216138839722, 0.2230362743139267, 0.21730710566043854, 0.18903350830078125, 0.21464970707893372, 0.6311405301094055, 0.2844648063182831, 0.24391987919807434, 0.2860872149467468, 0.2151244878768921, 0.23003417253494263, 0.24461708962917328],