{"loss": [0.6961761713027954, 0.6938117146492004, 0.6902332901954651, 0.690769612789154, 0.6881594061851501, 0.6876230239868164, 0.6874116063117981, 0.6836380362510681, 0.681350827217102, 0.6785255074501038, 0.6784279942512512, 0.6741739511489868, 0.6697503328323364, 0.6633135080337524, 0.659781277179718, 0.6570891737937927, 0.6507022976875305, 0.6458311080932617, 0.6472112536430359, 0.6432749032974243, 0.6395776271820068, 0.6363187432289124, 0.6327744126319885, 0.628672182559967, 0.6342954039573669, 0.6260520219802856, 0.6271815299987793, 0.6229493021965027, 0.6265178918838501, 0.6197265982627869, 0.6181954741477966, 0.6159689426422119, 0.6149367690086365, 0.6140128970146179, 0.6126915812492371, 0.6091726422309875], "accuracy": [0.5062761306762695, 0.509065568447113, 0.5397489666938782, 0.5299860239028931, 0.5564853549003601, 0.5362622141838074, 0.5390515923500061, 0.5418410301208496, 0.5662482380867004, 0.5585774183273315, 0.5718270540237427, 0.573221743106842, 0.5997210741043091, 0.5927475690841675, 0.5948396325111389, 0.599023699760437, 0.6129707098007202, 0.60808926820755, 0.615760087966919, 0.6199442148208618, 0.6213389039039612, 0.6241283416748047, 0.6478382349014282, 0.633193850517273, 0.6324965357780457, 0.633891224861145, 0.6485355496406555, 0.6276150345802307, 0.6394700407981873, 0.6555090546607971, 0.6394700407981873, 0.650627613067627, 0.6471408605575562, 0.6520223021507263, 0.6492329239845276, 0.6548117399215698], "benchmark_736": [708.0, 704.0, 660.0, 674.0, 636.0, 665.0, 661.0, 657.0, 622.0, 633.0, 614.0, 612.0, 574.0, 584.0, 581.0, 575.0, 555.0, 562.0, 551.0, 545.0, 543.0, 539.0, 505.0, 526.0, 527.0, 525.0, 504.0, 534.0, 517.0, 494.0, 517.0, 501.0, 506.0, 499.0, 503.0, 495.0], "TP": [340.0, 381.0, 362.0, 385.0, 359.0, 371.0, 376.0, 365.0, 386.0, 382.0, 386.0, 416.0, 407.0, 418.0, 421.0, 430.0, 457.0, 430.0, 448.0, 446.0, 450.0, 446.0, 460.0, 449.0, 444.0, 461.0, 474.0, 427.0, 454.0, 471.0, 459.0, 462.0, 463.0, 458.0, 473.0, 460.0], "TN": [386.0, 349.0, 412.0, 375.0, 439.0, 398.0, 397.0, 412.0, 426.0, 419.0, 434.0, 406.0, 453.0, 432.0, 432.0, 429.0, 422.0, 442.0, 435.0, 443.0, 441.0, 449.0, 469.0, 459.0, 463.0, 448.0, 456.0, 473.0, 463.0, 469.0, 458.0, 471.0, 465.0, 477.0, 458.0, 479.0], "FP": [331.0, 368.0, 305.0, 342.0, 278.0, 319.0, 320.0, 305.0, 291.0, 298.0, 283.0, 311.0, 264.0, 285.0, 285.0, 288.0, 295.0, 275.0, 282.0, 274.0, 276.0, 268.0, 248.0, 258.0, 254.0, 269.0, 261.0, 244.0, 254.0, 248.0, 259.0, 246.0, 252.0, 240.0, 259.0, 238.0], "FN": [377.0, 336.0, 355.0, 332.0, 358.0, 346.0, 341.0, 352.0, 331.0, 335.0, 331.0, 301.0, 310.0, 299.0, 296.0, 287.0, 260.0, 287.0, 269.0, 271.0, 267.0, 271.0, 257.0, 268.0, 273.0, 256.0, 243.0, 290.0, 263.0, 246.0, 258.0, 255.0, 254.0, 259.0, 244.0, 257.0], "Precision": [0.5067064166069031, 0.5086782574653625, 0.5427286624908447, 0.5295736193656921, 0.563579261302948, 0.5376811623573303, 0.540229856967926, 0.5447761416435242, 0.5701624751091003, 0.5617647171020508, 0.5769805908203125, 0.5722146034240723, 0.6065573692321777, 0.5945945978164673, 0.5963172912597656, 0.5988857746124268, 0.6077127456665039, 0.609929084777832, 0.6136986017227173, 0.6194444298744202, 0.6198347210884094, 0.6246498823165894, 0.6497175097465515, 0.6350777745246887, 0.6361031532287598, 0.6315068602561951, 0.6448979377746582, 0.6363636255264282, 0.6412429213523865, 0.6550765037536621, 0.6392757892608643, 0.6525423526763916, 0.6475524306297302, 0.6561604738235474, 0.6461748480796814, 0.6590257883071899], "Recall": [0.47419804334640503, 0.5313807725906372, 0.5048814415931702, 0.5369595289230347, 0.5006973743438721, 0.517433762550354, 0.5244072675704956, 0.509065568447113, 0.5383542776107788, 0.5327754616737366, 0.5383542776107788, 0.5801952481269836, 0.5676429271697998, 0.5829846858978271, 0.5871687531471252, 0.5997210741043091, 0.6373779773712158, 0.5997210741043091, 0.624825656414032, 0.6220362782478333, 0.6276150345802307, 0.6220362782478333, 0.6415620446205139, 0.6262203454971313, 0.6192468404769897, 0.6429567933082581, 0.6610878705978394, 0.5955369472503662, 0.633193850517273, 0.6569037437438965, 0.6401673555374146, 0.6443514823913574, 0.6457461714744568, 0.6387726664543152, 0.65969318151474, 0.6415620446205139], "AUC": [0.4841262698173523, 0.5085626840591431, 0.546208918094635, 0.5402848720550537, 0.5590403079986572, 0.5541443228721619, 0.5565972328186035, 0.5762961506843567, 0.5863848328590393, 0.5978390574455261, 0.5937337279319763, 0.6103904247283936, 0.6280565857887268, 0.6440460681915283, 0.6469677090644836, 0.6519970297813416, 0.6645269393920898, 0.6698946952819824, 0.6653595566749573, 0.6773661971092224, 0.6795175671577454, 0.6872652769088745, 0.6962024569511414, 0.6958746910095215, 0.6871562600135803, 0.7032838463783264, 0.6999176740646362, 0.7042291760444641, 0.7008650302886963, 0.7112737894058228, 0.7109304070472717, 0.7158119082450867, 0.7145649790763855, 0.7175430655479431, 0.7223622798919678, 0.725586473941803], "val_loss": [0.6809960603713989, 0.6809003949165344, 0.6762416958808899, 0.6792694330215454, 0.6753107309341431, 0.6747972965240479, 0.6693870425224304, 0.6737490296363831, 0.6763461232185364, 0.6447764039039612, 0.64239501953125, 0.6731792688369751, 0.6333421468734741, 0.6437986493110657, 0.619713544845581, 0.6119111776351929, 0.6479588747024536, 0.6424059867858887, 0.6199923157691956, 0.8780936598777771, 0.692589521408081, 0.66849285364151, 0.699036717414856, 0.6028663516044617, 0.6105145812034607, 0.6762714982032776, 0.645828366279602, 0.5791124105453491, 0.7094396352767944, 0.6765100359916687, 0.5801917910575867, 0.5779423117637634, 0.5910598039627075, 0.5932907462120056, 0.5923260450363159, 0.5782260298728943], "val_accuracy": [0.6218181848526001, 0.6218181848526001, 0.6218181848526001, 0.6218181848526001, 0.6290909051895142, 0.6472727060317993, 0.6399999856948853, 0.6036363840103149, 0.5636363625526428, 0.6363636255264282, 0.6363636255264282, 0.6218181848526001, 0.6254545450210571, 0.6218181848526001, 0.6363636255264282, 0.7054545283317566, 0.5963636636734009, 0.6254545450210571, 0.6509090662002563, 0.45818182826042175, 0.5163636207580566, 0.5527272820472717, 0.5272727012634277, 0.6981818079948425, 0.6472727060317993, 0.5490909218788147, 0.5927272439002991, 0.7018181681632996, 0.5163636207580566, 0.5527272820472717, 0.6945454478263855, 0.6872727274894714, 0.6727272868156433, 0.6872727274894714, 0.6436363458633423, 0.6872727274894714], "val_benchmark_736": [104.0, 104.0, 104.0, 104.0, 102.0, 97.0, 99.0, 109.0, 120.0, 100.0, 100.0, 104.0, 103.0, 104.0, 100.0, 81.0, 111.0, 103.0, 96.0, 149.0, 133.0, 123.0, 130.0, 83.0, 97.0, 124.0, 112.0, 82.0, 133.0, 123.0, 84.0, 86.0, 90.0, 86.0, 98.0, 86.0], "val_TP": [171.0, 171.0, 171.0, 171.0, 171.0, 166.0, 167.0, 104.0, 80.0, 169.0, 166.0, 171.0, 171.0, 171.0, 170.0, 156.0, 88.0, 171.0, 117.0, 24.0, 52.0, 66.0, 57.0, 135.0, 109.0, 62.0, 84.0, 144.0, 51.0, 65.0, 139.0, 162.0, 122.0, 127.0, 168.0, 162.0], "val_TN": [0.0, 0.0, 0.0, 0.0, 2.0, 12.0, 9.0, 62.0, 75.0, 6.0, 9.0, 0.0, 1.0, 0.0, 5.0, 38.0, 76.0, 1.0, 62.0, 102.0, 90.0, 86.0, 88.0, 57.0, 69.0, 89.0, 79.0, 49.0, 91.0, 87.0, 52.0, 27.0, 63.0, 62.0, 9.0, 27.0], "val_FP": [104.0, 104.0, 104.0, 104.0, 102.0, 92.0, 95.0, 42.0, 29.0, 98.0, 95.0, 104.0, 103.0, 104.0, 99.0, 66.0, 28.0, 103.0, 42.0, 2.0, 14.0, 18.0, 16.0, 47.0, 35.0, 15.0, 25.0, 55.0, 13.0, 17.0, 52.0, 77.0, 41.0, 42.0, 95.0, 77.0], "val_FN": [0.0, 0.0, 0.0, 0.0, 0.0, 5.0, 4.0, 67.0, 91.0, 2.0, 5.0, 0.0, 0.0, 0.0, 1.0, 15.0, 83.0, 0.0, 54.0, 147.0, 119.0, 105.0, 114.0, 36.0, 62.0, 109.0, 87.0, 27.0, 120.0, 106.0, 32.0, 9.0, 49.0, 44.0, 3.0, 9.0],