{"loss": [0.04285973682999611, 0.04236917570233345, 0.04180102422833443, 0.041014451533555984, 0.04007594287395477, 0.0397053100168705, 0.0391823872923851, 0.03834747150540352, 0.0377580001950264, 0.03833524510264397, 0.037767618894577026, 0.03743230924010277, 0.037139661610126495, 0.03784773126244545, 0.03635236993432045, 0.036912910640239716, 0.036195944994688034, 0.0357784777879715, 0.036292076110839844, 0.03566259518265724, 0.03555764630436897, 0.034560561180114746, 0.034557439386844635, 0.0352519266307354, 0.03462432697415352, 0.03526775538921356, 0.033455025404691696, 0.033360131084918976, 0.03344103321433067, 0.03296058997511864, 0.03228291496634483, 0.03242125362157822], "accuracy": [0.5578800439834595, 0.5718270540237427, 0.6018131375312805, 0.6220362782478333, 0.6345885396003723, 0.6366806030273438, 0.6520223021507263, 0.6610878705978394, 0.6715481281280518, 0.6736401915550232, 0.6715481281280518, 0.6624825596809387, 0.6757321953773499, 0.6659693121910095, 0.7043235898017883, 0.6820083856582642, 0.6903765797615051, 0.6882845163345337, 0.7022315263748169, 0.7043235898017883, 0.7050209045410156, 0.7161785364151001, 0.7175732254981995, 0.7112970948219299, 0.7224546670913696, 0.7175732254981995, 0.7475592494010925, 0.7364016771316528, 0.7266387939453125, 0.7357043027877808, 0.7510460019111633, 0.749651312828064], "benchmark_331": [634.0, 614.0, 571.0, 542.0, 524.0, 521.0, 499.0, 486.0, 471.0, 468.0, 471.0, 484.0, 465.0, 479.0, 424.0, 456.0, 444.0, 447.0, 427.0, 424.0, 423.0, 407.0, 405.0, 414.0, 398.0, 405.0, 362.0, 378.0, 392.0, 379.0, 357.0, 359.0], "TP": [364.0, 377.0, 434.0, 463.0, 459.0, 456.0, 441.0, 461.0, 480.0, 461.0, 464.0, 463.0, 464.0, 444.0, 490.0, 482.0, 475.0, 463.0, 502.0, 483.0, 490.0, 514.0, 508.0, 496.0, 522.0, 485.0, 526.0, 525.0, 508.0, 504.0, 534.0, 532.0], "TN": [436.0, 443.0, 429.0, 429.0, 451.0, 457.0, 494.0, 487.0, 483.0, 505.0, 499.0, 487.0, 505.0, 511.0, 520.0, 496.0, 515.0, 524.0, 505.0, 527.0, 521.0, 513.0, 521.0, 524.0, 514.0, 544.0, 546.0, 531.0, 534.0, 551.0, 543.0, 543.0], "FP": [281.0, 274.0, 288.0, 288.0, 266.0, 260.0, 223.0, 230.0, 234.0, 212.0, 218.0, 230.0, 212.0, 206.0, 197.0, 221.0, 202.0, 193.0, 212.0, 190.0, 196.0, 204.0, 196.0, 193.0, 203.0, 173.0, 171.0, 186.0, 183.0, 166.0, 174.0, 174.0], "FN": [353.0, 340.0, 283.0, 254.0, 258.0, 261.0, 276.0, 256.0, 237.0, 256.0, 253.0, 254.0, 253.0, 273.0, 227.0, 235.0, 242.0, 254.0, 215.0, 234.0, 227.0, 203.0, 209.0, 221.0, 195.0, 232.0, 191.0, 192.0, 209.0, 213.0, 183.0, 185.0], "Precision": [0.5643410682678223, 0.5791090726852417, 0.6011080145835876, 0.616511344909668, 0.6331034302711487, 0.6368715167045593, 0.6641566157341003, 0.6671490669250488, 0.6722689270973206, 0.6849925518035889, 0.6803519129753113, 0.668109655380249, 0.6863905191421509, 0.6830769181251526, 0.7132459878921509, 0.6856330037117004, 0.7016248106956482, 0.7057926654815674, 0.7030812501907349, 0.7176820039749146, 0.7142857313156128, 0.7158774137496948, 0.7215909361839294, 0.719883918762207, 0.7200000286102295, 0.7370820641517639, 0.754662811756134, 0.7383966445922852, 0.7351664304733276, 0.7522388100624084, 0.7542372941970825, 0.7535410523414612], "Recall": [0.5076708793640137, 0.525801956653595, 0.6052998900413513, 0.6457461714744568, 0.6401673555374146, 0.6359832882881165, 0.6150627732276917, 0.6429567933082581, 0.6694560647010803, 0.6429567933082581, 0.6471408605575562, 0.6457461714744568, 0.6471408605575562, 0.6192468404769897, 0.6834030747413635, 0.672245442867279, 0.6624825596809387, 0.6457461714744568, 0.7001394629478455, 0.6736401915550232, 0.6834030747413635, 0.7168758511543274, 0.7085076570510864, 0.6917712688446045, 0.7280334830284119, 0.6764295697212219, 0.7336122989654541, 0.73221755027771, 0.7085076570510864, 0.7029288411140442, 0.7447698712348938, 0.7419804930686951], "AUC": [0.5658513903617859, 0.6045898795127869, 0.6386696100234985, 0.6645667552947998, 0.6966750621795654, 0.7017511129379272, 0.7176977396011353, 0.733080267906189, 0.747726559638977, 0.73466557264328, 0.7450120449066162, 0.7514622807502747, 0.7590456008911133, 0.7453981637954712, 0.7755972146987915, 0.7610569000244141, 0.774021565914154, 0.7857171297073364, 0.7745351791381836, 0.7843817472457886, 0.7871253490447998, 0.8036001920700073, 0.8018134832382202, 0.7916712760925293, 0.8024495840072632, 0.7964535355567932, 0.822833240032196, 0.8232250809669495, 0.8179935216903687, 0.8282796740531921, 0.8356305956840515, 0.8353242874145508], "val_loss": [0.042191632091999054, 0.04227929189801216, 0.04572184756398201, 0.06543146818876266, 0.10564778000116348, 0.129346564412117, 0.11556417495012283, 0.12083224207162857, 0.09928850084543228, 0.056525569409132004, 0.09698069840669632, 0.03671904653310776, 0.05095091462135315, 0.043878454715013504, 0.03715462610125542, 0.03879568725824356, 0.04884086176753044, 0.05030231177806854, 0.045188937336206436, 0.04579984396696091, 0.041762564331293106, 0.044285692274570465, 0.04605589434504509, 0.039594050496816635, 0.04097829386591911, 0.04223090037703514, 0.04389166831970215, 0.04271455109119415, 0.05762555077672005, 0.03764159232378006, 0.045519206672906876, 0.05070682242512703], "val_accuracy": [0.6218181848526001, 0.6218181848526001, 0.3781818151473999, 0.3781818151473999, 0.3781818151473999, 0.3781818151473999, 0.389090895652771, 0.4036363661289215, 0.41090908646583557, 0.43272727727890015, 0.4254545569419861, 0.6909090876579285, 0.5345454812049866, 0.610909104347229, 0.6800000071525574, 0.6727272868156433, 0.6363636255264282, 0.6290909051895142, 0.6509090662002563, 0.5636363625526428, 0.610909104347229, 0.607272744178772, 0.5636363625526428, 0.6836363673210144, 0.6181818246841431, 0.6509090662002563, 0.6399999856948853, 0.6654545664787292, 0.5563636422157288, 0.6654545664787292, 0.5927272439002991, 0.6581818461418152], "val_benchmark_331": [104.0, 104.0, 171.0, 171.0, 171.0, 171.0, 168.0, 164.0, 162.0, 156.0, 158.0, 85.0, 128.0, 107.0, 88.0, 90.0, 100.0, 102.0, 96.0, 120.0, 107.0, 108.0, 120.0, 87.0, 105.0, 96.0, 99.0, 92.0, 122.0, 92.0, 112.0, 94.0], "val_TP": [171.0, 171.0, 0.0, 0.0, 0.0, 0.0, 3.0, 7.0, 9.0, 16.0, 13.0, 161.0, 55.0, 136.0, 123.0, 161.0, 170.0, 169.0, 161.0, 71.0, 79.0, 77.0, 60.0, 142.0, 90.0, 113.0, 164.0, 159.0, 57.0, 144.0, 88.0, 159.0], "val_TN": [0.0, 0.0, 104.0, 104.0, 104.0, 104.0, 104.0, 104.0, 104.0, 103.0, 104.0, 29.0, 92.0, 32.0, 64.0, 24.0, 5.0, 4.0, 18.0, 84.0, 89.0, 90.0, 95.0, 46.0, 80.0, 66.0, 12.0, 24.0, 96.0, 39.0, 75.0, 22.0], "val_FP": [104.0, 104.0, 0.0, 0.0, 0.0, 0.0, 0.0, 0.0, 0.0, 1.0, 0.0, 75.0, 12.0, 72.0, 40.0, 80.0, 99.0, 100.0, 86.0, 20.0, 15.0, 14.0, 9.0, 58.0, 24.0, 38.0, 92.0, 80.0, 8.0, 65.0, 29.0, 82.0], "val_FN": [0.0, 0.0, 171.0, 171.0, 171.0, 171.0, 168.0, 164.0, 162.0, 155.0, 158.0, 10.0, 116.0, 35.0, 48.0, 10.0, 1.0, 2.0, 10.0, 100.0, 92.0, 94.0, 111.0, 29.0, 81.0, 58.0, 7.0, 12.0, 114.0, 27.0, 83.0, 12.0], "val_Precision": [0.6218181848526001, 0.6218181848526001, 0.0, 0.0, 0.0, 0.0, 1.0, 1.0, 1.0, 0.9411764740943909, 1.0, 0.6822034120559692, 0.8208954930305481, 0.6538461446762085, 0.754601240158081, 0.6680498123168945, 0.6319702863693237, 0.6282528042793274, 0.6518218517303467, 0.7802197933197021, 0.8404255509376526, 0.8461538553237915, 0.8695651888847351, 0.7099999785423279, 0.7894737124443054, 0.748344361782074, 0.640625, 0.6652719378471375, 0.8769230842590332, 0.6889952421188354, 0.752136766910553, 0.6597510576248169], "val_Recall": [1.0, 1.0, 0.0, 0.0, 0.0, 0.0, 0.017543859779834747, 0.04093567281961441, 0.05263157933950424, 0.09356725215911865, 0.0760233923792839, 0.9415204524993896, 0.32163742184638977, 0.7953216433525085, 0.719298243522644, 0.9415204524993896, 0.9941520690917969, 0.988304078578949, 0.9415204524993896, 0.4152046740055084, 0.46198830008506775, 0.4502924084663391, 0.35087719559669495, 0.8304093480110168, 0.5263158082962036, 0.6608186960220337, 0.9590643048286438, 0.9298245906829834, 0.3333333432674408, 0.8421052694320679, 0.5146198868751526, 0.9298245906829834],