{"loss": [0.23299339413642883, 0.23759566247463226, 0.23841026425361633, 0.23377099633216858, 0.2341441661119461, 0.23861292004585266, 0.2452184408903122, 0.23336392641067505, 0.24197319149971008, 0.23661361634731293, 0.23621894419193268, 0.23986855149269104, 0.2412155568599701, 0.24051356315612793, 0.24309690296649933, 0.23616211116313934, 0.22748781740665436, 0.23658335208892822, 0.23082873225212097, 0.24928906559944153, 0.24100327491760254], "accuracy": [0.5139470100402832, 0.5097628831863403, 0.49511855840682983, 0.5062761306762695, 0.5132496356964111, 0.5181310772895813, 0.4783821403980255, 0.5027893781661987, 0.49860531091690063, 0.49093446135520935, 0.5, 0.5055788159370422, 0.5041841268539429, 0.48396095633506775, 0.4853556454181671, 0.5034867525100708, 0.5195258259773254, 0.509065568447113, 0.5034867525100708, 0.4818688929080963, 0.5027893781661987], "benchmark_1076": [697.0, 703.0, 724.0, 708.0, 698.0, 691.0, 748.0, 713.0, 719.0, 730.0, 717.0, 709.0, 711.0, 740.0, 738.0, 712.0, 689.0, 704.0, 712.0, 743.0, 713.0], "TP": [411.0, 429.0, 381.0, 394.0, 394.0, 391.0, 361.0, 377.0, 383.0, 392.0, 357.0, 380.0, 382.0, 359.0, 366.0, 375.0, 398.0, 377.0, 383.0, 340.0, 374.0], "TN": [326.0, 302.0, 329.0, 332.0, 342.0, 352.0, 325.0, 344.0, 332.0, 312.0, 360.0, 345.0, 341.0, 335.0, 330.0, 347.0, 347.0, 353.0, 339.0, 351.0, 347.0], "FP": [391.0, 415.0, 388.0, 385.0, 375.0, 365.0, 392.0, 373.0, 385.0, 405.0, 357.0, 372.0, 376.0, 382.0, 387.0, 370.0, 370.0, 364.0, 378.0, 366.0, 370.0], "FN": [306.0, 288.0, 336.0, 323.0, 323.0, 326.0, 356.0, 340.0, 334.0, 325.0, 360.0, 337.0, 335.0, 358.0, 351.0, 342.0, 319.0, 340.0, 334.0, 377.0, 343.0], "Precision": [0.5124688148498535, 0.508293867111206, 0.49544864892959595, 0.5057766437530518, 0.5123537182807922, 0.5171957612037659, 0.4794156849384308, 0.5026666522026062, 0.4986979067325592, 0.49184441566467285, 0.5, 0.5053191781044006, 0.5039578080177307, 0.48448044061660767, 0.48605579137802124, 0.5033556818962097, 0.5182291865348816, 0.5087719559669495, 0.5032851696014404, 0.48158639669418335, 0.5026881694793701], "Recall": [0.573221743106842, 0.5983263850212097, 0.5313807725906372, 0.5495118498802185, 0.5495118498802185, 0.5453277826309204, 0.5034867525100708, 0.525801956653595, 0.5341701507568359, 0.5467224717140198, 0.49790793657302856, 0.5299860239028931, 0.5327754616737366, 0.5006973743438721, 0.5104602575302124, 0.5230125784873962, 0.5550906658172607, 0.525801956653595, 0.5341701507568359, 0.47419804334640503, 0.5216178297996521], "AUC": [0.5203204154968262, 0.5119055509567261, 0.49715420603752136, 0.5099807977676392, 0.5111138224601746, 0.5094293355941772, 0.4844725430011749, 0.5097259283065796, 0.4947839677333832, 0.5005865097045898, 0.5127040147781372, 0.5049086809158325, 0.49609309434890747, 0.4922620356082916, 0.4901758134365082, 0.509611189365387, 0.5285272002220154, 0.5030743479728699, 0.5126155018806458, 0.46410542726516724, 0.5024509429931641], "val_loss": [0.16928808391094208, 0.16930443048477173, 0.16944697499275208, 0.1696268618106842, 0.16982485353946686, 0.16991758346557617, 0.17003442347049713, 0.1700950413942337, 0.17018930613994598, 0.17028366029262543, 0.17035427689552307, 0.17034892737865448, 0.17039881646633148, 0.1703835278749466, 0.17043349146842957, 0.1704980731010437, 0.17053410410881042, 0.17055270075798035, 0.1706244945526123, 0.17061805725097656, 0.1705639511346817], "val_accuracy": [0.6218181848526001, 0.610909104347229, 0.6036363840103149, 0.6000000238418579, 0.6000000238418579, 0.5963636636734009, 0.5963636636734009, 0.5963636636734009, 0.6036363840103149, 0.607272744178772, 0.5927272439002991, 0.5927272439002991, 0.5927272439002991, 0.6000000238418579, 0.5963636636734009, 0.5963636636734009, 0.6000000238418579, 0.585454523563385, 0.581818163394928, 0.585454523563385, 0.589090883731842], "val_benchmark_1076": [104.0, 107.0, 109.0, 110.0, 110.0, 111.0, 111.0, 111.0, 109.0, 108.0, 112.0, 112.0, 112.0, 110.0, 111.0, 111.0, 110.0, 114.0, 115.0, 114.0, 113.0], "val_TP": [171.0, 161.0, 157.0, 154.0, 153.0, 151.0, 149.0, 147.0, 147.0, 146.0, 142.0, 141.0, 141.0, 141.0, 140.0, 139.0, 139.0, 135.0, 133.0, 133.0, 134.0], "val_TN": [0.0, 7.0, 9.0, 11.0, 12.0, 13.0, 15.0, 17.0, 19.0, 21.0, 21.0, 22.0, 22.0, 24.0, 24.0, 25.0, 26.0, 26.0, 27.0, 28.0, 28.0], "val_FP": [104.0, 97.0, 95.0, 93.0, 92.0, 91.0, 89.0, 87.0, 85.0, 83.0, 83.0, 82.0, 82.0, 80.0, 80.0, 79.0, 78.0, 78.0, 77.0, 76.0, 76.0], "val_FN": [0.0, 10.0, 14.0, 17.0, 18.0, 20.0, 22.0, 24.0, 24.0, 25.0, 29.0, 30.0, 30.0, 30.0, 31.0, 32.0, 32.0, 36.0, 38.0, 38.0, 37.0], "val_Precision": [0.6218181848526001, 0.6240310072898865, 0.6230158805847168, 0.623481810092926, 0.6244897842407227, 0.6239669322967529, 0.6260504126548767, 0.6282051205635071, 0.6336206793785095, 0.6375545859336853, 0.6311110854148865, 0.6322869658470154, 0.6322869658470154, 0.6380090713500977, 0.6363636255264282, 0.6376146674156189, 0.6405529975891113, 0.6338028311729431, 0.6333333253860474, 0.6363636255264282, 0.6380952596664429], "val_Recall": [1.0, 0.9415204524993896, 0.9181286692619324, 0.9005848169326782, 0.8947368264198303, 0.8830409646034241, 0.871345043182373, 0.859649121761322, 0.859649121761322, 0.8538011908531189, 0.8304093480110168, 0.8245614171028137, 0.8245614171028137, 0.8245614171028137, 0.8187134265899658, 0.8128654956817627, 0.8128654956817627, 0.7894737124443054, 0.7777777910232544, 0.7777777910232544, 0.7836257219314575], "val_AUC": [0.5622750520706177, 0.5056230425834656, 0.5154633522033691, 0.5184435248374939, 0.522801399230957, 0.5321356654167175, 0.5251631140708923, 0.5235885977745056, 0.5178250074386597, 0.5166160464286804, 0.5231387615203857, 0.5198774337768555, 0.5233355760574341, 0.5286774635314941, 0.527580976486206, 0.5405701398849487, 0.531854510307312, 0.5343286395072937, 0.5416104197502136, 0.5415260791778564, 0.5432130098342896]}