{"loss": [1.948873519897461, 0.8733395338058472, 0.6686421036720276, 0.5141860246658325, 0.5491676926612854, 0.2719819247722626, 0.3334009647369385, 0.20756469666957855, 0.1705036759376526, 0.20450448989868164, 0.15408393740653992, 0.1355510950088501, 0.11223044991493225, 0.1247936263680458, 0.09774879366159439, 0.1141684502363205, 0.1022668331861496, 0.09828749299049377, 0.10099459439516068, 0.09676092118024826, 0.09250129014253616], "accuracy": [0.5013946890830994, 0.5027893781661987, 0.5034867525100708, 0.4937238395214081, 0.4972105920314789, 0.5097628831863403, 0.5202231407165527, 0.5069735050201416, 0.5132496356964111, 0.4637377858161926, 0.517433762550354, 0.48465830087661743, 0.5278940200805664, 0.5, 0.49163180589675903, 0.4930264949798584, 0.4993026554584503, 0.5251045823097229, 0.482566237449646, 0.4958159029483795, 0.5181310772895813], "benchmark_1777": [715.0, 713.0, 712.0, 726.0, 721.0, 703.0, 688.0, 707.0, 698.0, 769.0, 692.0, 739.0, 677.0, 717.0, 729.0, 727.0, 718.0, 681.0, 742.0, 723.0, 691.0], "TP": [363.0, 375.0, 352.0, 374.0, 338.0, 383.0, 358.0, 383.0, 352.0, 346.0, 358.0, 354.0, 352.0, 379.0, 343.0, 360.0, 391.0, 400.0, 321.0, 402.0, 335.0], "TN": [356.0, 346.0, 370.0, 334.0, 375.0, 348.0, 388.0, 344.0, 384.0, 319.0, 384.0, 341.0, 405.0, 338.0, 362.0, 347.0, 325.0, 353.0, 371.0, 309.0, 408.0], "FP": [361.0, 371.0, 347.0, 383.0, 342.0, 369.0, 329.0, 373.0, 333.0, 398.0, 333.0, 376.0, 312.0, 379.0, 355.0, 370.0, 392.0, 364.0, 346.0, 408.0, 309.0], "FN": [354.0, 342.0, 365.0, 343.0, 379.0, 334.0, 359.0, 334.0, 365.0, 371.0, 359.0, 363.0, 365.0, 338.0, 374.0, 357.0, 326.0, 317.0, 396.0, 315.0, 382.0], "Precision": [0.5013812184333801, 0.5026809573173523, 0.5035765171051025, 0.49405547976493835, 0.49705880880355835, 0.5093085169792175, 0.5211062431335449, 0.5066137313842773, 0.5138686299324036, 0.4650537669658661, 0.5180897116661072, 0.48493149876594543, 0.5301204919815063, 0.5, 0.4914039969444275, 0.4931506812572479, 0.49936142563819885, 0.5235602259635925, 0.48125937581062317, 0.4962962865829468, 0.5201863646507263], "Recall": [0.5062761306762695, 0.5230125784873962, 0.49093446135520935, 0.5216178297996521, 0.4714086353778839, 0.5341701507568359, 0.4993026554584503, 0.5341701507568359, 0.49093446135520935, 0.482566237449646, 0.4993026554584503, 0.4937238395214081, 0.49093446135520935, 0.5285913348197937, 0.4783821403980255, 0.5020920634269714, 0.5453277826309204, 0.5578800439834595, 0.4476987421512604, 0.560669481754303, 0.4672245383262634], "AUC": [0.5030656456947327, 0.49572935700416565, 0.4924156665802002, 0.5188838839530945, 0.4881645143032074, 0.5227839350700378, 0.5207794308662415, 0.5105847120285034, 0.5215702056884766, 0.45405852794647217, 0.5139567255973816, 0.48433536291122437, 0.5264886021614075, 0.4917261600494385, 0.4929506182670593, 0.49625062942504883, 0.5004658102989197, 0.5265974998474121, 0.4835670590400696, 0.4909859895706177, 0.5074179768562317], "val_loss": [0.9063496589660645, 0.6039711833000183, 0.6003018021583557, 1.032852292060852, 0.1595781296491623, 0.6313114166259766, 0.17367081344127655, 0.4481832683086395, 0.13098320364952087, 0.10114072263240814, 0.08345377445220947, 0.09430719912052155, 0.08464536815881729, 0.11562655121088028, 0.08362019062042236, 0.08465884625911713, 0.08345089107751846, 0.10586816817522049, 0.08447971194982529, 0.14921066164970398, 0.08490597456693649], "val_accuracy": [0.6218181848526001, 0.3781818151473999, 0.6218181848526001, 0.3781818151473999, 0.6218181848526001, 0.3781818151473999, 0.6218181848526001, 0.3781818151473999, 0.6218181848526001, 0.3781818151473999, 0.6218181848526001, 0.3781818151473999, 0.6218181848526001, 0.3781818151473999, 0.6218181848526001, 0.6218181848526001, 0.6218181848526001, 0.3781818151473999, 0.6218181848526001, 0.3781818151473999, 0.6218181848526001], "val_benchmark_1777": [104.0, 171.0, 104.0, 171.0, 104.0, 171.0, 104.0, 171.0, 104.0, 171.0, 104.0, 171.0, 104.0, 171.0, 104.0, 104.0, 104.0, 171.0, 104.0, 171.0, 104.0], "val_TP": [171.0, 0.0, 171.0, 0.0, 171.0, 0.0, 171.0, 0.0, 171.0, 0.0, 171.0, 0.0, 171.0, 0.0, 171.0, 171.0, 171.0, 0.0, 171.0, 0.0, 171.0], "val_TN": [0.0, 104.0, 0.0, 104.0, 0.0, 104.0, 0.0, 104.0, 0.0, 104.0, 0.0, 104.0, 0.0, 104.0, 0.0, 0.0, 0.0, 104.0, 0.0, 104.0, 0.0], "val_FP": [104.0, 0.0, 104.0, 0.0, 104.0, 0.0, 104.0, 0.0, 104.0, 0.0, 104.0, 0.0, 104.0, 0.0, 104.0, 104.0, 104.0, 0.0, 104.0, 0.0, 104.0], "val_FN": [0.0, 171.0, 0.0, 171.0, 0.0, 171.0, 0.0, 171.0, 0.0, 171.0, 0.0, 171.0, 0.0, 171.0, 0.0, 0.0, 0.0, 171.0, 0.0, 171.0, 0.0], "val_Precision": [0.6218181848526001, 0.0, 0.6218181848526001, 0.0, 0.6218181848526001, 0.0, 0.6218181848526001, 0.0, 0.6218181848526001, 0.0, 0.6218181848526001, 0.0, 0.6218181848526001, 0.0, 0.6218181848526001, 0.6218181848526001, 0.6218181848526001, 0.0, 0.6218181848526001, 0.0, 0.6218181848526001], "val_Recall": [1.0, 0.0, 1.0, 0.0, 1.0, 0.0, 1.0, 0.0, 1.0, 0.0, 1.0, 0.0, 1.0, 0.0, 1.0, 1.0, 1.0, 0.0, 1.0, 0.0, 1.0], "val_AUC": [0.5, 0.48245614767074585, 0.5, 0.5, 0.5, 0.5, 0.5, 0.5, 0.5, 0.5, 0.5, 0.5, 0.5, 0.5, 0.5, 0.5, 0.5, 0.5, 0.5, 0.5, 0.5]}