{"loss": [0.378017783164978, 0.3738068640232086, 0.3625946640968323, 0.369820237159729, 0.3667357861995697, 0.36990517377853394, 0.3651778995990753, 0.3647881746292114, 0.3582405149936676, 0.3625945746898651, 0.3675037920475006, 0.3556579351425171, 0.35306936502456665, 0.3552224338054657, 0.3570067882537842, 0.35971593856811523, 0.34890782833099365, 0.35676467418670654, 0.34942135214805603, 0.3549613654613495, 0.3552585244178772, 0.3573083281517029, 0.35271385312080383, 0.35194849967956543, 0.3545653820037842, 0.3498072624206543, 0.35169923305511475, 0.35052424669265747, 0.34914183616638184, 0.34630921483039856, 0.3491699993610382, 0.3497750163078308, 0.3467685282230377, 0.3431068956851959, 0.3473478853702545, 0.34665706753730774, 0.3457844853401184, 0.35058268904685974, 0.35067254304885864, 0.3465943932533264, 0.34853681921958923, 0.3454708456993103, 0.3474388122558594, 0.34506627917289734, 0.3438452482223511, 0.3424489200115204, 0.3466819226741791, 0.34924042224884033, 0.34562376141548157, 0.3472781181335449, 0.342058002948761, 0.34485819935798645, 0.33845970034599304, 0.342750608921051, 0.33942657709121704, 0.34723585844039917, 0.344145268201828, 0.3416396975517273, 0.34117648005485535, 0.3428654372692108, 0.3402426242828369, 0.34124231338500977, 0.3411169648170471, 0.3427164852619171], "accuracy": [0.5013946890830994, 0.4923291504383087, 0.5146443247795105, 0.5132496356964111, 0.5076708793640137, 0.5020920634269714, 0.5230125784873962, 0.5104602575302124, 0.5146443247795105, 0.5076708793640137, 0.49093446135520935, 0.5411436557769775, 0.526499330997467, 0.5230125784873962, 0.5244072675704956, 0.5020920634269714, 0.5383542776107788, 0.5139470100402832, 0.5397489666938782, 0.5223152041435242, 0.5153416991233826, 0.5139470100402832, 0.5237098932266235, 0.5153416991233826, 0.509065568447113, 0.5327754616737366, 0.5299860239028931, 0.5202231407165527, 0.543235719203949, 0.5313807725906372, 0.5306833982467651, 0.5118549466133118, 0.5439330339431763, 0.5460250973701477, 0.5118549466133118, 0.5327754616737366, 0.5418410301208496, 0.5278940200805664, 0.526499330997467, 0.534867525100708, 0.5278940200805664, 0.5334727764129639, 0.5327754616737366, 0.5292887091636658, 0.5543932914733887, 0.5564853549003601, 0.5376569032669067, 0.5181310772895813, 0.555787980556488, 0.5069735050201416, 0.5376569032669067, 0.5425383448600769, 0.5704323649406433, 0.5446304082870483, 0.5543932914733887, 0.534867525100708, 0.5362622141838074, 0.560669481754303, 0.5543932914733887, 0.5376569032669067, 0.5676429271697998, 0.5516039133071899, 0.5550906658172607, 0.5543932914733887], "benchmark_877": [715.0, 728.0, 696.0, 698.0, 706.0, 714.0, 684.0, 702.0, 696.0, 706.0, 730.0, 658.0, 679.0, 684.0, 682.0, 714.0, 662.0, 697.0, 660.0, 685.0, 695.0, 697.0, 683.0, 695.0, 704.0, 670.0, 674.0, 688.0, 655.0, 672.0, 673.0, 700.0, 654.0, 651.0, 700.0, 670.0, 657.0, 677.0, 679.0, 667.0, 677.0, 669.0, 670.0, 675.0, 639.0, 636.0, 663.0, 691.0, 637.0, 707.0, 663.0, 656.0, 616.0, 653.0, 639.0, 667.0, 665.0, 630.0, 639.0, 663.0, 620.0, 643.0, 638.0, 639.0], "TP": [318.0, 364.0, 366.0, 374.0, 382.0, 364.0, 366.0, 355.0, 382.0, 367.0, 365.0, 398.0, 385.0, 374.0, 356.0, 346.0, 394.0, 361.0, 397.0, 369.0, 364.0, 341.0, 365.0, 377.0, 363.0, 373.0, 397.0, 375.0, 399.0, 359.0, 375.0, 359.0, 390.0, 374.0, 358.0, 378.0, 369.0, 363.0, 348.0, 383.0, 364.0, 369.0, 362.0, 365.0, 404.0, 371.0, 372.0, 356.0, 381.0, 361.0, 357.0, 371.0, 376.0, 376.0, 371.0, 343.0, 392.0, 375.0, 379.0, 385.0, 387.0, 368.0, 361.0, 381.0], "TN": [401.0, 342.0, 372.0, 362.0, 346.0, 356.0, 384.0, 377.0, 356.0, 361.0, 339.0, 378.0, 370.0, 376.0, 396.0, 374.0, 378.0, 376.0, 377.0, 380.0, 375.0, 396.0, 386.0, 362.0, 367.0, 391.0, 363.0, 371.0, 380.0, 403.0, 386.0, 375.0, 390.0, 409.0, 376.0, 386.0, 408.0, 394.0, 407.0, 384.0, 393.0, 396.0, 402.0, 394.0, 391.0, 427.0, 399.0, 387.0, 416.0, 366.0, 414.0, 407.0, 442.0, 405.0, 424.0, 424.0, 377.0, 429.0, 416.0, 386.0, 427.0, 423.0, 435.0, 414.0], "FP": [316.0, 375.0, 345.0, 355.0, 371.0, 361.0, 333.0, 340.0, 361.0, 356.0, 378.0, 339.0, 347.0, 341.0, 321.0, 343.0, 339.0, 341.0, 340.0, 337.0, 342.0, 321.0, 331.0, 355.0, 350.0, 326.0, 354.0, 346.0, 337.0, 314.0, 331.0, 342.0, 327.0, 308.0, 341.0, 331.0, 309.0, 323.0, 310.0, 333.0, 324.0, 321.0, 315.0, 323.0, 326.0, 290.0, 318.0, 330.0, 301.0, 351.0, 303.0, 310.0, 275.0, 312.0, 293.0, 293.0, 340.0, 288.0, 301.0, 331.0, 290.0, 294.0, 282.0, 303.0], "FN": [399.0, 353.0, 351.0, 343.0, 335.0, 353.0, 351.0, 362.0, 335.0, 350.0, 352.0, 319.0, 332.0, 343.0, 361.0, 371.0, 323.0, 356.0, 320.0, 348.0, 353.0, 376.0, 352.0, 340.0, 354.0, 344.0, 320.0, 342.0, 318.0, 358.0, 342.0, 358.0, 327.0, 343.0, 359.0, 339.0, 348.0, 354.0, 369.0, 334.0, 353.0, 348.0, 355.0, 352.0, 313.0, 346.0, 345.0, 361.0, 336.0, 356.0, 360.0, 346.0, 341.0, 341.0, 346.0, 374.0, 325.0, 342.0, 338.0, 332.0, 330.0, 349.0, 356.0, 336.0], "Precision": [0.5015772581100464, 0.49255749583244324, 0.5147679448127747, 0.513031542301178, 0.5073041319847107, 0.5020689368247986, 0.5236051678657532, 0.5107913613319397, 0.5141319036483765, 0.5076072216033936, 0.491251677274704, 0.5400271415710449, 0.5259562730789185, 0.5230769515037537, 0.5258493423461914, 0.5021770596504211, 0.5375170707702637, 0.5142450332641602, 0.5386703014373779, 0.522662878036499, 0.5155807137489319, 0.5151057243347168, 0.5244252681732178, 0.5150273442268372, 0.5091164112091064, 0.5336194634437561, 0.5286284685134888, 0.5201109647750854, 0.542119562625885, 0.5334323644638062, 0.5311614871025085, 0.512125551700592, 0.5439330339431763, 0.5483871102333069, 0.5121602416038513, 0.5331452488899231, 0.5442478060722351, 0.5291545391082764, 0.5288753509521484, 0.5349162220954895, 0.5290697813034058, 0.5347825884819031, 0.5347119569778442, 0.5305232405662537, 0.5534246563911438, 0.5612707734107971, 0.539130449295044, 0.5189504623413086, 0.5586510300636292, 0.507022500038147, 0.5409091114997864, 0.5447870492935181, 0.5775729417800903, 0.5465116500854492, 0.5587349534034729, 0.5393081903457642, 0.5355191230773926, 0.5656108856201172, 0.5573529601097107, 0.5377094745635986, 0.5716395974159241, 0.555891215801239, 0.561430811882019, 0.5570175647735596], "Recall": [0.4435146450996399, 0.5076708793640137, 0.5104602575302124, 0.5216178297996521, 0.5327754616737366, 0.5076708793640137, 0.5104602575302124, 0.49511855840682983, 0.5327754616737366, 0.5118549466133118, 0.509065568447113, 0.5550906658172607, 0.5369595289230347, 0.5216178297996521, 0.4965132474899292, 0.482566237449646, 0.5495118498802185, 0.5034867525100708, 0.5536959767341614, 0.5146443247795105, 0.5076708793640137, 0.4755927622318268, 0.509065568447113, 0.525801956653595, 0.5062761306762695, 0.5202231407165527, 0.5536959767341614, 0.5230125784873962, 0.5564853549003601, 0.5006973743438721, 0.5230125784873962, 0.5006973743438721, 0.5439330339431763, 0.5216178297996521, 0.4993026554584503, 0.5271966457366943, 0.5146443247795105, 0.5062761306762695, 0.4853556454181671, 0.5341701507568359, 0.5076708793640137, 0.5146443247795105, 0.5048814415931702, 0.509065568447113, 0.5634588599205017, 0.517433762550354, 0.5188284516334534, 0.4965132474899292, 0.5313807725906372, 0.5034867525100708, 0.49790793657302856, 0.517433762550354, 0.5244072675704956, 0.5244072675704956, 0.517433762550354, 0.4783821403980255, 0.5467224717140198, 0.5230125784873962, 0.5285913348197937, 0.5369595289230347, 0.5397489666938782, 0.5132496356964111, 0.5034867525100708, 0.5313807725906372],