{"loss": [0.3160676062107086, 0.31522974371910095, 0.3134458065032959, 0.3114146590232849, 0.3099006116390228, 0.30907320976257324, 0.30840370059013367, 0.30695393681526184, 0.3057817220687866, 0.3045637905597687, 0.3037661910057068, 0.3023880422115326, 0.3016047477722168, 0.29988977313041687, 0.2991473972797394, 0.2986103594303131, 0.2965085208415985, 0.2949048578739166, 0.2940945029258728, 0.2919546067714691, 0.2906995415687561], "accuracy": [0.5, 0.5, 0.5, 0.5, 0.5, 0.5, 0.5, 0.5, 0.5, 0.5, 0.5, 0.5, 0.5, 0.5, 0.5, 0.5, 0.5, 0.5, 0.5, 0.5, 0.5], "benchmark_883": [717.0, 717.0, 717.0, 717.0, 717.0, 717.0, 717.0, 717.0, 717.0, 717.0, 717.0, 717.0, 717.0, 717.0, 717.0, 717.0, 717.0, 717.0, 717.0, 717.0, 717.0], "TP": [717.0, 717.0, 717.0, 717.0, 717.0, 717.0, 717.0, 717.0, 717.0, 717.0, 717.0, 717.0, 717.0, 717.0, 717.0, 717.0, 717.0, 717.0, 717.0, 717.0, 717.0], "TN": [0.0, 0.0, 0.0, 0.0, 0.0, 0.0, 0.0, 0.0, 0.0, 0.0, 0.0, 0.0, 0.0, 0.0, 0.0, 0.0, 0.0, 0.0, 0.0, 0.0, 0.0], "FP": [717.0, 717.0, 717.0, 717.0, 717.0, 717.0, 717.0, 717.0, 717.0, 717.0, 717.0, 717.0, 717.0, 717.0, 717.0, 717.0, 717.0, 717.0, 717.0, 717.0, 717.0], "FN": [0.0, 0.0, 0.0, 0.0, 0.0, 0.0, 0.0, 0.0, 0.0, 0.0, 0.0, 0.0, 0.0, 0.0, 0.0, 0.0, 0.0, 0.0, 0.0, 0.0, 0.0], "Precision": [0.5, 0.5, 0.5, 0.5, 0.5, 0.5, 0.5, 0.5, 0.5, 0.5, 0.5, 0.5, 0.5, 0.5, 0.5, 0.5, 0.5, 0.5, 0.5, 0.5, 0.5], "Recall": [1.0, 1.0, 1.0, 1.0, 1.0, 1.0, 1.0, 1.0, 1.0, 1.0, 1.0, 1.0, 1.0, 1.0, 1.0, 1.0, 1.0, 1.0, 1.0, 1.0, 1.0], "AUC": [0.46964922547340393, 0.45990777015686035, 0.4877735376358032, 0.48707035183906555, 0.5136581063270569, 0.48837459087371826, 0.4875897169113159, 0.47224998474121094, 0.47014525532722473, 0.48109179735183716, 0.4900163412094116, 0.4914003312587738, 0.4759681820869446, 0.4860899746417999, 0.48715007305145264, 0.46996045112609863, 0.47006258368492126, 0.4927862882614136, 0.5040187835693359, 0.4941449761390686, 0.5089964866638184], "val_loss": [0.24383831024169922, 0.24284154176712036, 0.241932213306427, 0.24112792313098907, 0.24040718376636505, 0.23968838155269623, 0.23897241055965424, 0.23822452127933502, 0.2374216765165329, 0.23661185801029205, 0.23577575385570526, 0.23491443693637848, 0.2340395599603653, 0.23310723900794983, 0.2320646047592163, 0.23095965385437012, 0.22975139319896698, 0.22849074006080627, 0.22721987962722778, 0.22592906653881073, 0.2246543914079666], "val_accuracy": [0.6218181848526001, 0.6218181848526001, 0.6218181848526001, 0.6218181848526001, 0.6218181848526001, 0.6218181848526001, 0.6218181848526001, 0.6218181848526001, 0.6218181848526001, 0.6218181848526001, 0.6218181848526001, 0.6218181848526001, 0.6218181848526001, 0.6218181848526001, 0.6218181848526001, 0.6218181848526001, 0.6218181848526001, 0.6218181848526001, 0.6218181848526001, 0.6218181848526001, 0.6218181848526001], "val_benchmark_883": [104.0, 104.0, 104.0, 104.0, 104.0, 104.0, 104.0, 104.0, 104.0, 104.0, 104.0, 104.0, 104.0, 104.0, 104.0, 104.0, 104.0, 104.0, 104.0, 104.0, 104.0], "val_TP": [171.0, 171.0, 171.0, 171.0, 171.0, 171.0, 171.0, 171.0, 171.0, 171.0, 171.0, 171.0, 171.0, 171.0, 171.0, 171.0, 171.0, 171.0, 171.0, 171.0, 171.0], "val_TN": [0.0, 0.0, 0.0, 0.0, 0.0, 0.0, 0.0, 0.0, 0.0, 0.0, 0.0, 0.0, 0.0, 0.0, 0.0, 0.0, 0.0, 0.0, 0.0, 0.0, 0.0], "val_FP": [104.0, 104.0, 104.0, 104.0, 104.0, 104.0, 104.0, 104.0, 104.0, 104.0, 104.0, 104.0, 104.0, 104.0, 104.0, 104.0, 104.0, 104.0, 104.0, 104.0, 104.0], "val_FN": [0.0, 0.0, 0.0, 0.0, 0.0, 0.0, 0.0, 0.0, 0.0, 0.0, 0.0, 0.0, 0.0, 0.0, 0.0, 0.0, 0.0, 0.0, 0.0, 0.0, 0.0], "val_Precision": [0.6218181848526001, 0.6218181848526001, 0.6218181848526001, 0.6218181848526001, 0.6218181848526001, 0.6218181848526001, 0.6218181848526001, 0.6218181848526001, 0.6218181848526001, 0.6218181848526001, 0.6218181848526001, 0.6218181848526001, 0.6218181848526001, 0.6218181848526001, 0.6218181848526001, 0.6218181848526001, 0.6218181848526001, 0.6218181848526001, 0.6218181848526001, 0.6218181848526001, 0.6218181848526001], "val_Recall": [1.0, 1.0, 1.0, 1.0, 1.0, 1.0, 1.0, 1.0, 1.0, 1.0, 1.0, 1.0, 1.0, 1.0, 1.0, 1.0, 1.0, 1.0, 1.0, 1.0, 1.0], "val_AUC": [0.5, 0.5, 0.5, 0.5, 0.5, 0.5, 0.5, 0.4549033045768738, 0.4792228937149048, 0.49038460850715637, 0.5, 0.5, 0.5, 0.5, 0.4795321524143219, 0.4617914855480194, 0.4346884787082672, 0.4391587972640991, 0.4364035129547119, 0.5, 0.4941520392894745]}