{"loss": [0.692661702632904, 0.6942194700241089, 0.6928542852401733, 0.6934789419174194, 0.6907840371131897, 0.6899096369743347, 0.688527524471283, 0.6890813708305359, 0.6874068379402161, 0.6863863468170166, 0.6859798431396484, 0.6849215626716614, 0.6833371520042419, 0.6808344125747681, 0.6778280735015869, 0.6759846806526184, 0.6744811534881592, 0.6696288585662842, 0.6681121587753296, 0.6622183322906494, 0.6639237999916077, 0.6583666801452637, 0.6528749465942383, 0.6524583101272583, 0.6505910754203796, 0.6435003876686096, 0.6404601335525513, 0.6413402557373047, 0.64028000831604, 0.6408653259277344, 0.6395372748374939, 0.6325117349624634, 0.6301509737968445, 0.6354012489318848, 0.6304410099983215, 0.6336656808853149, 0.6254704594612122, 0.6226004958152771, 0.6266816854476929, 0.6214576959609985, 0.6172529458999634, 0.6258759498596191, 0.6228724718093872, 0.6173740029335022, 0.6141951680183411, 0.6063167452812195, 0.6096248030662537, 0.6037247776985168, 0.6211550235748291, 0.6085367798805237, 0.6111470460891724, 0.6061412692070007], "accuracy": [0.5069735050201416, 0.49860531091690063, 0.5118549466133118, 0.5048814415931702, 0.517433762550354, 0.5306833982467651, 0.5369595289230347, 0.5306833982467651, 0.5529986023902893, 0.5550906658172607, 0.5453277826309204, 0.5620641708374023, 0.560669481754303, 0.5495118498802185, 0.5711296796798706, 0.5857740640640259, 0.586471438407898, 0.589958131313324, 0.5934448838233948, 0.6101813316345215, 0.5941422581672668, 0.6046025156974792, 0.6206415891647339, 0.5997210741043091, 0.615760087966919, 0.6324965357780457, 0.624825656414032, 0.6220362782478333, 0.633891224861145, 0.6324965357780457, 0.6359832882881165, 0.6380752921104431, 0.6366806030273438, 0.6415620446205139, 0.6366806030273438, 0.6290097832679749, 0.6373779773712158, 0.6520223021507263, 0.6429567933082581, 0.6457461714744568, 0.6492329239845276, 0.6352859139442444, 0.6408647298812866, 0.6436541080474854, 0.6408647298812866, 0.6652719378471375, 0.6582984924316406, 0.6534169912338257, 0.6359832882881165, 0.6631799340248108, 0.6527196764945984, 0.642259418964386], "benchmark_308": [707.0, 719.0, 700.0, 710.0, 692.0, 673.0, 664.0, 673.0, 641.0, 638.0, 652.0, 628.0, 630.0, 646.0, 615.0, 594.0, 593.0, 588.0, 583.0, 559.0, 582.0, 567.0, 544.0, 574.0, 551.0, 527.0, 538.0, 542.0, 525.0, 527.0, 522.0, 519.0, 521.0, 514.0, 521.0, 532.0, 520.0, 499.0, 512.0, 508.0, 503.0, 523.0, 515.0, 511.0, 515.0, 480.0, 490.0, 497.0, 522.0, 483.0, 498.0, 513.0], "TP": [378.0, 401.0, 378.0, 329.0, 353.0, 358.0, 383.0, 348.0, 332.0, 358.0, 355.0, 380.0, 357.0, 377.0, 392.0, 398.0, 408.0, 408.0, 423.0, 421.0, 420.0, 434.0, 440.0, 426.0, 431.0, 461.0, 440.0, 455.0, 457.0, 456.0, 442.0, 463.0, 466.0, 455.0, 465.0, 450.0, 447.0, 466.0, 466.0, 467.0, 461.0, 452.0, 455.0, 455.0, 465.0, 476.0, 460.0, 471.0, 442.0, 479.0, 462.0, 457.0], "TN": [349.0, 314.0, 356.0, 395.0, 389.0, 403.0, 387.0, 413.0, 461.0, 438.0, 427.0, 426.0, 447.0, 411.0, 427.0, 442.0, 433.0, 438.0, 428.0, 454.0, 432.0, 433.0, 450.0, 434.0, 452.0, 446.0, 456.0, 437.0, 452.0, 451.0, 470.0, 452.0, 447.0, 465.0, 448.0, 452.0, 467.0, 469.0, 456.0, 459.0, 470.0, 459.0, 464.0, 468.0, 454.0, 478.0, 484.0, 466.0, 470.0, 472.0, 474.0, 464.0], "FP": [368.0, 403.0, 361.0, 322.0, 328.0, 314.0, 330.0, 304.0, 256.0, 279.0, 290.0, 291.0, 270.0, 306.0, 290.0, 275.0, 284.0, 279.0, 289.0, 263.0, 285.0, 284.0, 267.0, 283.0, 265.0, 271.0, 261.0, 280.0, 265.0, 266.0, 247.0, 265.0, 270.0, 252.0, 269.0, 265.0, 250.0, 248.0, 261.0, 258.0, 247.0, 258.0, 253.0, 249.0, 263.0, 239.0, 233.0, 251.0, 247.0, 245.0, 243.0, 253.0], "FN": [339.0, 316.0, 339.0, 388.0, 364.0, 359.0, 334.0, 369.0, 385.0, 359.0, 362.0, 337.0, 360.0, 340.0, 325.0, 319.0, 309.0, 309.0, 294.0, 296.0, 297.0, 283.0, 277.0, 291.0, 286.0, 256.0, 277.0, 262.0, 260.0, 261.0, 275.0, 254.0, 251.0, 262.0, 252.0, 267.0, 270.0, 251.0, 251.0, 250.0, 256.0, 265.0, 262.0, 262.0, 252.0, 241.0, 257.0, 246.0, 275.0, 238.0, 255.0, 260.0], "Precision": [0.5067024230957031, 0.4987562298774719, 0.5115020275115967, 0.5053763389587402, 0.5183553695678711, 0.5327380895614624, 0.5371668934822083, 0.5337423086166382, 0.5646258592605591, 0.5620093941688538, 0.5503876209259033, 0.566318929195404, 0.5693780183792114, 0.5519765615463257, 0.5747800469398499, 0.591381847858429, 0.589595377445221, 0.5938864350318909, 0.5941011309623718, 0.6154970526695251, 0.5957446694374084, 0.6044568419456482, 0.6223479509353638, 0.6008462905883789, 0.6192528605461121, 0.6297814249992371, 0.6276747584342957, 0.6190476417541504, 0.632964015007019, 0.6315789222717285, 0.6415094137191772, 0.6359890103340149, 0.633152186870575, 0.6435643434524536, 0.6335150003433228, 0.6293706297874451, 0.6413199305534363, 0.6526610851287842, 0.6409903764724731, 0.6441379189491272, 0.651129961013794, 0.6366197466850281, 0.6426553726196289, 0.6463068127632141, 0.6387362480163574, 0.6657342910766602, 0.663780689239502, 0.6523545980453491, 0.6415094137191772, 0.6616021990776062, 0.6553191542625427, 0.6436619758605957], "Recall": [0.5271966457366943, 0.5592747330665588, 0.5271966457366943, 0.45885634422302246, 0.4923291504383087, 0.4993026554584503, 0.5341701507568359, 0.4853556454181671, 0.46304044127464294, 0.4993026554584503, 0.49511855840682983, 0.5299860239028931, 0.49790793657302856, 0.525801956653595, 0.5467224717140198, 0.5550906658172607, 0.569037675857544, 0.569037675857544, 0.589958131313324, 0.5871687531471252, 0.5857740640640259, 0.6052998900413513, 0.6136680841445923, 0.5941422581672668, 0.6011157631874084, 0.6429567933082581, 0.6136680841445923, 0.6345885396003723, 0.6373779773712158, 0.6359832882881165, 0.616457462310791, 0.6457461714744568, 0.6499302387237549, 0.6345885396003723, 0.6485355496406555, 0.6276150345802307, 0.6234309673309326, 0.6499302387237549, 0.6499302387237549, 0.651324987411499, 0.6429567933082581, 0.6304044723510742, 0.6345885396003723, 0.6345885396003723, 0.6485355496406555, 0.6638772487640381, 0.6415620446205139, 0.6569037437438965, 0.616457462310791, 0.668061375617981, 0.6443514823913574, 0.6373779773712158], "AUC": [0.5198856592178345, 0.5004717111587524, 0.5167461633682251, 0.5067789554595947, 0.5376189947128296, 0.5414723753929138, 0.554420530796051, 0.5541725158691406, 0.5656141042709351, 0.5605741739273071, 0.5606820583343506, 0.5771724581718445, 0.578834593296051, 0.5893259644508362, 0.609265148639679, 0.6166101694107056, 0.6211658120155334, 0.6314539313316345, 0.6347004175186157, 0.6519999504089355, 0.6411078572273254, 0.6550694108009338, 0.6698800921440125, 0.6577956080436707, 0.6667707562446594, 0.6800923943519592, 0.6839165687561035, 0.679118812084198, 0.681104838848114, 0.6780625581741333, 0.6804201006889343, 0.6949818134307861, 0.6963580250740051, 0.6881279349327087, 0.6972333788871765, 0.6888359785079956, 0.7029191255569458, 0.7080709338188171, 0.7011432647705078, 0.7089424133300781, 0.7148198485374451, 0.7008746862411499, 0.7081273794174194, 0.7149569392204285, 0.7147565484046936, 0.7312110066413879, 0.7262098789215088, 0.7305096983909607, 0.7065673470497131, 0.7278448343276978, 0.7204073071479797, 0.7249173521995544],