{"loss": [0.6934651732444763, 0.692470908164978, 0.6891193389892578, 0.6896212697029114, 0.6888049840927124, 0.6859474182128906, 0.6829483509063721, 0.6805561184883118, 0.6791844964027405, 0.6717048287391663, 0.6721766591072083, 0.6654454469680786, 0.6633195877075195, 0.6565105319023132, 0.6550753116607666, 0.6468955874443054, 0.6482816934585571, 0.6422393918037415, 0.6443725228309631, 0.6384589672088623, 0.6330243349075317, 0.6304256319999695, 0.6318677663803101, 0.6296881437301636, 0.6239720582962036, 0.6293200850486755, 0.615110456943512, 0.6181772351264954, 0.6166614294052124, 0.6109896898269653, 0.6046911478042603, 0.6117040514945984, 0.6041944026947021, 0.6107039451599121, 0.6095961332321167, 0.605074405670166, 0.6068793535232544, 0.6036438345909119, 0.6027527451515198, 0.5976487398147583, 0.6026403307914734, 0.5892645120620728, 0.5973262786865234, 0.5952823162078857, 0.5940549969673157, 0.5881117582321167], "accuracy": [0.5055788159370422, 0.5125523209571838, 0.5460250973701477, 0.5376569032669067, 0.5369595289230347, 0.5488144755363464, 0.5543932914733887, 0.5543932914733887, 0.5620641708374023, 0.589958131313324, 0.586471438407898, 0.5955369472503662, 0.6011157631874084, 0.6101813316345215, 0.6150627732276917, 0.607391893863678, 0.6192468404769897, 0.6206415891647339, 0.6185495257377625, 0.6345885396003723, 0.6359832882881165, 0.6297070980072021, 0.633891224861145, 0.6290097832679749, 0.6457461714744568, 0.6401673555374146, 0.6450487971305847, 0.651324987411499, 0.6520223021507263, 0.6520223021507263, 0.6485355496406555, 0.6555090546607971, 0.6576011180877686, 0.6541143655776978, 0.6582984924316406, 0.6659693121910095, 0.6638772487640381, 0.6645746231079102, 0.6548117399215698, 0.6736401915550232, 0.6638772487640381, 0.6813110113143921, 0.6715481281280518, 0.6555090546607971, 0.6576011180877686, 0.6694560647010803], "benchmark_548": [709.0, 699.0, 651.0, 663.0, 664.0, 647.0, 639.0, 639.0, 628.0, 588.0, 593.0, 580.0, 572.0, 559.0, 552.0, 563.0, 546.0, 544.0, 547.0, 524.0, 522.0, 531.0, 525.0, 532.0, 508.0, 516.0, 509.0, 500.0, 499.0, 499.0, 504.0, 494.0, 491.0, 496.0, 490.0, 479.0, 482.0, 481.0, 495.0, 468.0, 482.0, 457.0, 471.0, 494.0, 491.0, 474.0], "TP": [388.0, 329.0, 366.0, 363.0, 352.0, 373.0, 399.0, 373.0, 379.0, 391.0, 395.0, 418.0, 430.0, 434.0, 446.0, 432.0, 437.0, 441.0, 455.0, 443.0, 447.0, 445.0, 454.0, 439.0, 477.0, 452.0, 456.0, 472.0, 459.0, 460.0, 457.0, 464.0, 468.0, 458.0, 466.0, 472.0, 477.0, 466.0, 471.0, 469.0, 471.0, 481.0, 471.0, 462.0, 478.0, 482.0], "TN": [337.0, 406.0, 417.0, 408.0, 418.0, 414.0, 396.0, 422.0, 427.0, 455.0, 446.0, 436.0, 432.0, 441.0, 436.0, 439.0, 451.0, 449.0, 432.0, 467.0, 465.0, 458.0, 455.0, 463.0, 449.0, 466.0, 469.0, 462.0, 476.0, 475.0, 473.0, 476.0, 475.0, 480.0, 478.0, 483.0, 475.0, 487.0, 468.0, 497.0, 481.0, 496.0, 492.0, 478.0, 465.0, 478.0], "FP": [380.0, 311.0, 300.0, 309.0, 299.0, 303.0, 321.0, 295.0, 290.0, 262.0, 271.0, 281.0, 285.0, 276.0, 281.0, 278.0, 266.0, 268.0, 285.0, 250.0, 252.0, 259.0, 262.0, 254.0, 268.0, 251.0, 248.0, 255.0, 241.0, 242.0, 244.0, 241.0, 242.0, 237.0, 239.0, 234.0, 242.0, 230.0, 249.0, 220.0, 236.0, 221.0, 225.0, 239.0, 252.0, 239.0], "FN": [329.0, 388.0, 351.0, 354.0, 365.0, 344.0, 318.0, 344.0, 338.0, 326.0, 322.0, 299.0, 287.0, 283.0, 271.0, 285.0, 280.0, 276.0, 262.0, 274.0, 270.0, 272.0, 263.0, 278.0, 240.0, 265.0, 261.0, 245.0, 258.0, 257.0, 260.0, 253.0, 249.0, 259.0, 251.0, 245.0, 240.0, 251.0, 246.0, 248.0, 246.0, 236.0, 246.0, 255.0, 239.0, 235.0], "Precision": [0.5052083134651184, 0.5140625238418579, 0.5495495200157166, 0.5401785969734192, 0.5407066345214844, 0.5517751574516296, 0.5541666746139526, 0.5583832263946533, 0.566517174243927, 0.5987749099731445, 0.5930930972099304, 0.5979971289634705, 0.6013985872268677, 0.611267626285553, 0.6134800314903259, 0.608450710773468, 0.6216216087341309, 0.6220028400421143, 0.6148648858070374, 0.6392496228218079, 0.6394850015640259, 0.6321022510528564, 0.6340782046318054, 0.6334776282310486, 0.6402684450149536, 0.6429587602615356, 0.6477272510528564, 0.6492434740066528, 0.6557142734527588, 0.6552706360816956, 0.651925802230835, 0.6581560373306274, 0.6591549515724182, 0.6589928269386292, 0.6609929203987122, 0.6685552597045898, 0.6634213924407959, 0.6695402264595032, 0.6541666388511658, 0.6806966662406921, 0.6661952137947083, 0.6851851940155029, 0.6767241358757019, 0.6590585112571716, 0.6547945141792297, 0.6685159206390381], "Recall": [0.5411436557769775, 0.45885634422302246, 0.5104602575302124, 0.5062761306762695, 0.49093446135520935, 0.5202231407165527, 0.5564853549003601, 0.5202231407165527, 0.5285913348197937, 0.5453277826309204, 0.5509065389633179, 0.5829846858978271, 0.5997210741043091, 0.6052998900413513, 0.6220362782478333, 0.6025104522705078, 0.6094839572906494, 0.6150627732276917, 0.6345885396003723, 0.6178521513938904, 0.6234309673309326, 0.6206415891647339, 0.633193850517273, 0.6122733354568481, 0.6652719378471375, 0.6304044723510742, 0.6359832882881165, 0.6582984924316406, 0.6401673555374146, 0.6415620446205139, 0.6373779773712158, 0.6471408605575562, 0.6527196764945984, 0.6387726664543152, 0.6499302387237549, 0.6582984924316406, 0.6652719378471375, 0.6499302387237549, 0.6569037437438965, 0.6541143655776978, 0.6569037437438965, 0.6708507537841797, 0.6569037437438965, 0.6443514823913574, 0.6666666865348816, 0.672245442867279], "AUC": [0.5133216381072998, 0.517961859703064, 0.5567936301231384, 0.5495984554290771, 0.5498075485229492, 0.5692185163497925, 0.5823047757148743, 0.5902207493782043, 0.5951352715492249, 0.6261902451515198, 0.6241282820701599, 0.6405203938484192, 0.6450225114822388, 0.6592370271682739, 0.6586213707923889, 0.6724234223365784, 0.6682530045509338, 0.6783105731010437, 0.6737938523292542, 0.6830111742019653, 0.6928187608718872, 0.6966731548309326, 0.6907218098640442, 0.6963425278663635, 0.7049537897109985, 0.6953076124191284, 0.7189455628395081, 0.7137479782104492, 0.714604914188385, 0.7220500707626343, 0.7320541739463806, 0.721718430519104, 0.7305611371994019, 0.7219693660736084, 0.7234272360801697, 0.7313607335090637, 0.7277640700340271, 0.7315241694450378, 0.731567919254303, 0.7394419312477112, 0.731578528881073, 0.7523025870323181, 0.7387183904647827, 0.7391006350517273, 0.7416877150535583, 0.7489549517631531], "val_loss": [0.6944806575775146, 0.6887350082397461, 0.6849191188812256, 0.6859904527664185, 0.6812779307365417, 0.6752005219459534, 0.6809432506561279, 0.6523215770721436, 0.6458080410957336, 0.6839187741279602, 0.6401436924934387, 0.6457216143608093, 0.6518571376800537, 0.6402586698532104, 0.6687688231468201, 0.730417013168335, 0.6057373881340027, 0.7341392040252686, 0.6151424050331116, 0.5989264249801636, 0.5960972905158997, 0.589350700378418, 0.6001185178756714, 0.5923545956611633, 0.6811361312866211, 0.5811040997505188, 0.6100138425827026, 0.6144313812255859, 0.5821778774261475, 0.5776607990264893, 0.5861679315567017, 0.6347821354866028, 0.5906078815460205, 0.6061871647834778, 0.5926341414451599, 0.6078433990478516, 0.578416109085083, 0.6153006553649902, 0.573248565196991, 0.5721554160118103, 0.5768301486968994, 0.606779158115387, 0.5611709356307983, 0.6179310083389282, 0.5997618436813354, 0.568321704864502],