{"loss": [0.08701030164957047, 0.08702326565980911, 0.0870383158326149, 0.0870148167014122, 0.08699473738670349, 0.0870441421866417, 0.0870090052485466, 0.08698765933513641, 0.0869687870144844, 0.08700387179851532, 0.08698830008506775, 0.08696652948856354, 0.08699724078178406, 0.08698230236768723, 0.08697030693292618, 0.08697793632745743, 0.08694766461849213, 0.08694969117641449, 0.08695564419031143, 0.08692736178636551, 0.08695683628320694], "accuracy": [0.4755927622318268, 0.47071129083633423, 0.46931660175323486, 0.472106009721756, 0.46931660175323486, 0.4755927622318268, 0.4755927622318268, 0.47350069880485535, 0.4818688929080963, 0.47629010677337646, 0.47280335426330566, 0.48047420382499695, 0.47419804334640503, 0.47419804334640503, 0.4783821403980255, 0.47280335426330566, 0.47768479585647583, 0.4686192572116852, 0.47977685928344727, 0.48117154836654663, 0.4755927622318268], "benchmark_134": [752.0, 759.0, 761.0, 757.0, 761.0, 752.0, 752.0, 755.0, 743.0, 751.0, 756.0, 745.0, 754.0, 754.0, 748.0, 756.0, 749.0, 762.0, 746.0, 744.0, 752.0], "TP": [632.0, 626.0, 629.0, 632.0, 627.0, 633.0, 628.0, 630.0, 637.0, 631.0, 627.0, 633.0, 631.0, 630.0, 632.0, 630.0, 632.0, 625.0, 633.0, 632.0, 630.0], "TN": [50.0, 49.0, 44.0, 45.0, 46.0, 49.0, 54.0, 49.0, 54.0, 52.0, 51.0, 56.0, 49.0, 50.0, 54.0, 48.0, 53.0, 47.0, 55.0, 58.0, 52.0], "FP": [667.0, 668.0, 673.0, 672.0, 671.0, 668.0, 663.0, 668.0, 663.0, 665.0, 666.0, 661.0, 668.0, 667.0, 663.0, 669.0, 664.0, 670.0, 662.0, 659.0, 665.0], "FN": [85.0, 91.0, 88.0, 85.0, 90.0, 84.0, 89.0, 87.0, 80.0, 86.0, 90.0, 84.0, 86.0, 87.0, 85.0, 87.0, 85.0, 92.0, 84.0, 85.0, 87.0], "Precision": [0.48652809858322144, 0.48377126455307007, 0.4831029176712036, 0.48466256260871887, 0.4830508530139923, 0.4865488111972809, 0.4864446222782135, 0.48536208271980286, 0.49000000953674316, 0.4868827164173126, 0.4849188029766083, 0.4891808331012726, 0.4857582747936249, 0.48573631048202515, 0.48803088068962097, 0.4849884510040283, 0.48765432834625244, 0.48262548446655273, 0.48880308866500854, 0.48954299092292786, 0.4864864945411682], "Recall": [0.8814504742622375, 0.8730822801589966, 0.8772664070129395, 0.8814504742622375, 0.874476969242096, 0.8828451633453369, 0.8758716583251953, 0.8786610960960388, 0.8884239792823792, 0.8800557851791382, 0.874476969242096, 0.8828451633453369, 0.8800557851791382, 0.8786610960960388, 0.8814504742622375, 0.8786610960960388, 0.8814504742622375, 0.8716875910758972, 0.8828451633453369, 0.8814504742622375, 0.8786610960960388], "AUC": [0.46791505813598633, 0.46452462673187256, 0.46516749262809753, 0.463269978761673, 0.47057124972343445, 0.4635481536388397, 0.4658765196800232, 0.4756909906864166, 0.46627140045166016, 0.4660126864910126, 0.4676923453807831, 0.4655545949935913, 0.46778184175491333, 0.4655020833015442, 0.4741562604904175, 0.46664583683013916, 0.47892093658447266, 0.4742622375488281, 0.47063350677490234, 0.4762803316116333, 0.4681592285633087], "val_loss": [0.08607950806617737, 0.086208276450634, 0.08629141747951508, 0.08634518086910248, 0.08638286590576172, 0.0864020362496376, 0.08640790730714798, 0.08640067279338837, 0.08638554811477661, 0.08636952936649323, 0.0863443985581398, 0.08631271868944168, 0.08627624064683914, 0.08623114228248596, 0.08618684858083725, 0.08615231513977051, 0.08613182604312897, 0.08611711114645004, 0.08610909432172775, 0.08610329031944275, 0.08610076457262039], "val_accuracy": [0.6218181848526001, 0.6218181848526001, 0.6218181848526001, 0.610909104347229, 0.5963636636734009, 0.585454523563385, 0.585454523563385, 0.585454523563385, 0.5745454430580139, 0.5636363625526428, 0.5636363625526428, 0.5672727227210999, 0.5636363625526428, 0.5672727227210999, 0.5709090828895569, 0.5672727227210999, 0.5672727227210999, 0.5745454430580139, 0.5709090828895569, 0.5745454430580139, 0.5745454430580139], "val_benchmark_134": [104.0, 104.0, 104.0, 107.0, 111.0, 114.0, 114.0, 114.0, 117.0, 120.0, 120.0, 119.0, 120.0, 119.0, 118.0, 119.0, 119.0, 117.0, 118.0, 117.0, 117.0], "val_TP": [171.0, 171.0, 171.0, 168.0, 162.0, 157.0, 154.0, 151.0, 148.0, 144.0, 144.0, 143.0, 142.0, 143.0, 145.0, 145.0, 145.0, 147.0, 147.0, 148.0, 148.0], "val_TN": [0.0, 0.0, 0.0, 0.0, 2.0, 4.0, 7.0, 10.0, 10.0, 11.0, 11.0, 13.0, 13.0, 13.0, 12.0, 11.0, 11.0, 11.0, 10.0, 10.0, 10.0], "val_FP": [104.0, 104.0, 104.0, 104.0, 102.0, 100.0, 97.0, 94.0, 94.0, 93.0, 93.0, 91.0, 91.0, 91.0, 92.0, 93.0, 93.0, 93.0, 94.0, 94.0, 94.0], "val_FN": [0.0, 0.0, 0.0, 3.0, 9.0, 14.0, 17.0, 20.0, 23.0, 27.0, 27.0, 28.0, 29.0, 28.0, 26.0, 26.0, 26.0, 24.0, 24.0, 23.0, 23.0], "val_Precision": [0.6218181848526001, 0.6218181848526001, 0.6218181848526001, 0.6176470518112183, 0.6136363744735718, 0.6108949184417725, 0.613545835018158, 0.6163265109062195, 0.6115702390670776, 0.607594907283783, 0.607594907283783, 0.6111111044883728, 0.6094420552253723, 0.6111111044883728, 0.6118143200874329, 0.6092436909675598, 0.6092436909675598, 0.612500011920929, 0.6099585294723511, 0.6115702390670776, 0.6115702390670776], "val_Recall": [1.0, 1.0, 1.0, 0.9824561476707458, 0.9473684430122375, 0.9181286692619324, 0.9005848169326782, 0.8830409646034241, 0.8654970526695251, 0.8421052694320679, 0.8421052694320679, 0.8362573385238647, 0.8304093480110168, 0.8362573385238647, 0.847953200340271, 0.847953200340271, 0.847953200340271, 0.859649121761322, 0.859649121761322, 0.8654970526695251, 0.8654970526695251], "val_AUC": [0.48141586780548096, 0.43806231021881104, 0.4933929443359375, 0.4871513545513153, 0.49111562967300415, 0.4923526644706726, 0.4858299493789673, 0.4975258409976959, 0.49004724621772766, 0.464546799659729, 0.44908344745635986, 0.4402834177017212, 0.43761247396469116, 0.4349977672100067, 0.43744373321533203, 0.45510008931159973, 0.4673582911491394, 0.46302855014801025, 0.4596828818321228, 0.4607793688774109, 0.4607793688774109]}