{"loss": [0.17673349380493164, 0.17660017311573029, 0.177898108959198, 0.17668329179286957, 0.17563489079475403, 0.17651323974132538, 0.17624904215335846, 0.17547889053821564, 0.17485010623931885, 0.1745038479566574, 0.17455516755580902, 0.1750788688659668, 0.1735321283340454, 0.17402887344360352, 0.17435576021671295, 0.17454716563224792, 0.17468403279781342, 0.1740237921476364, 0.17354872822761536, 0.17385773360729218, 0.17438904941082, 0.1748427301645279, 0.17362850904464722, 0.17412927746772766, 0.1741015762090683, 0.17370271682739258, 0.17392010986804962, 0.17299070954322815, 0.17328818142414093, 0.17424292862415314, 0.1743706464767456, 0.1736173927783966, 0.17405004799365997, 0.1739812195301056, 0.17436179518699646, 0.17405833303928375, 0.1740136742591858, 0.17343153059482574, 0.17344893515110016, 0.17390137910842896, 0.17353808879852295, 0.1734231412410736], "accuracy": [0.509065568447113, 0.509065568447113, 0.4818688929080963, 0.49163180589675903, 0.5034867525100708, 0.4895397424697876, 0.4972105920314789, 0.5076708793640137, 0.5139470100402832, 0.4965132474899292, 0.5062761306762695, 0.4958159029483795, 0.5216178297996521, 0.5013946890830994, 0.508368194103241, 0.49790793657302856, 0.4860529899597168, 0.5, 0.5020920634269714, 0.509065568447113, 0.5076708793640137, 0.4937238395214081, 0.5076708793640137, 0.5125523209571838, 0.49093446135520935, 0.5, 0.5076708793640137, 0.525801956653595, 0.525801956653595, 0.4930264949798584, 0.4930264949798584, 0.5041841268539429, 0.4867503345012665, 0.5104602575302124, 0.4923291504383087, 0.5013946890830994, 0.5041841268539429, 0.5006973743438721, 0.5146443247795105, 0.508368194103241, 0.5223152041435242, 0.5111575722694397], "benchmark_173": [704.0, 704.0, 743.0, 729.0, 712.0, 732.0, 721.0, 706.0, 697.0, 722.0, 708.0, 723.0, 686.0, 715.0, 705.0, 720.0, 737.0, 717.0, 714.0, 704.0, 706.0, 726.0, 706.0, 699.0, 730.0, 717.0, 706.0, 680.0, 680.0, 727.0, 727.0, 711.0, 736.0, 702.0, 728.0, 715.0, 711.0, 716.0, 696.0, 705.0, 685.0, 701.0], "TP": [270.0, 300.0, 299.0, 351.0, 400.0, 363.0, 341.0, 358.0, 376.0, 386.0, 378.0, 365.0, 378.0, 380.0, 367.0, 361.0, 352.0, 357.0, 356.0, 369.0, 336.0, 361.0, 387.0, 367.0, 353.0, 352.0, 362.0, 385.0, 374.0, 349.0, 348.0, 336.0, 313.0, 332.0, 333.0, 357.0, 330.0, 358.0, 373.0, 354.0, 378.0, 380.0], "TN": [460.0, 430.0, 392.0, 354.0, 322.0, 339.0, 372.0, 370.0, 361.0, 326.0, 348.0, 346.0, 370.0, 339.0, 362.0, 353.0, 345.0, 360.0, 364.0, 361.0, 392.0, 347.0, 341.0, 368.0, 351.0, 365.0, 366.0, 369.0, 380.0, 358.0, 359.0, 387.0, 385.0, 400.0, 373.0, 362.0, 393.0, 360.0, 365.0, 375.0, 371.0, 353.0], "FP": [257.0, 287.0, 325.0, 363.0, 395.0, 378.0, 345.0, 347.0, 356.0, 391.0, 369.0, 371.0, 347.0, 378.0, 355.0, 364.0, 372.0, 357.0, 353.0, 356.0, 325.0, 370.0, 376.0, 349.0, 366.0, 352.0, 351.0, 348.0, 337.0, 359.0, 358.0, 330.0, 332.0, 317.0, 344.0, 355.0, 324.0, 357.0, 352.0, 342.0, 346.0, 364.0], "FN": [447.0, 417.0, 418.0, 366.0, 317.0, 354.0, 376.0, 359.0, 341.0, 331.0, 339.0, 352.0, 339.0, 337.0, 350.0, 356.0, 365.0, 360.0, 361.0, 348.0, 381.0, 356.0, 330.0, 350.0, 364.0, 365.0, 355.0, 332.0, 343.0, 368.0, 369.0, 381.0, 404.0, 385.0, 384.0, 360.0, 387.0, 359.0, 344.0, 363.0, 339.0, 337.0], "Precision": [0.5123339891433716, 0.5110732316970825, 0.4791666567325592, 0.49159663915634155, 0.5031446814537048, 0.4898785352706909, 0.4970845580101013, 0.5078014135360718, 0.5136612057685852, 0.496782511472702, 0.5060241222381592, 0.4959239065647125, 0.521379292011261, 0.5013192892074585, 0.5083102583885193, 0.49793103337287903, 0.4861878454685211, 0.5, 0.5021156668663025, 0.5089654922485352, 0.5083207488059998, 0.49384406208992004, 0.5072084069252014, 0.5125698447227478, 0.49095967411994934, 0.5, 0.5077139139175415, 0.5252387523651123, 0.5260196924209595, 0.4929378628730774, 0.49291783571243286, 0.5045045018196106, 0.48527130484580994, 0.5115562677383423, 0.49187591671943665, 0.5014045238494873, 0.5045871734619141, 0.5006992816925049, 0.5144827365875244, 0.5086206793785095, 0.5220994353294373, 0.5107526779174805], "Recall": [0.3765690326690674, 0.4184100329875946, 0.41701534390449524, 0.4895397424697876, 0.5578800439834595, 0.5062761306762695, 0.4755927622318268, 0.4993026554584503, 0.5244072675704956, 0.5383542776107788, 0.5271966457366943, 0.509065568447113, 0.5271966457366943, 0.5299860239028931, 0.5118549466133118, 0.5034867525100708, 0.49093446135520935, 0.49790793657302856, 0.4965132474899292, 0.5146443247795105, 0.4686192572116852, 0.5034867525100708, 0.5397489666938782, 0.5118549466133118, 0.4923291504383087, 0.49093446135520935, 0.5048814415931702, 0.5369595289230347, 0.5216178297996521, 0.4867503345012665, 0.4853556454181671, 0.4686192572116852, 0.4365411400794983, 0.46304044127464294, 0.4644351601600647, 0.49790793657302856, 0.4602510333061218, 0.4993026554584503, 0.5202231407165527, 0.4937238395214081, 0.5271966457366943, 0.5299860239028931], "AUC": [0.5176126956939697, 0.509701669216156, 0.48176389932632446, 0.49206262826919556, 0.49865293502807617, 0.4896758794784546, 0.4902954399585724, 0.4975111484527588, 0.5042589902877808, 0.5036044120788574, 0.505725622177124, 0.4941060543060303, 0.5307767391204834, 0.5121866464614868, 0.51220703125, 0.49985507130622864, 0.48626989126205444, 0.503882646560669, 0.5128839612007141, 0.5164533257484436, 0.49447178840637207, 0.48003947734832764, 0.5164300203323364, 0.5064317584037781, 0.4964325428009033, 0.5070853233337402, 0.5056555867195129, 0.5327200293540955, 0.5226614475250244, 0.49222898483276367, 0.49051234126091003, 0.5087494850158691, 0.4938182234764099, 0.5019422769546509, 0.4887752830982208, 0.49934837222099304, 0.5010688304901123, 0.5196123719215393, 0.5185746550559998, 0.5045945048332214, 0.518557071685791, 0.5164660215377808], "val_loss": [0.18254238367080688, 0.1788090616464615, 0.17612537741661072, 0.17514294385910034, 0.17503692209720612, 0.17540879547595978, 0.17499010264873505, 0.17477388679981232, 0.17425808310508728, 0.1744704246520996, 0.17479227483272552, 0.17507246136665344, 0.17463192343711853, 0.17426419258117676, 0.1743028610944748, 0.17476877570152283, 0.1751057207584381, 0.17454344034194946, 0.17494550347328186, 0.17482894659042358, 0.17376670241355896, 0.17346088588237762, 0.17410755157470703, 0.17436349391937256, 0.17449113726615906, 0.17446410655975342, 0.17381124198436737, 0.17423318326473236, 0.17407269775867462, 0.1744055598974228, 0.1747814267873764, 0.1752268224954605, 0.17491799592971802, 0.17506399750709534, 0.17568878829479218, 0.175351083278656, 0.1749574840068817, 0.17421011626720428, 0.17493179440498352, 0.17438796162605286, 0.17422108352184296, 0.17435534298419952], "val_accuracy": [0.3781818151473999, 0.3781818151473999, 0.3781818151473999, 0.3781818151473999, 0.3781818151473999, 0.3781818151473999, 0.3781818151473999, 0.3781818151473999, 0.3781818151473999, 0.3781818151473999, 0.3781818151473999, 0.3781818151473999, 0.39636364579200745, 0.4145454466342926, 0.4145454466342926, 0.4000000059604645, 0.38545453548431396, 0.4036363661289215, 0.39636364579200745, 0.39636364579200745, 0.4145454466342926, 0.4254545569419861, 0.4145454466342926, 0.41090908646583557, 0.40727272629737854, 0.41090908646583557, 0.42181816697120667, 0.4145454466342926, 0.4145454466342926, 0.4145454466342926, 0.40727272629737854, 0.39636364579200745, 0.40727272629737854, 0.40727272629737854, 0.39636364579200745, 0.40727272629737854, 0.41090908646583557, 0.4145454466342926, 0.40727272629737854, 0.4145454466342926, 0.41818180680274963, 0.41818180680274963], "val_benchmark_173": [171.0, 171.0, 171.0, 171.0, 171.0, 171.0, 171.0, 171.0, 171.0, 171.0, 171.0, 171.0, 166.0, 161.0, 161.0, 165.0, 169.0, 164.0, 166.0, 166.0, 161.0, 158.0, 161.0, 162.0, 163.0, 162.0, 159.0, 161.0, 161.0, 161.0, 163.0, 166.0, 163.0, 163.0, 166.0, 163.0, 162.0, 161.0, 163.0, 161.0, 160.0, 160.0],