{"loss": [0.6950253844261169, 0.6928784251213074, 0.690588116645813, 0.6874430775642395, 0.6891101002693176, 0.6860674023628235, 0.6860164999961853, 0.6878140568733215, 0.6806758642196655, 0.6841904520988464, 0.6847403645515442, 0.6859903335571289, 0.6793187260627747, 0.6804574728012085, 0.6838335394859314, 0.6802599430084229, 0.6795915365219116, 0.6803721189498901, 0.6780362725257874, 0.6800834536552429, 0.6780226230621338, 0.6763811111450195, 0.6773144602775574, 0.6745571494102478, 0.6752135753631592, 0.6774896383285522, 0.6741616129875183, 0.6765247583389282, 0.6758759021759033, 0.6761912703514099, 0.6758408546447754, 0.6714271306991577, 0.6769809126853943, 0.6735898852348328, 0.6720190048217773, 0.6706023812294006, 0.6742879152297974, 0.6686694025993347, 0.6738200783729553, 0.6706361174583435, 0.6702418923377991, 0.6707429885864258, 0.6687636375427246, 0.6672080755233765, 0.6681662201881409, 0.6673362255096436, 0.6654648184776306, 0.6678503155708313, 0.6688595414161682, 0.6633656024932861, 0.663594663143158, 0.6621094942092896, 0.6611031293869019], "accuracy": [0.4937238395214081, 0.5125523209571838, 0.5285913348197937, 0.5404462814331055, 0.526499330997467, 0.5285913348197937, 0.5425383448600769, 0.5195258259773254, 0.5620641708374023, 0.5529986023902893, 0.5446304082870483, 0.5529986023902893, 0.5669456124305725, 0.5502092242240906, 0.5411436557769775, 0.5523012280464172, 0.5655509233474731, 0.5529986023902893, 0.5641562342643738, 0.5481171607971191, 0.5550906658172607, 0.5481171607971191, 0.5599721074104309, 0.5669456124305725, 0.5662482380867004, 0.5655509233474731, 0.5753138065338135, 0.5725244283676147, 0.5760111808776855, 0.5641562342643738, 0.5718270540237427, 0.5746164321899414, 0.5704323649406433, 0.5662482380867004, 0.589958131313324, 0.5704323649406433, 0.5585774183273315, 0.5822873115539551, 0.5641562342643738, 0.5697349905967712, 0.5781031847000122, 0.5711296796798706, 0.5871687531471252, 0.5941422581672668, 0.5808926224708557, 0.5997210741043091, 0.5850766897201538, 0.5725244283676147, 0.5781031847000122, 0.5927475690841675, 0.5885634422302246, 0.5822873115539551, 0.6039051413536072], "benchmark_1373": [726.0, 699.0, 676.0, 659.0, 679.0, 676.0, 656.0, 689.0, 628.0, 641.0, 653.0, 641.0, 621.0, 645.0, 658.0, 642.0, 623.0, 641.0, 625.0, 648.0, 638.0, 648.0, 631.0, 621.0, 622.0, 623.0, 609.0, 613.0, 608.0, 625.0, 614.0, 610.0, 616.0, 622.0, 588.0, 616.0, 633.0, 599.0, 625.0, 617.0, 605.0, 615.0, 592.0, 582.0, 601.0, 574.0, 595.0, 613.0, 605.0, 584.0, 590.0, 599.0, 568.0], "TP": [326.0, 365.0, 363.0, 371.0, 367.0, 367.0, 367.0, 357.0, 379.0, 383.0, 362.0, 364.0, 378.0, 358.0, 345.0, 346.0, 370.0, 365.0, 379.0, 352.0, 361.0, 358.0, 365.0, 372.0, 389.0, 368.0, 375.0, 358.0, 371.0, 375.0, 364.0, 368.0, 375.0, 373.0, 382.0, 375.0, 367.0, 383.0, 366.0, 369.0, 366.0, 369.0, 381.0, 380.0, 377.0, 381.0, 384.0, 361.0, 361.0, 398.0, 386.0, 372.0, 396.0], "TN": [382.0, 370.0, 395.0, 404.0, 388.0, 391.0, 411.0, 388.0, 427.0, 410.0, 419.0, 429.0, 435.0, 431.0, 431.0, 446.0, 441.0, 428.0, 430.0, 434.0, 435.0, 428.0, 438.0, 441.0, 423.0, 443.0, 450.0, 463.0, 455.0, 434.0, 456.0, 456.0, 443.0, 439.0, 464.0, 443.0, 434.0, 452.0, 443.0, 448.0, 463.0, 450.0, 461.0, 472.0, 456.0, 479.0, 455.0, 460.0, 468.0, 452.0, 458.0, 463.0, 470.0], "FP": [335.0, 347.0, 322.0, 313.0, 329.0, 326.0, 306.0, 329.0, 290.0, 307.0, 298.0, 288.0, 282.0, 286.0, 286.0, 271.0, 276.0, 289.0, 287.0, 283.0, 282.0, 289.0, 279.0, 276.0, 294.0, 274.0, 267.0, 254.0, 262.0, 283.0, 261.0, 261.0, 274.0, 278.0, 253.0, 274.0, 283.0, 265.0, 274.0, 269.0, 254.0, 267.0, 256.0, 245.0, 261.0, 238.0, 262.0, 257.0, 249.0, 265.0, 259.0, 254.0, 247.0], "FN": [391.0, 352.0, 354.0, 346.0, 350.0, 350.0, 350.0, 360.0, 338.0, 334.0, 355.0, 353.0, 339.0, 359.0, 372.0, 371.0, 347.0, 352.0, 338.0, 365.0, 356.0, 359.0, 352.0, 345.0, 328.0, 349.0, 342.0, 359.0, 346.0, 342.0, 353.0, 349.0, 342.0, 344.0, 335.0, 342.0, 350.0, 334.0, 351.0, 348.0, 351.0, 348.0, 336.0, 337.0, 340.0, 336.0, 333.0, 356.0, 356.0, 319.0, 331.0, 345.0, 321.0], "Precision": [0.4931921362876892, 0.5126404762268066, 0.5299270153045654, 0.542397677898407, 0.5272988677024841, 0.5295815467834473, 0.5453194379806519, 0.5204081535339355, 0.566517174243927, 0.5550724864006042, 0.5484848618507385, 0.558282196521759, 0.5727272629737854, 0.5559006333351135, 0.5467512011528015, 0.5607779622077942, 0.5727553963661194, 0.5581039786338806, 0.5690690875053406, 0.5543307065963745, 0.561430811882019, 0.5533230304718018, 0.5667701959609985, 0.5740740895271301, 0.569546103477478, 0.573208749294281, 0.5841121673583984, 0.584967315196991, 0.5860979557037354, 0.5699087977409363, 0.5824000239372253, 0.5850556492805481, 0.5778120160102844, 0.5729646682739258, 0.6015747785568237, 0.5778120160102844, 0.5646153688430786, 0.5910493731498718, 0.5718749761581421, 0.5783699154853821, 0.5903225541114807, 0.5801886916160583, 0.5981161594390869, 0.6079999804496765, 0.5909090638160706, 0.6155089139938354, 0.594427227973938, 0.5841423869132996, 0.591803252696991, 0.6003016829490662, 0.5984495878219604, 0.5942491888999939, 0.6158631443977356], "Recall": [0.454672247171402, 0.509065568447113, 0.5062761306762695, 0.517433762550354, 0.5118549466133118, 0.5118549466133118, 0.5118549466133118, 0.49790793657302856, 0.5285913348197937, 0.5341701507568359, 0.5048814415931702, 0.5076708793640137, 0.5271966457366943, 0.4993026554584503, 0.48117154836654663, 0.482566237449646, 0.5160390734672546, 0.509065568447113, 0.5285913348197937, 0.49093446135520935, 0.5034867525100708, 0.4993026554584503, 0.509065568447113, 0.5188284516334534, 0.5425383448600769, 0.5132496356964111, 0.5230125784873962, 0.4993026554584503, 0.517433762550354, 0.5230125784873962, 0.5076708793640137, 0.5132496356964111, 0.5230125784873962, 0.5202231407165527, 0.5327754616737366, 0.5230125784873962, 0.5118549466133118, 0.5341701507568359, 0.5104602575302124, 0.5146443247795105, 0.5104602575302124, 0.5146443247795105, 0.5313807725906372, 0.5299860239028931, 0.525801956653595, 0.5313807725906372, 0.5355648398399353, 0.5034867525100708, 0.5034867525100708, 0.5550906658172607, 0.5383542776107788, 0.5188284516334534, 0.5523012280464172], "AUC": [0.48626211285591125, 0.5179171562194824, 0.5398598313331604, 0.5599030256271362, 0.5438259840011597, 0.5582194328308105, 0.559695839881897, 0.5461340546607971, 0.5854326486587524, 0.5677489638328552, 0.5632050037384033, 0.5684784650802612, 0.5854093432426453, 0.5816288590431213, 0.560927152633667, 0.5807584524154663, 0.581936240196228, 0.5738227963447571, 0.5845242738723755, 0.578834593296051, 0.5887910723686218, 0.5770207047462463, 0.5907925963401794, 0.5941237807273865, 0.5975551009178162, 0.5897393226623535, 0.6038399934768677, 0.6010457873344421, 0.6042786240577698, 0.5959007740020752, 0.6046102643013, 0.6152991056442261, 0.599668562412262, 0.6029471755027771, 0.612728476524353, 0.6120700836181641, 0.6030911207199097, 0.6273339986801147, 0.6007443070411682, 0.6150676012039185, 0.6164088249206543, 0.6125126481056213, 0.6351370215415955, 0.6351215839385986, 0.623452365398407, 0.6354794502258301, 0.6383709907531738, 0.6246184706687927, 0.6214565634727478, 0.6466565728187561, 0.6434499025344849, 0.6515234112739563, 0.6501773595809937],