{"loss": [0.16175423562526703, 0.07671879231929779, 0.05340836942195892, 0.04684705659747124, 0.04451659694314003, 0.0435720719397068, 0.04346257448196411, 0.04234161600470543, 0.04203859344124794, 0.041286490857601166, 0.04057597741484642, 0.039548806846141815, 0.03918111324310303, 0.03859446942806244, 0.0376264825463295, 0.037364862859249115, 0.03663275018334389, 0.03522205352783203, 0.03446720167994499, 0.034065473824739456, 0.03294045850634575], "accuracy": [0.4965132474899292, 0.47977685928344727, 0.5055788159370422, 0.525801956653595, 0.5620641708374023, 0.5592747330665588, 0.5502092242240906, 0.5655509233474731, 0.5878661274909973, 0.5843793749809265, 0.6171548366546631, 0.6220362782478333, 0.6450487971305847, 0.6485355496406555, 0.6673640012741089, 0.6673640012741089, 0.6875871419906616, 0.6882845163345337, 0.7161785364151001, 0.706415593624115, 0.7273361086845398], "benchmark_44": [722.0, 746.0, 709.0, 680.0, 628.0, 632.0, 645.0, 623.0, 591.0, 596.0, 549.0, 542.0, 509.0, 504.0, 477.0, 477.0, 448.0, 447.0, 407.0, 421.0, 391.0], "TP": [264.0, 345.0, 328.0, 315.0, 352.0, 360.0, 332.0, 346.0, 350.0, 351.0, 374.0, 377.0, 388.0, 395.0, 421.0, 401.0, 438.0, 431.0, 471.0, 459.0, 474.0], "TN": [448.0, 343.0, 397.0, 439.0, 454.0, 442.0, 457.0, 465.0, 493.0, 487.0, 511.0, 515.0, 537.0, 535.0, 536.0, 556.0, 548.0, 556.0, 556.0, 554.0, 569.0], "FP": [269.0, 374.0, 320.0, 278.0, 263.0, 275.0, 260.0, 252.0, 224.0, 230.0, 206.0, 202.0, 180.0, 182.0, 181.0, 161.0, 169.0, 161.0, 161.0, 163.0, 148.0], "FN": [453.0, 372.0, 389.0, 402.0, 365.0, 357.0, 385.0, 371.0, 367.0, 366.0, 343.0, 340.0, 329.0, 322.0, 296.0, 316.0, 279.0, 286.0, 246.0, 258.0, 243.0], "Precision": [0.4953095614910126, 0.47983309626579285, 0.5061728358268738, 0.5311973094940186, 0.572357714176178, 0.5669291615486145, 0.5608108043670654, 0.5785953402519226, 0.6097561120986938, 0.6041308045387268, 0.6448276042938232, 0.6511226296424866, 0.6830986142158508, 0.6845753788948059, 0.6993355751037598, 0.7135231494903564, 0.7215815782546997, 0.7280405163764954, 0.7452531456947327, 0.737942099571228, 0.762057900428772], "Recall": [0.3682008385658264, 0.48117154836654663, 0.4574616551399231, 0.4393305480480194, 0.49093446135520935, 0.5020920634269714, 0.46304044127464294, 0.482566237449646, 0.48814505338668823, 0.4895397424697876, 0.5216178297996521, 0.525801956653595, 0.5411436557769775, 0.5509065389633179, 0.5871687531471252, 0.5592747330665588, 0.6108786463737488, 0.6011157631874084, 0.6569037437438965, 0.6401673555374146, 0.6610878705978394], "AUC": [0.5066438317298889, 0.4868524968624115, 0.5254177451133728, 0.5407021045684814, 0.5828319787979126, 0.5844230651855469, 0.5776052474975586, 0.6155208349227905, 0.6219117641448975, 0.6433749794960022, 0.6769148707389832, 0.6914911270141602, 0.7052699327468872, 0.7160929441452026, 0.7425221800804138, 0.7479064464569092, 0.7656845450401306, 0.7813559174537659, 0.800300121307373, 0.7987205982208252, 0.8197636604309082], "val_loss": [0.04189497232437134, 0.05217207595705986, 0.05355929210782051, 0.05367371439933777, 0.05416009575128555, 0.05547492206096649, 0.05720244720578194, 0.057214755564928055, 0.057987015694379807, 0.05610400810837746, 0.05274349823594093, 0.05344017595052719, 0.05046120285987854, 0.047620318830013275, 0.052287016063928604, 0.04917147010564804, 0.05328352749347687, 0.05651449039578438, 0.057987019419670105, 0.04084431007504463, 0.0471346490085125], "val_accuracy": [0.6218181848526001, 0.3781818151473999, 0.3781818151473999, 0.3781818151473999, 0.3781818151473999, 0.3781818151473999, 0.3781818151473999, 0.3781818151473999, 0.3781818151473999, 0.3781818151473999, 0.3781818151473999, 0.3781818151473999, 0.38181817531585693, 0.41818180680274963, 0.4036363661289215, 0.4545454680919647, 0.4654545485973358, 0.4654545485973358, 0.4509090781211853, 0.614545464515686, 0.5563636422157288], "val_benchmark_44": [104.0, 171.0, 171.0, 171.0, 171.0, 171.0, 171.0, 171.0, 171.0, 171.0, 171.0, 171.0, 170.0, 160.0, 164.0, 150.0, 147.0, 147.0, 151.0, 106.0, 122.0], "val_TP": [171.0, 0.0, 0.0, 0.0, 0.0, 0.0, 0.0, 0.0, 0.0, 0.0, 0.0, 0.0, 1.0, 14.0, 7.0, 25.0, 26.0, 25.0, 21.0, 102.0, 57.0], "val_TN": [0.0, 104.0, 104.0, 104.0, 104.0, 104.0, 104.0, 104.0, 104.0, 104.0, 104.0, 104.0, 104.0, 101.0, 104.0, 100.0, 102.0, 103.0, 103.0, 67.0, 96.0], "val_FP": [104.0, 0.0, 0.0, 0.0, 0.0, 0.0, 0.0, 0.0, 0.0, 0.0, 0.0, 0.0, 0.0, 3.0, 0.0, 4.0, 2.0, 1.0, 1.0, 37.0, 8.0], "val_FN": [0.0, 171.0, 171.0, 171.0, 171.0, 171.0, 171.0, 171.0, 171.0, 171.0, 171.0, 171.0, 170.0, 157.0, 164.0, 146.0, 145.0, 146.0, 150.0, 69.0, 114.0], "val_Precision": [0.6218181848526001, 0.0, 0.0, 0.0, 0.0, 0.0, 0.0, 0.0, 0.0, 0.0, 0.0, 0.0, 1.0, 0.8235294222831726, 1.0, 0.8620689511299133, 0.9285714030265808, 0.9615384340286255, 0.9545454382896423, 0.7338129281997681, 0.8769230842590332], "val_Recall": [1.0, 0.0, 0.0, 0.0, 0.0, 0.0, 0.0, 0.0, 0.0, 0.0, 0.0, 0.0, 0.005847953259944916, 0.08187134563922882, 0.04093567281961441, 0.1461988240480423, 0.1520467847585678, 0.1461988240480423, 0.12280701845884323, 0.5964912176132202, 0.3333333432674408], "val_AUC": [0.5, 0.5, 0.5, 0.5, 0.5, 0.5, 0.5192307829856873, 0.5627530217170715, 0.5668016672134399, 0.5818432569503784, 0.6024234890937805, 0.5626968145370483, 0.601833164691925, 0.6131072640419006, 0.6253654956817627, 0.6588788032531738, 0.6592442393302917, 0.656826376914978, 0.6352619528770447, 0.6788123846054077, 0.6727676391601562]}