{"loss": [0.6817405819892883, 0.6452323198318481, 0.636314332485199, 0.6100932359695435, 0.6007080674171448, 0.5960716009140015, 0.5823261737823486, 0.5721173882484436, 0.5545200705528259, 0.5403160452842712, 0.5281993746757507, 0.5216862559318542, 0.5284944772720337, 0.5068753361701965, 0.4868842661380768, 0.47921502590179443, 0.4630785882472992, 0.45807310938835144, 0.4572421610355377, 0.4353902041912079, 0.46718427538871765, 0.42477965354919434, 0.4212471544742584, 0.4030734896659851, 0.37784138321876526, 0.379905104637146, 0.35986724495887756, 0.3672534227371216, 0.3357705771923065, 0.32196611166000366, 0.3362567126750946, 0.34944477677345276, 0.31028255820274353, 0.2854759097099304, 0.3178814649581909, 0.3103887736797333, 0.28514564037323, 0.2451430857181549, 0.23135370016098022, 0.23859940469264984, 0.21644710004329681, 0.19701220095157623, 0.17468874156475067, 0.1686869114637375, 0.15369395911693573, 0.12677112221717834, 0.1789880245923996], "accuracy": [0.5516039133071899, 0.6143653988838196, 0.624825656414032, 0.6750348806381226, 0.6792189478874207, 0.6750348806381226, 0.6861924529075623, 0.6966527104377747, 0.7057182788848877, 0.7140864729881287, 0.7377963662147522, 0.732914924621582, 0.7259414196014404, 0.7357043027877808, 0.7622036337852478, 0.7545327544212341, 0.7712692022323608, 0.7817294001579285, 0.7817294001579285, 0.7859135270118713, 0.749651312828064, 0.7956764101982117, 0.8082287311553955, 0.8152022361755371, 0.8256624937057495, 0.8284518718719482, 0.8389121294021606, 0.8256624937057495, 0.8410041928291321, 0.8640167117118835, 0.849372386932373, 0.8382147550582886, 0.8640167117118835, 0.8772664070129395, 0.8528591394424438, 0.857740581035614, 0.8800557851791382, 0.913528561592102, 0.910041868686676, 0.8995816111564636, 0.9149233102798462, 0.9232915043830872, 0.939330518245697, 0.9386332035064697, 0.9525802135467529, 0.9644351601600647, 0.9253835678100586], "benchmark_939": [643.0, 553.0, 538.0, 466.0, 460.0, 466.0, 450.0, 435.0, 422.0, 410.0, 376.0, 383.0, 393.0, 379.0, 341.0, 352.0, 328.0, 313.0, 313.0, 307.0, 359.0, 293.0, 275.0, 265.0, 250.0, 246.0, 231.0, 250.0, 228.0, 195.0, 216.0, 232.0, 195.0, 176.0, 211.0, 204.0, 172.0, 124.0, 129.0, 144.0, 122.0, 110.0, 87.0, 88.0, 68.0, 51.0, 107.0], "TP": [309.0, 398.0, 413.0, 490.0, 463.0, 505.0, 435.0, 491.0, 506.0, 489.0, 519.0, 515.0, 516.0, 511.0, 535.0, 524.0, 540.0, 539.0, 547.0, 534.0, 542.0, 562.0, 575.0, 571.0, 575.0, 587.0, 582.0, 594.0, 587.0, 616.0, 596.0, 590.0, 609.0, 625.0, 597.0, 620.0, 623.0, 640.0, 644.0, 632.0, 649.0, 658.0, 662.0, 663.0, 680.0, 684.0, 667.0], "TN": [482.0, 483.0, 483.0, 478.0, 511.0, 463.0, 549.0, 508.0, 506.0, 535.0, 539.0, 536.0, 525.0, 544.0, 558.0, 558.0, 566.0, 582.0, 574.0, 593.0, 533.0, 579.0, 584.0, 598.0, 609.0, 601.0, 621.0, 590.0, 619.0, 623.0, 622.0, 612.0, 630.0, 633.0, 626.0, 610.0, 639.0, 670.0, 661.0, 658.0, 663.0, 666.0, 685.0, 683.0, 686.0, 699.0, 660.0], "FP": [235.0, 234.0, 234.0, 239.0, 206.0, 254.0, 168.0, 209.0, 211.0, 182.0, 178.0, 181.0, 192.0, 173.0, 159.0, 159.0, 151.0, 135.0, 143.0, 124.0, 184.0, 138.0, 133.0, 119.0, 108.0, 116.0, 96.0, 127.0, 98.0, 94.0, 95.0, 105.0, 87.0, 84.0, 91.0, 107.0, 78.0, 47.0, 56.0, 59.0, 54.0, 51.0, 32.0, 34.0, 31.0, 18.0, 57.0], "FN": [408.0, 319.0, 304.0, 227.0, 254.0, 212.0, 282.0, 226.0, 211.0, 228.0, 198.0, 202.0, 201.0, 206.0, 182.0, 193.0, 177.0, 178.0, 170.0, 183.0, 175.0, 155.0, 142.0, 146.0, 142.0, 130.0, 135.0, 123.0, 130.0, 101.0, 121.0, 127.0, 108.0, 92.0, 120.0, 97.0, 94.0, 77.0, 73.0, 85.0, 68.0, 59.0, 55.0, 54.0, 37.0, 33.0, 50.0], "Precision": [0.5680146813392639, 0.6297468543052673, 0.6383307576179504, 0.672153651714325, 0.6920777559280396, 0.6653491258621216, 0.7213930487632751, 0.7014285922050476, 0.7057182788848877, 0.7287630438804626, 0.7446197867393494, 0.7399425506591797, 0.7288135886192322, 0.7470760345458984, 0.770893394947052, 0.7672035098075867, 0.7814761400222778, 0.7997032403945923, 0.7927536368370056, 0.8115501403808594, 0.7465564608573914, 0.8028571605682373, 0.8121469020843506, 0.8275362253189087, 0.8418740630149841, 0.8349928855895996, 0.8584070801734924, 0.8238557577133179, 0.8569343090057373, 0.8676056265830994, 0.8625180721282959, 0.8489208817481995, 0.875, 0.8815232515335083, 0.867732584476471, 0.8528198003768921, 0.8887304067611694, 0.9315866231918335, 0.9200000166893005, 0.9146165251731873, 0.9231863617897034, 0.928067684173584, 0.9538905024528503, 0.9512194991111755, 0.9563994407653809, 0.9743589758872986, 0.9212707281112671], "Recall": [0.43096235394477844, 0.5550906658172607, 0.5760111808776855, 0.6834030747413635, 0.6457461714744568, 0.7043235898017883, 0.6066945791244507, 0.6847977638244629, 0.7057182788848877, 0.6820083856582642, 0.723849356174469, 0.7182705998420715, 0.7196652889251709, 0.7126917839050293, 0.7461645603179932, 0.7308228611946106, 0.7531380653381348, 0.7517433762550354, 0.7629009485244751, 0.7447698712348938, 0.7559275031089783, 0.7838214635848999, 0.801952600479126, 0.7963737845420837, 0.801952600479126, 0.8186889886856079, 0.8117154836654663, 0.8284518718719482, 0.8186889886856079, 0.8591352701187134, 0.8312413096427917, 0.822873055934906, 0.849372386932373, 0.8716875910758972, 0.8326359987258911, 0.8647140860557556, 0.8688982129096985, 0.892608106136322, 0.8981868624687195, 0.8814504742622375, 0.9051603674888611, 0.9177126884460449, 0.9232915043830872, 0.9246861934661865, 0.9483960866928101, 0.9539749026298523, 0.9302650094032288], "AUC": [0.5625358819961548, 0.6682053208351135, 0.6807731986045837, 0.72224360704422, 0.7340266108512878, 0.7388098239898682, 0.7545191645622253, 0.7648451924324036, 0.7863016724586487, 0.7970331907272339, 0.8112709522247314, 0.8141207098960876, 0.8085069060325623, 0.8266652226448059, 0.8436564803123474, 0.8458223938941956, 0.8592694401741028, 0.8645429015159607, 0.8630412220954895, 0.8803786635398865, 0.8540281653404236, 0.8842398524284363, 0.8883870244026184, 0.8969770073890686, 0.9132573008537292, 0.9104989767074585, 0.9220690131187439, 0.9170417189598083, 0.9326069951057434, 0.9401552677154541, 0.9319008588790894, 0.9241668581962585, 0.9428980946540833, 0.954292893409729, 0.937818169593811, 0.9414197206497192, 0.9510571360588074, 0.9680007100105286, 0.9705780744552612, 0.967902421951294, 0.9746026992797852, 0.980315625667572, 0.9865071773529053, 0.9860053062438965, 0.9897217154502869, 0.9937822818756104, 0.9813125729560852], "val_loss": [0.6908754706382751, 0.6723154783248901, 0.6712276339530945, 0.6733662486076355, 0.6701951622962952, 0.6845924854278564, 0.6628471612930298, 0.8480696678161621, 0.7655031085014343, 0.7519398331642151, 1.0065971612930298, 1.063854455947876, 0.6936197876930237, 0.8066502809524536, 0.6680276989936829, 0.622287392616272, 0.6135386824607849, 0.8355271220207214, 0.7149964570999146, 1.0298746824264526, 0.8579218983650208, 0.8183459639549255, 0.7118330001831055, 0.7664933204650879, 0.7682266235351562, 0.937574565410614, 0.7310861349105835, 0.9562557935714722, 0.9748965501785278, 0.8784874677658081, 0.772274911403656, 2.369533061981201, 0.9458408355712891, 1.249659538269043, 1.6506612300872803, 1.5660032033920288, 0.8808062076568604, 2.3991081714630127, 1.5320566892623901, 0.9326201677322388, 1.181273102760315, 1.1304237842559814, 1.1327394247055054, 1.1601991653442383, 1.0708962678909302, 1.3169571161270142, 1.5471726655960083],