{"loss": [0.6919310688972473, 0.6891375780105591, 0.6871232390403748, 0.6856337189674377, 0.6844171285629272, 0.6827793121337891, 0.6818364858627319, 0.6808237433433533, 0.6800198554992676, 0.6789281368255615, 0.678095817565918, 0.6772902011871338, 0.6756748557090759, 0.6748611927032471, 0.6744129657745361, 0.6737157702445984, 0.6722670197486877, 0.6712239384651184, 0.6707758903503418, 0.6702412962913513, 0.6688993573188782, 0.6678473949432373, 0.6662150025367737, 0.6652670502662659, 0.6642026305198669, 0.6631887555122375, 0.6618782877922058, 0.66140216588974, 0.659177839756012, 0.6577144265174866, 0.6560186743736267, 0.6548694968223572, 0.6538050770759583, 0.6522977352142334, 0.6502206921577454, 0.6489710807800293, 0.6475293040275574, 0.6464712023735046, 0.6438628435134888, 0.6419133543968201, 0.6406115293502808, 0.638979434967041, 0.6374335289001465, 0.6361160278320312, 0.6332001686096191, 0.6318162083625793, 0.631649374961853, 0.6297127604484558, 0.6260380148887634, 0.6256504058837891, 0.6249619722366333, 0.6244521141052246, 0.6201747059822083, 0.6193848848342896, 0.6195849776268005, 0.6163617372512817, 0.6138328909873962, 0.6147419214248657, 0.6154493093490601], "accuracy": [0.5097628831863403, 0.5453277826309204, 0.5697349905967712, 0.5704323649406433, 0.5850766897201538, 0.5885634422302246, 0.5794979333877563, 0.5892608165740967, 0.581589937210083, 0.5843793749809265, 0.5850766897201538, 0.5948396325111389, 0.5934448838233948, 0.5969316363334656, 0.5934448838233948, 0.589958131313324, 0.5934448838233948, 0.6004183888435364, 0.5983263850212097, 0.5955369472503662, 0.6025104522705078, 0.6032078266143799, 0.6115760207176208, 0.6094839572906494, 0.6039051413536072, 0.6129707098007202, 0.6115760207176208, 0.6136680841445923, 0.6150627732276917, 0.607391893863678, 0.6115760207176208, 0.6108786463737488, 0.6241283416748047, 0.6129707098007202, 0.6213389039039612, 0.615760087966919, 0.6276150345802307, 0.6234309673309326, 0.6311017870903015, 0.6324965357780457, 0.6345885396003723, 0.6443514823913574, 0.6415620446205139, 0.642259418964386, 0.6492329239845276, 0.6527196764945984, 0.6450487971305847, 0.6478382349014282, 0.6617852449417114, 0.651324987411499, 0.6569037437438965, 0.6429567933082581, 0.6624825596809387, 0.6582984924316406, 0.6603904962539673, 0.6708507537841797, 0.6534169912338257, 0.6638772487640381, 0.6610878705978394], "benchmark_512": [703.0, 652.0, 617.0, 616.0, 595.0, 590.0, 603.0, 589.0, 600.0, 596.0, 595.0, 581.0, 583.0, 578.0, 583.0, 588.0, 583.0, 573.0, 576.0, 580.0, 570.0, 569.0, 557.0, 560.0, 568.0, 555.0, 557.0, 554.0, 552.0, 563.0, 557.0, 558.0, 539.0, 555.0, 543.0, 551.0, 534.0, 540.0, 529.0, 527.0, 524.0, 510.0, 514.0, 513.0, 503.0, 498.0, 509.0, 505.0, 485.0, 500.0, 492.0, 512.0, 484.0, 490.0, 487.0, 472.0, 497.0, 482.0, 486.0], "TP": [287.0, 306.0, 330.0, 342.0, 345.0, 361.0, 353.0, 363.0, 357.0, 369.0, 365.0, 368.0, 368.0, 378.0, 372.0, 384.0, 384.0, 377.0, 392.0, 387.0, 395.0, 399.0, 406.0, 409.0, 396.0, 418.0, 410.0, 409.0, 420.0, 408.0, 425.0, 424.0, 429.0, 418.0, 433.0, 435.0, 435.0, 439.0, 442.0, 448.0, 454.0, 465.0, 452.0, 460.0, 464.0, 477.0, 453.0, 454.0, 484.0, 471.0, 475.0, 470.0, 482.0, 463.0, 477.0, 487.0, 476.0, 480.0, 476.0], "TN": [444.0, 476.0, 487.0, 476.0, 494.0, 483.0, 478.0, 482.0, 477.0, 469.0, 474.0, 485.0, 483.0, 478.0, 479.0, 462.0, 467.0, 484.0, 466.0, 467.0, 469.0, 466.0, 471.0, 465.0, 470.0, 461.0, 467.0, 471.0, 462.0, 463.0, 452.0, 452.0, 466.0, 461.0, 458.0, 448.0, 465.0, 455.0, 463.0, 459.0, 456.0, 459.0, 468.0, 461.0, 467.0, 459.0, 472.0, 475.0, 465.0, 463.0, 467.0, 452.0, 468.0, 481.0, 470.0, 475.0, 461.0, 472.0, 472.0], "FP": [273.0, 241.0, 230.0, 241.0, 223.0, 234.0, 239.0, 235.0, 240.0, 248.0, 243.0, 232.0, 234.0, 239.0, 238.0, 255.0, 250.0, 233.0, 251.0, 250.0, 248.0, 251.0, 246.0, 252.0, 247.0, 256.0, 250.0, 246.0, 255.0, 254.0, 265.0, 265.0, 251.0, 256.0, 259.0, 269.0, 252.0, 262.0, 254.0, 258.0, 261.0, 258.0, 249.0, 256.0, 250.0, 258.0, 245.0, 242.0, 252.0, 254.0, 250.0, 265.0, 249.0, 236.0, 247.0, 242.0, 256.0, 245.0, 245.0], "FN": [430.0, 411.0, 387.0, 375.0, 372.0, 356.0, 364.0, 354.0, 360.0, 348.0, 352.0, 349.0, 349.0, 339.0, 345.0, 333.0, 333.0, 340.0, 325.0, 330.0, 322.0, 318.0, 311.0, 308.0, 321.0, 299.0, 307.0, 308.0, 297.0, 309.0, 292.0, 293.0, 288.0, 299.0, 284.0, 282.0, 282.0, 278.0, 275.0, 269.0, 263.0, 252.0, 265.0, 257.0, 253.0, 240.0, 264.0, 263.0, 233.0, 246.0, 242.0, 247.0, 235.0, 254.0, 240.0, 230.0, 241.0, 237.0, 241.0], "Precision": [0.512499988079071, 0.5594149827957153, 0.5892857313156128, 0.5866209268569946, 0.6073943376541138, 0.6067227125167847, 0.5962837934494019, 0.6070234179496765, 0.5979899764060974, 0.5980551242828369, 0.6003289222717285, 0.6133333444595337, 0.6112957000732422, 0.6126418113708496, 0.6098360419273376, 0.6009389758110046, 0.6056782603263855, 0.6180328130722046, 0.6096423268318176, 0.6075353026390076, 0.6143079400062561, 0.6138461828231812, 0.6226993799209595, 0.6187594532966614, 0.6158631443977356, 0.6201780438423157, 0.6212121248245239, 0.6244274973869324, 0.6222222447395325, 0.616314172744751, 0.6159420013427734, 0.6153846383094788, 0.6308823823928833, 0.6201780438423157, 0.6257225275039673, 0.6178977489471436, 0.6331877708435059, 0.6262482404708862, 0.6350574493408203, 0.6345608830451965, 0.6349650621414185, 0.6431535482406616, 0.6447931528091431, 0.6424580812454224, 0.6498599648475647, 0.6489796042442322, 0.6489971280097961, 0.6522988677024841, 0.657608687877655, 0.6496551632881165, 0.6551724076271057, 0.6394557952880859, 0.6593707203865051, 0.6623747944831848, 0.658839762210846, 0.6680384278297424, 0.6502732038497925, 0.6620689630508423, 0.6601941585540771], "Recall": [0.4002789258956909, 0.42677825689315796, 0.4602510333061218, 0.47698745131492615, 0.48117154836654663, 0.5034867525100708, 0.4923291504383087, 0.5062761306762695, 0.49790793657302856, 0.5146443247795105, 0.509065568447113, 0.5132496356964111, 0.5132496356964111, 0.5271966457366943, 0.5188284516334534, 0.5355648398399353, 0.5355648398399353, 0.525801956653595, 0.5467224717140198, 0.5397489666938782, 0.5509065389633179, 0.5564853549003601, 0.5662482380867004, 0.5704323649406433, 0.5523012280464172, 0.5829846858978271, 0.5718270540237427, 0.5704323649406433, 0.5857740640640259, 0.569037675857544, 0.5927475690841675, 0.5913528800010681, 0.5983263850212097, 0.5829846858978271, 0.6039051413536072, 0.6066945791244507, 0.6066945791244507, 0.6122733354568481, 0.616457462310791, 0.624825656414032, 0.633193850517273, 0.6485355496406555, 0.6304044723510742, 0.6415620446205139, 0.6471408605575562, 0.6652719378471375, 0.6317991614341736, 0.633193850517273, 0.6750348806381226, 0.6569037437438965, 0.6624825596809387, 0.6555090546607971, 0.672245442867279, 0.6457461714744568, 0.6652719378471375, 0.6792189478874207, 0.6638772487640381, 0.6694560647010803, 0.6638772487640381],