{"loss": [0.7929796576499939, 0.7347366809844971, 0.7438117265701294, 0.7532408237457275, 0.7497555017471313, 0.7202871441841125, 0.7353773713111877, 0.7466430068016052, 0.7404534816741943, 0.7244642972946167, 0.7355583906173706, 0.7300136685371399, 0.7176783680915833, 0.7555180788040161, 0.7486886382102966, 0.7183105945587158, 0.7303019165992737, 0.7474511861801147, 0.7302080988883972, 0.7297983765602112, 0.7267149686813354], "accuracy": [0.5181310772895813, 0.525801956653595, 0.5048814415931702, 0.4958159029483795, 0.5139470100402832, 0.5292887091636658, 0.5146443247795105, 0.5034867525100708, 0.5146443247795105, 0.5278940200805664, 0.5230125784873962, 0.5334727764129639, 0.5285913348197937, 0.4972105920314789, 0.5097628831863403, 0.5202231407165527, 0.5271966457366943, 0.5139470100402832, 0.5, 0.5244072675704956, 0.5209205150604248], "benchmark_1175": [691.0, 680.0, 710.0, 723.0, 697.0, 675.0, 696.0, 712.0, 696.0, 677.0, 684.0, 669.0, 676.0, 721.0, 703.0, 688.0, 678.0, 697.0, 717.0, 682.0, 687.0], "TP": [377.0, 381.0, 372.0, 347.0, 383.0, 384.0, 374.0, 355.0, 361.0, 400.0, 360.0, 387.0, 384.0, 371.0, 365.0, 379.0, 373.0, 342.0, 389.0, 368.0, 384.0], "TN": [366.0, 373.0, 352.0, 364.0, 354.0, 375.0, 364.0, 367.0, 377.0, 357.0, 390.0, 378.0, 374.0, 342.0, 366.0, 367.0, 383.0, 395.0, 328.0, 384.0, 363.0], "FP": [351.0, 344.0, 365.0, 353.0, 363.0, 342.0, 353.0, 350.0, 340.0, 360.0, 327.0, 339.0, 343.0, 375.0, 351.0, 350.0, 334.0, 322.0, 389.0, 333.0, 354.0], "FN": [340.0, 336.0, 345.0, 370.0, 334.0, 333.0, 343.0, 362.0, 356.0, 317.0, 357.0, 330.0, 333.0, 346.0, 352.0, 338.0, 344.0, 375.0, 328.0, 349.0, 333.0], "Precision": [0.5178571343421936, 0.5255172252655029, 0.5047490000724792, 0.4957142770290375, 0.5134048461914062, 0.5289255976676941, 0.5144429206848145, 0.5035461187362671, 0.5149785876274109, 0.5263158082962036, 0.5240174531936646, 0.5330578684806824, 0.5281980633735657, 0.4973190426826477, 0.5097765326499939, 0.5198902487754822, 0.5275813341140747, 0.5150602459907532, 0.5, 0.5249643325805664, 0.5203251838684082], "Recall": [0.525801956653595, 0.5313807725906372, 0.5188284516334534, 0.48396095633506775, 0.5341701507568359, 0.5355648398399353, 0.5216178297996521, 0.49511855840682983, 0.5034867525100708, 0.5578800439834595, 0.5020920634269714, 0.5397489666938782, 0.5355648398399353, 0.517433762550354, 0.509065568447113, 0.5285913348197937, 0.5202231407165527, 0.47698745131492615, 0.5425383448600769, 0.5132496356964111, 0.5355648398399353], "AUC": [0.5147241353988647, 0.5214827060699463, 0.5216917395591736, 0.49901866912841797, 0.5165992379188538, 0.5450087785720825, 0.5200043320655823, 0.49915191531181335, 0.5173676013946533, 0.5376607179641724, 0.5253030061721802, 0.5359266400337219, 0.5367981195449829, 0.4991713762283325, 0.5011583566665649, 0.5419285297393799, 0.527796745300293, 0.5165351033210754, 0.5127604603767395, 0.5282295346260071, 0.5314594507217407], "val_loss": [0.663567066192627, 0.6621139645576477, 0.6924549341201782, 0.6615766286849976, 0.7148963809013367, 0.6611148118972778, 0.6864617466926575, 0.80263751745224, 0.6738182902336121, 0.8906815648078918, 0.6650810837745667, 0.6885798573493958, 0.6586572527885437, 0.7756704688072205, 0.7467645406723022, 1.0394375324249268, 1.091388463973999, 0.7100846767425537, 1.0091341733932495, 0.6537501215934753, 0.7469293475151062], "val_accuracy": [0.6218181848526001, 0.6218181848526001, 0.5018181800842285, 0.6218181848526001, 0.3781818151473999, 0.6218181848526001, 0.6000000238418579, 0.3781818151473999, 0.6218181848526001, 0.3781818151473999, 0.6218181848526001, 0.5381818413734436, 0.6218181848526001, 0.3781818151473999, 0.389090895652771, 0.3781818151473999, 0.3781818151473999, 0.4509090781211853, 0.3781818151473999, 0.6218181848526001, 0.41090908646583557], "val_benchmark_1175": [104.0, 104.0, 137.0, 104.0, 171.0, 104.0, 110.0, 171.0, 104.0, 171.0, 104.0, 127.0, 104.0, 171.0, 168.0, 171.0, 171.0, 151.0, 171.0, 104.0, 162.0], "val_TP": [171.0, 171.0, 55.0, 171.0, 0.0, 171.0, 136.0, 0.0, 171.0, 0.0, 171.0, 80.0, 171.0, 0.0, 3.0, 0.0, 0.0, 27.0, 0.0, 171.0, 9.0], "val_TN": [0.0, 0.0, 83.0, 0.0, 104.0, 0.0, 29.0, 104.0, 0.0, 104.0, 0.0, 68.0, 0.0, 104.0, 104.0, 104.0, 104.0, 97.0, 104.0, 0.0, 104.0], "val_FP": [104.0, 104.0, 21.0, 104.0, 0.0, 104.0, 75.0, 0.0, 104.0, 0.0, 104.0, 36.0, 104.0, 0.0, 0.0, 0.0, 0.0, 7.0, 0.0, 104.0, 0.0], "val_FN": [0.0, 0.0, 116.0, 0.0, 171.0, 0.0, 35.0, 171.0, 0.0, 171.0, 0.0, 91.0, 0.0, 171.0, 168.0, 171.0, 171.0, 144.0, 171.0, 0.0, 162.0], "val_Precision": [0.6218181848526001, 0.6218181848526001, 0.7236841917037964, 0.6218181848526001, 0.0, 0.6218181848526001, 0.6445497870445251, 0.0, 0.6218181848526001, 0.0, 0.6218181848526001, 0.6896551847457886, 0.6218181848526001, 0.0, 1.0, 0.0, 0.0, 0.7941176295280457, 0.0, 0.6218181848526001, 1.0], "val_Recall": [1.0, 1.0, 0.32163742184638977, 1.0, 0.0, 1.0, 0.7953216433525085, 0.0, 1.0, 0.0, 1.0, 0.46783626079559326, 1.0, 0.0, 0.017543859779834747, 0.0, 0.0, 0.15789473056793213, 0.0, 1.0, 0.05263157933950424], "val_AUC": [0.5553306341171265, 0.5806624293327332, 0.5710750818252563, 0.5808591842651367, 0.5626405477523804, 0.5745614171028137, 0.5648335218429565, 0.5790598392486572, 0.5729306936264038, 0.5681792497634888, 0.5793128609657288, 0.5702316761016846, 0.5770074129104614, 0.574167788028717, 0.5689102411270142, 0.5678980946540833, 0.5710188746452332, 0.5750956535339355, 0.5755173563957214, 0.5838956236839294, 0.5800719261169434]}