{"loss": [0.6945768594741821, 0.694593608379364, 0.6943953633308411, 0.6946195960044861, 0.6944690942764282, 0.6945056915283203, 0.6944186091423035, 0.6945496201515198, 0.694271445274353, 0.6943802237510681, 0.6944711804389954, 0.6943423748016357, 0.6942970752716064, 0.6942222714424133, 0.6943260431289673, 0.6943598985671997, 0.6941389441490173, 0.6941871643066406, 0.6942242383956909, 0.694166362285614, 0.6941813230514526, 0.693915605545044, 0.694132387638092, 0.6941584348678589, 0.694046676158905, 0.6941194534301758, 0.6938654780387878, 0.6940374374389648, 0.6941105127334595, 0.6940025687217712, 0.6938076615333557, 0.6939224600791931, 0.6941189169883728, 0.6938661932945251, 0.6938543319702148, 0.6938403844833374, 0.6936770081520081, 0.6936331987380981, 0.6936022639274597, 0.6937012672424316, 0.6937623023986816], "accuracy": [0.4867503345012665, 0.48744770884513855, 0.48744770884513855, 0.48465830087661743, 0.49163180589675903, 0.49163180589675903, 0.4867503345012665, 0.4783821403980255, 0.4860529899597168, 0.47280335426330566, 0.4867503345012665, 0.4902370870113373, 0.4818688929080963, 0.48744770884513855, 0.48465830087661743, 0.48744770884513855, 0.49163180589675903, 0.4818688929080963, 0.4923291504383087, 0.482566237449646, 0.47698745131492615, 0.48326361179351807, 0.47768479585647583, 0.48117154836654663, 0.482566237449646, 0.4867503345012665, 0.48465830087661743, 0.48396095633506775, 0.48326361179351807, 0.48326361179351807, 0.48047420382499695, 0.4853556454181671, 0.4818688929080963, 0.48326361179351807, 0.48047420382499695, 0.48396095633506775, 0.47280335426330566, 0.48047420382499695, 0.48117154836654663, 0.4902370870113373, 0.47977685928344727], "benchmark_1796": [736.0, 735.0, 735.0, 739.0, 729.0, 729.0, 736.0, 748.0, 737.0, 756.0, 736.0, 731.0, 743.0, 735.0, 739.0, 735.0, 729.0, 743.0, 728.0, 742.0, 750.0, 741.0, 749.0, 744.0, 742.0, 736.0, 739.0, 740.0, 741.0, 741.0, 745.0, 738.0, 743.0, 741.0, 745.0, 740.0, 756.0, 745.0, 744.0, 731.0, 746.0], "TP": [117.0, 115.0, 111.0, 115.0, 121.0, 124.0, 122.0, 117.0, 127.0, 118.0, 125.0, 136.0, 126.0, 133.0, 134.0, 132.0, 143.0, 136.0, 150.0, 138.0, 137.0, 144.0, 150.0, 143.0, 148.0, 149.0, 160.0, 154.0, 152.0, 155.0, 153.0, 157.0, 160.0, 164.0, 167.0, 170.0, 158.0, 174.0, 177.0, 183.0, 176.0], "TN": [581.0, 584.0, 588.0, 580.0, 584.0, 581.0, 576.0, 569.0, 570.0, 560.0, 573.0, 567.0, 565.0, 566.0, 561.0, 567.0, 562.0, 555.0, 556.0, 554.0, 547.0, 549.0, 535.0, 547.0, 544.0, 549.0, 535.0, 540.0, 541.0, 538.0, 536.0, 539.0, 531.0, 529.0, 522.0, 524.0, 520.0, 515.0, 513.0, 520.0, 512.0], "FP": [136.0, 133.0, 129.0, 137.0, 133.0, 136.0, 141.0, 148.0, 147.0, 157.0, 144.0, 150.0, 152.0, 151.0, 156.0, 150.0, 155.0, 162.0, 161.0, 163.0, 170.0, 168.0, 182.0, 170.0, 173.0, 168.0, 182.0, 177.0, 176.0, 179.0, 181.0, 178.0, 186.0, 188.0, 195.0, 193.0, 197.0, 202.0, 204.0, 197.0, 205.0], "FN": [600.0, 602.0, 606.0, 602.0, 596.0, 593.0, 595.0, 600.0, 590.0, 599.0, 592.0, 581.0, 591.0, 584.0, 583.0, 585.0, 574.0, 581.0, 567.0, 579.0, 580.0, 573.0, 567.0, 574.0, 569.0, 568.0, 557.0, 563.0, 565.0, 562.0, 564.0, 560.0, 557.0, 553.0, 550.0, 547.0, 559.0, 543.0, 540.0, 534.0, 541.0], "Precision": [0.4624505937099457, 0.46370968222618103, 0.4625000059604645, 0.4563491940498352, 0.4763779640197754, 0.4769230782985687, 0.463878333568573, 0.4415094256401062, 0.4635036587715149, 0.4290909171104431, 0.46468400955200195, 0.4755244851112366, 0.4532374143600464, 0.46830984950065613, 0.46206897497177124, 0.4680851101875305, 0.47986575961112976, 0.4563758373260498, 0.4823151230812073, 0.45847177505493164, 0.44625407457351685, 0.4615384638309479, 0.4518072307109833, 0.4568690061569214, 0.46105918288230896, 0.4700315594673157, 0.46783626079559326, 0.46525681018829346, 0.46341463923454285, 0.4640718698501587, 0.458083838224411, 0.4686567187309265, 0.4624277353286743, 0.46590909361839294, 0.4613259732723236, 0.4683195650577545, 0.44507041573524475, 0.46276596188545227, 0.4645669162273407, 0.4815789461135864, 0.46194225549697876], "Recall": [0.1631799191236496, 0.16039051115512848, 0.15481171011924744, 0.16039051115512848, 0.16875872015953064, 0.17294281721115112, 0.1701534241437912, 0.1631799191236496, 0.1771269142627716, 0.16457462310791016, 0.17433752119541168, 0.18967922031879425, 0.17573221027851105, 0.18549512326717377, 0.18688981235027313, 0.1841004192829132, 0.19944211840629578, 0.18967922031879425, 0.2092050164937973, 0.19246861338615417, 0.1910739243030548, 0.20083682239055634, 0.2092050164937973, 0.19944211840629578, 0.20641562342643738, 0.20781032741069794, 0.2231520265340805, 0.21478381752967834, 0.21199442446231842, 0.2161785215139389, 0.21338912844657898, 0.21896791458129883, 0.2231520265340805, 0.22873082756996155, 0.23291492462158203, 0.23709902167320251, 0.2203626185655594, 0.24267782270908356, 0.24686191976070404, 0.2552301287651062, 0.24546723067760468], "AUC": [0.45741885900497437, 0.4586656987667084, 0.4669921100139618, 0.459133505821228, 0.462114542722702, 0.46770888566970825, 0.4677225351333618, 0.4621845781803131, 0.47343164682388306, 0.46625393629074097, 0.4624607563018799, 0.462482213973999, 0.46957820653915405, 0.4684772491455078, 0.4650488495826721, 0.4612586498260498, 0.4692767262458801, 0.4692991375923157, 0.47275376319885254, 0.4782537817955017, 0.4748905301094055, 0.48060548305511475, 0.47224119305610657, 0.47344136238098145, 0.47586506605148315, 0.4751346707344055, 0.4830029606819153, 0.4681844711303711, 0.4737681746482849, 0.4760265350341797, 0.483927845954895, 0.48543834686279297, 0.47759824991226196, 0.4846329987049103, 0.4836691617965698, 0.4857991933822632, 0.4862504303455353, 0.48894643783569336, 0.48782604932785034, 0.48783767223358154, 0.48681843280792236], "val_loss": [0.6929919719696045, 0.6893340945243835, 0.6875165104866028, 0.6863154768943787, 0.6848003268241882, 0.6833588480949402, 0.6822576522827148, 0.6813489198684692, 0.6805959343910217, 0.6799977421760559, 0.6794779300689697, 0.6791916489601135, 0.6791796088218689, 0.6793378591537476, 0.6796385049819946, 0.6800954937934875, 0.6806911826133728, 0.6814172863960266, 0.6822701096534729, 0.683236837387085, 0.6843066215515137, 0.6855332851409912, 0.6868140697479248, 0.68806391954422, 0.6892622709274292, 0.6903406977653503, 0.6914318203926086, 0.6923844814300537, 0.6932348608970642, 0.6939598321914673, 0.6945526003837585, 0.694932222366333, 0.6952735185623169, 0.6955434083938599, 0.6957193613052368, 0.6958374977111816, 0.6959068179130554, 0.6960159540176392, 0.6960636973381042, 0.696053683757782, 0.6960445046424866], "val_accuracy": [0.6218181848526001, 0.6218181848526001, 0.6218181848526001, 0.6218181848526001, 0.6218181848526001, 0.6218181848526001, 0.6218181848526001, 0.6218181848526001, 0.6218181848526001, 0.6218181848526001, 0.6218181848526001, 0.6218181848526001, 0.6218181848526001, 0.6218181848526001, 0.6218181848526001, 0.6218181848526001, 0.6218181848526001, 0.6218181848526001, 0.6218181848526001, 0.6218181848526001, 0.6254545450210571, 0.6254545450210571, 0.614545464515686, 0.6254545450210571, 0.6218181848526001, 0.5963636636734009, 0.5672727227210999, 0.5490909218788147, 0.4909090995788574, 0.48363634943962097, 0.4290909171104431, 0.41818180680274963, 0.41818180680274963, 0.4036363661289215, 0.39636364579200745, 0.4000000059604645, 0.389090895652771, 0.39636364579200745, 0.3927272856235504, 0.39636364579200745, 0.39636364579200745], "val_benchmark_1796": [104.0, 104.0, 104.0, 104.0, 104.0, 104.0, 104.0, 104.0, 104.0, 104.0, 104.0, 104.0, 104.0, 104.0, 104.0, 104.0, 104.0, 104.0, 104.0, 104.0, 103.0, 103.0, 106.0, 103.0, 104.0, 111.0, 119.0, 124.0, 140.0, 142.0, 157.0, 160.0, 160.0, 164.0, 166.0, 165.0, 168.0, 166.0, 167.0, 166.0, 166.0], "val_TP": [171.0, 171.0, 171.0, 171.0, 171.0, 171.0, 171.0, 171.0, 171.0, 171.0, 171.0, 171.0, 171.0, 171.0, 171.0, 171.0, 171.0, 171.0, 171.0, 171.0, 171.0, 171.0, 167.0, 162.0, 153.0, 143.0, 128.0, 115.0, 92.0, 80.0, 64.0, 55.0, 50.0, 44.0, 42.0, 41.0, 38.0, 38.0, 37.0, 38.0, 38.0],