{"loss": [0.6961869597434998, 0.6940599679946899, 0.6929207444190979, 0.6922667026519775, 0.6881170868873596, 0.6878799796104431, 0.6869422197341919, 0.6849925518035889, 0.682867705821991, 0.6827825903892517, 0.6765096783638, 0.6758005619049072, 0.6754547357559204, 0.6728846430778503, 0.6661387085914612, 0.6588994264602661, 0.6594568490982056, 0.6576840877532959, 0.6535193920135498, 0.6527286171913147, 0.651004433631897, 0.644282877445221, 0.646378755569458, 0.6380865573883057, 0.637937605381012, 0.6349920630455017, 0.6331180334091187, 0.6289618611335754, 0.6307821273803711, 0.6293739676475525, 0.627052366733551, 0.6228768229484558, 0.6224184632301331, 0.6200969219207764, 0.6132787466049194, 0.6190505027770996, 0.6144317984580994, 0.6109809279441833, 0.6106391549110413, 0.607670783996582, 0.6049930453300476, 0.6132258772850037, 0.605607807636261, 0.6026131510734558, 0.6005363464355469, 0.5976746082305908, 0.5967987179756165, 0.5931651592254639, 0.5974979400634766, 0.591817319393158, 0.5903952717781067, 0.5879940390586853], "accuracy": [0.4993026554584503, 0.5013946890830994, 0.5062761306762695, 0.4930264949798584, 0.5474197864532471, 0.5244072675704956, 0.5383542776107788, 0.5585774183273315, 0.5620641708374023, 0.5536959767341614, 0.5718270540237427, 0.5760111808776855, 0.5704323649406433, 0.5774058699607849, 0.5913528800010681, 0.6094839572906494, 0.6094839572906494, 0.5997210741043091, 0.6059972047805786, 0.6122733354568481, 0.6185495257377625, 0.6213389039039612, 0.6304044723510742, 0.6290097832679749, 0.6276150345802307, 0.6373779773712158, 0.6185495257377625, 0.6213389039039612, 0.633891224861145, 0.6373779773712158, 0.6387726664543152, 0.6352859139442444, 0.6582984924316406, 0.6443514823913574, 0.6520223021507263, 0.6471408605575562, 0.65969318151474, 0.6555090546607971, 0.6610878705978394, 0.6492329239845276, 0.6617852449417114, 0.6464434862136841, 0.6743375062942505, 0.6645746231079102, 0.6652719378471375, 0.6673640012741089, 0.6701534390449524, 0.6903765797615051, 0.6582984924316406, 0.6806136965751648, 0.698047399520874, 0.677126944065094], "benchmark_445": [718.0, 715.0, 708.0, 727.0, 649.0, 682.0, 662.0, 633.0, 628.0, 640.0, 614.0, 608.0, 616.0, 606.0, 586.0, 560.0, 560.0, 574.0, 565.0, 556.0, 547.0, 543.0, 530.0, 532.0, 534.0, 520.0, 547.0, 543.0, 525.0, 520.0, 518.0, 523.0, 490.0, 510.0, 499.0, 506.0, 488.0, 494.0, 486.0, 503.0, 485.0, 507.0, 467.0, 481.0, 480.0, 477.0, 473.0, 444.0, 490.0, 458.0, 433.0, 463.0], "TP": [369.0, 352.0, 339.0, 356.0, 397.0, 352.0, 356.0, 358.0, 402.0, 369.0, 416.0, 387.0, 396.0, 413.0, 423.0, 429.0, 433.0, 437.0, 429.0, 423.0, 439.0, 443.0, 446.0, 441.0, 447.0, 452.0, 450.0, 438.0, 444.0, 449.0, 446.0, 453.0, 476.0, 461.0, 462.0, 452.0, 477.0, 456.0, 461.0, 459.0, 462.0, 460.0, 467.0, 474.0, 475.0, 474.0, 477.0, 486.0, 464.0, 481.0, 492.0, 481.0], "TN": [347.0, 367.0, 387.0, 351.0, 388.0, 400.0, 416.0, 443.0, 404.0, 425.0, 404.0, 439.0, 422.0, 415.0, 425.0, 445.0, 441.0, 423.0, 440.0, 455.0, 448.0, 448.0, 458.0, 461.0, 453.0, 462.0, 437.0, 453.0, 465.0, 465.0, 470.0, 458.0, 468.0, 463.0, 473.0, 476.0, 469.0, 484.0, 487.0, 472.0, 487.0, 467.0, 500.0, 479.0, 479.0, 483.0, 484.0, 504.0, 480.0, 495.0, 509.0, 490.0], "FP": [370.0, 350.0, 330.0, 366.0, 329.0, 317.0, 301.0, 274.0, 313.0, 292.0, 313.0, 278.0, 295.0, 302.0, 292.0, 272.0, 276.0, 294.0, 277.0, 262.0, 269.0, 269.0, 259.0, 256.0, 264.0, 255.0, 280.0, 264.0, 252.0, 252.0, 247.0, 259.0, 249.0, 254.0, 244.0, 241.0, 248.0, 233.0, 230.0, 245.0, 230.0, 250.0, 217.0, 238.0, 238.0, 234.0, 233.0, 213.0, 237.0, 222.0, 208.0, 227.0], "FN": [348.0, 365.0, 378.0, 361.0, 320.0, 365.0, 361.0, 359.0, 315.0, 348.0, 301.0, 330.0, 321.0, 304.0, 294.0, 288.0, 284.0, 280.0, 288.0, 294.0, 278.0, 274.0, 271.0, 276.0, 270.0, 265.0, 267.0, 279.0, 273.0, 268.0, 271.0, 264.0, 241.0, 256.0, 255.0, 265.0, 240.0, 261.0, 256.0, 258.0, 255.0, 257.0, 250.0, 243.0, 242.0, 243.0, 240.0, 231.0, 253.0, 236.0, 225.0, 236.0], "Precision": [0.49932339787483215, 0.5014244914054871, 0.5067264437675476, 0.49307480454444885, 0.5468319654464722, 0.5261584520339966, 0.5418569445610046, 0.5664557218551636, 0.5622377395629883, 0.558245062828064, 0.570644736289978, 0.5819548964500427, 0.5730825066566467, 0.5776223540306091, 0.5916084051132202, 0.6119828820228577, 0.6107193231582642, 0.597811222076416, 0.6076487302780151, 0.6175182461738586, 0.6200565099716187, 0.6221910119056702, 0.632624089717865, 0.63271164894104, 0.6286919713020325, 0.6393210887908936, 0.6164383292198181, 0.6239316463470459, 0.6379310488700867, 0.64051353931427, 0.6435786485671997, 0.6362359523773193, 0.656551718711853, 0.6447552442550659, 0.6543909311294556, 0.6522366404533386, 0.6579310297966003, 0.6618287563323975, 0.6671490669250488, 0.6519886255264282, 0.6676300764083862, 0.6478873491287231, 0.682748556137085, 0.665730357170105, 0.6661991477012634, 0.6694915294647217, 0.6718310117721558, 0.6952789425849915, 0.6619115471839905, 0.6842105388641357, 0.7028571367263794, 0.6793785095214844], "Recall": [0.5146443247795105, 0.49093446135520935, 0.47280335426330566, 0.4965132474899292, 0.5536959767341614, 0.49093446135520935, 0.4965132474899292, 0.4993026554584503, 0.560669481754303, 0.5146443247795105, 0.5801952481269836, 0.5397489666938782, 0.5523012280464172, 0.5760111808776855, 0.589958131313324, 0.5983263850212097, 0.6039051413536072, 0.6094839572906494, 0.5983263850212097, 0.589958131313324, 0.6122733354568481, 0.6178521513938904, 0.6220362782478333, 0.6150627732276917, 0.6234309673309326, 0.6304044723510742, 0.6276150345802307, 0.6108786463737488, 0.6192468404769897, 0.6262203454971313, 0.6220362782478333, 0.6317991614341736, 0.6638772487640381, 0.6429567933082581, 0.6443514823913574, 0.6304044723510742, 0.6652719378471375, 0.6359832882881165, 0.6429567933082581, 0.6401673555374146, 0.6443514823913574, 0.6415620446205139, 0.651324987411499, 0.6610878705978394, 0.6624825596809387, 0.6610878705978394, 0.6652719378471375, 0.6778242588043213, 0.6471408605575562, 0.6708507537841797, 0.6861924529075623, 0.6708507537841797], "AUC": [0.4850473403930664, 0.5013382434844971, 0.5120115280151367, 0.5180912017822266, 0.5544429421424866, 0.5500195622444153, 0.5527447462081909, 0.5684919953346252, 0.5808624625205994, 0.5740368366241455, 0.6108611226081848, 0.6074717044830322, 0.6061596274375916, 0.6166422367095947, 0.6363829970359802, 0.65667325258255, 0.6497406363487244, 0.6507754325866699, 0.6572043299674988, 0.6645804643630981, 0.6653371453285217, 0.6753461360931396, 0.6713098287582397, 0.686950147151947, 0.6856750845909119, 0.6877943277359009, 0.6903941631317139, 0.6985434889793396, 0.6946364641189575, 0.69727623462677, 0.7012842297554016, 0.7081224918365479, 0.7121888995170593, 0.7100561261177063, 0.7232375741004944, 0.710129976272583, 0.7185536026954651, 0.7236635684967041, 0.726082444190979, 0.7251205444335938, 0.7304348349571228, 0.7169925570487976, 0.7349651455879211, 0.7347034811973572, 0.7373324632644653, 0.7403358221054077, 0.7403290867805481, 0.7518065571784973, 0.7393864989280701, 0.7489306330680847, 0.754375159740448, 0.7546495199203491],