{"loss": [0.3469539284706116, 0.34647494554519653, 0.34605103731155396, 0.3456936478614807, 0.3454417586326599, 0.3452126681804657, 0.34478530287742615, 0.3445369005203247, 0.3441798985004425, 0.3438580632209778, 0.34358352422714233, 0.34327432513237, 0.34311458468437195, 0.34278082847595215, 0.3425932824611664, 0.3425273597240448, 0.34219253063201904, 0.3419206738471985, 0.34176105260849, 0.3414473831653595, 0.34143850207328796], "accuracy": [0.5, 0.5153416991233826, 0.534867525100708, 0.5585774183273315, 0.5488144755363464, 0.5467224717140198, 0.5467224717140198, 0.5536959767341614, 0.5418410301208496, 0.5550906658172607, 0.5495118498802185, 0.5481171607971191, 0.5495118498802185, 0.5411436557769775, 0.5516039133071899, 0.5362622141838074, 0.5362622141838074, 0.5474197864532471, 0.5446304082870483, 0.5495118498802185, 0.5481171607971191], "benchmark_26": [717.0, 695.0, 667.0, 633.0, 647.0, 650.0, 650.0, 640.0, 657.0, 638.0, 646.0, 648.0, 646.0, 658.0, 643.0, 665.0, 665.0, 649.0, 653.0, 646.0, 648.0], "TP": [1.0, 45.0, 102.0, 178.0, 176.0, 219.0, 236.0, 201.0, 210.0, 230.0, 242.0, 262.0, 249.0, 245.0, 247.0, 250.0, 253.0, 258.0, 268.0, 260.0, 261.0], "TN": [716.0, 694.0, 665.0, 623.0, 611.0, 565.0, 548.0, 593.0, 567.0, 566.0, 546.0, 524.0, 539.0, 531.0, 544.0, 519.0, 516.0, 527.0, 513.0, 528.0, 525.0], "FP": [1.0, 23.0, 52.0, 94.0, 106.0, 152.0, 169.0, 124.0, 150.0, 151.0, 171.0, 193.0, 178.0, 186.0, 173.0, 198.0, 201.0, 190.0, 204.0, 189.0, 192.0], "FN": [716.0, 672.0, 615.0, 539.0, 541.0, 498.0, 481.0, 516.0, 507.0, 487.0, 475.0, 455.0, 468.0, 472.0, 470.0, 467.0, 464.0, 459.0, 449.0, 457.0, 456.0], "Precision": [0.5, 0.6617646813392639, 0.6623376607894897, 0.654411792755127, 0.6241135001182556, 0.5902965068817139, 0.5827160477638245, 0.618461549282074, 0.5833333134651184, 0.6036745309829712, 0.5859563946723938, 0.5758242011070251, 0.5831381678581238, 0.5684455037117004, 0.5880952477455139, 0.5580357313156128, 0.5572687387466431, 0.5758928656578064, 0.5677965879440308, 0.5790646076202393, 0.5761589407920837], "Recall": [0.0013947001425549388, 0.06276150792837143, 0.142259418964386, 0.2482566237449646, 0.24546723067760468, 0.3054393231868744, 0.3291492462158203, 0.2803347408771515, 0.29288703203201294, 0.32078102231025696, 0.3375174403190613, 0.3654114305973053, 0.3472803235054016, 0.34170153737068176, 0.3444909453392029, 0.34867504239082336, 0.35285913944244385, 0.35983264446258545, 0.37377962470054626, 0.3626220226287842, 0.36401674151420593], "AUC": [0.46546417474746704, 0.5133429765701294, 0.5375285744667053, 0.5466476082801819, 0.5264963507652283, 0.5284289121627808, 0.5371842980384827, 0.5362914204597473, 0.5391595363616943, 0.5360599756240845, 0.5377843379974365, 0.5407342314720154, 0.5374857783317566, 0.5431578755378723, 0.5405494570732117, 0.543255090713501, 0.5431063175201416, 0.5347906351089478, 0.537140429019928, 0.5445273518562317, 0.5384864807128906], "val_loss": [0.34523725509643555, 0.3437061607837677, 0.34272500872612, 0.34217140078544617, 0.34156304597854614, 0.3413226902484894, 0.3414478302001953, 0.34123480319976807, 0.34052690863609314, 0.34013527631759644, 0.3400096297264099, 0.34005698561668396, 0.33969178795814514, 0.3396014869213104, 0.3391745686531067, 0.33894407749176025, 0.3386898636817932, 0.3385811746120453, 0.3385145664215088, 0.33803388476371765, 0.3379419445991516], "val_accuracy": [0.6218181848526001, 0.6218181848526001, 0.6218181848526001, 0.6218181848526001, 0.6218181848526001, 0.6218181848526001, 0.6218181848526001, 0.6218181848526001, 0.6218181848526001, 0.6036363840103149, 0.589090883731842, 0.5454545617103577, 0.5490909218788147, 0.5418182015419006, 0.5527272820472717, 0.5636363625526428, 0.5672727227210999, 0.5709090828895569, 0.5563636422157288, 0.5490909218788147, 0.5490909218788147], "val_benchmark_26": [104.0, 104.0, 104.0, 104.0, 104.0, 104.0, 104.0, 104.0, 104.0, 109.0, 113.0, 125.0, 124.0, 126.0, 123.0, 120.0, 119.0, 118.0, 122.0, 124.0, 124.0], "val_TP": [171.0, 171.0, 171.0, 171.0, 171.0, 171.0, 171.0, 169.0, 169.0, 163.0, 148.0, 122.0, 113.0, 101.0, 98.0, 96.0, 93.0, 92.0, 85.0, 84.0, 82.0], "val_TN": [0.0, 0.0, 0.0, 0.0, 0.0, 0.0, 0.0, 2.0, 2.0, 3.0, 14.0, 28.0, 38.0, 48.0, 54.0, 59.0, 63.0, 65.0, 68.0, 67.0, 69.0], "val_FP": [104.0, 104.0, 104.0, 104.0, 104.0, 104.0, 104.0, 102.0, 102.0, 101.0, 90.0, 76.0, 66.0, 56.0, 50.0, 45.0, 41.0, 39.0, 36.0, 37.0, 35.0], "val_FN": [0.0, 0.0, 0.0, 0.0, 0.0, 0.0, 0.0, 2.0, 2.0, 8.0, 23.0, 49.0, 58.0, 70.0, 73.0, 75.0, 78.0, 79.0, 86.0, 87.0, 89.0], "val_Precision": [0.6218181848526001, 0.6218181848526001, 0.6218181848526001, 0.6218181848526001, 0.6218181848526001, 0.6218181848526001, 0.6218181848526001, 0.6236162185668945, 0.6236162185668945, 0.6174242496490479, 0.6218487620353699, 0.6161616444587708, 0.6312848925590515, 0.6433120965957642, 0.662162184715271, 0.6808510422706604, 0.6940298676490784, 0.7022900581359863, 0.702479362487793, 0.6942148804664612, 0.7008547186851501], "val_Recall": [1.0, 1.0, 1.0, 1.0, 1.0, 1.0, 1.0, 0.988304078578949, 0.988304078578949, 0.9532163739204407, 0.8654970526695251, 0.7134503126144409, 0.6608186960220337, 0.5906432867050171, 0.5730994343757629, 0.5614035129547119, 0.5438596606254578, 0.5380116701126099, 0.49707603454589844, 0.4912280738353729, 0.4795321524143219], "val_AUC": [0.4795321524143219, 0.508996844291687, 0.4975258708000183, 0.5510571599006653, 0.5553587675094604, 0.5578328967094421, 0.5544871687889099, 0.568797767162323, 0.5675044655799866, 0.5647773146629333, 0.557776689529419, 0.5731556415557861, 0.5640462636947632, 0.5634840130805969, 0.5729588866233826, 0.5682917833328247, 0.5597447156906128, 0.5727901458740234, 0.5677856206893921, 0.5724246501922607, 0.5635684132575989]}