{"loss": [0.7398441433906555, 0.719514787197113, 0.7265313267707825, 0.6935873627662659, 0.7149956822395325, 0.7105473279953003, 0.7033016681671143, 0.6950070858001709, 0.6973467469215393, 0.6820865273475647, 0.6775853633880615, 0.6816985607147217, 0.6912428736686707, 0.6681553721427917, 0.6678779125213623, 0.6651785373687744, 0.6706078052520752, 0.6711718440055847, 0.6697973608970642, 0.6480937004089355, 0.6568775177001953, 0.6550244092941284, 0.6598836183547974, 0.6470265984535217, 0.6482490301132202, 0.6594746708869934, 0.6439261436462402, 0.6620754599571228, 0.6438496112823486, 0.638490617275238, 0.6407498121261597, 0.6398191452026367, 0.6381264925003052, 0.6415868997573853, 0.6433572173118591, 0.6365640163421631, 0.6377211213111877, 0.6487671136856079, 0.6353387236595154, 0.626842737197876, 0.6385160088539124, 0.6395395994186401, 0.6371018290519714, 0.6296877264976501, 0.629225492477417, 0.6253550052642822, 0.6389622092247009], "accuracy": [0.48396095633506775, 0.4965132474899292, 0.5111575722694397, 0.5509065389633179, 0.5, 0.5355648398399353, 0.5439330339431763, 0.5481171607971191, 0.5571827292442322, 0.5788005590438843, 0.5822873115539551, 0.5711296796798706, 0.5613667964935303, 0.5962343215942383, 0.5934448838233948, 0.5829846858978271, 0.5976290106773376, 0.6122733354568481, 0.5997210741043091, 0.6262203454971313, 0.6115760207176208, 0.6143653988838196, 0.599023699760437, 0.6269177198410034, 0.6283124089241028, 0.6087865829467773, 0.6213389039039612, 0.6122733354568481, 0.6199442148208618, 0.624825656414032, 0.6241283416748047, 0.6317991614341736, 0.6283124089241028, 0.6311017870903015, 0.642259418964386, 0.6324965357780457, 0.6234309673309326, 0.6171548366546631, 0.6408647298812866, 0.6366806030273438, 0.6227335929870605, 0.6199442148208618, 0.6394700407981873, 0.6492329239845276, 0.6366806030273438, 0.6499302387237549, 0.633193850517273], "benchmark_1861": [740.0, 722.0, 701.0, 644.0, 717.0, 666.0, 654.0, 648.0, 635.0, 604.0, 599.0, 615.0, 629.0, 579.0, 583.0, 598.0, 577.0, 556.0, 574.0, 536.0, 557.0, 553.0, 575.0, 535.0, 533.0, 561.0, 543.0, 556.0, 545.0, 538.0, 539.0, 528.0, 533.0, 529.0, 513.0, 527.0, 540.0, 549.0, 515.0, 521.0, 541.0, 545.0, 517.0, 503.0, 521.0, 502.0, 526.0], "TP": [360.0, 347.0, 366.0, 382.0, 355.0, 385.0, 381.0, 391.0, 401.0, 421.0, 420.0, 416.0, 410.0, 418.0, 442.0, 434.0, 433.0, 443.0, 425.0, 452.0, 443.0, 453.0, 440.0, 459.0, 448.0, 447.0, 444.0, 447.0, 458.0, 449.0, 455.0, 465.0, 442.0, 464.0, 473.0, 458.0, 450.0, 448.0, 461.0, 470.0, 454.0, 448.0, 465.0, 466.0, 463.0, 469.0, 460.0], "TN": [334.0, 365.0, 367.0, 408.0, 362.0, 383.0, 399.0, 395.0, 398.0, 409.0, 415.0, 403.0, 395.0, 437.0, 409.0, 402.0, 424.0, 435.0, 435.0, 446.0, 434.0, 428.0, 419.0, 440.0, 453.0, 426.0, 447.0, 431.0, 431.0, 447.0, 440.0, 441.0, 459.0, 441.0, 448.0, 449.0, 444.0, 437.0, 458.0, 443.0, 439.0, 441.0, 452.0, 465.0, 450.0, 463.0, 448.0], "FP": [383.0, 352.0, 350.0, 309.0, 355.0, 334.0, 318.0, 322.0, 319.0, 308.0, 302.0, 314.0, 322.0, 280.0, 308.0, 315.0, 293.0, 282.0, 282.0, 271.0, 283.0, 289.0, 298.0, 277.0, 264.0, 291.0, 270.0, 286.0, 286.0, 270.0, 277.0, 276.0, 258.0, 276.0, 269.0, 268.0, 273.0, 280.0, 259.0, 274.0, 278.0, 276.0, 265.0, 252.0, 267.0, 254.0, 269.0], "FN": [357.0, 370.0, 351.0, 335.0, 362.0, 332.0, 336.0, 326.0, 316.0, 296.0, 297.0, 301.0, 307.0, 299.0, 275.0, 283.0, 284.0, 274.0, 292.0, 265.0, 274.0, 264.0, 277.0, 258.0, 269.0, 270.0, 273.0, 270.0, 259.0, 268.0, 262.0, 252.0, 275.0, 253.0, 244.0, 259.0, 267.0, 269.0, 256.0, 247.0, 263.0, 269.0, 252.0, 251.0, 254.0, 248.0, 257.0], "Precision": [0.4845221936702728, 0.4964234530925751, 0.5111731886863708, 0.5528219938278198, 0.5, 0.5354658961296082, 0.545064389705658, 0.5483871102333069, 0.5569444298744202, 0.5775034427642822, 0.5817174315452576, 0.5698630213737488, 0.5601093173027039, 0.5988538861274719, 0.5893333554267883, 0.5794392228126526, 0.5964187383651733, 0.6110345125198364, 0.6011315584182739, 0.6251729130744934, 0.6101928353309631, 0.6105121374130249, 0.5962059497833252, 0.623641312122345, 0.6292135119438171, 0.6056910753250122, 0.6218487620353699, 0.6098226308822632, 0.6155914068222046, 0.6244784593582153, 0.6215847134590149, 0.6275303363800049, 0.631428599357605, 0.6270270347595215, 0.637466311454773, 0.6308540105819702, 0.6224066615104675, 0.6153846383094788, 0.6402778029441833, 0.6317204236984253, 0.6202185750007629, 0.6187845468521118, 0.6369863152503967, 0.6490250825881958, 0.6342465877532959, 0.6486860513687134, 0.631001353263855], "Recall": [0.5020920634269714, 0.48396095633506775, 0.5104602575302124, 0.5327754616737366, 0.49511855840682983, 0.5369595289230347, 0.5313807725906372, 0.5453277826309204, 0.5592747330665588, 0.5871687531471252, 0.5857740640640259, 0.5801952481269836, 0.5718270540237427, 0.5829846858978271, 0.616457462310791, 0.6052998900413513, 0.6039051413536072, 0.6178521513938904, 0.5927475690841675, 0.6304044723510742, 0.6178521513938904, 0.6317991614341736, 0.6136680841445923, 0.6401673555374146, 0.624825656414032, 0.6234309673309326, 0.6192468404769897, 0.6234309673309326, 0.6387726664543152, 0.6262203454971313, 0.6345885396003723, 0.6485355496406555, 0.616457462310791, 0.6471408605575562, 0.65969318151474, 0.6387726664543152, 0.6276150345802307, 0.624825656414032, 0.6429567933082581, 0.6555090546607971, 0.633193850517273, 0.624825656414032, 0.6485355496406555, 0.6499302387237549, 0.6457461714744568, 0.6541143655776978, 0.6415620446205139], "AUC": [0.4834338128566742, 0.5095537900924683, 0.5008860230445862, 0.5715460181236267, 0.5196551084518433, 0.5412176251411438, 0.5561556220054626, 0.5763953328132629, 0.5732597708702087, 0.6014143824577332, 0.6123501658439636, 0.6043769121170044, 0.5838939547538757, 0.633676290512085, 0.6315560936927795, 0.6308683753013611, 0.630157470703125, 0.6328942775726318, 0.6340711116790771, 0.6700950860977173, 0.6530066132545471, 0.6569942235946655, 0.6500197052955627, 0.6739416122436523, 0.6713283658027649, 0.6530668139457703, 0.6744581460952759, 0.6533236503601074, 0.6710063219070435, 0.6845565438270569, 0.681363582611084, 0.6810464859008789, 0.6839759349822998, 0.6806126832962036, 0.6812089085578918, 0.6849631071090698, 0.6892016530036926, 0.6682889461517334, 0.6906411647796631, 0.6999400854110718, 0.6845118403434753, 0.6785945296287537, 0.6891102194786072, 0.6991571187973022, 0.6992495059967041, 0.7048925757408142, 0.6866573691368103], "val_loss": [0.6613555550575256, 0.6581200361251831, 0.6532895565032959, 0.6486408114433289, 0.6483220458030701, 0.6359882354736328, 0.6489406228065491, 0.6313517093658447, 0.6239429712295532, 0.624396026134491, 0.6201881766319275, 0.6160779595375061, 0.6271287202835083, 0.6140016913414001, 0.6185460090637207, 0.6288285255432129, 0.6103819012641907, 0.6003028750419617, 0.5932160019874573, 0.6118292808532715, 0.6023462414741516, 0.5989474058151245, 0.5949821472167969, 0.5904514193534851, 0.5949409008026123, 0.6150314807891846, 0.5850601196289062, 0.5892021059989929, 0.5873121619224548, 0.6158075332641602, 0.5881703495979309, 0.583588719367981, 0.5834823250770569, 0.5841530561447144, 0.586807131767273, 0.5898745059967041, 0.5926806926727295, 0.5869759917259216, 0.5808525085449219, 0.5781462788581848, 0.5794501304626465, 0.5898858904838562, 0.5824642777442932, 0.5778341889381409, 0.5796135067939758, 0.5798520445823669, 0.5783708095550537],