{"loss": [0.8538267016410828, 0.6892330050468445, 0.6877636313438416, 0.6868788003921509, 0.6891289353370667, 0.6861513257026672, 0.6831913590431213, 0.6858375072479248, 0.6876585483551025, 0.6866915225982666, 0.683722734451294, 0.6835889220237732, 0.680360734462738, 0.688014566898346, 0.6832790374755859, 0.6730072498321533, 0.6801897287368774, 0.6770058870315552, 0.665294885635376, 0.6731749773025513, 0.6587786078453064, 0.6427050232887268, 0.643897294998169, 0.6768214106559753], "accuracy": [0.4965132474899292, 0.5299860239028931, 0.5244072675704956, 0.543235719203949, 0.5202231407165527, 0.5397489666938782, 0.555787980556488, 0.5404462814331055, 0.525801956653595, 0.5278940200805664, 0.5550906658172607, 0.5488144755363464, 0.569037675857544, 0.5467224717140198, 0.534867525100708, 0.5599721074104309, 0.5564853549003601, 0.5655509233474731, 0.5801952481269836, 0.5648535490036011, 0.6039051413536072, 0.6150627732276917, 0.6178521513938904, 0.5725244283676147], "benchmark_1153": [722.0, 674.0, 682.0, 655.0, 688.0, 660.0, 637.0, 659.0, 680.0, 677.0, 638.0, 647.0, 618.0, 650.0, 667.0, 631.0, 636.0, 623.0, 602.0, 624.0, 568.0, 552.0, 548.0, 613.0], "TP": [264.0, 448.0, 348.0, 336.0, 390.0, 361.0, 342.0, 388.0, 318.0, 377.0, 350.0, 371.0, 314.0, 450.0, 253.0, 334.0, 346.0, 472.0, 332.0, 455.0, 365.0, 433.0, 439.0, 424.0], "TN": [448.0, 312.0, 404.0, 443.0, 356.0, 413.0, 455.0, 387.0, 436.0, 380.0, 446.0, 416.0, 502.0, 334.0, 514.0, 469.0, 452.0, 339.0, 500.0, 355.0, 501.0, 449.0, 447.0, 397.0], "FP": [269.0, 405.0, 313.0, 274.0, 361.0, 304.0, 262.0, 330.0, 281.0, 337.0, 271.0, 301.0, 215.0, 383.0, 203.0, 248.0, 265.0, 378.0, 217.0, 362.0, 216.0, 268.0, 270.0, 320.0], "FN": [453.0, 269.0, 369.0, 381.0, 327.0, 356.0, 375.0, 329.0, 399.0, 340.0, 367.0, 346.0, 403.0, 267.0, 464.0, 383.0, 371.0, 245.0, 385.0, 262.0, 352.0, 284.0, 278.0, 293.0], "Precision": [0.4953095614910126, 0.525205135345459, 0.5264750123023987, 0.5508196949958801, 0.5193076133728027, 0.5428571701049805, 0.5662251710891724, 0.5403899550437927, 0.5308848023414612, 0.5280112028121948, 0.5636070966720581, 0.5520833134651184, 0.5935727953910828, 0.5402160882949829, 0.5548245906829834, 0.5738831758499146, 0.5662847757339478, 0.5552940964698792, 0.6047359108924866, 0.5569155216217041, 0.628227174282074, 0.6176890134811401, 0.6191819310188293, 0.5698924660682678], "Recall": [0.3682008385658264, 0.624825656414032, 0.4853556454181671, 0.4686192572116852, 0.5439330339431763, 0.5034867525100708, 0.47698745131492615, 0.5411436557769775, 0.4435146450996399, 0.525801956653595, 0.48814505338668823, 0.517433762550354, 0.43793582916259766, 0.6276150345802307, 0.35285913944244385, 0.46582984924316406, 0.482566237449646, 0.6582984924316406, 0.46304044127464294, 0.6345885396003723, 0.509065568447113, 0.6039051413536072, 0.6122733354568481, 0.5913528800010681], "AUC": [0.5118626952171326, 0.5460017919540405, 0.5504270792007446, 0.5489739775657654, 0.5362826585769653, 0.5526883602142334, 0.5655975341796875, 0.5617782473564148, 0.5450029373168945, 0.5541200041770935, 0.5705558657646179, 0.5683684945106506, 0.5735388398170471, 0.5604797601699829, 0.565994381904602, 0.6003240942955017, 0.5797644257545471, 0.6022965312004089, 0.6225780248641968, 0.6048884391784668, 0.647971510887146, 0.6703509092330933, 0.6713496446609497, 0.6101998090744019], "val_loss": [0.7011289000511169, 0.7029343247413635, 0.6993660926818848, 0.691048800945282, 0.70082688331604, 0.6902498602867126, 0.7096682190895081, 0.711655855178833, 0.6990327835083008, 0.6930224895477295, 0.6951226592063904, 0.7116770148277283, 0.7323145270347595, 0.7303653359413147, 0.7369493246078491, 0.7527498006820679, 0.7510725855827332, 0.7241708636283875, 0.7085123658180237, 0.7922782301902771, 0.8806747794151306, 1.248018741607666, 1.2224594354629517, 0.8070810437202454], "val_accuracy": [0.3781818151473999, 0.3781818151473999, 0.3781818151473999, 0.610909104347229, 0.3781818151473999, 0.5672727227210999, 0.3781818151473999, 0.3781818151473999, 0.41818180680274963, 0.4872727394104004, 0.4509090781211853, 0.40727272629737854, 0.38545453548431396, 0.3781818151473999, 0.40727272629737854, 0.39636364579200745, 0.41818180680274963, 0.4145454466342926, 0.47999998927116394, 0.40727272629737854, 0.42181816697120667, 0.3927272856235504, 0.4145454466342926, 0.42181816697120667], "val_benchmark_1153": [171.0, 171.0, 171.0, 107.0, 171.0, 119.0, 171.0, 171.0, 160.0, 141.0, 151.0, 163.0, 169.0, 171.0, 163.0, 166.0, 160.0, 161.0, 143.0, 163.0, 159.0, 167.0, 161.0, 159.0], "val_TP": [0.0, 0.0, 0.0, 140.0, 0.0, 126.0, 0.0, 0.0, 12.0, 45.0, 27.0, 8.0, 2.0, 0.0, 8.0, 5.0, 11.0, 10.0, 36.0, 8.0, 12.0, 4.0, 10.0, 12.0], "val_TN": [104.0, 104.0, 104.0, 28.0, 104.0, 30.0, 104.0, 104.0, 103.0, 89.0, 97.0, 104.0, 104.0, 104.0, 104.0, 104.0, 104.0, 104.0, 96.0, 104.0, 104.0, 104.0, 104.0, 104.0], "val_FP": [0.0, 0.0, 0.0, 76.0, 0.0, 74.0, 0.0, 0.0, 1.0, 15.0, 7.0, 0.0, 0.0, 0.0, 0.0, 0.0, 0.0, 0.0, 8.0, 0.0, 0.0, 0.0, 0.0, 0.0], "val_FN": [171.0, 171.0, 171.0, 31.0, 171.0, 45.0, 171.0, 171.0, 159.0, 126.0, 144.0, 163.0, 169.0, 171.0, 163.0, 166.0, 160.0, 161.0, 135.0, 163.0, 159.0, 167.0, 161.0, 159.0], "val_Precision": [0.0, 0.0, 0.0, 0.6481481194496155, 0.0, 0.6299999952316284, 0.0, 0.0, 0.9230769276618958, 0.75, 0.7941176295280457, 1.0, 1.0, 0.0, 1.0, 1.0, 1.0, 1.0, 0.8181818127632141, 1.0, 1.0, 1.0, 1.0, 1.0], "val_Recall": [0.0, 0.0, 0.0, 0.8187134265899658, 0.0, 0.7368420958518982, 0.0, 0.0, 0.07017543911933899, 0.2631579041481018, 0.15789473056793213, 0.046783626079559326, 0.011695906519889832, 0.0, 0.046783626079559326, 0.02923976629972458, 0.06432748585939407, 0.05847953259944916, 0.21052631735801697, 0.046783626079559326, 0.07017543911933899, 0.023391813039779663, 0.05847953259944916, 0.07017543911933899], "val_AUC": [0.5242915153503418, 0.5656769871711731, 0.57363361120224, 0.5607287883758545, 0.5486392378807068, 0.549342155456543, 0.5734086632728577, 0.5788911581039429, 0.5599134564399719, 0.58594810962677, 0.5746176242828369, 0.5770917534828186, 0.5921614766120911, 0.6147661209106445, 0.5866227746009827, 0.607512354850769, 0.6057974100112915, 0.6205577850341797, 0.6189833879470825, 0.6271085739135742, 0.6322817802429199, 0.6662449240684509, 0.6697593927383423, 0.6507535576820374]}