{"loss": [0.04473264142870903, 0.04260391369462013, 0.04074317589402199, 0.04025360196828842, 0.039434317499399185, 0.03856530413031578, 0.038484446704387665, 0.03764260187745094, 0.03781585395336151, 0.03766538202762604, 0.036258675158023834, 0.03619175776839256, 0.03607599437236786, 0.03567482531070709, 0.03560373932123184, 0.034738823771476746, 0.03513598069548607, 0.034410733729600906, 0.03395967558026314, 0.03477398306131363, 0.033647093921899796, 0.033186644315719604, 0.033648647367954254, 0.03267843276262283, 0.03213877230882645, 0.03249136731028557, 0.0318874754011631, 0.03143875300884247, 0.03174842894077301, 0.03203565627336502, 0.031253449618816376, 0.0308790672570467, 0.03012746572494507, 0.030526936054229736, 0.029863731935620308, 0.029963131994009018, 0.028895655646920204, 0.02767046168446541, 0.028690146282315254, 0.02851974405348301, 0.027483489364385605, 0.028071630746126175, 0.027731655165553093, 0.02609257400035858, 0.026633352041244507, 0.02663578651845455, 0.027069969102740288, 0.025235794484615326, 0.02546270191669464, 0.024042943492531776, 0.0249441210180521, 0.023837998509407043, 0.02381758578121662, 0.023645613342523575, 0.022946683689951897, 0.02288234233856201, 0.022552935406565666, 0.021976180374622345, 0.022378230467438698, 0.02182554081082344, 0.021646518260240555, 0.021908648312091827], "accuracy": [0.5327754616737366, 0.5871687531471252, 0.6311017870903015, 0.6485355496406555, 0.6576011180877686, 0.6631799340248108, 0.6652719378471375, 0.6813110113143921, 0.6931659579277039, 0.677126944065094, 0.7015341520309448, 0.6903765797615051, 0.7126917839050293, 0.7050209045410156, 0.7140864729881287, 0.7147838473320007, 0.7147838473320007, 0.7147838473320007, 0.7308228611946106, 0.7266387939453125, 0.7336122989654541, 0.732914924621582, 0.7343096137046814, 0.7398884296417236, 0.7524407505989075, 0.7440724968910217, 0.7594142556190491, 0.7538354396820068, 0.7510460019111633, 0.7642956972122192, 0.7656903862953186, 0.7594142556190491, 0.784518837928772, 0.76778244972229, 0.7566248178482056, 0.7629009485244751, 0.7887029051780701, 0.7921896576881409, 0.7900976538658142, 0.7907949686050415, 0.7984658479690552, 0.793584406375885, 0.8054393529891968, 0.8221757411956787, 0.8089261054992676, 0.8068340420722961, 0.7977684736251831, 0.8193863034248352, 0.8200836777687073, 0.8312413096427917, 0.8256624937057495, 0.8396095037460327, 0.8242678046226501, 0.8417015075683594, 0.8507670760154724, 0.8507670760154724, 0.8451882600784302, 0.8584379553794861, 0.8396095037460327, 0.848675012588501, 0.8528591394424438, 0.8528591394424438], "benchmark_447": [670.0, 592.0, 529.0, 504.0, 491.0, 483.0, 480.0, 457.0, 440.0, 463.0, 428.0, 444.0, 412.0, 423.0, 410.0, 409.0, 409.0, 409.0, 386.0, 392.0, 382.0, 383.0, 381.0, 373.0, 355.0, 367.0, 345.0, 353.0, 357.0, 338.0, 336.0, 345.0, 309.0, 333.0, 349.0, 340.0, 303.0, 298.0, 301.0, 300.0, 289.0, 296.0, 279.0, 255.0, 274.0, 277.0, 290.0, 259.0, 258.0, 242.0, 250.0, 230.0, 252.0, 227.0, 214.0, 214.0, 222.0, 203.0, 230.0, 217.0, 211.0, 211.0], "TP": [361.0, 373.0, 435.0, 448.0, 471.0, 462.0, 450.0, 472.0, 478.0, 471.0, 479.0, 457.0, 488.0, 485.0, 492.0, 497.0, 493.0, 485.0, 505.0, 508.0, 504.0, 505.0, 502.0, 524.0, 536.0, 527.0, 534.0, 523.0, 540.0, 537.0, 537.0, 540.0, 548.0, 550.0, 526.0, 549.0, 549.0, 569.0, 558.0, 551.0, 572.0, 555.0, 575.0, 581.0, 574.0, 570.0, 564.0, 579.0, 590.0, 599.0, 584.0, 600.0, 584.0, 600.0, 604.0, 603.0, 604.0, 613.0, 609.0, 610.0, 607.0, 605.0], "TN": [403.0, 469.0, 470.0, 482.0, 472.0, 489.0, 504.0, 505.0, 516.0, 500.0, 527.0, 533.0, 534.0, 526.0, 532.0, 528.0, 532.0, 540.0, 543.0, 534.0, 548.0, 546.0, 551.0, 537.0, 543.0, 540.0, 555.0, 558.0, 537.0, 559.0, 561.0, 549.0, 577.0, 551.0, 559.0, 545.0, 582.0, 567.0, 575.0, 583.0, 573.0, 583.0, 580.0, 598.0, 586.0, 587.0, 580.0, 596.0, 586.0, 593.0, 600.0, 604.0, 598.0, 607.0, 616.0, 617.0, 608.0, 618.0, 595.0, 607.0, 616.0, 618.0], "FP": [314.0, 248.0, 247.0, 235.0, 245.0, 228.0, 213.0, 212.0, 201.0, 217.0, 190.0, 184.0, 183.0, 191.0, 185.0, 189.0, 185.0, 177.0, 174.0, 183.0, 169.0, 171.0, 166.0, 180.0, 174.0, 177.0, 162.0, 159.0, 180.0, 158.0, 156.0, 168.0, 140.0, 166.0, 158.0, 172.0, 135.0, 150.0, 142.0, 134.0, 144.0, 134.0, 137.0, 119.0, 131.0, 130.0, 137.0, 121.0, 131.0, 124.0, 117.0, 113.0, 119.0, 110.0, 101.0, 100.0, 109.0, 99.0, 122.0, 110.0, 101.0, 99.0], "FN": [356.0, 344.0, 282.0, 269.0, 246.0, 255.0, 267.0, 245.0, 239.0, 246.0, 238.0, 260.0, 229.0, 232.0, 225.0, 220.0, 224.0, 232.0, 212.0, 209.0, 213.0, 212.0, 215.0, 193.0, 181.0, 190.0, 183.0, 194.0, 177.0, 180.0, 180.0, 177.0, 169.0, 167.0, 191.0, 168.0, 168.0, 148.0, 159.0, 166.0, 145.0, 162.0, 142.0, 136.0, 143.0, 147.0, 153.0, 138.0, 127.0, 118.0, 133.0, 117.0, 133.0, 117.0, 113.0, 114.0, 113.0, 104.0, 108.0, 107.0, 110.0, 112.0], "Precision": [0.5348148345947266, 0.6006441116333008, 0.6378298997879028, 0.6559297442436218, 0.6578212380409241, 0.6695652008056641, 0.6787330508232117, 0.6900584697723389, 0.7039764523506165, 0.6845930218696594, 0.7159940004348755, 0.7129485011100769, 0.7272727489471436, 0.7174556255340576, 0.7267355918884277, 0.7244898080825806, 0.7271386384963989, 0.7326284050941467, 0.7437407970428467, 0.7351664304733276, 0.7488855719566345, 0.7470414042472839, 0.7514970302581787, 0.7443181872367859, 0.7549296021461487, 0.7485795617103577, 0.767241358757019, 0.766862154006958, 0.75, 0.7726618647575378, 0.7748917937278748, 0.7627118825912476, 0.7965116500854492, 0.7681564092636108, 0.7690058350563049, 0.7614424228668213, 0.8026315569877625, 0.7913768887519836, 0.7971428632736206, 0.8043795824050903, 0.7988826632499695, 0.8055152297019958, 0.807584285736084, 0.8299999833106995, 0.8141843676567078, 0.8142856955528259, 0.804564893245697, 0.8271428346633911, 0.8183078765869141, 0.8284924030303955, 0.8330955505371094, 0.8415147066116333, 0.8307254910469055, 0.8450704216957092, 0.8567376136779785, 0.8577525019645691, 0.8471248149871826, 0.8609550595283508, 0.8331053256988525, 0.8472222089767456, 0.8573446273803711, 0.859375], "Recall": [0.5034867525100708, 0.5202231407165527, 0.6066945791244507, 0.624825656414032, 0.6569037437438965, 0.6443514823913574, 0.6276150345802307, 0.6582984924316406, 0.6666666865348816, 0.6569037437438965, 0.668061375617981, 0.6373779773712158, 0.6806136965751648, 0.6764295697212219, 0.6861924529075623, 0.6931659579277039, 0.6875871419906616, 0.6764295697212219, 0.7043235898017883, 0.7085076570510864, 0.7029288411140442, 0.7043235898017883, 0.7001394629478455, 0.7308228611946106, 0.7475592494010925, 0.7350069880485535, 0.7447698712348938, 0.7294281721115112, 0.7531380653381348, 0.7489539980888367, 0.7489539980888367, 0.7531380653381348, 0.7642956972122192, 0.767085075378418, 0.7336122989654541, 0.7656903862953186, 0.7656903862953186, 0.793584406375885, 0.7782427072525024, 0.7684797644615173, 0.7977684736251831, 0.7740585803985596, 0.801952600479126, 0.8103207945823669, 0.8005578517913818, 0.7949790954589844, 0.7866109013557434, 0.8075313568115234, 0.822873055934906, 0.8354253768920898, 0.814504861831665, 0.8368200659751892, 0.814504861831665, 0.8368200659751892, 0.8423988819122314, 0.8410041928291321, 0.8423988819122314, 0.8549512028694153, 0.849372386932373, 0.8507670760154724, 0.8465830087661743, 0.8437935709953308],