{"loss": [0.6893965005874634, 0.6685314178466797, 0.6514632105827332, 0.6409860849380493, 0.6258105039596558, 0.6193798184394836, 0.5961405634880066, 0.5833722352981567, 0.5589131712913513, 0.532759964466095, 0.5391209125518799, 0.5039924383163452, 0.4911925196647644, 0.45014649629592896, 0.4487367272377014, 0.36707499623298645, 0.3033340275287628, 0.25730907917022705, 0.2519450783729553, 0.16501063108444214, 0.2040737271308899, 0.0929117351770401, 0.15334703028202057, 0.04826870560646057, 0.043903570622205734, 0.0765770971775055, 0.0775582492351532, 0.05985838174819946, 0.019097954034805298, 0.005337125156074762, 0.020447077229619026, 0.2163524329662323, 0.022269457578659058, 0.002734005218371749, 0.0026338098105043173], "accuracy": [0.5418410301208496, 0.569037675857544, 0.6011157631874084, 0.6185495257377625, 0.6387726664543152, 0.6408647298812866, 0.6687586903572083, 0.6834030747413635, 0.7050209045410156, 0.723849356174469, 0.7224546670913696, 0.7433751821517944, 0.7656903862953186, 0.7866109013557434, 0.7733612060546875, 0.8389121294021606, 0.8688982129096985, 0.8905160427093506, 0.9030683636665344, 0.9351464509963989, 0.9163179993629456, 0.9700139760971069, 0.9435146450996399, 0.9860529899597168, 0.9776847958564758, 0.9721059799194336, 0.9721059799194336, 0.9804741740226746, 0.9944211840629578, 0.9993026256561279, 0.9944211840629578, 0.9337517619132996, 0.9944211840629578, 0.9993026256561279, 0.9986053109169006], "benchmark_747": [657.0, 618.0, 572.0, 547.0, 518.0, 515.0, 475.0, 454.0, 423.0, 396.0, 398.0, 368.0, 336.0, 306.0, 325.0, 231.0, 188.0, 157.0, 139.0, 93.0, 120.0, 43.0, 81.0, 20.0, 32.0, 40.0, 40.0, 28.0, 8.0, 1.0, 8.0, 95.0, 8.0, 1.0, 2.0], "TP": [345.0, 366.0, 401.0, 429.0, 431.0, 370.0, 454.0, 450.0, 459.0, 482.0, 464.0, 490.0, 487.0, 539.0, 493.0, 559.0, 589.0, 614.0, 628.0, 663.0, 654.0, 692.0, 674.0, 707.0, 701.0, 696.0, 700.0, 703.0, 713.0, 717.0, 716.0, 660.0, 713.0, 716.0, 716.0], "TN": [432.0, 450.0, 461.0, 458.0, 485.0, 549.0, 505.0, 530.0, 552.0, 556.0, 572.0, 576.0, 611.0, 589.0, 616.0, 644.0, 657.0, 663.0, 667.0, 678.0, 660.0, 699.0, 679.0, 707.0, 701.0, 698.0, 694.0, 703.0, 713.0, 716.0, 710.0, 679.0, 713.0, 717.0, 716.0], "FP": [285.0, 267.0, 256.0, 259.0, 232.0, 168.0, 212.0, 187.0, 165.0, 161.0, 145.0, 141.0, 106.0, 128.0, 101.0, 73.0, 60.0, 54.0, 50.0, 39.0, 57.0, 18.0, 38.0, 10.0, 16.0, 19.0, 23.0, 14.0, 4.0, 1.0, 7.0, 38.0, 4.0, 0.0, 1.0], "FN": [372.0, 351.0, 316.0, 288.0, 286.0, 347.0, 263.0, 267.0, 258.0, 235.0, 253.0, 227.0, 230.0, 178.0, 224.0, 158.0, 128.0, 103.0, 89.0, 54.0, 63.0, 25.0, 43.0, 10.0, 16.0, 21.0, 17.0, 14.0, 4.0, 0.0, 1.0, 57.0, 4.0, 1.0, 1.0], "Precision": [0.5476190447807312, 0.578199028968811, 0.6103500723838806, 0.6235465407371521, 0.6500754356384277, 0.6877323389053345, 0.6816816926002502, 0.7064363956451416, 0.7355769276618958, 0.7496111989021301, 0.761904776096344, 0.7765451669692993, 0.8212478756904602, 0.8080959320068359, 0.8299663066864014, 0.8844936490058899, 0.9075500965118408, 0.9191616773605347, 0.9262536764144897, 0.9444444179534912, 0.9198312163352966, 0.9746478796005249, 0.9466292262077332, 0.9860529899597168, 0.9776847958564758, 0.9734265804290771, 0.9681881070137024, 0.9804741740226746, 0.9944211840629578, 0.9986072182655334, 0.9903181195259094, 0.9455587267875671, 0.9944211840629578, 1.0, 0.9986053109169006], "Recall": [0.48117154836654663, 0.5104602575302124, 0.5592747330665588, 0.5983263850212097, 0.6011157631874084, 0.5160390734672546, 0.633193850517273, 0.6276150345802307, 0.6401673555374146, 0.672245442867279, 0.6471408605575562, 0.6834030747413635, 0.6792189478874207, 0.7517433762550354, 0.6875871419906616, 0.7796373963356018, 0.8214783668518066, 0.8563458919525146, 0.8758716583251953, 0.9246861934661865, 0.9121338725090027, 0.965132474899292, 0.9400278925895691, 0.9860529899597168, 0.9776847958564758, 0.9707112908363342, 0.9762901067733765, 0.9804741740226746, 0.9944211840629578, 1.0, 0.9986053109169006, 0.9205020666122437, 0.9944211840629578, 0.9986053109169006, 0.9986053109169006], "AUC": [0.5731566548347473, 0.6098622679710388, 0.6485326886177063, 0.6722095012664795, 0.7071557641029358, 0.7012014985084534, 0.7390656471252441, 0.7504954934120178, 0.782352864742279, 0.8011258840560913, 0.7958241701126099, 0.8229100108146667, 0.8357492685317993, 0.8645204901695251, 0.8640652894973755, 0.9127737879753113, 0.9417804479598999, 0.9588690400123596, 0.9602102637290955, 0.9829192161560059, 0.9749888181686401, 0.9947596788406372, 0.9845064282417297, 0.9985109567642212, 0.9988951683044434, 0.9963809847831726, 0.9956466555595398, 0.9974459409713745, 0.9998725652694702, 0.9999864101409912, 0.9991043210029602, 0.9726223945617676, 0.9998648762702942, 0.9999999403953552, 0.9999979734420776], "val_loss": [0.684990644454956, 0.6851420998573303, 0.7192826271057129, 0.6528866291046143, 0.6727333068847656, 0.6692832708358765, 0.7006617784500122, 0.7058794498443604, 0.8883062601089478, 0.7196466326713562, 0.7389911413192749, 0.9569686651229858, 0.7747552394866943, 0.936519205570221, 0.9875171184539795, 1.1547812223434448, 0.9112359881401062, 1.6829478740692139, 1.1558890342712402, 1.4726985692977905, 1.0536941289901733, 2.1179771423339844, 1.2165337800979614, 1.9064923524856567, 2.045531988143921, 1.7557228803634644, 1.7771309614181519, 1.9383362531661987, 2.1775014400482178, 2.4894537925720215, 2.310908079147339, 1.312629222869873, 2.079630136489868, 2.469924211502075, 2.722407341003418], "val_accuracy": [0.6218181848526001, 0.6218181848526001, 0.3781818151473999, 0.6218181848526001, 0.610909104347229, 0.5236363410949707, 0.4981818199157715, 0.4727272689342499, 0.4254545569419861, 0.5199999809265137, 0.44727271795272827, 0.45818182826042175, 0.5199999809265137, 0.5054545402526855, 0.6618182063102722, 0.5054545402526855, 0.5672727227210999, 0.5090909004211426, 0.6472727060317993, 0.6618182063102722, 0.5963636636734009, 0.6618182063102722, 0.589090883731842, 0.6218181848526001, 0.6290909051895142, 0.578181803226471, 0.607272744178772, 0.6509090662002563, 0.5672727227210999, 0.6545454263687134, 0.6000000238418579, 0.6399999856948853, 0.6290909051895142, 0.6581818461418152, 0.6509090662002563], "val_benchmark_747": [104.0, 104.0, 171.0, 104.0, 107.0, 131.0, 138.0, 145.0, 158.0, 132.0, 152.0, 149.0, 132.0, 136.0, 93.0, 136.0, 119.0, 135.0, 97.0, 93.0, 111.0, 93.0, 113.0, 104.0, 102.0, 116.0, 108.0, 96.0, 119.0, 95.0, 110.0, 99.0, 102.0, 94.0, 96.0], "val_TP": [171.0, 171.0, 0.0, 171.0, 108.0, 51.0, 48.0, 31.0, 15.0, 48.0, 26.0, 27.0, 48.0, 44.0, 137.0, 46.0, 103.0, 61.0, 123.0, 140.0, 108.0, 155.0, 95.0, 114.0, 100.0, 116.0, 111.0, 140.0, 105.0, 147.0, 114.0, 141.0, 122.0, 133.0, 139.0], "val_TN": [0.0, 0.0, 104.0, 0.0, 60.0, 93.0, 89.0, 99.0, 102.0, 95.0, 97.0, 99.0, 95.0, 95.0, 45.0, 93.0, 53.0, 79.0, 55.0, 42.0, 56.0, 27.0, 67.0, 57.0, 73.0, 43.0, 56.0, 39.0, 51.0, 33.0, 51.0, 35.0, 51.0, 48.0, 40.0], "val_FP": [104.0, 104.0, 0.0, 104.0, 44.0, 11.0, 15.0, 5.0, 2.0, 9.0, 7.0, 5.0, 9.0, 9.0, 59.0, 11.0, 51.0, 25.0, 49.0, 62.0, 48.0, 77.0, 37.0, 47.0, 31.0, 61.0, 48.0, 65.0, 53.0, 71.0, 53.0, 69.0, 53.0, 56.0, 64.0], "val_FN": [0.0, 0.0, 171.0, 0.0, 63.0, 120.0, 123.0, 140.0, 156.0, 123.0, 145.0, 144.0, 123.0, 127.0, 34.0, 125.0, 68.0, 110.0, 48.0, 31.0, 63.0, 16.0, 76.0, 57.0, 71.0, 55.0, 60.0, 31.0, 66.0, 24.0, 57.0, 30.0, 49.0, 38.0, 32.0],