{"loss": [1.580680251121521, 0.924005925655365, 0.7696857452392578, 0.7432864904403687, 0.7178265452384949, 0.7066599130630493, 0.7058176398277283, 0.6895153522491455, 0.6800355911254883, 0.6915151476860046, 0.6873730421066284, 0.679831326007843, 0.67885822057724, 0.681280255317688, 0.6830872297286987, 0.6813064813613892, 0.6771479845046997, 0.6739091873168945, 0.6819533109664917, 0.6777796745300293, 0.677295982837677, 0.6807319521903992, 0.6783948540687561, 0.671693742275238], "accuracy": [0.508368194103241, 0.5020920634269714, 0.5013946890830994, 0.5006973743438721, 0.4860529899597168, 0.5097628831863403, 0.5062761306762695, 0.5069735050201416, 0.5418410301208496, 0.5146443247795105, 0.5230125784873962, 0.5536959767341614, 0.5620641708374023, 0.5306833982467651, 0.5529986023902893, 0.534867525100708, 0.5529986023902893, 0.543235719203949, 0.5411436557769775, 0.5404462814331055, 0.5550906658172607, 0.5655509233474731, 0.5467224717140198, 0.5620641708374023], "benchmark_147": [705.0, 714.0, 715.0, 716.0, 737.0, 703.0, 708.0, 707.0, 657.0, 696.0, 684.0, 640.0, 628.0, 673.0, 641.0, 667.0, 641.0, 655.0, 658.0, 659.0, 638.0, 623.0, 650.0, 628.0], "TP": [376.0, 355.0, 361.0, 356.0, 380.0, 324.0, 397.0, 304.0, 385.0, 376.0, 354.0, 324.0, 383.0, 342.0, 377.0, 348.0, 328.0, 353.0, 354.0, 317.0, 306.0, 315.0, 307.0, 318.0], "TN": [353.0, 365.0, 358.0, 362.0, 317.0, 407.0, 329.0, 423.0, 392.0, 362.0, 396.0, 470.0, 423.0, 419.0, 416.0, 419.0, 465.0, 426.0, 422.0, 458.0, 490.0, 496.0, 477.0, 488.0], "FP": [364.0, 352.0, 359.0, 355.0, 400.0, 310.0, 388.0, 294.0, 325.0, 355.0, 321.0, 247.0, 294.0, 298.0, 301.0, 298.0, 252.0, 291.0, 295.0, 259.0, 227.0, 221.0, 240.0, 229.0], "FN": [341.0, 362.0, 356.0, 361.0, 337.0, 393.0, 320.0, 413.0, 332.0, 341.0, 363.0, 393.0, 334.0, 375.0, 340.0, 369.0, 389.0, 364.0, 363.0, 400.0, 411.0, 402.0, 410.0, 399.0], "Precision": [0.5081080794334412, 0.50212162733078, 0.5013889074325562, 0.5007032155990601, 0.4871794879436493, 0.511040985584259, 0.5057324767112732, 0.5083612203598022, 0.5422534942626953, 0.5143638849258423, 0.5244444608688354, 0.567425549030304, 0.5657311677932739, 0.534375011920929, 0.5560472011566162, 0.5386996865272522, 0.565517246723175, 0.5481366515159607, 0.5454545617103577, 0.5503472089767456, 0.5741088390350342, 0.5876865386962891, 0.5612431168556213, 0.5813528299331665], "Recall": [0.5244072675704956, 0.49511855840682983, 0.5034867525100708, 0.4965132474899292, 0.5299860239028931, 0.45188283920288086, 0.5536959767341614, 0.42398884892463684, 0.5369595289230347, 0.5244072675704956, 0.4937238395214081, 0.45188283920288086, 0.5341701507568359, 0.47698745131492615, 0.525801956653595, 0.4853556454181671, 0.4574616551399231, 0.4923291504383087, 0.4937238395214081, 0.4421199560165405, 0.42677825689315796, 0.4393305480480194, 0.4281729459762573, 0.4435146450996399], "AUC": [0.5115087032318115, 0.5060281157493591, 0.5081153512001038, 0.5032970905303955, 0.48358455300331116, 0.5103707313537598, 0.5150606036186218, 0.523801326751709, 0.5808051228523254, 0.5384437441825867, 0.555343508720398, 0.5702067017555237, 0.5827882289886475, 0.5591045022010803, 0.5813351273536682, 0.5529742240905762, 0.5732879042625427, 0.5783259868621826, 0.5623948574066162, 0.568626344203949, 0.5659379959106445, 0.5628159642219543, 0.5637545585632324, 0.5730554461479187], "val_loss": [1.286016821861267, 0.8705606460571289, 0.7076879739761353, 0.6656594276428223, 0.741192102432251, 0.6740200519561768, 0.7448253631591797, 0.6589442491531372, 0.7117012143135071, 0.704126238822937, 0.6513922214508057, 0.6592000722885132, 0.6901065111160278, 0.6508094668388367, 0.6604159474372864, 1.1224861145019531, 0.8314749002456665, 0.6960442662239075, 0.9926714301109314, 2.472060441970825, 0.6536304354667664, 0.6620509028434753, 0.6798765063285828, 0.9063118696212769], "val_accuracy": [0.3781818151473999, 0.3781818151473999, 0.41818180680274963, 0.6218181848526001, 0.3781818151473999, 0.6218181848526001, 0.389090895652771, 0.6181818246841431, 0.4363636374473572, 0.44363635778427124, 0.6181818246841431, 0.5636363625526428, 0.49454545974731445, 0.5381818413734436, 0.5600000023841858, 0.6218181848526001, 0.6218181848526001, 0.6218181848526001, 0.6218181848526001, 0.6218181848526001, 0.5490909218788147, 0.6218181848526001, 0.6218181848526001, 0.6218181848526001], "val_benchmark_147": [171.0, 171.0, 160.0, 104.0, 171.0, 104.0, 168.0, 105.0, 155.0, 153.0, 105.0, 120.0, 139.0, 127.0, 121.0, 104.0, 104.0, 104.0, 104.0, 104.0, 124.0, 104.0, 104.0, 104.0], "val_TP": [0.0, 0.0, 13.0, 171.0, 0.0, 171.0, 3.0, 170.0, 18.0, 20.0, 170.0, 79.0, 40.0, 103.0, 67.0, 171.0, 171.0, 171.0, 171.0, 171.0, 100.0, 171.0, 171.0, 171.0], "val_TN": [104.0, 104.0, 102.0, 0.0, 104.0, 0.0, 104.0, 0.0, 102.0, 102.0, 0.0, 76.0, 96.0, 45.0, 87.0, 0.0, 0.0, 0.0, 0.0, 0.0, 51.0, 0.0, 0.0, 0.0], "val_FP": [0.0, 0.0, 2.0, 104.0, 0.0, 104.0, 0.0, 104.0, 2.0, 2.0, 104.0, 28.0, 8.0, 59.0, 17.0, 104.0, 104.0, 104.0, 104.0, 104.0, 53.0, 104.0, 104.0, 104.0], "val_FN": [171.0, 171.0, 158.0, 0.0, 171.0, 0.0, 168.0, 1.0, 153.0, 151.0, 1.0, 92.0, 131.0, 68.0, 104.0, 0.0, 0.0, 0.0, 0.0, 0.0, 71.0, 0.0, 0.0, 0.0], "val_Precision": [0.0, 0.0, 0.8666666746139526, 0.6218181848526001, 0.0, 0.6218181848526001, 1.0, 0.6204379796981812, 0.8999999761581421, 0.9090909361839294, 0.6204379796981812, 0.7383177280426025, 0.8333333134651184, 0.6358024477958679, 0.7976190447807312, 0.6218181848526001, 0.6218181848526001, 0.6218181848526001, 0.6218181848526001, 0.6218181848526001, 0.6535947918891907, 0.6218181848526001, 0.6218181848526001, 0.6218181848526001], "val_Recall": [0.0, 0.0, 0.0760233923792839, 1.0, 0.0, 1.0, 0.017543859779834747, 0.9941520690917969, 0.10526315867900848, 0.11695906519889832, 0.9941520690917969, 0.46198830008506775, 0.23391813039779663, 0.6023392081260681, 0.39181286096572876, 1.0, 1.0, 1.0, 1.0, 1.0, 0.5847952961921692, 1.0, 1.0, 1.0], "val_AUC": [0.5733243227005005, 0.5827990770339966, 0.5437191128730774, 0.5156601667404175, 0.49631690979003906, 0.5414980053901672, 0.5507197976112366, 0.5443376302719116, 0.5692476630210876, 0.5768949389457703, 0.5702036023139954, 0.5804374814033508, 0.5905590057373047, 0.5772604942321777, 0.5767261981964111, 0.5745332837104797, 0.5781601071357727, 0.5771479606628418, 0.5799314379692078, 0.5310953259468079, 0.5812528133392334, 0.5711312890052795, 0.5864822268486023, 0.5843454599380493]}