{"loss": [0.6851590871810913, 0.6755996942520142, 0.6652053594589233, 0.6621295213699341, 0.6561058759689331, 0.6536562442779541, 0.6495497822761536, 0.6432692408561707, 0.6399213075637817, 0.6327753663063049, 0.63358473777771, 0.6297304630279541, 0.6270180940628052, 0.6232888698577881, 0.6162696480751038, 0.6162671446800232, 0.611496090888977, 0.6084530353546143, 0.6069678068161011, 0.6084614992141724, 0.6092925667762756, 0.601188600063324, 0.6018860340118408, 0.601912260055542, 0.6011843681335449, 0.597500741481781, 0.6028129458427429, 0.6000338196754456, 0.5905202627182007, 0.5901100039482117, 0.5925695300102234, 0.5883830189704895, 0.5916627645492554, 0.5931189656257629, 0.5940156579017639, 0.5887416005134583, 0.5927876830101013, 0.5868536829948425, 0.5851809978485107, 0.5860788822174072, 0.5838972330093384, 0.5844762921333313, 0.5791149139404297, 0.5817784070968628, 0.5874009132385254, 0.5941514372825623, 0.5761470794677734, 0.5751878023147583, 0.5786011815071106, 0.5794867277145386, 0.5767373442649841, 0.5734218955039978, 0.5719374418258667, 0.5847921371459961, 0.5760017037391663, 0.575110912322998, 0.5712097883224487, 0.5697826147079468], "accuracy": [0.5523012280464172, 0.5571827292442322, 0.5801952481269836, 0.5760111808776855, 0.6066945791244507, 0.590655505657196, 0.5983263850212097, 0.6178521513938904, 0.6171548366546631, 0.6387726664543152, 0.6304044723510742, 0.6408647298812866, 0.6429567933082581, 0.6387726664543152, 0.6443514823913574, 0.6492329239845276, 0.650627613067627, 0.6569037437438965, 0.6624825596809387, 0.6610878705978394, 0.6520223021507263, 0.6645746231079102, 0.6638772487640381, 0.6569037437438965, 0.668061375617981, 0.6820083856582642, 0.6708507537841797, 0.6603904962539673, 0.6631799340248108, 0.6764295697212219, 0.6736401915550232, 0.6799163222312927, 0.6736401915550232, 0.6694560647010803, 0.6652719378471375, 0.6799163222312927, 0.6562064290046692, 0.6757321953773499, 0.677126944065094, 0.6715481281280518, 0.6792189478874207, 0.6757321953773499, 0.6813110113143921, 0.6729428172111511, 0.6743375062942505, 0.6757321953773499, 0.6847977638244629, 0.6806136965751648, 0.6868898272514343, 0.6861924529075623, 0.6868898272514343, 0.6750348806381226, 0.6910738945007324, 0.6806136965751648, 0.677126944065094, 0.6834030747413635, 0.6917712688446045, 0.6813110113143921], "benchmark_715": [642.0, 635.0, 602.0, 608.0, 564.0, 587.0, 576.0, 548.0, 549.0, 518.0, 530.0, 515.0, 512.0, 518.0, 510.0, 503.0, 501.0, 492.0, 484.0, 486.0, 499.0, 481.0, 482.0, 492.0, 476.0, 456.0, 472.0, 487.0, 483.0, 464.0, 468.0, 459.0, 468.0, 474.0, 480.0, 459.0, 493.0, 465.0, 463.0, 471.0, 460.0, 465.0, 457.0, 469.0, 467.0, 465.0, 452.0, 458.0, 449.0, 450.0, 449.0, 466.0, 443.0, 458.0, 463.0, 454.0, 442.0, 457.0], "TP": [326.0, 288.0, 392.0, 335.0, 286.0, 385.0, 281.0, 380.0, 338.0, 379.0, 354.0, 400.0, 391.0, 384.0, 393.0, 441.0, 418.0, 440.0, 446.0, 419.0, 401.0, 445.0, 432.0, 449.0, 459.0, 468.0, 449.0, 456.0, 432.0, 467.0, 451.0, 441.0, 466.0, 446.0, 462.0, 472.0, 435.0, 445.0, 465.0, 469.0, 462.0, 479.0, 449.0, 442.0, 465.0, 459.0, 484.0, 468.0, 468.0, 460.0, 472.0, 455.0, 468.0, 465.0, 496.0, 453.0, 465.0, 460.0], "TN": [466.0, 511.0, 440.0, 491.0, 584.0, 462.0, 577.0, 506.0, 547.0, 537.0, 550.0, 519.0, 531.0, 532.0, 531.0, 490.0, 515.0, 502.0, 504.0, 529.0, 534.0, 508.0, 520.0, 493.0, 499.0, 510.0, 513.0, 491.0, 519.0, 503.0, 515.0, 534.0, 500.0, 514.0, 492.0, 503.0, 506.0, 524.0, 506.0, 494.0, 512.0, 490.0, 528.0, 523.0, 502.0, 510.0, 498.0, 508.0, 517.0, 524.0, 513.0, 513.0, 523.0, 511.0, 475.0, 527.0, 527.0, 517.0], "FP": [251.0, 206.0, 277.0, 226.0, 133.0, 255.0, 140.0, 211.0, 170.0, 180.0, 167.0, 198.0, 186.0, 185.0, 186.0, 227.0, 202.0, 215.0, 213.0, 188.0, 183.0, 209.0, 197.0, 224.0, 218.0, 207.0, 204.0, 226.0, 198.0, 214.0, 202.0, 183.0, 217.0, 203.0, 225.0, 214.0, 211.0, 193.0, 211.0, 223.0, 205.0, 227.0, 189.0, 194.0, 215.0, 207.0, 219.0, 209.0, 200.0, 193.0, 204.0, 204.0, 194.0, 206.0, 242.0, 190.0, 190.0, 200.0], "FN": [391.0, 429.0, 325.0, 382.0, 431.0, 332.0, 436.0, 337.0, 379.0, 338.0, 363.0, 317.0, 326.0, 333.0, 324.0, 276.0, 299.0, 277.0, 271.0, 298.0, 316.0, 272.0, 285.0, 268.0, 258.0, 249.0, 268.0, 261.0, 285.0, 250.0, 266.0, 276.0, 251.0, 271.0, 255.0, 245.0, 282.0, 272.0, 252.0, 248.0, 255.0, 238.0, 268.0, 275.0, 252.0, 258.0, 233.0, 249.0, 249.0, 257.0, 245.0, 262.0, 249.0, 252.0, 221.0, 264.0, 252.0, 257.0], "Precision": [0.5649913549423218, 0.5829959511756897, 0.585949182510376, 0.5971479415893555, 0.6825775504112244, 0.6015625, 0.6674584150314331, 0.6429780125617981, 0.665354311466217, 0.6779963970184326, 0.6794625520706177, 0.6688963174819946, 0.6776430010795593, 0.6748681664466858, 0.6787564754486084, 0.660179615020752, 0.6741935610771179, 0.6717557311058044, 0.67678302526474, 0.6902800798416138, 0.6866438388824463, 0.680428147315979, 0.686804473400116, 0.6671619415283203, 0.6779911518096924, 0.6933333277702332, 0.6875957250595093, 0.6686217188835144, 0.6857143044471741, 0.685756266117096, 0.6906585097312927, 0.7067307829856873, 0.6822840571403503, 0.6872110962867737, 0.6724891066551208, 0.6880466341972351, 0.673374593257904, 0.6974921822547913, 0.6878698468208313, 0.6777456402778625, 0.6926536560058594, 0.678470253944397, 0.7037617564201355, 0.694968581199646, 0.6838235259056091, 0.6891891956329346, 0.6884779334068298, 0.6912850737571716, 0.7005987763404846, 0.7044410705566406, 0.6982248425483704, 0.6904400587081909, 0.7069486379623413, 0.692995548248291, 0.6720867156982422, 0.7045100927352905, 0.7099236845970154, 0.6969696879386902], "Recall": [0.454672247171402, 0.40167364478111267, 0.5467224717140198, 0.4672245383262634, 0.39888423681259155, 0.5369595289230347, 0.39191073179244995, 0.5299860239028931, 0.4714086353778839, 0.5285913348197937, 0.4937238395214081, 0.5578800439834595, 0.5453277826309204, 0.5355648398399353, 0.5481171607971191, 0.6150627732276917, 0.5829846858978271, 0.6136680841445923, 0.6220362782478333, 0.5843793749809265, 0.5592747330665588, 0.6206415891647339, 0.6025104522705078, 0.6262203454971313, 0.6401673555374146, 0.6527196764945984, 0.6262203454971313, 0.6359832882881165, 0.6025104522705078, 0.651324987411499, 0.6290097832679749, 0.6150627732276917, 0.6499302387237549, 0.6220362782478333, 0.6443514823913574, 0.6582984924316406, 0.6066945791244507, 0.6206415891647339, 0.6485355496406555, 0.6541143655776978, 0.6443514823913574, 0.668061375617981, 0.6262203454971313, 0.616457462310791, 0.6485355496406555, 0.6401673555374146, 0.6750348806381226, 0.6527196764945984, 0.6527196764945984, 0.6415620446205139, 0.6582984924316406, 0.6345885396003723, 0.6527196764945984, 0.6485355496406555, 0.6917712688446045, 0.6317991614341736, 0.6485355496406555, 0.6415620446205139], "AUC": [0.5676643252372742, 0.5684073567390442, 0.6114301681518555, 0.607349157333374, 0.6120885014533997, 0.6336636543273926, 0.6413763165473938, 0.6627305746078491, 0.662647008895874, 0.6857547760009766, 0.6801857352256775, 0.68780118227005, 0.6951977014541626, 0.698448121547699, 0.7088685035705566, 0.7123912572860718, 0.7157836556434631, 0.7238133549690247, 0.722455620765686, 0.7244620323181152, 0.7186547517776489, 0.7315853834152222, 0.7286306023597717, 0.7279682755470276, 0.7328381538391113, 0.7403358221054077, 0.7326630353927612, 0.7337980270385742, 0.7412519454956055, 0.7443137764930725, 0.7404525279998779, 0.7455897331237793, 0.7437875270843506, 0.7380998134613037, 0.735400915145874, 0.7461782097816467, 0.7369939684867859, 0.7491251230239868, 0.7474989891052246, 0.7487166523933411, 0.75309818983078, 0.7502028346061707, 0.7544957399368286, 0.7518824338912964, 0.747764527797699, 0.7411226034164429, 0.7600464224815369, 0.7596690654754639, 0.7562483549118042, 0.7561948895454407, 0.7588802576065063, 0.7592167854309082, 0.764687716960907, 0.7481399178504944, 0.7607768177986145, 0.7571948170661926, 0.7663342356681824, 0.7643910050392151],