{"loss": [0.6889269948005676, 0.6852067112922668, 0.681682288646698, 0.6787446737289429, 0.6754803657531738, 0.6725713014602661, 0.6697083115577698, 0.6658474802970886, 0.6640374064445496, 0.6600813269615173, 0.6569887399673462, 0.6541428565979004, 0.6511259078979492, 0.647517204284668, 0.6455243825912476, 0.6440991759300232, 0.6416040658950806, 0.6379134654998779, 0.6388103365898132, 0.6352906823158264, 0.6348496675491333], "accuracy": [0.5481171607971191, 0.5578800439834595, 0.5774058699607849, 0.5794979333877563, 0.5850766897201538, 0.5878661274909973, 0.5941422581672668, 0.6094839572906494, 0.6101813316345215, 0.625523030757904, 0.6234309673309326, 0.6311017870903015, 0.6234309673309326, 0.6311017870903015, 0.6352859139442444, 0.6373779773712158, 0.6324965357780457, 0.6464434862136841, 0.6408647298812866, 0.6394700407981873, 0.6443514823913574], "benchmark_20": [648.0, 634.0, 606.0, 603.0, 595.0, 591.0, 582.0, 560.0, 559.0, 537.0, 540.0, 529.0, 540.0, 529.0, 523.0, 520.0, 527.0, 507.0, 515.0, 517.0, 510.0], "TP": [325.0, 349.0, 362.0, 369.0, 380.0, 385.0, 403.0, 426.0, 431.0, 448.0, 447.0, 457.0, 454.0, 464.0, 471.0, 469.0, 477.0, 480.0, 477.0, 478.0, 484.0], "TN": [461.0, 451.0, 466.0, 462.0, 459.0, 458.0, 449.0, 448.0, 444.0, 449.0, 447.0, 448.0, 440.0, 441.0, 440.0, 445.0, 430.0, 447.0, 442.0, 439.0, 440.0], "FP": [256.0, 266.0, 251.0, 255.0, 258.0, 259.0, 268.0, 269.0, 273.0, 268.0, 270.0, 269.0, 277.0, 276.0, 277.0, 272.0, 287.0, 270.0, 275.0, 278.0, 277.0], "FN": [392.0, 368.0, 355.0, 348.0, 337.0, 332.0, 314.0, 291.0, 286.0, 269.0, 270.0, 260.0, 263.0, 253.0, 246.0, 248.0, 240.0, 237.0, 240.0, 239.0, 233.0], "Precision": [0.5593803524971008, 0.56747967004776, 0.5905383229255676, 0.5913461446762085, 0.5956112742424011, 0.5978260636329651, 0.6005961298942566, 0.6129496693611145, 0.6122159361839294, 0.6256983280181885, 0.6234309673309326, 0.6294766068458557, 0.6210670471191406, 0.6270270347595215, 0.6296791434288025, 0.6329284906387329, 0.6243455410003662, 0.6399999856948853, 0.6343085169792175, 0.6322751045227051, 0.6360052824020386], "Recall": [0.4532775580883026, 0.4867503345012665, 0.5048814415931702, 0.5146443247795105, 0.5299860239028931, 0.5369595289230347, 0.5620641708374023, 0.5941422581672668, 0.6011157631874084, 0.624825656414032, 0.6234309673309326, 0.6373779773712158, 0.633193850517273, 0.6471408605575562, 0.6569037437438965, 0.6541143655776978, 0.6652719378471375, 0.6694560647010803, 0.6652719378471375, 0.6666666865348816, 0.6750348806381226], "AUC": [0.5594255328178406, 0.5756163001060486, 0.5887628793716431, 0.603893518447876, 0.6170498132705688, 0.6228017210960388, 0.6324059963226318, 0.645232617855072, 0.6482009887695312, 0.6589986681938171, 0.6611257791519165, 0.6687129735946655, 0.672048032283783, 0.6800826191902161, 0.6813459992408752, 0.6848970055580139, 0.6894234418869019, 0.6934616565704346, 0.6911138296127319, 0.6958006620407104, 0.6986027956008911], "val_loss": [0.6708571314811707, 0.6714537143707275, 0.6718173623085022, 0.6716770529747009, 0.671222448348999, 0.6702081561088562, 0.6688641309738159, 0.6672863960266113, 0.6657251715660095, 0.664130687713623, 0.6628526449203491, 0.6626640558242798, 0.6638140082359314, 0.6663810014724731, 0.6711030602455139, 0.6817261576652527, 0.6797844171524048, 0.6926097869873047, 0.7280116677284241, 0.7610169649124146, 0.7717481255531311], "val_accuracy": [0.6218181848526001, 0.6218181848526001, 0.6218181848526001, 0.6218181848526001, 0.6218181848526001, 0.6218181848526001, 0.6218181848526001, 0.6218181848526001, 0.6218181848526001, 0.6218181848526001, 0.6218181848526001, 0.6218181848526001, 0.6218181848526001, 0.6218181848526001, 0.6218181848526001, 0.6218181848526001, 0.6218181848526001, 0.6218181848526001, 0.6218181848526001, 0.6218181848526001, 0.6218181848526001], "val_benchmark_20": [104.0, 104.0, 104.0, 104.0, 104.0, 104.0, 104.0, 104.0, 104.0, 104.0, 104.0, 104.0, 104.0, 104.0, 104.0, 104.0, 104.0, 104.0, 104.0, 104.0, 104.0], "val_TP": [171.0, 171.0, 171.0, 171.0, 171.0, 171.0, 171.0, 171.0, 171.0, 171.0, 171.0, 171.0, 171.0, 171.0, 171.0, 171.0, 171.0, 171.0, 171.0, 171.0, 171.0], "val_TN": [0.0, 0.0, 0.0, 0.0, 0.0, 0.0, 0.0, 0.0, 0.0, 0.0, 0.0, 0.0, 0.0, 0.0, 0.0, 0.0, 0.0, 0.0, 0.0, 0.0, 0.0], "val_FP": [104.0, 104.0, 104.0, 104.0, 104.0, 104.0, 104.0, 104.0, 104.0, 104.0, 104.0, 104.0, 104.0, 104.0, 104.0, 104.0, 104.0, 104.0, 104.0, 104.0, 104.0], "val_FN": [0.0, 0.0, 0.0, 0.0, 0.0, 0.0, 0.0, 0.0, 0.0, 0.0, 0.0, 0.0, 0.0, 0.0, 0.0, 0.0, 0.0, 0.0, 0.0, 0.0, 0.0], "val_Precision": [0.6218181848526001, 0.6218181848526001, 0.6218181848526001, 0.6218181848526001, 0.6218181848526001, 0.6218181848526001, 0.6218181848526001, 0.6218181848526001, 0.6218181848526001, 0.6218181848526001, 0.6218181848526001, 0.6218181848526001, 0.6218181848526001, 0.6218181848526001, 0.6218181848526001, 0.6218181848526001, 0.6218181848526001, 0.6218181848526001, 0.6218181848526001, 0.6218181848526001, 0.6218181848526001], "val_Recall": [1.0, 1.0, 1.0, 1.0, 1.0, 1.0, 1.0, 1.0, 1.0, 1.0, 1.0, 1.0, 1.0, 1.0, 1.0, 1.0, 1.0, 1.0, 1.0, 1.0, 1.0], "val_AUC": [0.5, 0.5, 0.5, 0.5, 0.5, 0.5579453706741333, 0.5, 0.5, 0.5, 0.513776421546936, 0.5209176540374756, 0.5524628758430481, 0.5646929740905762, 0.6346435546875, 0.636161744594574, 0.6462269425392151, 0.6559828519821167, 0.6590755581855774, 0.6553643345832825, 0.6316914558410645, 0.6483637094497681]}