{"loss": [0.6936498880386353, 0.6925260424613953, 0.6929593086242676, 0.6926523447036743, 0.6903624534606934, 0.690433919429779, 0.6865797638893127, 0.684585452079773, 0.6840826869010925, 0.6830148696899414, 0.6800374388694763, 0.6768708825111389, 0.6715677976608276, 0.6683863997459412, 0.6677037477493286, 0.6633728742599487, 0.6606820225715637, 0.6534332036972046, 0.6532620787620544, 0.6497368812561035, 0.6478190422058105, 0.6457619667053223, 0.6428070068359375, 0.6416910886764526, 0.6382400989532471, 0.6372581124305725, 0.6348421573638916, 0.6338962316513062, 0.6366594433784485, 0.6284695863723755, 0.6265567541122437, 0.625220000743866, 0.6224051117897034, 0.6224929690361023, 0.6227980256080627, 0.6198225021362305, 0.6181169748306274, 0.6139993667602539, 0.6094996333122253, 0.6140636205673218, 0.6137005090713501, 0.6111854314804077, 0.6064973473548889, 0.6025316715240479, 0.6021707057952881], "accuracy": [0.5034867525100708, 0.517433762550354, 0.5076708793640137, 0.5062761306762695, 0.5285913348197937, 0.5230125784873962, 0.5592747330665588, 0.5683403015136719, 0.5746164321899414, 0.5599721074104309, 0.586471438407898, 0.5892608165740967, 0.599023699760437, 0.6087865829467773, 0.5871687531471252, 0.5976290106773376, 0.599023699760437, 0.6213389039039612, 0.6324965357780457, 0.6262203454971313, 0.6143653988838196, 0.6066945791244507, 0.6304044723510742, 0.6311017870903015, 0.6415620446205139, 0.6415620446205139, 0.6283124089241028, 0.6485355496406555, 0.6269177198410034, 0.6380752921104431, 0.6443514823913574, 0.6380752921104431, 0.6401673555374146, 0.6610878705978394, 0.6527196764945984, 0.6450487971305847, 0.651324987411499, 0.6415620446205139, 0.6603904962539673, 0.6569037437438965, 0.6457461714744568, 0.6534169912338257, 0.6589958071708679, 0.6666666865348816, 0.6617852449417114], "benchmark_500": [712.0, 692.0, 706.0, 708.0, 676.0, 684.0, 632.0, 619.0, 610.0, 631.0, 593.0, 589.0, 575.0, 561.0, 592.0, 577.0, 575.0, 543.0, 527.0, 536.0, 553.0, 564.0, 530.0, 529.0, 514.0, 514.0, 533.0, 504.0, 535.0, 519.0, 510.0, 519.0, 516.0, 486.0, 498.0, 509.0, 500.0, 514.0, 487.0, 492.0, 508.0, 497.0, 489.0, 478.0, 485.0], "TP": [366.0, 384.0, 362.0, 265.0, 376.0, 379.0, 365.0, 374.0, 381.0, 391.0, 388.0, 394.0, 431.0, 428.0, 388.0, 439.0, 424.0, 452.0, 436.0, 468.0, 441.0, 431.0, 442.0, 460.0, 456.0, 472.0, 440.0, 464.0, 441.0, 475.0, 468.0, 456.0, 455.0, 466.0, 470.0, 458.0, 467.0, 466.0, 480.0, 462.0, 469.0, 466.0, 464.0, 470.0, 474.0], "TN": [356.0, 358.0, 366.0, 461.0, 382.0, 371.0, 437.0, 441.0, 443.0, 412.0, 453.0, 451.0, 428.0, 445.0, 454.0, 418.0, 435.0, 439.0, 471.0, 430.0, 440.0, 439.0, 462.0, 445.0, 464.0, 448.0, 461.0, 466.0, 458.0, 440.0, 456.0, 459.0, 463.0, 482.0, 466.0, 467.0, 467.0, 454.0, 467.0, 480.0, 457.0, 471.0, 481.0, 486.0, 475.0], "FP": [361.0, 359.0, 351.0, 256.0, 335.0, 346.0, 280.0, 276.0, 274.0, 305.0, 264.0, 266.0, 289.0, 272.0, 263.0, 299.0, 282.0, 278.0, 246.0, 287.0, 277.0, 278.0, 255.0, 272.0, 253.0, 269.0, 256.0, 251.0, 259.0, 277.0, 261.0, 258.0, 254.0, 235.0, 251.0, 250.0, 250.0, 263.0, 250.0, 237.0, 260.0, 246.0, 236.0, 231.0, 242.0], "FN": [351.0, 333.0, 355.0, 452.0, 341.0, 338.0, 352.0, 343.0, 336.0, 326.0, 329.0, 323.0, 286.0, 289.0, 329.0, 278.0, 293.0, 265.0, 281.0, 249.0, 276.0, 286.0, 275.0, 257.0, 261.0, 245.0, 277.0, 253.0, 276.0, 242.0, 249.0, 261.0, 262.0, 251.0, 247.0, 259.0, 250.0, 251.0, 237.0, 255.0, 248.0, 251.0, 253.0, 247.0, 243.0], "Precision": [0.5034387707710266, 0.5168237090110779, 0.5077139139175415, 0.5086372494697571, 0.5288326144218445, 0.5227586030960083, 0.565891444683075, 0.5753846168518066, 0.5816794037818909, 0.5617815852165222, 0.5950919985771179, 0.596969723701477, 0.5986111164093018, 0.6114285588264465, 0.5960061550140381, 0.5948509573936462, 0.600566565990448, 0.619178056716919, 0.6392961740493774, 0.6198675632476807, 0.6142061352729797, 0.607898473739624, 0.6341463327407837, 0.6284152865409851, 0.6431593894958496, 0.6369770765304565, 0.6321839094161987, 0.6489510536193848, 0.6299999952316284, 0.6316489577293396, 0.6419752836227417, 0.6386554837226868, 0.6417489647865295, 0.6647646427154541, 0.6518723964691162, 0.6468926668167114, 0.651324987411499, 0.63923180103302, 0.6575342416763306, 0.6609442234039307, 0.6433470249176025, 0.6544944047927856, 0.6628571152687073, 0.6704707741737366, 0.6620111465454102], "Recall": [0.5104602575302124, 0.5355648398399353, 0.5048814415931702, 0.3695955276489258, 0.5244072675704956, 0.5285913348197937, 0.509065568447113, 0.5216178297996521, 0.5313807725906372, 0.5453277826309204, 0.5411436557769775, 0.5495118498802185, 0.6011157631874084, 0.5969316363334656, 0.5411436557769775, 0.6122733354568481, 0.5913528800010681, 0.6304044723510742, 0.60808926820755, 0.6527196764945984, 0.6150627732276917, 0.6011157631874084, 0.616457462310791, 0.6415620446205139, 0.6359832882881165, 0.6582984924316406, 0.6136680841445923, 0.6471408605575562, 0.6150627732276917, 0.6624825596809387, 0.6527196764945984, 0.6359832882881165, 0.6345885396003723, 0.6499302387237549, 0.6555090546607971, 0.6387726664543152, 0.651324987411499, 0.6499302387237549, 0.6694560647010803, 0.6443514823913574, 0.6541143655776978, 0.6499302387237549, 0.6471408605575562, 0.6555090546607971, 0.6610878705978394], "AUC": [0.5049719214439392, 0.5233480930328369, 0.5174239873886108, 0.519027829170227, 0.5451273918151855, 0.5411883592605591, 0.5776898860931396, 0.5867700576782227, 0.5897481441497803, 0.5882989168167114, 0.6060516834259033, 0.6196631789207458, 0.6434431076049805, 0.6506169438362122, 0.6350262761116028, 0.6573317050933838, 0.6588178277015686, 0.6790244579315186, 0.669743001461029, 0.6783873438835144, 0.6766348481178284, 0.6742966771125793, 0.6833602786064148, 0.6859220862388611, 0.6911439299583435, 0.6903872489929199, 0.6915796399116516, 0.6953912377357483, 0.6857558488845825, 0.7033178806304932, 0.7056627869606018, 0.7073512077331543, 0.7086690664291382, 0.711174488067627, 0.7069262266159058, 0.7095171809196472, 0.7130448222160339, 0.7211008667945862, 0.7291256785392761, 0.7176131010055542, 0.7192567586898804, 0.7235255241394043, 0.728050947189331, 0.7373217344284058, 0.7360281944274902], "val_loss": [0.6973689198493958, 0.6966666579246521, 0.6956663727760315, 0.6865462064743042, 0.6897683143615723, 0.6968443989753723, 0.698539137840271, 0.6988745331764221, 0.6952945590019226, 0.6889488697052002, 0.6528666019439697, 0.7180056571960449, 0.6808304786682129, 0.7688060998916626, 0.6412267088890076, 0.7090651988983154, 0.6477170586585999, 0.7530182003974915, 0.6223543882369995, 0.6371166706085205, 0.8472051620483398, 0.7443406581878662, 0.7223015427589417, 0.80958092212677, 0.6007406711578369, 0.7353882789611816, 0.7856008410453796, 0.6231074929237366, 0.728493332862854, 0.8716235756874084, 0.6369035243988037, 0.835342526435852, 0.7228376269340515, 0.6072986721992493, 0.6280959248542786, 0.6362514495849609, 0.6470878720283508, 0.7068361639976501, 0.6130801439285278, 0.6971166729927063, 0.578391969203949, 0.66361004114151, 0.5822203755378723, 0.6907625794410706, 0.6485342979431152], "val_accuracy": [0.3781818151473999, 0.3781818151473999, 0.3781818151473999, 0.6290909051895142, 0.5490909218788147, 0.4509090781211853, 0.4545454680919647, 0.4763636291027069, 0.49454545974731445, 0.5199999809265137, 0.6218181848526001, 0.4545454680919647, 0.5199999809265137, 0.4145454466342926, 0.6727272868156433, 0.4727272689342499, 0.6436363458633423, 0.46909090876579285, 0.6836363673210144, 0.6399999856948853, 0.4290909171104431, 0.47999998927116394, 0.5127272605895996, 0.4727272689342499, 0.7127272486686707, 0.5018181800842285, 0.48363634943962097, 0.6254545450210571, 0.5054545402526855, 0.46909090876579285, 0.6363636255264282, 0.47999998927116394, 0.5272727012634277, 0.6545454263687134, 0.6254545450210571, 0.614545464515686, 0.610909104347229, 0.5345454812049866, 0.6472727060317993, 0.5454545617103577, 0.7090908885002136, 0.581818163394928, 0.6836363673210144, 0.5527272820472717, 0.6036363840103149],