{"loss": [0.17282657325267792, 0.1661480814218521, 0.16087153553962708, 0.15962569415569305, 0.1516643613576889, 0.1525276154279709, 0.1473652869462967, 0.14371569454669952, 0.14179646968841553, 0.13351766765117645, 0.13473954796791077, 0.12465578317642212, 0.11895442008972168, 0.11461271345615387, 0.10552363842725754, 0.10297179967164993, 0.09454869478940964, 0.08545979112386703, 0.08387487381696701, 0.07644996047019958, 0.07052386552095413, 0.07124502956867218], "accuracy": [0.5327754616737366, 0.5955369472503662, 0.6283124089241028, 0.6206415891647339, 0.6701534390449524, 0.6701534390449524, 0.6903765797615051, 0.6889818906784058, 0.706415593624115, 0.7301255464553833, 0.7545327544212341, 0.7656903862953186, 0.7719665169715881, 0.7838214635848999, 0.7907949686050415, 0.8075313568115234, 0.8312413096427917, 0.8535565137863159, 0.8514644503593445, 0.8702929019927979, 0.8807531595230103, 0.8870292901992798], "benchmark_1287": [670.0, 580.0, 533.0, 544.0, 473.0, 473.0, 444.0, 446.0, 421.0, 387.0, 352.0, 336.0, 327.0, 310.0, 300.0, 276.0, 242.0, 210.0, 213.0, 186.0, 171.0, 162.0], "TP": [387.0, 331.0, 448.0, 435.0, 477.0, 485.0, 472.0, 491.0, 496.0, 498.0, 523.0, 527.0, 534.0, 534.0, 542.0, 573.0, 570.0, 604.0, 596.0, 612.0, 611.0, 627.0], "TN": [377.0, 523.0, 453.0, 455.0, 484.0, 476.0, 518.0, 497.0, 517.0, 549.0, 559.0, 571.0, 573.0, 590.0, 592.0, 585.0, 622.0, 620.0, 625.0, 636.0, 652.0, 645.0], "FP": [340.0, 194.0, 264.0, 262.0, 233.0, 241.0, 199.0, 220.0, 200.0, 168.0, 158.0, 146.0, 144.0, 127.0, 125.0, 132.0, 95.0, 97.0, 92.0, 81.0, 65.0, 72.0], "FN": [330.0, 386.0, 269.0, 282.0, 240.0, 232.0, 245.0, 226.0, 221.0, 219.0, 194.0, 190.0, 183.0, 183.0, 175.0, 144.0, 147.0, 113.0, 121.0, 105.0, 106.0, 90.0], "Precision": [0.5323246121406555, 0.630476176738739, 0.6292135119438171, 0.624103307723999, 0.6718310117721558, 0.6680440902709961, 0.7034277319908142, 0.6905766725540161, 0.7126436829566956, 0.7477477192878723, 0.7679882645606995, 0.7830609083175659, 0.7876105904579163, 0.8078668713569641, 0.8125936985015869, 0.8127659559249878, 0.8571428656578064, 0.8616262674331665, 0.8662790656089783, 0.8831169009208679, 0.9038461446762085, 0.8969957232475281], "Recall": [0.5397489666938782, 0.4616457521915436, 0.624825656414032, 0.6066945791244507, 0.6652719378471375, 0.6764295697212219, 0.6582984924316406, 0.6847977638244629, 0.6917712688446045, 0.6945606470108032, 0.7294281721115112, 0.7350069880485535, 0.7447698712348938, 0.7447698712348938, 0.7559275031089783, 0.7991631627082825, 0.7949790954589844, 0.8423988819122314, 0.8312413096427917, 0.8535565137863159, 0.8521617650985718, 0.874476969242096], "AUC": [0.5644645094871521, 0.6218291521072388, 0.6845517158508301, 0.6845876574516296, 0.7342764735221863, 0.7317361831665039, 0.7577374577522278, 0.7671298980712891, 0.7793641090393066, 0.8113361597061157, 0.8185887932777405, 0.8440026640892029, 0.8559218049049377, 0.870532214641571, 0.8899295330047607, 0.8991224765777588, 0.9174831509590149, 0.9347972869873047, 0.9356619715690613, 0.9470003247261047, 0.9555640816688538, 0.9560289978981018], "val_loss": [0.18618638813495636, 0.1671677678823471, 0.17443141341209412, 0.18159769475460052, 0.19612392783164978, 0.19260302186012268, 0.16792528331279755, 0.18618249893188477, 0.17356953024864197, 0.19642063975334167, 0.1723322570323944, 0.28366777300834656, 0.4053875803947449, 0.20154953002929688, 0.18622983992099762, 0.17119917273521423, 0.1680464893579483, 0.18588769435882568, 0.20491942763328552, 0.6087455749511719, 0.44278374314308167, 1.15604829788208], "val_accuracy": [0.3781818151473999, 0.6218181848526001, 0.3781818151473999, 0.3781818151473999, 0.3781818151473999, 0.3781818151473999, 0.6218181848526001, 0.3781818151473999, 0.6218181848526001, 0.3781818151473999, 0.5454545617103577, 0.38181817531585693, 0.38181817531585693, 0.3927272856235504, 0.589090883731842, 0.578181803226471, 0.610909104347229, 0.6181818246841431, 0.5272727012634277, 0.4145454466342926, 0.4872727394104004, 0.38181817531585693], "val_benchmark_1287": [171.0, 104.0, 171.0, 171.0, 171.0, 171.0, 104.0, 171.0, 104.0, 171.0, 125.0, 170.0, 170.0, 167.0, 113.0, 116.0, 107.0, 105.0, 130.0, 161.0, 141.0, 170.0], "val_TP": [0.0, 171.0, 0.0, 0.0, 0.0, 0.0, 171.0, 0.0, 171.0, 0.0, 87.0, 1.0, 1.0, 5.0, 142.0, 97.0, 167.0, 97.0, 52.0, 10.0, 35.0, 1.0], "val_TN": [104.0, 0.0, 104.0, 104.0, 104.0, 104.0, 0.0, 104.0, 0.0, 104.0, 63.0, 104.0, 104.0, 103.0, 20.0, 62.0, 1.0, 73.0, 93.0, 104.0, 99.0, 104.0], "val_FP": [0.0, 104.0, 0.0, 0.0, 0.0, 0.0, 104.0, 0.0, 104.0, 0.0, 41.0, 0.0, 0.0, 1.0, 84.0, 42.0, 103.0, 31.0, 11.0, 0.0, 5.0, 0.0], "val_FN": [171.0, 0.0, 171.0, 171.0, 171.0, 171.0, 0.0, 171.0, 0.0, 171.0, 84.0, 170.0, 170.0, 166.0, 29.0, 74.0, 4.0, 74.0, 119.0, 161.0, 136.0, 170.0], "val_Precision": [0.0, 0.6218181848526001, 0.0, 0.0, 0.0, 0.0, 0.6218181848526001, 0.0, 0.6218181848526001, 0.0, 0.6796875, 1.0, 1.0, 0.8333333134651184, 0.6283186078071594, 0.6978417038917542, 0.6185185313224792, 0.7578125, 0.8253968358039856, 1.0, 0.875, 1.0], "val_Recall": [0.0, 1.0, 0.0, 0.0, 0.0, 0.0, 1.0, 0.0, 1.0, 0.0, 0.5087719559669495, 0.005847953259944916, 0.005847953259944916, 0.02923976629972458, 0.8304093480110168, 0.567251443862915, 0.9766082167625427, 0.567251443862915, 0.3040935695171356, 0.05847953259944916, 0.20467835664749146, 0.005847953259944916], "val_AUC": [0.4497019648551941, 0.4981725215911865, 0.5, 0.5546558499336243, 0.5, 0.5083220601081848, 0.4697200059890747, 0.6882871389389038, 0.5298302173614502, 0.7060559988021851, 0.5703722834587097, 0.6645861268043518, 0.6621962785720825, 0.6307074427604675, 0.52760910987854, 0.5973628163337708, 0.6834232807159424, 0.676394522190094, 0.6641362905502319, 0.7024853229522705, 0.5913180708885193, 0.5886752605438232]}