{"loss": [0.04300341010093689, 0.04266965016722679, 0.0424141064286232, 0.04234559088945389, 0.042120449244976044, 0.04201665148139, 0.04185085743665695, 0.0414687879383564, 0.04133692383766174, 0.04125213995575905, 0.04095369949936867, 0.0414903499186039, 0.041114918887615204, 0.04063548892736435, 0.040526945143938065, 0.04057256504893303, 0.04032941162586212, 0.04005325585603714, 0.039971478283405304, 0.03987206891179085, 0.03969739004969597], "accuracy": [0.5285913348197937, 0.5488144755363464, 0.573221743106842, 0.5620641708374023, 0.5801952481269836, 0.581589937210083, 0.573221743106842, 0.5822873115539551, 0.599023699760437, 0.5976290106773376, 0.6032078266143799, 0.5892608165740967, 0.5941422581672668, 0.5948396325111389, 0.6129707098007202, 0.615760087966919, 0.6143653988838196, 0.6171548366546631, 0.642259418964386, 0.6213389039039612, 0.633193850517273], "benchmark_67": [676.0, 647.0, 612.0, 628.0, 602.0, 600.0, 612.0, 599.0, 575.0, 577.0, 569.0, 589.0, 582.0, 581.0, 555.0, 551.0, 553.0, 549.0, 513.0, 543.0, 526.0], "TP": [391.0, 439.0, 358.0, 303.0, 322.0, 266.0, 405.0, 399.0, 417.0, 388.0, 423.0, 360.0, 500.0, 362.0, 445.0, 378.0, 356.0, 458.0, 415.0, 468.0, 409.0], "TN": [367.0, 348.0, 464.0, 503.0, 510.0, 568.0, 417.0, 436.0, 442.0, 469.0, 442.0, 485.0, 352.0, 491.0, 434.0, 505.0, 525.0, 427.0, 506.0, 423.0, 499.0], "FP": [350.0, 369.0, 253.0, 214.0, 207.0, 149.0, 300.0, 281.0, 275.0, 248.0, 275.0, 232.0, 365.0, 226.0, 283.0, 212.0, 192.0, 290.0, 211.0, 294.0, 218.0], "FN": [326.0, 278.0, 359.0, 414.0, 395.0, 451.0, 312.0, 318.0, 300.0, 329.0, 294.0, 357.0, 217.0, 355.0, 272.0, 339.0, 361.0, 259.0, 302.0, 249.0, 308.0], "Precision": [0.5276653170585632, 0.5433168411254883, 0.5859246850013733, 0.5860735177993774, 0.6086956262588501, 0.6409638524055481, 0.5744680762290955, 0.5867646932601929, 0.602601170539856, 0.6100628972053528, 0.6060171723365784, 0.6081081032752991, 0.5780346989631653, 0.615646243095398, 0.6112637519836426, 0.6406779885292053, 0.6496350169181824, 0.6122994422912598, 0.6629393100738525, 0.6141732335090637, 0.6523125767707825], "Recall": [0.5453277826309204, 0.6122733354568481, 0.4993026554584503, 0.4225941300392151, 0.44909343123435974, 0.37099024653434753, 0.5648535490036011, 0.5564853549003601, 0.581589937210083, 0.5411436557769775, 0.589958131313324, 0.5020920634269714, 0.6973500847816467, 0.5048814415931702, 0.6206415891647339, 0.5271966457366943, 0.4965132474899292, 0.6387726664543152, 0.5788005590438843, 0.6527196764945984, 0.5704323649406433], "AUC": [0.5558677911758423, 0.5757767558097839, 0.5902187824249268, 0.5897548794746399, 0.6101375222206116, 0.6138343811035156, 0.6186662316322327, 0.6319975852966309, 0.6459543108940125, 0.643240749835968, 0.655070424079895, 0.6376502513885498, 0.6531661152839661, 0.6631819009780884, 0.6666374206542969, 0.6745903491973877, 0.6760725975036621, 0.6826532483100891, 0.6898922324180603, 0.688491702079773, 0.6982750296592712], "val_loss": [0.0439554862678051, 0.04391612112522125, 0.04477418214082718, 0.044664166867733, 0.0452277734875679, 0.04619566723704338, 0.0461307168006897, 0.04821796715259552, 0.04927893355488777, 0.05291371792554855, 0.054340872913599014, 0.05410804599523544, 0.05712215602397919, 0.05971561744809151, 0.05988626554608345, 0.0634281262755394, 0.06481771171092987, 0.06502088159322739, 0.06691091507673264, 0.06652344018220901, 0.0672813132405281], "val_accuracy": [0.3781818151473999, 0.3781818151473999, 0.3781818151473999, 0.3781818151473999, 0.3781818151473999, 0.3781818151473999, 0.3781818151473999, 0.3781818151473999, 0.3781818151473999, 0.3781818151473999, 0.3781818151473999, 0.3781818151473999, 0.3781818151473999, 0.3781818151473999, 0.3781818151473999, 0.3781818151473999, 0.3781818151473999, 0.3781818151473999, 0.3781818151473999, 0.3781818151473999, 0.3781818151473999], "val_benchmark_67": [171.0, 171.0, 171.0, 171.0, 171.0, 171.0, 171.0, 171.0, 171.0, 171.0, 171.0, 171.0, 171.0, 171.0, 171.0, 171.0, 171.0, 171.0, 171.0, 171.0, 171.0], "val_TP": [0.0, 0.0, 0.0, 0.0, 0.0, 0.0, 0.0, 0.0, 0.0, 0.0, 0.0, 0.0, 0.0, 0.0, 0.0, 0.0, 0.0, 0.0, 0.0, 0.0, 0.0], "val_TN": [104.0, 104.0, 104.0, 104.0, 104.0, 104.0, 104.0, 104.0, 104.0, 104.0, 104.0, 104.0, 104.0, 104.0, 104.0, 104.0, 104.0, 104.0, 104.0, 104.0, 104.0], "val_FP": [0.0, 0.0, 0.0, 0.0, 0.0, 0.0, 0.0, 0.0, 0.0, 0.0, 0.0, 0.0, 0.0, 0.0, 0.0, 0.0, 0.0, 0.0, 0.0, 0.0, 0.0], "val_FN": [171.0, 171.0, 171.0, 171.0, 171.0, 171.0, 171.0, 171.0, 171.0, 171.0, 171.0, 171.0, 171.0, 171.0, 171.0, 171.0, 171.0, 171.0, 171.0, 171.0, 171.0], "val_Precision": [0.0, 0.0, 0.0, 0.0, 0.0, 0.0, 0.0, 0.0, 0.0, 0.0, 0.0, 0.0, 0.0, 0.0, 0.0, 0.0, 0.0, 0.0, 0.0, 0.0, 0.0], "val_Recall": [0.0, 0.0, 0.0, 0.0, 0.0, 0.0, 0.0, 0.0, 0.0, 0.0, 0.0, 0.0, 0.0, 0.0, 0.0, 0.0, 0.0, 0.0, 0.0, 0.0, 0.0], "val_AUC": [0.5, 0.5, 0.5, 0.5, 0.4885008931159973, 0.479082316160202, 0.47241902351379395, 0.4646311402320862, 0.4384559392929077, 0.4662618041038513, 0.4635346233844757, 0.4431230425834656, 0.43114596605300903, 0.465868204832077, 0.434041827917099, 0.4555217921733856, 0.45122021436691284, 0.449195921421051, 0.4659525752067566, 0.4764114022254944, 0.48386186361312866]}