{"loss": [0.6819108724594116, 0.6713955402374268, 0.6633991599082947, 0.6557259559631348, 0.649880051612854, 0.6408272385597229, 0.6341060996055603, 0.6286459565162659, 0.6217642426490784, 0.6208016276359558, 0.6126815676689148, 0.6103955507278442, 0.6093128323554993, 0.6042563319206238, 0.602905809879303, 0.6028753519058228, 0.5998428463935852, 0.594203531742096, 0.591325044631958, 0.5929243564605713, 0.5908767580986023, 0.5862429738044739, 0.5867044925689697, 0.5840062499046326, 0.5822034478187561, 0.581176221370697, 0.5856684446334839, 0.5782885551452637, 0.5744118094444275, 0.5745505094528198, 0.5738259553909302, 0.5751301646232605, 0.5691470503807068, 0.567633330821991, 0.5718899369239807, 0.569014847278595, 0.5588734745979309, 0.5665688514709473, 0.5589486956596375, 0.5596885085105896, 0.5574983358383179, 0.5561322569847107, 0.5597944259643555, 0.5507396459579468, 0.5580440163612366, 0.5507810115814209, 0.5448313355445862, 0.5436129570007324], "accuracy": [0.5327754616737366, 0.5794979333877563, 0.6025104522705078, 0.6241283416748047, 0.6171548366546631, 0.6415620446205139, 0.6436541080474854, 0.6464434862136841, 0.6555090546607971, 0.6443514823913574, 0.6576011180877686, 0.6701534390449524, 0.6617852449417114, 0.6750348806381226, 0.6610878705978394, 0.6715481281280518, 0.668061375617981, 0.6750348806381226, 0.6945606470108032, 0.6743375062942505, 0.6799163222312927, 0.6757321953773499, 0.6764295697212219, 0.6743375062942505, 0.6827057003974915, 0.6799163222312927, 0.6778242588043213, 0.6820083856582642, 0.6841003894805908, 0.6813110113143921, 0.6875871419906616, 0.6945606470108032, 0.6889818906784058, 0.6945606470108032, 0.6778242588043213, 0.6875871419906616, 0.7050209045410156, 0.6917712688446045, 0.7050209045410156, 0.7022315263748169, 0.7092050313949585, 0.7071129679679871, 0.7092050313949585, 0.7050209045410156, 0.7008368372917175, 0.7071129679679871, 0.7161785364151001, 0.7161785364151001], "benchmark_976": [670.0, 603.0, 570.0, 539.0, 549.0, 514.0, 511.0, 507.0, 494.0, 510.0, 491.0, 473.0, 485.0, 466.0, 486.0, 471.0, 476.0, 466.0, 438.0, 467.0, 459.0, 465.0, 464.0, 467.0, 455.0, 459.0, 462.0, 456.0, 453.0, 457.0, 448.0, 438.0, 446.0, 438.0, 462.0, 448.0, 423.0, 442.0, 423.0, 427.0, 417.0, 420.0, 417.0, 423.0, 429.0, 420.0, 407.0, 407.0], "TP": [568.0, 496.0, 441.0, 480.0, 455.0, 463.0, 468.0, 468.0, 473.0, 475.0, 462.0, 486.0, 469.0, 492.0, 472.0, 480.0, 486.0, 487.0, 492.0, 485.0, 485.0, 475.0, 488.0, 482.0, 486.0, 483.0, 485.0, 490.0, 493.0, 474.0, 501.0, 490.0, 493.0, 494.0, 481.0, 483.0, 494.0, 471.0, 500.0, 501.0, 498.0, 499.0, 492.0, 501.0, 499.0, 503.0, 499.0, 507.0], "TN": [196.0, 335.0, 423.0, 415.0, 430.0, 457.0, 455.0, 459.0, 467.0, 449.0, 481.0, 475.0, 480.0, 476.0, 476.0, 483.0, 472.0, 481.0, 504.0, 482.0, 490.0, 494.0, 482.0, 485.0, 493.0, 492.0, 487.0, 488.0, 488.0, 503.0, 485.0, 506.0, 495.0, 502.0, 491.0, 503.0, 517.0, 521.0, 511.0, 506.0, 519.0, 515.0, 525.0, 510.0, 506.0, 511.0, 528.0, 520.0], "FP": [521.0, 382.0, 294.0, 302.0, 287.0, 260.0, 262.0, 258.0, 250.0, 268.0, 236.0, 242.0, 237.0, 241.0, 241.0, 234.0, 245.0, 236.0, 213.0, 235.0, 227.0, 223.0, 235.0, 232.0, 224.0, 225.0, 230.0, 229.0, 229.0, 214.0, 232.0, 211.0, 222.0, 215.0, 226.0, 214.0, 200.0, 196.0, 206.0, 211.0, 198.0, 202.0, 192.0, 207.0, 211.0, 206.0, 189.0, 197.0], "FN": [149.0, 221.0, 276.0, 237.0, 262.0, 254.0, 249.0, 249.0, 244.0, 242.0, 255.0, 231.0, 248.0, 225.0, 245.0, 237.0, 231.0, 230.0, 225.0, 232.0, 232.0, 242.0, 229.0, 235.0, 231.0, 234.0, 232.0, 227.0, 224.0, 243.0, 216.0, 227.0, 224.0, 223.0, 236.0, 234.0, 223.0, 246.0, 217.0, 216.0, 219.0, 218.0, 225.0, 216.0, 218.0, 214.0, 218.0, 210.0], "Precision": [0.5215794444084167, 0.5649202466011047, 0.6000000238418579, 0.6138107180595398, 0.6132075190544128, 0.6403872966766357, 0.6410958766937256, 0.64462810754776, 0.6542185544967651, 0.6393001079559326, 0.6618911027908325, 0.6675823926925659, 0.6643059253692627, 0.6712141633033752, 0.6619915962219238, 0.6722689270973206, 0.6648426651954651, 0.6735823154449463, 0.6978723406791687, 0.6736111044883728, 0.6811797618865967, 0.6805157661437988, 0.6749654412269592, 0.67507004737854, 0.6845070719718933, 0.6822034120559692, 0.6783216595649719, 0.681502103805542, 0.68282550573349, 0.6889534592628479, 0.6834924817085266, 0.6990014314651489, 0.6895104646682739, 0.6967560052871704, 0.6803394556045532, 0.6929698586463928, 0.7118155360221863, 0.7061469554901123, 0.7082152962684631, 0.7036516666412354, 0.7155172228813171, 0.7118402123451233, 0.719298243522644, 0.7076271176338196, 0.702816903591156, 0.7094499468803406, 0.7252907156944275, 0.7201704382896423], "Recall": [0.7921896576881409, 0.6917712688446045, 0.6150627732276917, 0.6694560647010803, 0.6345885396003723, 0.6457461714744568, 0.6527196764945984, 0.6527196764945984, 0.65969318151474, 0.6624825596809387, 0.6443514823913574, 0.6778242588043213, 0.6541143655776978, 0.6861924529075623, 0.6582984924316406, 0.6694560647010803, 0.6778242588043213, 0.6792189478874207, 0.6861924529075623, 0.6764295697212219, 0.6764295697212219, 0.6624825596809387, 0.6806136965751648, 0.672245442867279, 0.6778242588043213, 0.6736401915550232, 0.6764295697212219, 0.6834030747413635, 0.6875871419906616, 0.6610878705978394, 0.6987447738647461, 0.6834030747413635, 0.6875871419906616, 0.6889818906784058, 0.6708507537841797, 0.6736401915550232, 0.6889818906784058, 0.6569037437438965, 0.6973500847816467, 0.6987447738647461, 0.6945606470108032, 0.6959553956985474, 0.6861924529075623, 0.6987447738647461, 0.6959553956985474, 0.7015341520309448, 0.6959553956985474, 0.7071129679679871], "AUC": [0.5871074199676514, 0.6249579787254333, 0.6405767798423767, 0.6698129773139954, 0.6817584037780762, 0.696836531162262, 0.70753413438797, 0.7143364548683167, 0.722356379032135, 0.7153878808021545, 0.7264092564582825, 0.7342416048049927, 0.7329275608062744, 0.7386473417282104, 0.7382349967956543, 0.7364094853401184, 0.7393913865089417, 0.7463241219520569, 0.7491455674171448, 0.7459292411804199, 0.7465788722038269, 0.7541349530220032, 0.7530602812767029, 0.7566208839416504, 0.7617902755737305, 0.7596203684806824, 0.754712700843811, 0.7605064511299133, 0.7659880518913269, 0.7645456194877625, 0.7670140862464905, 0.7646156549453735, 0.7722514867782593, 0.7739272117614746, 0.7663089036941528, 0.773772656917572, 0.7823256254196167, 0.772439181804657, 0.7834285497665405, 0.7807344794273376, 0.7820435762405396, 0.7855351567268372, 0.7832222580909729, 0.7909020185470581, 0.7820863127708435, 0.7867295145988464, 0.7966500520706177, 0.7981624007225037], "val_loss": [0.6837009787559509, 0.679584264755249, 0.6702828407287598, 0.667488694190979, 0.6668286323547363, 0.6638594269752502, 0.6612550616264343, 0.6624647974967957, 0.6647945046424866, 0.6662400960922241, 0.6583190560340881, 0.6960822939872742, 0.66377854347229, 0.7237009406089783, 0.6978537440299988, 0.653741717338562, 0.6667754054069519, 0.6833277940750122, 0.6072130799293518, 0.6437735557556152, 0.7412809133529663, 0.5938339233398438, 0.6244550347328186, 0.7026563286781311, 0.6821235418319702, 0.6020519733428955, 0.72900390625, 0.5697223544120789, 0.6526065468788147, 0.6626060009002686, 0.8214854001998901, 0.7290706634521484, 0.6965451240539551, 0.7588099241256714, 0.6117848753929138, 0.5677825212478638, 0.6933161020278931, 0.5735042095184326, 0.640701174736023, 0.687639057636261, 0.677519679069519, 0.5754708051681519, 0.5934493541717529, 0.6405105590820312, 0.6121904850006104, 0.7060575485229492, 0.6843267679214478, 0.6634680032730103],