{"loss": [0.6974790096282959, 0.6754408478736877, 0.6767397522926331, 0.6665030717849731, 0.6644498109817505, 0.6541459560394287, 0.6509093642234802, 0.6500095725059509, 0.639325737953186, 0.6407296061515808, 0.6367064714431763, 0.6389756202697754, 0.6312636137008667, 0.6315922141075134, 0.6288936734199524, 0.6323376893997192, 0.6253259778022766, 0.6279327273368835, 0.6181047558784485, 0.6209767460823059, 0.6209902167320251, 0.619641125202179, 0.6219770312309265, 0.6189602613449097, 0.6189970374107361, 0.6123756170272827, 0.6159352660179138, 0.6143825054168701, 0.6119420528411865, 0.616217851638794, 0.6143615245819092, 0.6087225675582886, 0.6137597560882568, 0.6065768003463745, 0.6141501665115356, 0.6079460978507996, 0.6150490045547485, 0.6057386994361877], "accuracy": [0.5271966457366943, 0.5613667964935303, 0.5697349905967712, 0.5927475690841675, 0.599023699760437, 0.6143653988838196, 0.6122733354568481, 0.6178521513938904, 0.6345885396003723, 0.6185495257377625, 0.633891224861145, 0.6373779773712158, 0.6387726664543152, 0.6283124089241028, 0.6324965357780457, 0.6227335929870605, 0.6429567933082581, 0.6464434862136841, 0.6555090546607971, 0.6520223021507263, 0.650627613067627, 0.6485355496406555, 0.6464434862136841, 0.6541143655776978, 0.6436541080474854, 0.6520223021507263, 0.6520223021507263, 0.6582984924316406, 0.6520223021507263, 0.6471408605575562, 0.6631799340248108, 0.6582984924316406, 0.6464434862136841, 0.6617852449417114, 0.6499302387237549, 0.6589958071708679, 0.6555090546607971, 0.6666666865348816], "benchmark_1881": [678.0, 629.0, 617.0, 584.0, 575.0, 553.0, 556.0, 548.0, 524.0, 547.0, 525.0, 520.0, 518.0, 533.0, 527.0, 541.0, 512.0, 507.0, 494.0, 499.0, 501.0, 504.0, 507.0, 496.0, 511.0, 499.0, 499.0, 490.0, 499.0, 506.0, 483.0, 490.0, 507.0, 485.0, 502.0, 489.0, 494.0, 478.0], "TP": [372.0, 381.0, 369.0, 381.0, 402.0, 414.0, 430.0, 429.0, 446.0, 423.0, 445.0, 466.0, 454.0, 453.0, 453.0, 451.0, 460.0, 471.0, 466.0, 466.0, 462.0, 471.0, 465.0, 478.0, 465.0, 473.0, 469.0, 479.0, 458.0, 461.0, 471.0, 471.0, 459.0, 466.0, 462.0, 473.0, 484.0, 478.0], "TN": [384.0, 424.0, 448.0, 469.0, 457.0, 467.0, 448.0, 457.0, 464.0, 464.0, 464.0, 448.0, 462.0, 448.0, 454.0, 442.0, 462.0, 456.0, 474.0, 469.0, 471.0, 459.0, 462.0, 460.0, 458.0, 462.0, 466.0, 465.0, 477.0, 467.0, 480.0, 473.0, 468.0, 483.0, 470.0, 472.0, 456.0, 478.0], "FP": [333.0, 293.0, 269.0, 248.0, 260.0, 250.0, 269.0, 260.0, 253.0, 253.0, 253.0, 269.0, 255.0, 269.0, 263.0, 275.0, 255.0, 261.0, 243.0, 248.0, 246.0, 258.0, 255.0, 257.0, 259.0, 255.0, 251.0, 252.0, 240.0, 250.0, 237.0, 244.0, 249.0, 234.0, 247.0, 245.0, 261.0, 239.0], "FN": [345.0, 336.0, 348.0, 336.0, 315.0, 303.0, 287.0, 288.0, 271.0, 294.0, 272.0, 251.0, 263.0, 264.0, 264.0, 266.0, 257.0, 246.0, 251.0, 251.0, 255.0, 246.0, 252.0, 239.0, 252.0, 244.0, 248.0, 238.0, 259.0, 256.0, 246.0, 246.0, 258.0, 251.0, 255.0, 244.0, 233.0, 239.0], "Precision": [0.5276595950126648, 0.5652819275856018, 0.5783699154853821, 0.6057233810424805, 0.6072507500648499, 0.6234939694404602, 0.6151645183563232, 0.6226415038108826, 0.638054370880127, 0.6257396340370178, 0.637535810470581, 0.6340135931968689, 0.6403384804725647, 0.6274238228797913, 0.6326815485954285, 0.6212121248245239, 0.6433566212654114, 0.6434426307678223, 0.6572637557983398, 0.6526610851287842, 0.6525423526763916, 0.6460905075073242, 0.6458333134651184, 0.6503401398658752, 0.6422652006149292, 0.6497252583503723, 0.6513888835906982, 0.6552667617797852, 0.6561604738235474, 0.6483825445175171, 0.6652542352676392, 0.6587412357330322, 0.6483050584793091, 0.6657142639160156, 0.6516219973564148, 0.6587743759155273, 0.6496644020080566, 0.6666666865348816], "Recall": [0.5188284516334534, 0.5313807725906372, 0.5146443247795105, 0.5313807725906372, 0.560669481754303, 0.5774058699607849, 0.5997210741043091, 0.5983263850212097, 0.6220362782478333, 0.589958131313324, 0.6206415891647339, 0.6499302387237549, 0.633193850517273, 0.6317991614341736, 0.6317991614341736, 0.6290097832679749, 0.6415620446205139, 0.6569037437438965, 0.6499302387237549, 0.6499302387237549, 0.6443514823913574, 0.6569037437438965, 0.6485355496406555, 0.6666666865348816, 0.6485355496406555, 0.65969318151474, 0.6541143655776978, 0.668061375617981, 0.6387726664543152, 0.6429567933082581, 0.6569037437438965, 0.6569037437438965, 0.6401673555374146, 0.6499302387237549, 0.6443514823913574, 0.65969318151474, 0.6750348806381226, 0.6666666865348816], "AUC": [0.5277238488197327, 0.5939234495162964, 0.5934537053108215, 0.634495198726654, 0.6406886577606201, 0.6631526350975037, 0.6716221570968628, 0.6688579320907593, 0.692934513092041, 0.6782882213592529, 0.6911128759384155, 0.6872486472129822, 0.7004935145378113, 0.6930434107780457, 0.70231032371521, 0.6943661570549011, 0.7016333937644958, 0.7017598152160645, 0.7187908887863159, 0.7094677090644836, 0.7151884436607361, 0.7126654982566833, 0.7065099477767944, 0.7133365869522095, 0.7113661766052246, 0.7229925990104675, 0.712649941444397, 0.720949113368988, 0.719096302986145, 0.7135797739028931, 0.7202848196029663, 0.7242792248725891, 0.7190797924995422, 0.7295429706573486, 0.718390166759491, 0.7240487337112427, 0.7150542140007019, 0.7291733622550964], "val_loss": [0.724007248878479, 0.7020213603973389, 0.6947349309921265, 0.6765567064285278, 0.670803427696228, 0.6655306816101074, 0.6622210144996643, 0.6606171727180481, 0.6624036431312561, 0.662299633026123, 0.6637676358222961, 0.661462128162384, 0.6597364544868469, 0.6480311751365662, 0.6463469862937927, 0.6330317258834839, 0.6281581521034241, 0.6271743178367615, 0.6435909271240234, 0.6245805025100708, 0.6237971186637878, 0.6094880104064941, 0.6611761450767517, 0.6153905987739563, 0.673598051071167, 0.6895918250083923, 0.6686381101608276, 0.6338123679161072, 0.6793445348739624, 0.6762413382530212, 0.6153317093849182, 0.6728435158729553, 0.6932618021965027, 0.6306422352790833, 0.6117035746574402, 0.6622631549835205, 0.5952528715133667, 0.6997364163398743], "val_accuracy": [0.3781818151473999, 0.3781818151473999, 0.3781818151473999, 0.6218181848526001, 0.6218181848526001, 0.6218181848526001, 0.6218181848526001, 0.6218181848526001, 0.6218181848526001, 0.6218181848526001, 0.6218181848526001, 0.6218181848526001, 0.6218181848526001, 0.6218181848526001, 0.6472727060317993, 0.6181818246841431, 0.6945454478263855, 0.7018181681632996, 0.6472727060317993, 0.6618182063102722, 0.6581818461418152, 0.6800000071525574, 0.5927272439002991, 0.6509090662002563, 0.5672727227210999, 0.5672727227210999, 0.6000000238418579, 0.6218181848526001, 0.5672727227210999, 0.5709090828895569, 0.6436363458633423, 0.5745454430580139, 0.5709090828895569, 0.6290909051895142, 0.6436363458633423, 0.581818163394928, 0.6872727274894714, 0.5672727227210999], "val_benchmark_1881": [171.0, 171.0, 171.0, 104.0, 104.0, 104.0, 104.0, 104.0, 104.0, 104.0, 104.0, 104.0, 104.0, 104.0, 97.0, 105.0, 84.0, 82.0, 97.0, 93.0, 94.0, 88.0, 112.0, 96.0, 119.0, 119.0, 110.0, 104.0, 119.0, 118.0, 98.0, 117.0, 118.0, 102.0, 98.0, 115.0, 86.0, 119.0], "val_TP": [0.0, 0.0, 0.0, 171.0, 171.0, 171.0, 171.0, 171.0, 171.0, 171.0, 171.0, 171.0, 171.0, 171.0, 160.0, 164.0, 154.0, 137.0, 95.0, 116.0, 105.0, 118.0, 86.0, 105.0, 61.0, 58.0, 74.0, 82.0, 67.0, 64.0, 94.0, 64.0, 61.0, 84.0, 95.0, 68.0, 113.0, 56.0], "val_TN": [104.0, 104.0, 104.0, 0.0, 0.0, 0.0, 0.0, 0.0, 0.0, 0.0, 0.0, 0.0, 0.0, 0.0, 18.0, 6.0, 37.0, 56.0, 83.0, 66.0, 76.0, 69.0, 77.0, 74.0, 95.0, 98.0, 91.0, 89.0, 89.0, 93.0, 83.0, 94.0, 96.0, 89.0, 82.0, 92.0, 76.0, 100.0], "val_FP": [0.0, 0.0, 0.0, 104.0, 104.0, 104.0, 104.0, 104.0, 104.0, 104.0, 104.0, 104.0, 104.0, 104.0, 86.0, 98.0, 67.0, 48.0, 21.0, 38.0, 28.0, 35.0, 27.0, 30.0, 9.0, 6.0, 13.0, 15.0, 15.0, 11.0, 21.0, 10.0, 8.0, 15.0, 22.0, 12.0, 28.0, 4.0],