{"loss": [13.532347679138184, 0.04638849198818207, 0.04478113725781441, 0.045359693467617035, 0.04337694123387337, 0.043362680822610855, 0.04339681938290596, 0.04335600137710571, 0.043348781764507294, 0.04335338622331619, 0.04334014654159546, 0.057445649057626724, 0.044167350977659225, 0.04334864765405655, 0.04334190860390663, 0.043342411518096924, 0.043355755507946014, 0.04336966946721077, 0.04333028942346573, 0.04333476722240448, 0.04337918385863304, 0.04334593564271927], "accuracy": [0.5153416991233826, 0.47768479585647583, 0.4853556454181671, 0.517433762550354, 0.4895397424697876, 0.4672245383262634, 0.48396095633506775, 0.4867503345012665, 0.48465830087661743, 0.4930264949798584, 0.48744770884513855, 0.48396095633506775, 0.5013946890830994, 0.48814505338668823, 0.4853556454181671, 0.5, 0.47350069880485535, 0.4937238395214081, 0.4867503345012665, 0.49163180589675903, 0.4790794849395752, 0.482566237449646], "benchmark_283": [695.0, 749.0, 738.0, 692.0, 732.0, 764.0, 740.0, 736.0, 739.0, 727.0, 735.0, 740.0, 715.0, 734.0, 738.0, 717.0, 755.0, 726.0, 736.0, 729.0, 747.0, 742.0], "TP": [338.0, 329.0, 399.0, 242.0, 285.0, 401.0, 296.0, 478.0, 379.0, 385.0, 108.0, 413.0, 586.0, 128.0, 477.0, 0.0, 332.0, 498.0, 142.0, 438.0, 390.0, 436.0], "TN": [401.0, 356.0, 297.0, 500.0, 417.0, 269.0, 398.0, 220.0, 316.0, 322.0, 591.0, 281.0, 133.0, 572.0, 219.0, 717.0, 347.0, 210.0, 556.0, 267.0, 297.0, 256.0], "FP": [316.0, 361.0, 420.0, 217.0, 300.0, 448.0, 319.0, 497.0, 401.0, 395.0, 126.0, 436.0, 584.0, 145.0, 498.0, 0.0, 370.0, 507.0, 161.0, 450.0, 420.0, 461.0], "FN": [379.0, 388.0, 318.0, 475.0, 432.0, 316.0, 421.0, 239.0, 338.0, 332.0, 609.0, 304.0, 131.0, 589.0, 240.0, 717.0, 385.0, 219.0, 575.0, 279.0, 327.0, 281.0], "Precision": [0.5168195962905884, 0.47681158781051636, 0.4871794879436493, 0.5272331237792969, 0.4871794879436493, 0.4723203778266907, 0.48130080103874207, 0.4902563989162445, 0.485897421836853, 0.49358972907066345, 0.4615384638309479, 0.48645466566085815, 0.5008547306060791, 0.46886447072029114, 0.48923078179359436, 0.0, 0.4729344844818115, 0.4955223798751831, 0.4686468541622162, 0.4932432472705841, 0.48148149251937866, 0.4860646724700928], "Recall": [0.4714086353778839, 0.45885634422302246, 0.5564853549003601, 0.3375174403190613, 0.3974895477294922, 0.5592747330665588, 0.41283124685287476, 0.6666666865348816, 0.5285913348197937, 0.5369595289230347, 0.15062761306762695, 0.5760111808776855, 0.8172942996025085, 0.17852161824703217, 0.6652719378471375, 0.0, 0.46304044127464294, 0.6945606470108032, 0.19804741442203522, 0.6108786463737488, 0.5439330339431763, 0.60808926820755], "AUC": [0.5151559710502625, 0.4765360951423645, 0.49051716923713684, 0.5220078825950623, 0.4748953878879547, 0.5, 0.4818688631057739, 0.4930264949798584, 0.5, 0.4930264949798584, 0.5, 0.46895769238471985, 0.4955241084098816, 0.4888423979282379, 0.5, 0.4930264949798584, 0.5, 0.4755927622318268, 0.5, 0.5, 0.47350069880485535, 0.5], "val_loss": [0.10582190752029419, 0.042348843067884445, 0.05673236772418022, 0.043243080377578735, 0.0435948371887207, 0.04315220192074776, 0.04306108132004738, 0.043432652950286865, 0.043347686529159546, 0.043457623571157455, 0.04332713782787323, 0.04256824404001236, 0.04344524070620537, 0.04336962476372719, 0.04340824484825134, 0.043395526707172394, 0.04330344498157501, 0.04328612610697746, 0.043247900903224945, 0.043228525668382645, 0.04325903207063675, 0.04332501441240311], "val_accuracy": [0.3781818151473999, 0.6218181848526001, 0.3781818151473999, 0.6218181848526001, 0.3781818151473999, 0.6218181848526001, 0.6218181848526001, 0.3781818151473999, 0.3781818151473999, 0.3781818151473999, 0.3781818151473999, 0.6218181848526001, 0.3781818151473999, 0.3781818151473999, 0.3781818151473999, 0.3781818151473999, 0.6218181848526001, 0.6218181848526001, 0.6218181848526001, 0.6218181848526001, 0.6218181848526001, 0.3781818151473999], "val_benchmark_283": [171.0, 104.0, 171.0, 104.0, 171.0, 104.0, 104.0, 171.0, 171.0, 171.0, 171.0, 104.0, 171.0, 171.0, 171.0, 171.0, 104.0, 104.0, 104.0, 104.0, 104.0, 171.0], "val_TP": [0.0, 171.0, 0.0, 171.0, 0.0, 171.0, 171.0, 0.0, 0.0, 0.0, 0.0, 171.0, 0.0, 0.0, 0.0, 0.0, 171.0, 171.0, 171.0, 171.0, 171.0, 0.0], "val_TN": [104.0, 0.0, 104.0, 0.0, 104.0, 0.0, 0.0, 104.0, 104.0, 104.0, 104.0, 0.0, 104.0, 104.0, 104.0, 104.0, 0.0, 0.0, 0.0, 0.0, 0.0, 104.0], "val_FP": [0.0, 104.0, 0.0, 104.0, 0.0, 104.0, 104.0, 0.0, 0.0, 0.0, 0.0, 104.0, 0.0, 0.0, 0.0, 0.0, 104.0, 104.0, 104.0, 104.0, 104.0, 0.0], "val_FN": [171.0, 0.0, 171.0, 0.0, 171.0, 0.0, 0.0, 171.0, 171.0, 171.0, 171.0, 0.0, 171.0, 171.0, 171.0, 171.0, 0.0, 0.0, 0.0, 0.0, 0.0, 171.0], "val_Precision": [0.0, 0.6218181848526001, 0.0, 0.6218181848526001, 0.0, 0.6218181848526001, 0.6218181848526001, 0.0, 0.0, 0.0, 0.0, 0.6218181848526001, 0.0, 0.0, 0.0, 0.0, 0.6218181848526001, 0.6218181848526001, 0.6218181848526001, 0.6218181848526001, 0.6218181848526001, 0.0], "val_Recall": [0.0, 1.0, 0.0, 1.0, 0.0, 1.0, 1.0, 0.0, 0.0, 0.0, 0.0, 1.0, 0.0, 0.0, 0.0, 0.0, 1.0, 1.0, 1.0, 1.0, 1.0, 0.0], "val_AUC": [0.4739372134208679, 0.5, 0.504807710647583, 0.5, 0.5, 0.5, 0.5, 0.5, 0.5, 0.5, 0.5, 0.5, 0.5, 0.5, 0.5, 0.5, 0.5, 0.5, 0.5, 0.5, 0.5, 0.5]}