{"loss": [0.04576693847775459, 0.04600054398179054, 0.045552343130111694, 0.04571648687124252, 0.04562294855713844, 0.04627269133925438, 0.0454770065844059, 0.045573603361845016, 0.04567921906709671, 0.04499586671590805, 0.045690543949604034, 0.044978104531764984, 0.04536779969930649, 0.0460081547498703, 0.04585013538599014, 0.045497871935367584, 0.045027341693639755, 0.04569634422659874, 0.04466221481561661, 0.04537871107459068, 0.04529545083642006], "accuracy": [0.5062761306762695, 0.4993026554584503, 0.5006973743438721, 0.48744770884513855, 0.509065568447113, 0.4902370870113373, 0.5020920634269714, 0.5020920634269714, 0.5209205150604248, 0.5195258259773254, 0.5013946890830994, 0.5146443247795105, 0.5027893781661987, 0.4972105920314789, 0.5020920634269714, 0.5111575722694397, 0.5069735050201416, 0.4958159029483795, 0.5411436557769775, 0.5034867525100708, 0.5125523209571838], "benchmark_21": [708.0, 718.0, 716.0, 735.0, 704.0, 731.0, 714.0, 714.0, 687.0, 689.0, 715.0, 696.0, 713.0, 721.0, 714.0, 701.0, 707.0, 723.0, 658.0, 712.0, 699.0], "TP": [448.0, 467.0, 487.0, 455.0, 471.0, 450.0, 460.0, 483.0, 465.0, 469.0, 473.0, 472.0, 456.0, 474.0, 457.0, 467.0, 447.0, 451.0, 483.0, 446.0, 459.0], "TN": [278.0, 249.0, 231.0, 244.0, 259.0, 253.0, 260.0, 237.0, 282.0, 276.0, 246.0, 266.0, 265.0, 239.0, 263.0, 266.0, 280.0, 260.0, 293.0, 276.0, 276.0], "FP": [439.0, 468.0, 486.0, 473.0, 458.0, 464.0, 457.0, 480.0, 435.0, 441.0, 471.0, 451.0, 452.0, 478.0, 454.0, 451.0, 437.0, 457.0, 424.0, 441.0, 441.0], "FN": [269.0, 250.0, 230.0, 262.0, 246.0, 267.0, 257.0, 234.0, 252.0, 248.0, 244.0, 245.0, 261.0, 243.0, 260.0, 250.0, 270.0, 266.0, 234.0, 271.0, 258.0], "Precision": [0.5050733089447021, 0.4994652271270752, 0.5005138516426086, 0.4903017282485962, 0.506996750831604, 0.49234136939048767, 0.5016357898712158, 0.5015576481819153, 0.5166666507720947, 0.5153846144676208, 0.5010592937469482, 0.5113759636878967, 0.5022026300430298, 0.4978991448879242, 0.5016465187072754, 0.5087146162986755, 0.5056561231613159, 0.49669602513313293, 0.532524824142456, 0.5028184652328491, 0.5099999904632568], "Recall": [0.624825656414032, 0.651324987411499, 0.6792189478874207, 0.6345885396003723, 0.6569037437438965, 0.6276150345802307, 0.6415620446205139, 0.6736401915550232, 0.6485355496406555, 0.6541143655776978, 0.65969318151474, 0.6582984924316406, 0.6359832882881165, 0.6610878705978394, 0.6373779773712158, 0.651324987411499, 0.6234309673309326, 0.6290097832679749, 0.6736401915550232, 0.6220362782478333, 0.6401673555374146], "AUC": [0.5025744438171387, 0.4958314597606659, 0.5027028322219849, 0.4914751648902893, 0.5072195529937744, 0.4819924235343933, 0.5129812359809875, 0.4973136782646179, 0.5040353536605835, 0.5260140299797058, 0.49804413318634033, 0.5311307907104492, 0.5032241344451904, 0.4904160499572754, 0.4904083013534546, 0.5078624486923218, 0.5182020664215088, 0.49253049492836, 0.5338881015777588, 0.5014510750770569, 0.5184608101844788], "val_loss": [0.042052801698446274, 0.04214809089899063, 0.042243558913469315, 0.04233859106898308, 0.04243134707212448, 0.04251888021826744, 0.04260163754224777, 0.0426795668900013, 0.04275307059288025, 0.0428214892745018, 0.04288113862276077, 0.042932987213134766, 0.042977530509233475, 0.04301728680729866, 0.04304446652531624, 0.04306556284427643, 0.04308423772454262, 0.043104901909828186, 0.04312004894018173, 0.0431266650557518, 0.043131135404109955], "val_accuracy": [0.6218181848526001, 0.6218181848526001, 0.6218181848526001, 0.6218181848526001, 0.6218181848526001, 0.6218181848526001, 0.6218181848526001, 0.6218181848526001, 0.6218181848526001, 0.6218181848526001, 0.6218181848526001, 0.6218181848526001, 0.6218181848526001, 0.6218181848526001, 0.6218181848526001, 0.6218181848526001, 0.6218181848526001, 0.6218181848526001, 0.6218181848526001, 0.6218181848526001, 0.6218181848526001], "val_benchmark_21": [104.0, 104.0, 104.0, 104.0, 104.0, 104.0, 104.0, 104.0, 104.0, 104.0, 104.0, 104.0, 104.0, 104.0, 104.0, 104.0, 104.0, 104.0, 104.0, 104.0, 104.0], "val_TP": [171.0, 171.0, 171.0, 171.0, 171.0, 171.0, 171.0, 171.0, 171.0, 171.0, 171.0, 171.0, 171.0, 171.0, 171.0, 171.0, 171.0, 171.0, 171.0, 171.0, 171.0], "val_TN": [0.0, 0.0, 0.0, 0.0, 0.0, 0.0, 0.0, 0.0, 0.0, 0.0, 0.0, 0.0, 0.0, 0.0, 0.0, 0.0, 0.0, 0.0, 0.0, 0.0, 0.0], "val_FP": [104.0, 104.0, 104.0, 104.0, 104.0, 104.0, 104.0, 104.0, 104.0, 104.0, 104.0, 104.0, 104.0, 104.0, 104.0, 104.0, 104.0, 104.0, 104.0, 104.0, 104.0], "val_FN": [0.0, 0.0, 0.0, 0.0, 0.0, 0.0, 0.0, 0.0, 0.0, 0.0, 0.0, 0.0, 0.0, 0.0, 0.0, 0.0, 0.0, 0.0, 0.0, 0.0, 0.0], "val_Precision": [0.6218181848526001, 0.6218181848526001, 0.6218181848526001, 0.6218181848526001, 0.6218181848526001, 0.6218181848526001, 0.6218181848526001, 0.6218181848526001, 0.6218181848526001, 0.6218181848526001, 0.6218181848526001, 0.6218181848526001, 0.6218181848526001, 0.6218181848526001, 0.6218181848526001, 0.6218181848526001, 0.6218181848526001, 0.6218181848526001, 0.6218181848526001, 0.6218181848526001, 0.6218181848526001], "val_Recall": [1.0, 1.0, 1.0, 1.0, 1.0, 1.0, 1.0, 1.0, 1.0, 1.0, 1.0, 1.0, 1.0, 1.0, 1.0, 1.0, 1.0, 1.0, 1.0, 1.0, 1.0], "val_AUC": [0.5, 0.5, 0.5, 0.5, 0.5, 0.5, 0.5, 0.5, 0.5, 0.5, 0.5, 0.5, 0.5, 0.4941520392894745, 0.440930038690567, 0.44492241740226746, 0.5, 0.5, 0.5, 0.5, 0.5]}