{"loss": [0.05311913788318634, 0.04230353236198425, 0.040652915835380554, 0.039867471903562546, 0.03916901722550392, 0.038182374089956284, 0.038294438272714615, 0.03771572560071945, 0.037448905408382416, 0.03718366473913193, 0.03624171018600464, 0.03563009947538376, 0.03522936999797821, 0.03526603430509567, 0.03481553494930267, 0.0342099666595459, 0.03427276015281677, 0.03385496884584427, 0.03337348997592926, 0.03361586853861809, 0.03330955281853676], "accuracy": [0.482566237449646, 0.5641562342643738, 0.6094839572906494, 0.624825656414032, 0.651324987411499, 0.6541143655776978, 0.6610878705978394, 0.6624825596809387, 0.6589958071708679, 0.6834030747413635, 0.6903765797615051, 0.6994421482086182, 0.7126917839050293, 0.7022315263748169, 0.7133890986442566, 0.723849356174469, 0.7071129679679871, 0.7203626036643982, 0.7405857443809509, 0.7391910552978516, 0.7301255464553833], "benchmark_578": [742.0, 625.0, 560.0, 538.0, 500.0, 496.0, 486.0, 484.0, 489.0, 454.0, 444.0, 431.0, 412.0, 427.0, 411.0, 396.0, 420.0, 401.0, 372.0, 374.0, 387.0], "TP": [471.0, 506.0, 469.0, 486.0, 491.0, 457.0, 456.0, 483.0, 463.0, 465.0, 479.0, 479.0, 509.0, 479.0, 469.0, 502.0, 485.0, 502.0, 506.0, 502.0, 510.0], "TN": [221.0, 303.0, 405.0, 410.0, 443.0, 481.0, 492.0, 467.0, 482.0, 515.0, 511.0, 524.0, 513.0, 528.0, 554.0, 536.0, 529.0, 531.0, 556.0, 558.0, 537.0], "FP": [496.0, 414.0, 312.0, 307.0, 274.0, 236.0, 225.0, 250.0, 235.0, 202.0, 206.0, 193.0, 204.0, 189.0, 163.0, 181.0, 188.0, 186.0, 161.0, 159.0, 180.0], "FN": [246.0, 211.0, 248.0, 231.0, 226.0, 260.0, 261.0, 234.0, 254.0, 252.0, 238.0, 238.0, 208.0, 238.0, 248.0, 215.0, 232.0, 215.0, 211.0, 215.0, 207.0], "Precision": [0.4870734214782715, 0.550000011920929, 0.6005121469497681, 0.6128625273704529, 0.6418300867080688, 0.6594516634941101, 0.6696035265922546, 0.6589359045028687, 0.6633237600326538, 0.6971514225006104, 0.6992700695991516, 0.7127976417541504, 0.7138850092887878, 0.7170658707618713, 0.7420886158943176, 0.7349926829338074, 0.720653772354126, 0.729651153087616, 0.7586206793785095, 0.7594553828239441, 0.739130437374115], "Recall": [0.6569037437438965, 0.7057182788848877, 0.6541143655776978, 0.6778242588043213, 0.6847977638244629, 0.6373779773712158, 0.6359832882881165, 0.6736401915550232, 0.6457461714744568, 0.6485355496406555, 0.668061375617981, 0.668061375617981, 0.7099023461341858, 0.668061375617981, 0.6541143655776978, 0.7001394629478455, 0.6764295697212219, 0.7001394629478455, 0.7057182788848877, 0.7001394629478455, 0.7112970948219299], "AUC": [0.47949284315109253, 0.6122451424598694, 0.6749365925788879, 0.694432258605957, 0.7190272212028503, 0.7246391773223877, 0.7346782684326172, 0.7349029779434204, 0.7460741400718689, 0.7565568089485168, 0.7683815956115723, 0.7816866040229797, 0.7887155413627625, 0.7836230993270874, 0.7925786375999451, 0.8015713095664978, 0.796322226524353, 0.8054665923118591, 0.818253219127655, 0.8158227801322937, 0.8172097206115723], "val_loss": [0.04274514690041542, 0.05002934858202934, 0.06260155141353607, 0.08861939609050751, 0.08913763612508774, 0.09761227667331696, 0.10168406367301941, 0.11526890844106674, 0.11910160630941391, 0.14793099462985992, 0.14659366011619568, 0.20651035010814667, 0.25952690839767456, 0.1937331110239029, 0.24638517200946808, 0.20673343539237976, 0.25598809123039246, 0.19086603820323944, 0.1950061172246933, 0.1636957824230194, 0.14750131964683533], "val_accuracy": [0.6218181848526001, 0.3781818151473999, 0.3781818151473999, 0.3781818151473999, 0.3781818151473999, 0.3781818151473999, 0.3781818151473999, 0.3781818151473999, 0.3781818151473999, 0.3781818151473999, 0.3781818151473999, 0.3781818151473999, 0.3781818151473999, 0.3781818151473999, 0.3781818151473999, 0.3781818151473999, 0.3781818151473999, 0.3781818151473999, 0.3781818151473999, 0.3781818151473999, 0.3781818151473999], "val_benchmark_578": [104.0, 171.0, 171.0, 171.0, 171.0, 171.0, 171.0, 171.0, 171.0, 171.0, 171.0, 171.0, 171.0, 171.0, 171.0, 171.0, 171.0, 171.0, 171.0, 171.0, 171.0], "val_TP": [171.0, 0.0, 0.0, 0.0, 0.0, 0.0, 0.0, 0.0, 0.0, 0.0, 0.0, 0.0, 0.0, 0.0, 0.0, 0.0, 0.0, 0.0, 0.0, 0.0, 0.0], "val_TN": [0.0, 104.0, 104.0, 104.0, 104.0, 104.0, 104.0, 104.0, 104.0, 104.0, 104.0, 104.0, 104.0, 104.0, 104.0, 104.0, 104.0, 104.0, 104.0, 104.0, 104.0], "val_FP": [104.0, 0.0, 0.0, 0.0, 0.0, 0.0, 0.0, 0.0, 0.0, 0.0, 0.0, 0.0, 0.0, 0.0, 0.0, 0.0, 0.0, 0.0, 0.0, 0.0, 0.0], "val_FN": [0.0, 171.0, 171.0, 171.0, 171.0, 171.0, 171.0, 171.0, 171.0, 171.0, 171.0, 171.0, 171.0, 171.0, 171.0, 171.0, 171.0, 171.0, 171.0, 171.0, 171.0], "val_Precision": [0.6218181848526001, 0.0, 0.0, 0.0, 0.0, 0.0, 0.0, 0.0, 0.0, 0.0, 0.0, 0.0, 0.0, 0.0, 0.0, 0.0, 0.0, 0.0, 0.0, 0.0, 0.0], "val_Recall": [1.0, 0.0, 0.0, 0.0, 0.0, 0.0, 0.0, 0.0, 0.0, 0.0, 0.0, 0.0, 0.0, 0.0, 0.0, 0.0, 0.0, 0.0, 0.0, 0.0, 0.0], "val_AUC": [0.5, 0.5, 0.5, 0.5, 0.5, 0.5, 0.504807710647583, 0.5628654956817627, 0.602198600769043, 0.6288236379623413, 0.640941321849823, 0.6495726108551025, 0.6534525156021118, 0.6857849955558777, 0.6980994939804077, 0.689636766910553, 0.6990272402763367, 0.7164304852485657, 0.7358580827713013, 0.7183704376220703, 0.7358580827713013]}