{"loss": [0.6945268511772156, 0.6966744065284729, 0.6952333450317383, 0.6969432234764099, 0.6958625912666321, 0.6949873566627502, 0.6958529353141785, 0.6938621401786804, 0.6942207217216492, 0.694306492805481, 0.6943864822387695, 0.6959866881370544, 0.6935213804244995, 0.6926873326301575, 0.6938558220863342, 0.6929896473884583, 0.6936281323432922, 0.6946592926979065, 0.6927579045295715, 0.6933485865592957, 0.6921188831329346, 0.693708598613739, 0.6955105662345886, 0.6927232146263123, 0.6930308938026428, 0.6911780834197998, 0.6938192844390869, 0.6928580403327942, 0.6933313012123108, 0.6916305422782898, 0.6918544173240662, 0.6926027536392212, 0.6934376358985901, 0.6929517984390259, 0.6897243857383728, 0.6923003792762756, 0.6906412839889526, 0.6914123296737671, 0.6911815404891968, 0.6920101642608643, 0.6899340152740479], "accuracy": [0.5006973743438721, 0.47419804334640503, 0.4930264949798584, 0.5013946890830994, 0.4930264949798584, 0.4958159029483795, 0.49093446135520935, 0.5034867525100708, 0.49790793657302856, 0.5027893781661987, 0.5020920634269714, 0.4755927622318268, 0.5139470100402832, 0.517433762550354, 0.4993026554584503, 0.5202231407165527, 0.5062761306762695, 0.5041841268539429, 0.5104602575302124, 0.509065568447113, 0.5160390734672546, 0.4972105920314789, 0.4853556454181671, 0.525801956653595, 0.5006973743438721, 0.5425383448600769, 0.508368194103241, 0.5111575722694397, 0.5237098932266235, 0.5209205150604248, 0.5111575722694397, 0.5013946890830994, 0.5069735050201416, 0.5195258259773254, 0.5404462814331055, 0.5069735050201416, 0.5285913348197937, 0.5160390734672546, 0.5048814415931702, 0.5285913348197937, 0.5251045823097229], "benchmark_1093": [716.0, 754.0, 727.0, 715.0, 727.0, 723.0, 730.0, 712.0, 720.0, 713.0, 714.0, 752.0, 697.0, 692.0, 718.0, 688.0, 708.0, 711.0, 702.0, 704.0, 694.0, 721.0, 738.0, 680.0, 716.0, 656.0, 705.0, 701.0, 683.0, 687.0, 701.0, 715.0, 707.0, 689.0, 659.0, 707.0, 676.0, 694.0, 710.0, 676.0, 681.0], "TP": [304.0, 404.0, 391.0, 220.0, 265.0, 272.0, 365.0, 335.0, 394.0, 355.0, 396.0, 265.0, 241.0, 462.0, 138.0, 596.0, 236.0, 335.0, 424.0, 403.0, 460.0, 325.0, 580.0, 295.0, 415.0, 363.0, 419.0, 449.0, 228.0, 467.0, 239.0, 463.0, 284.0, 317.0, 397.0, 406.0, 271.0, 308.0, 333.0, 428.0, 326.0], "TN": [414.0, 276.0, 316.0, 499.0, 442.0, 439.0, 339.0, 387.0, 320.0, 366.0, 324.0, 417.0, 496.0, 280.0, 578.0, 150.0, 490.0, 388.0, 308.0, 327.0, 280.0, 388.0, 116.0, 459.0, 303.0, 415.0, 310.0, 284.0, 523.0, 280.0, 494.0, 256.0, 443.0, 428.0, 378.0, 321.0, 487.0, 432.0, 391.0, 330.0, 427.0], "FP": [303.0, 441.0, 401.0, 218.0, 275.0, 278.0, 378.0, 330.0, 397.0, 351.0, 393.0, 300.0, 221.0, 437.0, 139.0, 567.0, 227.0, 329.0, 409.0, 390.0, 437.0, 329.0, 601.0, 258.0, 414.0, 302.0, 407.0, 433.0, 194.0, 437.0, 223.0, 461.0, 274.0, 289.0, 339.0, 396.0, 230.0, 285.0, 326.0, 387.0, 290.0], "FN": [413.0, 313.0, 326.0, 497.0, 452.0, 445.0, 352.0, 382.0, 323.0, 362.0, 321.0, 452.0, 476.0, 255.0, 579.0, 121.0, 481.0, 382.0, 293.0, 314.0, 257.0, 392.0, 137.0, 422.0, 302.0, 354.0, 298.0, 268.0, 489.0, 250.0, 478.0, 254.0, 433.0, 400.0, 320.0, 311.0, 446.0, 409.0, 384.0, 289.0, 391.0], "Precision": [0.5008237361907959, 0.4781064987182617, 0.49368685483932495, 0.5022830963134766, 0.49074074625968933, 0.49454545974731445, 0.491251677274704, 0.5037593841552734, 0.49810367822647095, 0.5028328895568848, 0.5019011497497559, 0.4690265357494354, 0.5216450095176697, 0.513904333114624, 0.49819493293762207, 0.5124677419662476, 0.50971919298172, 0.5045180916786194, 0.5090035796165466, 0.5081967115402222, 0.5128205418586731, 0.4969418942928314, 0.4911092221736908, 0.5334538817405701, 0.5006031394004822, 0.5458646416664124, 0.5072638988494873, 0.5090702772140503, 0.5402843356132507, 0.5165929198265076, 0.5173160433769226, 0.5010822415351868, 0.5089605450630188, 0.5231022834777832, 0.539402186870575, 0.5062344074249268, 0.5409181714057922, 0.5193929076194763, 0.5053110718727112, 0.525153398513794, 0.5292207598686218], "Recall": [0.42398884892463684, 0.5634588599205017, 0.5453277826309204, 0.30683404207229614, 0.3695955276489258, 0.3793584406375885, 0.509065568447113, 0.4672245383262634, 0.5495118498802185, 0.49511855840682983, 0.5523012280464172, 0.3695955276489258, 0.3361227214336395, 0.6443514823913574, 0.19246861338615417, 0.8312413096427917, 0.3291492462158203, 0.4672245383262634, 0.5913528800010681, 0.5620641708374023, 0.6415620446205139, 0.4532775580883026, 0.8089261054992676, 0.411436527967453, 0.5788005590438843, 0.5062761306762695, 0.5843793749809265, 0.6262203454971313, 0.3179916441440582, 0.651324987411499, 0.3333333432674408, 0.6457461714744568, 0.39609482884407043, 0.4421199560165405, 0.5536959767341614, 0.5662482380867004, 0.37796375155448914, 0.4295676350593567, 0.4644351601600647, 0.5969316363334656, 0.454672247171402], "AUC": [0.5011476874351501, 0.4803614020347595, 0.48989278078079224, 0.4957420229911804, 0.4871481657028198, 0.49212780594825745, 0.4853702485561371, 0.5003540515899658, 0.49336984753608704, 0.4959501326084137, 0.49199363589286804, 0.47703123092651367, 0.5149497985839844, 0.5193974375724792, 0.5101860165596008, 0.5153961777687073, 0.5148933529853821, 0.499245285987854, 0.5190006494522095, 0.5039535760879517, 0.5269010066986084, 0.5050438642501831, 0.49480342864990234, 0.5200189352035522, 0.508600652217865, 0.5376812219619751, 0.5111313462257385, 0.5191591382026672, 0.5107598304748535, 0.5329262018203735, 0.5240950584411621, 0.5181106925010681, 0.5195374488830566, 0.5173851251602173, 0.5469801425933838, 0.5184277296066284, 0.5328367352485657, 0.5323776602745056, 0.5269748568534851, 0.5312066078186035, 0.533772349357605], "val_loss": [0.6746887564659119, 0.6928449869155884, 0.7438433170318604, 0.7016651630401611, 0.7004697322845459, 0.6913598775863647, 0.6919153332710266, 0.6887510418891907, 0.6953538656234741, 0.6913600564002991, 0.7133231163024902, 0.7081489562988281, 0.6833845376968384, 0.7117275595664978, 0.6790508031845093, 0.714349627494812, 0.6917475461959839, 0.6786848902702332, 0.6839364171028137, 0.6788834929466248, 0.6851804256439209, 0.6691237688064575, 0.7044596672058105, 0.6884024739265442, 0.6969006657600403, 0.6790651082992554, 0.6781085729598999, 0.7170173525810242, 0.6700906753540039, 0.7145689129829407, 0.6644145250320435, 0.7204180359840393, 0.7056678533554077, 0.6885083317756653, 0.6743293404579163, 0.7117181420326233, 0.7163613438606262, 0.6838051676750183, 0.6590902805328369, 0.6817584037780762, 0.6695894002914429], "val_accuracy": [0.6218181848526001, 0.5381818413734436, 0.3781818151473999, 0.3781818151473999, 0.3781818151473999, 0.6290909051895142, 0.610909104347229, 0.6218181848526001, 0.4145454466342926, 0.6000000238418579, 0.3781818151473999, 0.3781818151473999, 0.6218181848526001, 0.3781818151473999, 0.6218181848526001, 0.3781818151473999, 0.5236363410949707, 0.6218181848526001, 0.6254545450210571, 0.6218181848526001, 0.6436363458633423, 0.6218181848526001, 0.40727272629737854, 0.5527272820472717, 0.4545454680919647, 0.6327272653579712, 0.6290909051895142, 0.389090895652771, 0.6218181848526001, 0.4000000059604645, 0.6218181848526001, 0.4000000059604645, 0.4145454466342926, 0.5272727012634277, 0.6363636255264282, 0.41090908646583557, 0.4145454466342926, 0.5236363410949707, 0.6218181848526001, 0.5345454812049866, 0.6399999856948853], "val_benchmark_1093": [104.0, 127.0, 171.0, 171.0, 171.0, 102.0, 107.0, 104.0, 161.0, 110.0, 171.0, 171.0, 104.0, 171.0, 104.0, 171.0, 131.0, 104.0, 103.0, 104.0, 98.0, 104.0, 163.0, 123.0, 150.0, 101.0, 102.0, 168.0, 104.0, 165.0, 104.0, 165.0, 161.0, 130.0, 100.0, 162.0, 161.0, 131.0, 104.0, 128.0, 99.0], "val_TP": [171.0, 99.0, 0.0, 0.0, 0.0, 170.0, 139.0, 171.0, 11.0, 136.0, 0.0, 0.0, 171.0, 0.0, 171.0, 0.0, 74.0, 171.0, 171.0, 171.0, 166.0, 171.0, 9.0, 103.0, 27.0, 171.0, 171.0, 3.0, 171.0, 6.0, 171.0, 6.0, 13.0, 76.0, 167.0, 12.0, 11.0, 89.0, 171.0, 97.0, 161.0],