{"loss": [0.30451884865760803, 0.26248371601104736, 0.24437518417835236, 0.22786015272140503, 0.22792549431324005, 0.22904297709465027, 0.2310570776462555, 0.21680785715579987, 0.1981419026851654, 0.21133379638195038, 0.21356746554374695, 0.22783078253269196, 0.1995439976453781, 0.21297083795070648, 0.22924400866031647, 0.1976994276046753, 0.231239452958107, 0.23605307936668396, 0.22478805482387543, 0.21842066943645477, 0.20869871973991394, 0.20790667831897736, 0.19639889895915985, 0.21590355038642883, 0.22692295908927917, 0.2372046411037445, 0.21980127692222595, 0.22731956839561462, 0.2192186415195465, 0.20720382034778595, 0.2058228701353073, 0.20472919940948486, 0.19470319151878357, 0.2180292159318924, 0.22316163778305054, 0.1869925856590271], "accuracy": [0.4930264949798584, 0.509065568447113, 0.5027893781661987, 0.5006973743438721, 0.482566237449646, 0.5118549466133118, 0.4790794849395752, 0.509065568447113, 0.5230125784873962, 0.5216178297996521, 0.4937238395214081, 0.48047420382499695, 0.5048814415931702, 0.5209205150604248, 0.5006973743438721, 0.5013946890830994, 0.48117154836654663, 0.4860529899597168, 0.47768479585647583, 0.5167363882064819, 0.4923291504383087, 0.4937238395214081, 0.4923291504383087, 0.4755927622318268, 0.4860529899597168, 0.49790793657302856, 0.4937238395214081, 0.48117154836654663, 0.49511855840682983, 0.5034867525100708, 0.4867503345012665, 0.5020920634269714, 0.534867525100708, 0.4895397424697876, 0.49442121386528015, 0.5237098932266235], "benchmark_263": [727.0, 704.0, 713.0, 716.0, 742.0, 700.0, 747.0, 704.0, 684.0, 686.0, 726.0, 745.0, 710.0, 687.0, 716.0, 715.0, 744.0, 737.0, 749.0, 693.0, 728.0, 726.0, 728.0, 752.0, 737.0, 720.0, 726.0, 744.0, 724.0, 712.0, 736.0, 714.0, 667.0, 732.0, 725.0, 683.0], "TP": [523.0, 505.0, 469.0, 443.0, 407.0, 404.0, 377.0, 378.0, 365.0, 384.0, 355.0, 343.0, 357.0, 395.0, 346.0, 355.0, 355.0, 358.0, 345.0, 371.0, 348.0, 359.0, 333.0, 336.0, 342.0, 354.0, 365.0, 349.0, 360.0, 361.0, 346.0, 362.0, 403.0, 368.0, 351.0, 380.0], "TN": [184.0, 225.0, 252.0, 275.0, 285.0, 330.0, 310.0, 352.0, 385.0, 364.0, 353.0, 346.0, 367.0, 352.0, 372.0, 364.0, 335.0, 339.0, 340.0, 370.0, 358.0, 349.0, 373.0, 346.0, 355.0, 360.0, 343.0, 341.0, 350.0, 361.0, 352.0, 358.0, 364.0, 334.0, 358.0, 371.0], "FP": [533.0, 492.0, 465.0, 442.0, 432.0, 387.0, 407.0, 365.0, 332.0, 353.0, 364.0, 371.0, 350.0, 365.0, 345.0, 353.0, 382.0, 378.0, 377.0, 347.0, 359.0, 368.0, 344.0, 371.0, 362.0, 357.0, 374.0, 376.0, 367.0, 356.0, 365.0, 359.0, 353.0, 383.0, 359.0, 346.0], "FN": [194.0, 212.0, 248.0, 274.0, 310.0, 313.0, 340.0, 339.0, 352.0, 333.0, 362.0, 374.0, 360.0, 322.0, 371.0, 362.0, 362.0, 359.0, 372.0, 346.0, 369.0, 358.0, 384.0, 381.0, 375.0, 363.0, 352.0, 368.0, 357.0, 356.0, 371.0, 355.0, 314.0, 349.0, 366.0, 337.0], "Precision": [0.4952651560306549, 0.5065195560455322, 0.5021413564682007, 0.5005649924278259, 0.4851013123989105, 0.5107458829879761, 0.4808673560619354, 0.5087482929229736, 0.523672878742218, 0.5210312008857727, 0.49374130368232727, 0.4803921580314636, 0.5049505233764648, 0.5197368264198303, 0.5007236003875732, 0.5014124512672424, 0.48168250918388367, 0.48641303181648254, 0.47783932089805603, 0.5167130827903748, 0.4922206401824951, 0.49381017684936523, 0.49187591671943665, 0.4752475321292877, 0.4857954680919647, 0.49789029359817505, 0.49391070008277893, 0.48137930035591125, 0.4951857030391693, 0.5034867525100708, 0.48663854598999023, 0.5020804405212402, 0.5330687761306763, 0.4900133013725281, 0.49436619877815247, 0.5234159827232361], "Recall": [0.7294281721115112, 0.7043235898017883, 0.6541143655776978, 0.6178521513938904, 0.5676429271697998, 0.5634588599205017, 0.525801956653595, 0.5271966457366943, 0.509065568447113, 0.5355648398399353, 0.49511855840682983, 0.4783821403980255, 0.49790793657302856, 0.5509065389633179, 0.482566237449646, 0.49511855840682983, 0.49511855840682983, 0.4993026554584503, 0.48117154836654663, 0.517433762550354, 0.4853556454181671, 0.5006973743438721, 0.4644351601600647, 0.4686192572116852, 0.47698745131492615, 0.4937238395214081, 0.509065568447113, 0.4867503345012665, 0.5020920634269714, 0.5034867525100708, 0.482566237449646, 0.5048814415931702, 0.5620641708374023, 0.5132496356964111, 0.4895397424697876, 0.5299860239028931], "AUC": [0.4801299273967743, 0.513324499130249, 0.4982745945453644, 0.5030695199966431, 0.47761183977127075, 0.5189198851585388, 0.48396968841552734, 0.5169036984443665, 0.5218512415885925, 0.5196833610534668, 0.5000457167625427, 0.4805646240711212, 0.5207366943359375, 0.5187545418739319, 0.5013032555580139, 0.505203366279602, 0.48469915986061096, 0.46901506185531616, 0.4822997748851776, 0.5111634731292725, 0.4901544451713562, 0.4961893856525421, 0.515330970287323, 0.47444310784339905, 0.47524166107177734, 0.48914390802383423, 0.50001460313797, 0.4811384677886963, 0.49514874815940857, 0.5149020552635193, 0.4898500442504883, 0.5056799054145813, 0.5339853763580322, 0.48470500111579895, 0.48763248324394226, 0.5441460609436035], "val_loss": [0.07133273035287857, 0.05711732059717178, 0.04854074865579605, 0.044225599616765976, 0.04224677011370659, 0.04178667813539505, 0.04196087270975113, 0.042282797396183014, 0.042508598417043686, 0.04283595085144043, 0.04306121543049812, 0.043236877769231796, 0.04336502030491829, 0.04416075721383095, 0.04332756623625755, 0.04327191784977913, 0.04362178221344948, 0.04384761303663254, 0.04374997690320015, 0.04390713945031166, 0.043657008558511734, 0.044081371277570724, 0.04421519860625267, 0.04357278347015381, 0.04269404709339142, 0.04284606873989105, 0.0427977591753006, 0.04328922554850578, 0.04304906353354454, 0.043199699372053146, 0.04298708960413933, 0.042446959763765335, 0.04245288297533989, 0.04288008436560631, 0.04265373572707176, 0.04253938049077988], "val_accuracy": [0.6218181848526001, 0.6218181848526001, 0.6218181848526001, 0.6218181848526001, 0.6218181848526001, 0.6218181848526001, 0.6218181848526001, 0.6218181848526001, 0.6218181848526001, 0.6218181848526001, 0.6218181848526001, 0.6218181848526001, 0.3781818151473999, 0.3781818151473999, 0.43272727727890015, 0.6363636255264282, 0.3781818151473999, 0.3781818151473999, 0.3781818151473999, 0.3781818151473999, 0.3781818151473999, 0.3781818151473999, 0.3781818151473999, 0.40727272629737854, 0.6218181848526001, 0.6363636255264282, 0.6290909051895142, 0.4727272689342499, 0.5490909218788147, 0.4981818199157715, 0.5381818413734436, 0.6327272653579712, 0.5927272439002991, 0.5418182015419006, 0.5563636422157288, 0.5381818413734436], "val_benchmark_263": [104.0, 104.0, 104.0, 104.0, 104.0, 104.0, 104.0, 104.0, 104.0, 104.0, 104.0, 104.0, 171.0, 171.0, 156.0, 100.0, 171.0, 171.0, 171.0, 171.0, 171.0, 171.0, 171.0, 163.0, 104.0, 100.0, 102.0, 145.0, 124.0, 138.0, 127.0, 101.0, 112.0, 126.0, 122.0, 127.0], "val_TP": [171.0, 171.0, 171.0, 171.0, 171.0, 171.0, 171.0, 171.0, 171.0, 171.0, 171.0, 171.0, 0.0, 0.0, 17.0, 168.0, 0.0, 0.0, 0.0, 0.0, 0.0, 0.0, 0.0, 8.0, 171.0, 166.0, 160.0, 38.0, 70.0, 47.0, 67.0, 151.0, 136.0, 69.0, 83.0, 89.0], "val_TN": [0.0, 0.0, 0.0, 0.0, 0.0, 0.0, 0.0, 0.0, 0.0, 0.0, 0.0, 0.0, 104.0, 104.0, 102.0, 7.0, 104.0, 104.0, 104.0, 104.0, 104.0, 104.0, 104.0, 104.0, 0.0, 9.0, 13.0, 92.0, 81.0, 90.0, 81.0, 23.0, 27.0, 80.0, 70.0, 59.0], "val_FP": [104.0, 104.0, 104.0, 104.0, 104.0, 104.0, 104.0, 104.0, 104.0, 104.0, 104.0, 104.0, 0.0, 0.0, 2.0, 97.0, 0.0, 0.0, 0.0, 0.0, 0.0, 0.0, 0.0, 0.0, 104.0, 95.0, 91.0, 12.0, 23.0, 14.0, 23.0, 81.0, 77.0, 24.0, 34.0, 45.0], "val_FN": [0.0, 0.0, 0.0, 0.0, 0.0, 0.0, 0.0, 0.0, 0.0, 0.0, 0.0, 0.0, 171.0, 171.0, 154.0, 3.0, 171.0, 171.0, 171.0, 171.0, 171.0, 171.0, 171.0, 163.0, 0.0, 5.0, 11.0, 133.0, 101.0, 124.0, 104.0, 20.0, 35.0, 102.0, 88.0, 82.0],