{"loss": [0.34778109192848206, 0.3476797342300415, 0.3475421667098999, 0.3474331796169281, 0.34736353158950806, 0.34722068905830383, 0.34715181589126587, 0.34705331921577454, 0.34695735573768616, 0.34685346484184265, 0.34676724672317505, 0.34668561816215515, 0.3466048538684845, 0.3465295433998108, 0.3464488387107849, 0.3463788628578186, 0.3463061451911926, 0.3462270200252533, 0.34614962339401245, 0.3460758626461029, 0.3460542559623718], "accuracy": [0.45606693625450134, 0.456764280796051, 0.4686192572116852, 0.4616457521915436, 0.4616457521915436, 0.4679218828678131, 0.46652719378471375, 0.4574616551399231, 0.46582984924316406, 0.4679218828678131, 0.47629010677337646, 0.4714086353778839, 0.4853556454181671, 0.5411436557769775, 0.5355648398399353, 0.5362622141838074, 0.5467224717140198, 0.5383542776107788, 0.5495118498802185, 0.5488144755363464, 0.5355648398399353], "benchmark_759": [780.0, 779.0, 762.0, 772.0, 772.0, 763.0, 765.0, 778.0, 766.0, 763.0, 751.0, 758.0, 738.0, 658.0, 666.0, 665.0, 650.0, 662.0, 646.0, 647.0, 666.0], "TP": [363.0, 357.0, 365.0, 355.0, 358.0, 365.0, 361.0, 361.0, 369.0, 353.0, 348.0, 301.0, 359.0, 311.0, 350.0, 343.0, 351.0, 334.0, 342.0, 339.0, 339.0], "TN": [291.0, 298.0, 307.0, 307.0, 304.0, 306.0, 308.0, 295.0, 299.0, 318.0, 335.0, 375.0, 337.0, 465.0, 418.0, 426.0, 433.0, 438.0, 446.0, 448.0, 429.0], "FP": [426.0, 419.0, 410.0, 410.0, 413.0, 411.0, 409.0, 422.0, 418.0, 399.0, 382.0, 342.0, 380.0, 252.0, 299.0, 291.0, 284.0, 279.0, 271.0, 269.0, 288.0], "FN": [354.0, 360.0, 352.0, 362.0, 359.0, 352.0, 356.0, 356.0, 348.0, 364.0, 369.0, 416.0, 358.0, 406.0, 367.0, 374.0, 366.0, 383.0, 375.0, 378.0, 378.0], "Precision": [0.4600760340690613, 0.4600515365600586, 0.47096773982048035, 0.46405228972435, 0.46433204412460327, 0.47036081552505493, 0.4688311815261841, 0.4610472619533539, 0.4688691198825836, 0.4694148898124695, 0.47671231627464294, 0.46811819076538086, 0.4857916235923767, 0.5523978471755981, 0.5392912030220032, 0.5410094857215881, 0.5527558922767639, 0.5448613166809082, 0.5579119324684143, 0.5575658082962036, 0.540669858455658], "Recall": [0.5062761306762695, 0.49790793657302856, 0.509065568447113, 0.49511855840682983, 0.4993026554584503, 0.509065568447113, 0.5034867525100708, 0.5034867525100708, 0.5146443247795105, 0.4923291504383087, 0.4853556454181671, 0.41980475187301636, 0.5006973743438721, 0.4337517321109772, 0.48814505338668823, 0.4783821403980255, 0.4895397424697876, 0.46582984924316406, 0.47698745131492615, 0.47280335426330566, 0.47280335426330566], "AUC": [0.45146068930625916, 0.45114073157310486, 0.4543552100658417, 0.4556749761104584, 0.459766685962677, 0.46136271953582764, 0.45869195461273193, 0.45425111055374146, 0.47083190083503723, 0.4811851978302002, 0.48813632130622864, 0.4930264949798584, 0.49790793657302856, 0.4993026554584503, 0.5, 0.513960599899292, 0.5222169756889343, 0.5322239995002747, 0.5402712225914001, 0.5438192486763, 0.5424712896347046], "val_loss": [0.3445643186569214, 0.3448585867881775, 0.34510189294815063, 0.345302939414978, 0.34551292657852173, 0.3456968367099762, 0.3458546996116638, 0.34600603580474854, 0.346147358417511, 0.34626251459121704, 0.3463643789291382, 0.3464405834674835, 0.3465147912502289, 0.3465641140937805, 0.3466263711452484, 0.3466729521751404, 0.3467230498790741, 0.3467521667480469, 0.34677642583847046, 0.3467736542224884, 0.3467927575111389], "val_accuracy": [0.6218181848526001, 0.6218181848526001, 0.6218181848526001, 0.6218181848526001, 0.6218181848526001, 0.6218181848526001, 0.6218181848526001, 0.6218181848526001, 0.6218181848526001, 0.6218181848526001, 0.614545464515686, 0.610909104347229, 0.589090883731842, 0.5527272820472717, 0.3781818151473999, 0.389090895652771, 0.3927272856235504, 0.4036363661289215, 0.41818180680274963, 0.4145454466342926, 0.41818180680274963], "val_benchmark_759": [104.0, 104.0, 104.0, 104.0, 104.0, 104.0, 104.0, 104.0, 104.0, 104.0, 106.0, 107.0, 113.0, 123.0, 171.0, 168.0, 167.0, 164.0, 160.0, 161.0, 160.0], "val_TP": [171.0, 171.0, 171.0, 171.0, 171.0, 171.0, 171.0, 171.0, 171.0, 171.0, 169.0, 168.0, 161.0, 147.0, 0.0, 3.0, 4.0, 8.0, 12.0, 13.0, 15.0], "val_TN": [0.0, 0.0, 0.0, 0.0, 0.0, 0.0, 0.0, 0.0, 0.0, 0.0, 0.0, 0.0, 1.0, 5.0, 104.0, 104.0, 104.0, 103.0, 103.0, 101.0, 100.0], "val_FP": [104.0, 104.0, 104.0, 104.0, 104.0, 104.0, 104.0, 104.0, 104.0, 104.0, 104.0, 104.0, 103.0, 99.0, 0.0, 0.0, 0.0, 1.0, 1.0, 3.0, 4.0], "val_FN": [0.0, 0.0, 0.0, 0.0, 0.0, 0.0, 0.0, 0.0, 0.0, 0.0, 2.0, 3.0, 10.0, 24.0, 171.0, 168.0, 167.0, 163.0, 159.0, 158.0, 156.0], "val_Precision": [0.6218181848526001, 0.6218181848526001, 0.6218181848526001, 0.6218181848526001, 0.6218181848526001, 0.6218181848526001, 0.6218181848526001, 0.6218181848526001, 0.6218181848526001, 0.6218181848526001, 0.6190476417541504, 0.6176470518112183, 0.6098484992980957, 0.5975610017776489, 0.0, 1.0, 1.0, 0.8888888955116272, 0.9230769276618958, 0.8125, 0.7894737124443054], "val_Recall": [1.0, 1.0, 1.0, 1.0, 1.0, 1.0, 1.0, 1.0, 1.0, 1.0, 0.988304078578949, 0.9824561476707458, 0.9415204524993896, 0.859649121761322, 0.0, 0.017543859779834747, 0.023391813039779663, 0.046783626079559326, 0.07017543911933899, 0.0760233923792839, 0.08771929889917374], "val_AUC": [0.5, 0.5, 0.4941520392894745, 0.4784919023513794, 0.4593173861503601, 0.47624266147613525, 0.4885008931159973, 0.5, 0.5, 0.5, 0.5, 0.5, 0.5, 0.5, 0.5, 0.5, 0.5, 0.5, 0.5, 0.5, 0.5]}