{"loss": [0.697235107421875, 0.692732572555542, 0.6900889873504639, 0.6927027702331543, 0.6913371086120605, 0.6876201033592224, 0.6869587898254395, 0.6846126914024353, 0.6796299815177917, 0.6805540919303894, 0.6741009950637817, 0.6703990697860718, 0.66645348072052, 0.6604667901992798, 0.6606317758560181, 0.6550899147987366, 0.6508530974388123, 0.6488247513771057, 0.6436485052108765, 0.643963098526001, 0.6406420469284058, 0.6326179504394531, 0.6366021037101746, 0.6340774893760681, 0.6304152607917786, 0.6307297945022583, 0.6286189556121826, 0.6267204284667969, 0.6185633540153503, 0.6185108423233032, 0.6185749173164368, 0.6149627566337585, 0.615243136882782, 0.6151711344718933, 0.6098847389221191, 0.6059823036193848, 0.6033552289009094, 0.6008192300796509, 0.5997438430786133, 0.6031090021133423, 0.5980144143104553, 0.596104085445404, 0.5943966507911682, 0.5916798710823059, 0.5875058174133301, 0.5889475345611572, 0.5883892774581909, 0.5926100611686707, 0.5870863795280457, 0.5861085057258606, 0.5779520273208618, 0.5809907913208008, 0.573097825050354, 0.5701918601989746, 0.5770909190177917, 0.5695304274559021, 0.5692008137702942, 0.5687667727470398, 0.5603379011154175, 0.5671875476837158, 0.5603317022323608, 0.5588707327842712, 0.5613673329353333, 0.5506740808486938, 0.558178186416626, 0.5574603080749512, 0.5475738048553467, 0.5509886741638184], "accuracy": [0.4958159029483795, 0.5202231407165527, 0.5446304082870483, 0.5306833982467651, 0.5195258259773254, 0.5481171607971191, 0.5383542776107788, 0.5739191174507141, 0.5753138065338135, 0.5536959767341614, 0.5808926224708557, 0.5976290106773376, 0.6018131375312805, 0.5983263850212097, 0.5976290106773376, 0.6046025156974792, 0.6122733354568481, 0.6143653988838196, 0.6262203454971313, 0.6234309673309326, 0.6220362782478333, 0.642259418964386, 0.6150627732276917, 0.6317991614341736, 0.6220362782478333, 0.6324965357780457, 0.6297070980072021, 0.6290097832679749, 0.6359832882881165, 0.6387726664543152, 0.6478382349014282, 0.6645746231079102, 0.6380752921104431, 0.6457461714744568, 0.651324987411499, 0.6541143655776978, 0.6708507537841797, 0.6527196764945984, 0.6603904962539673, 0.6631799340248108, 0.6750348806381226, 0.6652719378471375, 0.6645746231079102, 0.668061375617981, 0.6701534390449524, 0.6841003894805908, 0.6785216331481934, 0.6736401915550232, 0.6743375062942505, 0.6701534390449524, 0.6910738945007324, 0.6924686431884766, 0.6924686431884766, 0.7001394629478455, 0.6903765797615051, 0.6952580213546753, 0.6806136965751648, 0.6959553956985474, 0.7057182788848877, 0.6966527104377747, 0.7112970948219299, 0.7147838473320007, 0.7085076570510864, 0.6987447738647461, 0.6945606470108032, 0.7036262154579163, 0.7259414196014404, 0.7196652889251709], "benchmark_229": [723.0, 688.0, 653.0, 673.0, 689.0, 648.0, 662.0, 611.0, 609.0, 640.0, 601.0, 577.0, 571.0, 576.0, 577.0, 567.0, 556.0, 553.0, 536.0, 540.0, 542.0, 513.0, 552.0, 528.0, 542.0, 527.0, 531.0, 532.0, 522.0, 518.0, 505.0, 481.0, 519.0, 508.0, 500.0, 496.0, 472.0, 498.0, 487.0, 483.0, 466.0, 480.0, 481.0, 476.0, 473.0, 453.0, 461.0, 468.0, 467.0, 473.0, 443.0, 441.0, 441.0, 430.0, 444.0, 437.0, 458.0, 436.0, 422.0, 435.0, 414.0, 409.0, 418.0, 432.0, 438.0, 425.0, 393.0, 402.0], "TP": [367.0, 432.0, 376.0, 330.0, 364.0, 373.0, 353.0, 356.0, 406.0, 376.0, 399.0, 375.0, 426.0, 415.0, 441.0, 422.0, 442.0, 439.0, 425.0, 456.0, 437.0, 455.0, 454.0, 454.0, 448.0, 443.0, 444.0, 444.0, 459.0, 451.0, 467.0, 470.0, 465.0, 456.0, 470.0, 464.0, 471.0, 474.0, 466.0, 473.0, 469.0, 476.0, 475.0, 476.0, 484.0, 481.0, 485.0, 465.0, 484.0, 476.0, 491.0, 503.0, 500.0, 493.0, 486.0, 496.0, 490.0, 499.0, 509.0, 496.0, 503.0, 509.0, 508.0, 501.0, 498.0, 498.0, 523.0, 511.0], "TN": [344.0, 314.0, 405.0, 431.0, 381.0, 413.0, 419.0, 467.0, 419.0, 418.0, 434.0, 482.0, 437.0, 443.0, 416.0, 445.0, 436.0, 442.0, 473.0, 438.0, 455.0, 466.0, 428.0, 452.0, 444.0, 464.0, 459.0, 458.0, 453.0, 465.0, 462.0, 483.0, 450.0, 470.0, 464.0, 474.0, 491.0, 462.0, 481.0, 478.0, 499.0, 478.0, 478.0, 482.0, 477.0, 500.0, 488.0, 501.0, 483.0, 485.0, 500.0, 490.0, 493.0, 511.0, 504.0, 501.0, 486.0, 499.0, 503.0, 503.0, 517.0, 516.0, 508.0, 501.0, 498.0, 511.0, 518.0, 521.0], "FP": [373.0, 403.0, 312.0, 286.0, 336.0, 304.0, 298.0, 250.0, 298.0, 299.0, 283.0, 235.0, 280.0, 274.0, 301.0, 272.0, 281.0, 275.0, 244.0, 279.0, 262.0, 251.0, 289.0, 265.0, 273.0, 253.0, 258.0, 259.0, 264.0, 252.0, 255.0, 234.0, 267.0, 247.0, 253.0, 243.0, 226.0, 255.0, 236.0, 239.0, 218.0, 239.0, 239.0, 235.0, 240.0, 217.0, 229.0, 216.0, 234.0, 232.0, 217.0, 227.0, 224.0, 206.0, 213.0, 216.0, 231.0, 218.0, 214.0, 214.0, 200.0, 201.0, 209.0, 216.0, 219.0, 206.0, 199.0, 196.0], "FN": [350.0, 285.0, 341.0, 387.0, 353.0, 344.0, 364.0, 361.0, 311.0, 341.0, 318.0, 342.0, 291.0, 302.0, 276.0, 295.0, 275.0, 278.0, 292.0, 261.0, 280.0, 262.0, 263.0, 263.0, 269.0, 274.0, 273.0, 273.0, 258.0, 266.0, 250.0, 247.0, 252.0, 261.0, 247.0, 253.0, 246.0, 243.0, 251.0, 244.0, 248.0, 241.0, 242.0, 241.0, 233.0, 236.0, 232.0, 252.0, 233.0, 241.0, 226.0, 214.0, 217.0, 224.0, 231.0, 221.0, 227.0, 218.0, 208.0, 221.0, 214.0, 208.0, 209.0, 216.0, 219.0, 219.0, 194.0, 206.0], "Precision": [0.4959459602832794, 0.5173652768135071, 0.5465116500854492, 0.5357142686843872, 0.5199999809265137, 0.550960123538971, 0.542242705821991, 0.5874587297439575, 0.5767045617103577, 0.5570370554924011, 0.5850439667701721, 0.6147540807723999, 0.6033994555473328, 0.6023222208023071, 0.5943396091461182, 0.6080691814422607, 0.611341655254364, 0.6148459315299988, 0.6352765560150146, 0.6204081773757935, 0.6251788139343262, 0.6444759368896484, 0.6110363602638245, 0.6314325332641602, 0.6213592290878296, 0.6364942789077759, 0.632478654384613, 0.6315789222717285, 0.634854793548584, 0.641536295413971, 0.6468144059181213, 0.6676136255264282, 0.6352459192276001, 0.6486486196517944, 0.6500691771507263, 0.6562942266464233, 0.6757532358169556, 0.6502057909965515, 0.6638176441192627, 0.6643258333206177, 0.6826782822608948, 0.6657342910766602, 0.6652660965919495, 0.6694796085357666, 0.6685082912445068, 0.6891117691993713, 0.6792716979980469, 0.6828193664550781, 0.6740947365760803, 0.6723163723945618, 0.6935028433799744, 0.6890410780906677, 0.6906077265739441, 0.7052932977676392, 0.6952789425849915, 0.6966292262077332, 0.6796116232872009, 0.6959553956985474, 0.704011082649231, 0.6985915303230286, 0.7155050039291382, 0.716901421546936, 0.7085076570510864, 0.6987447738647461, 0.6945606470108032, 0.7073863744735718, 0.7243767380714417, 0.7227723002433777], "Recall": [0.5118549466133118, 0.6025104522705078, 0.5244072675704956, 0.4602510333061218, 0.5076708793640137, 0.5202231407165527, 0.4923291504383087, 0.4965132474899292, 0.5662482380867004, 0.5244072675704956, 0.5564853549003601, 0.5230125784873962, 0.5941422581672668, 0.5788005590438843, 0.6150627732276917, 0.5885634422302246, 0.616457462310791, 0.6122733354568481, 0.5927475690841675, 0.6359832882881165, 0.6094839572906494, 0.6345885396003723, 0.633193850517273, 0.633193850517273, 0.624825656414032, 0.6178521513938904, 0.6192468404769897, 0.6192468404769897, 0.6401673555374146, 0.6290097832679749, 0.651324987411499, 0.6555090546607971, 0.6485355496406555, 0.6359832882881165, 0.6555090546607971, 0.6471408605575562, 0.6569037437438965, 0.6610878705978394, 0.6499302387237549, 0.65969318151474, 0.6541143655776978, 0.6638772487640381, 0.6624825596809387, 0.6638772487640381, 0.6750348806381226, 0.6708507537841797, 0.6764295697212219, 0.6485355496406555, 0.6750348806381226, 0.6638772487640381, 0.6847977638244629, 0.7015341520309448, 0.6973500847816467, 0.6875871419906616, 0.6778242588043213, 0.6917712688446045, 0.6834030747413635, 0.6959553956985474, 0.7099023461341858, 0.6917712688446045, 0.7015341520309448, 0.7099023461341858, 0.7085076570510864, 0.6987447738647461, 0.6945606470108032, 0.6945606470108032, 0.7294281721115112, 0.7126917839050293],