{"loss": [0.13522301614284515, 0.1249551847577095, 0.1252577304840088, 0.12521159648895264, 0.12502063810825348, 0.12537524104118347, 0.12788154184818268, 0.1225811168551445, 0.11879811435937881, 0.11848124861717224, 0.12117481976747513, 0.12479092925786972, 0.11350223422050476, 0.11720407754182816, 0.11161386966705322, 0.11412527412176132, 0.11565803736448288, 0.10940353572368622, 0.11322642117738724, 0.11128100007772446, 0.11598504334688187, 0.11853932589292526, 0.11111670732498169, 0.1101338118314743, 0.10867172479629517, 0.10853780061006546, 0.11012713611125946, 0.109922856092453, 0.10798187553882599, 0.11065393686294556, 0.10827964544296265, 0.10759096592664719, 0.10787297040224075, 0.10782573372125626, 0.10587332397699356, 0.10825702548027039, 0.09718050062656403, 0.1013481616973877, 0.1036217138171196, 0.10019398480653763, 0.10060226917266846, 0.09952723234891891, 0.10209158807992935, 0.09872037172317505, 0.09615705907344818, 0.09940000623464584, 0.09841246157884598, 0.10318915545940399, 0.09931176155805588, 0.09873224794864655, 0.09814584255218506, 0.09816955029964447, 0.09234096854925156, 0.09777473658323288, 0.0980728417634964], "accuracy": [0.4888423979282379, 0.4930264949798584, 0.4923291504383087, 0.48744770884513855, 0.5, 0.49163180589675903, 0.5069735050201416, 0.48814505338668823, 0.4895397424697876, 0.49511855840682983, 0.5020920634269714, 0.48047420382499695, 0.5188284516334534, 0.5048814415931702, 0.5209205150604248, 0.5027893781661987, 0.49511855840682983, 0.5369595289230347, 0.5334727764129639, 0.5369595289230347, 0.4972105920314789, 0.5160390734672546, 0.5271966457366943, 0.5306833982467651, 0.5334727764129639, 0.5488144755363464, 0.5383542776107788, 0.5292887091636658, 0.5216178297996521, 0.5383542776107788, 0.5306833982467651, 0.543235719203949, 0.5383542776107788, 0.5446304082870483, 0.5613667964935303, 0.5341701507568359, 0.586471438407898, 0.5460250973701477, 0.5641562342643738, 0.5760111808776855, 0.5523012280464172, 0.5634588599205017, 0.5683403015136719, 0.5843793749809265, 0.5794979333877563, 0.5620641708374023, 0.5885634422302246, 0.5781031847000122, 0.5781031847000122, 0.5760111808776855, 0.5941422581672668, 0.5948396325111389, 0.6122733354568481, 0.5850766897201538, 0.5718270540237427], "benchmark_993": [733.0, 727.0, 728.0, 735.0, 717.0, 729.0, 707.0, 734.0, 732.0, 724.0, 714.0, 745.0, 690.0, 710.0, 687.0, 713.0, 724.0, 664.0, 669.0, 664.0, 721.0, 694.0, 678.0, 673.0, 669.0, 647.0, 662.0, 675.0, 686.0, 662.0, 673.0, 655.0, 662.0, 653.0, 629.0, 668.0, 593.0, 651.0, 625.0, 608.0, 642.0, 626.0, 619.0, 596.0, 603.0, 628.0, 590.0, 605.0, 605.0, 608.0, 582.0, 581.0, 556.0, 595.0, 614.0], "TP": [305.0, 348.0, 355.0, 349.0, 361.0, 353.0, 372.0, 341.0, 355.0, 355.0, 377.0, 345.0, 378.0, 365.0, 377.0, 360.0, 354.0, 385.0, 377.0, 401.0, 355.0, 361.0, 385.0, 388.0, 393.0, 393.0, 367.0, 376.0, 377.0, 388.0, 394.0, 390.0, 385.0, 396.0, 393.0, 384.0, 423.0, 385.0, 402.0, 414.0, 401.0, 409.0, 414.0, 419.0, 412.0, 404.0, 417.0, 401.0, 408.0, 414.0, 418.0, 422.0, 436.0, 426.0, 402.0], "TN": [396.0, 359.0, 351.0, 350.0, 356.0, 352.0, 355.0, 359.0, 347.0, 355.0, 343.0, 344.0, 366.0, 359.0, 370.0, 361.0, 356.0, 385.0, 388.0, 369.0, 358.0, 379.0, 371.0, 373.0, 372.0, 394.0, 405.0, 383.0, 371.0, 384.0, 367.0, 389.0, 387.0, 385.0, 412.0, 382.0, 418.0, 398.0, 407.0, 412.0, 391.0, 399.0, 401.0, 419.0, 419.0, 402.0, 427.0, 428.0, 421.0, 412.0, 434.0, 431.0, 442.0, 413.0, 418.0], "FP": [321.0, 358.0, 366.0, 367.0, 361.0, 365.0, 362.0, 358.0, 370.0, 362.0, 374.0, 373.0, 351.0, 358.0, 347.0, 356.0, 361.0, 332.0, 329.0, 348.0, 359.0, 338.0, 346.0, 344.0, 345.0, 323.0, 312.0, 334.0, 346.0, 333.0, 350.0, 328.0, 330.0, 332.0, 305.0, 335.0, 299.0, 319.0, 310.0, 305.0, 326.0, 318.0, 316.0, 298.0, 298.0, 315.0, 290.0, 289.0, 296.0, 305.0, 283.0, 286.0, 275.0, 304.0, 299.0], "FN": [412.0, 369.0, 362.0, 368.0, 356.0, 364.0, 345.0, 376.0, 362.0, 362.0, 340.0, 372.0, 339.0, 352.0, 340.0, 357.0, 363.0, 332.0, 340.0, 316.0, 362.0, 356.0, 332.0, 329.0, 324.0, 324.0, 350.0, 341.0, 340.0, 329.0, 323.0, 327.0, 332.0, 321.0, 324.0, 333.0, 294.0, 332.0, 315.0, 303.0, 316.0, 308.0, 303.0, 298.0, 305.0, 313.0, 300.0, 316.0, 309.0, 303.0, 299.0, 295.0, 281.0, 291.0, 315.0], "Precision": [0.48722043633461, 0.49291783571243286, 0.49237170815467834, 0.4874301552772522, 0.5, 0.4916434586048126, 0.5068119764328003, 0.4878397583961487, 0.48965516686439514, 0.49511855840682983, 0.5019973516464233, 0.4805013835430145, 0.5185185074806213, 0.5048409700393677, 0.5207182168960571, 0.5027933120727539, 0.49510490894317627, 0.5369595289230347, 0.5339943170547485, 0.535380482673645, 0.4971988797187805, 0.5164520740509033, 0.5266757607460022, 0.5300546288490295, 0.5325203537940979, 0.5488826632499695, 0.5405007600784302, 0.5295774936676025, 0.521438479423523, 0.5381414890289307, 0.5295698642730713, 0.543175458908081, 0.5384615659713745, 0.5439560413360596, 0.5630372762680054, 0.5340750813484192, 0.5858725905418396, 0.546875, 0.5646067261695862, 0.5757997035980225, 0.551581859588623, 0.5625859498977661, 0.567123293876648, 0.5843793749809265, 0.580281674861908, 0.561891496181488, 0.589816153049469, 0.5811594128608704, 0.5795454382896423, 0.5757997035980225, 0.5962910056114197, 0.596045196056366, 0.6132208108901978, 0.5835616588592529, 0.5734664797782898], "Recall": [0.4253835380077362, 0.4853556454181671, 0.49511855840682983, 0.4867503345012665, 0.5034867525100708, 0.4923291504383087, 0.5188284516334534, 0.4755927622318268, 0.49511855840682983, 0.49511855840682983, 0.525801956653595, 0.48117154836654663, 0.5271966457366943, 0.509065568447113, 0.525801956653595, 0.5020920634269714, 0.4937238395214081, 0.5369595289230347, 0.525801956653595, 0.5592747330665588, 0.49511855840682983, 0.5034867525100708, 0.5369595289230347, 0.5411436557769775, 0.5481171607971191, 0.5481171607971191, 0.5118549466133118, 0.5244072675704956, 0.525801956653595, 0.5411436557769775, 0.5495118498802185, 0.5439330339431763, 0.5369595289230347, 0.5523012280464172, 0.5481171607971191, 0.5355648398399353, 0.589958131313324, 0.5369595289230347, 0.560669481754303, 0.5774058699607849, 0.5592747330665588, 0.5704323649406433, 0.5774058699607849, 0.5843793749809265, 0.5746164321899414, 0.5634588599205017, 0.581589937210083, 0.5592747330665588, 0.569037675857544, 0.5774058699607849, 0.5829846858978271, 0.5885634422302246, 0.60808926820755, 0.5941422581672668, 0.560669481754303], "AUC": [0.49307703971862793, 0.48925575613975525, 0.4862368106842041, 0.4767559766769409, 0.4903343617916107, 0.4936431348323822, 0.48036718368530273, 0.48676201701164246, 0.49323174357414246, 0.5036365389823914, 0.5078867077827454, 0.47710707783699036, 0.5242214798927307, 0.5068635940551758, 0.5310354828834534, 0.5281867384910583, 0.5220613479614258, 0.544126570224762, 0.5372318625450134, 0.5452567934989929, 0.49710947275161743, 0.5172333717346191, 0.5410298705101013, 0.5455164313316345, 0.5501440167427063, 0.5665186047554016, 0.5455222725868225, 0.5522691607475281, 0.5420355796813965, 0.5524870753288269, 0.5590851306915283, 0.563044548034668, 0.5603504776954651, 0.5660585761070251, 0.5664670467376709, 0.5570553541183472, 0.6117705702781677, 0.5802069306373596, 0.5797011852264404, 0.6051772832870483, 0.5968830585479736, 0.6002675890922546, 0.5927728414535522, 0.6155607104301453, 0.6199666261672974, 0.5962585806846619, 0.6159555315971375, 0.5973129272460938, 0.6095899343490601, 0.6108630299568176, 0.6198828816413879, 0.6252973675727844, 0.6548476815223694, 0.6274682283401489, 0.6138722896575928],