{"loss": [0.1788242757320404, 0.17374108731746674, 0.17370165884494781, 0.17369692027568817, 0.17367541790008545, 0.17366252839565277, 0.17364279925823212, 0.17362019419670105, 0.17362181842327118, 0.17360849678516388, 0.17360416054725647, 0.17359116673469543, 0.17357663810253143, 0.1735703945159912, 0.17356066405773163, 0.17355255782604218, 0.17354716360569, 0.17353057861328125, 0.17352375388145447, 0.17351683974266052, 0.1735113263130188], "accuracy": [0.4965132474899292, 0.4958159029483795, 0.4958159029483795, 0.4937238395214081, 0.48744770884513855, 0.4972105920314789, 0.47977685928344727, 0.4965132474899292, 0.482566237449646, 0.4902370870113373, 0.48744770884513855, 0.48465830087661743, 0.49163180589675903, 0.4937238395214081, 0.49163180589675903, 0.4930264949798584, 0.4888423979282379, 0.4930264949798584, 0.4895397424697876, 0.4902370870113373, 0.4937238395214081], "benchmark_7": [722.0, 723.0, 723.0, 726.0, 735.0, 721.0, 746.0, 722.0, 742.0, 731.0, 735.0, 739.0, 729.0, 726.0, 729.0, 727.0, 733.0, 727.0, 732.0, 731.0, 726.0], "TP": [503.0, 401.0, 383.0, 386.0, 371.0, 378.0, 378.0, 394.0, 363.0, 378.0, 377.0, 374.0, 387.0, 390.0, 382.0, 371.0, 368.0, 377.0, 373.0, 363.0, 366.0], "TN": [209.0, 310.0, 328.0, 322.0, 328.0, 335.0, 310.0, 318.0, 329.0, 325.0, 322.0, 321.0, 318.0, 318.0, 323.0, 336.0, 333.0, 330.0, 329.0, 340.0, 342.0], "FP": [508.0, 407.0, 389.0, 395.0, 389.0, 382.0, 407.0, 399.0, 388.0, 392.0, 395.0, 396.0, 399.0, 399.0, 394.0, 381.0, 384.0, 387.0, 388.0, 377.0, 375.0], "FN": [214.0, 316.0, 334.0, 331.0, 346.0, 339.0, 339.0, 323.0, 354.0, 339.0, 340.0, 343.0, 330.0, 327.0, 335.0, 346.0, 349.0, 340.0, 344.0, 354.0, 351.0], "Precision": [0.49752721190452576, 0.49628713726997375, 0.49611398577690125, 0.4942381680011749, 0.48815789818763733, 0.4973684251308441, 0.4815286695957184, 0.4968474209308624, 0.4833555221557617, 0.4909090995788574, 0.48834195733070374, 0.48571428656578064, 0.49236640334129333, 0.4942965805530548, 0.49226805567741394, 0.4933510720729828, 0.4893617033958435, 0.4934554994106293, 0.4901445508003235, 0.4905405342578888, 0.49392712116241455], "Recall": [0.7015341520309448, 0.5592747330665588, 0.5341701507568359, 0.5383542776107788, 0.517433762550354, 0.5271966457366943, 0.5271966457366943, 0.5495118498802185, 0.5062761306762695, 0.5271966457366943, 0.525801956653595, 0.5216178297996521, 0.5397489666938782, 0.5439330339431763, 0.5327754616737366, 0.517433762550354, 0.5132496356964111, 0.525801956653595, 0.5202231407165527, 0.5062761306762695, 0.5104602575302124], "AUC": [0.4871666133403778, 0.47765079140663147, 0.4833841919898987, 0.48084768652915955, 0.4857544004917145, 0.48022717237472534, 0.493397057056427, 0.4895436465740204, 0.4905123710632324, 0.4876120388507843, 0.4886838495731354, 0.4937072992324829, 0.48845526576042175, 0.48265185952186584, 0.49404674768447876, 0.49561262130737305, 0.4894045889377594, 0.48900094628334045, 0.49411386251449585, 0.4892226755619049, 0.48945608735084534], "val_loss": [0.17175348103046417, 0.1719551682472229, 0.17194396257400513, 0.17226754128932953, 0.1722331941127777, 0.17236140370368958, 0.17233283817768097, 0.17245811223983765, 0.17253676056861877, 0.17249193787574768, 0.1725499927997589, 0.1725941300392151, 0.17252516746520996, 0.17270946502685547, 0.1727496087551117, 0.1727093607187271, 0.1727283000946045, 0.17274820804595947, 0.17269472777843475, 0.17278996109962463, 0.1727304905653], "val_accuracy": [0.6218181848526001, 0.6218181848526001, 0.6218181848526001, 0.6218181848526001, 0.6218181848526001, 0.6218181848526001, 0.6218181848526001, 0.6218181848526001, 0.6218181848526001, 0.6218181848526001, 0.6218181848526001, 0.6218181848526001, 0.6218181848526001, 0.614545464515686, 0.614545464515686, 0.614545464515686, 0.614545464515686, 0.614545464515686, 0.6181818246841431, 0.614545464515686, 0.614545464515686], "val_benchmark_7": [104.0, 104.0, 104.0, 104.0, 104.0, 104.0, 104.0, 104.0, 104.0, 104.0, 104.0, 104.0, 104.0, 106.0, 106.0, 106.0, 106.0, 106.0, 105.0, 106.0, 106.0], "val_TP": [171.0, 171.0, 171.0, 171.0, 171.0, 171.0, 171.0, 171.0, 171.0, 171.0, 171.0, 171.0, 171.0, 168.0, 168.0, 168.0, 168.0, 168.0, 169.0, 168.0, 168.0], "val_TN": [0.0, 0.0, 0.0, 0.0, 0.0, 0.0, 0.0, 0.0, 0.0, 0.0, 0.0, 0.0, 0.0, 1.0, 1.0, 1.0, 1.0, 1.0, 1.0, 1.0, 1.0], "val_FP": [104.0, 104.0, 104.0, 104.0, 104.0, 104.0, 104.0, 104.0, 104.0, 104.0, 104.0, 104.0, 104.0, 103.0, 103.0, 103.0, 103.0, 103.0, 103.0, 103.0, 103.0], "val_FN": [0.0, 0.0, 0.0, 0.0, 0.0, 0.0, 0.0, 0.0, 0.0, 0.0, 0.0, 0.0, 0.0, 3.0, 3.0, 3.0, 3.0, 3.0, 2.0, 3.0, 3.0], "val_Precision": [0.6218181848526001, 0.6218181848526001, 0.6218181848526001, 0.6218181848526001, 0.6218181848526001, 0.6218181848526001, 0.6218181848526001, 0.6218181848526001, 0.6218181848526001, 0.6218181848526001, 0.6218181848526001, 0.6218181848526001, 0.6218181848526001, 0.6199262142181396, 0.6199262142181396, 0.6199262142181396, 0.6199262142181396, 0.6199262142181396, 0.6213235259056091, 0.6199262142181396, 0.6199262142181396], "val_Recall": [1.0, 1.0, 1.0, 1.0, 1.0, 1.0, 1.0, 1.0, 1.0, 1.0, 1.0, 1.0, 1.0, 0.9824561476707458, 0.9824561476707458, 0.9824561476707458, 0.9824561476707458, 0.9824561476707458, 0.988304078578949, 0.9824561476707458, 0.9824561476707458], "val_AUC": [0.513776421546936, 0.4941520392894745, 0.49707603454589844, 0.4676394462585449, 0.476411372423172, 0.4655589461326599, 0.4607512652873993, 0.44489428400993347, 0.4624943733215332, 0.4589237570762634, 0.46333783864974976, 0.4742465615272522, 0.4509952664375305, 0.4795602560043335, 0.4906657636165619, 0.4843679666519165, 0.4879385828971863, 0.4906657636165619, 0.46994489431381226, 0.4919590950012207, 0.47143498063087463]}