{"loss": [0.9302718639373779, 0.91019207239151, 0.909478485584259, 0.8928586840629578, 0.898639440536499, 0.8645858764648438, 0.8961560726165771, 0.8581341505050659, 0.8583688735961914, 0.8558691143989563, 0.8865693807601929, 0.8612645268440247, 0.8675201535224915, 0.8884742856025696, 0.9139037132263184, 0.8995065093040466, 0.8617637157440186, 0.869665265083313, 0.8925755023956299, 0.8934013843536377, 0.8735584020614624], "accuracy": [0.4923291504383087, 0.48117154836654663, 0.48396095633506775, 0.49442121386528015, 0.5195258259773254, 0.517433762550354, 0.4958159029483795, 0.5195258259773254, 0.5146443247795105, 0.5153416991233826, 0.49790793657302856, 0.5146443247795105, 0.5, 0.509065568447113, 0.4853556454181671, 0.4902370870113373, 0.5111575722694397, 0.4993026554584503, 0.4923291504383087, 0.49860531091690063, 0.4867503345012665], "benchmark_557": [728.0, 744.0, 740.0, 725.0, 689.0, 692.0, 723.0, 689.0, 696.0, 695.0, 720.0, 696.0, 717.0, 704.0, 738.0, 731.0, 701.0, 718.0, 728.0, 719.0, 736.0], "TP": [476.0, 410.0, 363.0, 355.0, 359.0, 363.0, 351.0, 373.0, 366.0, 360.0, 369.0, 368.0, 353.0, 349.0, 341.0, 341.0, 378.0, 368.0, 331.0, 339.0, 338.0], "TN": [230.0, 280.0, 331.0, 354.0, 386.0, 379.0, 360.0, 372.0, 372.0, 379.0, 345.0, 370.0, 364.0, 381.0, 355.0, 362.0, 355.0, 348.0, 375.0, 376.0, 360.0], "FP": [487.0, 437.0, 386.0, 363.0, 331.0, 338.0, 357.0, 345.0, 345.0, 338.0, 372.0, 347.0, 353.0, 336.0, 362.0, 355.0, 362.0, 369.0, 342.0, 341.0, 357.0], "FN": [241.0, 307.0, 354.0, 362.0, 358.0, 354.0, 366.0, 344.0, 351.0, 357.0, 348.0, 349.0, 364.0, 368.0, 376.0, 376.0, 339.0, 349.0, 386.0, 378.0, 379.0], "Precision": [0.49428868293762207, 0.4840613901615143, 0.484646201133728, 0.49442896246910095, 0.5202898383140564, 0.5178316831588745, 0.4957627058029175, 0.5194985866546631, 0.5147679448127747, 0.515759289264679, 0.4979757070541382, 0.514685332775116, 0.5, 0.5094890594482422, 0.48506399989128113, 0.4899425208568573, 0.5108107924461365, 0.4993215799331665, 0.4918276369571686, 0.4985294044017792, 0.48633092641830444], "Recall": [0.6638772487640381, 0.5718270540237427, 0.5062761306762695, 0.49511855840682983, 0.5006973743438721, 0.5062761306762695, 0.4895397424697876, 0.5202231407165527, 0.5104602575302124, 0.5020920634269714, 0.5146443247795105, 0.5132496356964111, 0.4923291504383087, 0.4867503345012665, 0.4755927622318268, 0.4755927622318268, 0.5271966457366943, 0.5132496356964111, 0.4616457521915436, 0.47280335426330566, 0.4714086353778839], "AUC": [0.4966406524181366, 0.4910920262336731, 0.48975372314453125, 0.5004931092262268, 0.5069579482078552, 0.525012195110321, 0.4941507875919342, 0.5251687169075012, 0.5305598974227905, 0.5361348390579224, 0.4961475729942322, 0.515694797039032, 0.5079500079154968, 0.4986169934272766, 0.4805724322795868, 0.49503201246261597, 0.5213163495063782, 0.5057509541511536, 0.4948170483112335, 0.4891040325164795, 0.4970141649246216], "val_loss": [0.6643176674842834, 0.6795507669448853, 0.6967440247535706, 0.7015514969825745, 0.694068968296051, 0.6922423839569092, 0.6879855990409851, 0.694410502910614, 0.6958731412887573, 0.6946834921836853, 0.6955747604370117, 0.6997750401496887, 0.6979721784591675, 0.69085294008255, 0.6930007934570312, 0.6964858174324036, 0.696608304977417, 0.7023360729217529, 0.6990980505943298, 0.6956095099449158, 0.6900612115859985], "val_accuracy": [0.6218181848526001, 0.6218181848526001, 0.3781818151473999, 0.3781818151473999, 0.3781818151473999, 0.6218181848526001, 0.6218181848526001, 0.3781818151473999, 0.3781818151473999, 0.3781818151473999, 0.3781818151473999, 0.3781818151473999, 0.3781818151473999, 0.6218181848526001, 0.5054545402526855, 0.3781818151473999, 0.3781818151473999, 0.3781818151473999, 0.3781818151473999, 0.38181817531585693, 0.6218181848526001], "val_benchmark_557": [104.0, 104.0, 171.0, 171.0, 171.0, 104.0, 104.0, 171.0, 171.0, 171.0, 171.0, 171.0, 171.0, 104.0, 136.0, 171.0, 171.0, 171.0, 171.0, 170.0, 104.0], "val_TP": [171.0, 171.0, 0.0, 0.0, 0.0, 171.0, 171.0, 0.0, 0.0, 0.0, 0.0, 0.0, 0.0, 171.0, 63.0, 0.0, 0.0, 0.0, 0.0, 1.0, 171.0], "val_TN": [0.0, 0.0, 104.0, 104.0, 104.0, 0.0, 0.0, 104.0, 104.0, 104.0, 104.0, 104.0, 104.0, 0.0, 76.0, 104.0, 104.0, 104.0, 104.0, 104.0, 0.0], "val_FP": [104.0, 104.0, 0.0, 0.0, 0.0, 104.0, 104.0, 0.0, 0.0, 0.0, 0.0, 0.0, 0.0, 104.0, 28.0, 0.0, 0.0, 0.0, 0.0, 0.0, 104.0], "val_FN": [0.0, 0.0, 171.0, 171.0, 171.0, 0.0, 0.0, 171.0, 171.0, 171.0, 171.0, 171.0, 171.0, 0.0, 108.0, 171.0, 171.0, 171.0, 171.0, 170.0, 0.0], "val_Precision": [0.6218181848526001, 0.6218181848526001, 0.0, 0.0, 0.0, 0.6218181848526001, 0.6218181848526001, 0.0, 0.0, 0.0, 0.0, 0.0, 0.0, 0.6218181848526001, 0.692307710647583, 0.0, 0.0, 0.0, 0.0, 1.0, 0.6218181848526001], "val_Recall": [1.0, 1.0, 0.0, 0.0, 0.0, 1.0, 1.0, 0.0, 0.0, 0.0, 0.0, 0.0, 0.0, 1.0, 0.3684210479259491, 0.0, 0.0, 0.0, 0.0, 0.005847953259944916, 1.0], "val_AUC": [0.5139731764793396, 0.5196244120597839, 0.5310953855514526, 0.5, 0.5145355463027954, 0.5198211669921875, 0.5087719559669495, 0.5421165227890015, 0.5018836855888367, 0.5519849061965942, 0.5058479309082031, 0.5486111044883728, 0.5204678177833557, 0.5301395058631897, 0.5265407562255859, 0.5200461149215698, 0.5432973504066467, 0.5356218814849854, 0.5182186365127563, 0.5583108067512512, 0.5527159571647644]}