{"loss": [0.08617236465215683, 0.08520437777042389, 0.08485513925552368, 0.08407044410705566, 0.0836140438914299, 0.08298677951097488, 0.082603819668293, 0.08269241452217102, 0.08155444264411926, 0.08137153834104538, 0.08062534779310226, 0.08049044758081436, 0.0803549513220787, 0.07993090897798538, 0.07984104007482529, 0.07871636003255844, 0.0789790153503418, 0.07853139191865921, 0.07818825542926788, 0.07713603228330612, 0.07699371874332428, 0.07627715915441513, 0.07594621181488037, 0.07609935104846954, 0.07584599405527115, 0.07565633207559586, 0.07590321451425552, 0.07449626177549362, 0.07514059543609619, 0.07452145963907242, 0.07374726235866547, 0.07363012433052063, 0.0742669329047203, 0.0732826516032219, 0.07352698594331741, 0.07226534187793732, 0.07282933592796326], "accuracy": [0.5334727764129639, 0.5578800439834595, 0.5481171607971191, 0.5746164321899414, 0.5850766897201538, 0.5892608165740967, 0.60808926820755, 0.5976290106773376, 0.616457462310791, 0.6129707098007202, 0.6241283416748047, 0.625523030757904, 0.6185495257377625, 0.6297070980072021, 0.6192468404769897, 0.6555090546607971, 0.6359832882881165, 0.6408647298812866, 0.6569037437438965, 0.6624825596809387, 0.6631799340248108, 0.6673640012741089, 0.6785216331481934, 0.668061375617981, 0.6701534390449524, 0.6750348806381226, 0.6743375062942505, 0.6834030747413635, 0.6778242588043213, 0.6792189478874207, 0.6834030747413635, 0.6973500847816467, 0.6917712688446045, 0.6910738945007324, 0.6910738945007324, 0.7008368372917175, 0.6931659579277039], "benchmark_389": [669.0, 634.0, 648.0, 610.0, 595.0, 589.0, 562.0, 577.0, 550.0, 555.0, 539.0, 537.0, 547.0, 531.0, 546.0, 494.0, 522.0, 515.0, 492.0, 484.0, 483.0, 477.0, 461.0, 476.0, 473.0, 466.0, 467.0, 454.0, 462.0, 460.0, 454.0, 434.0, 442.0, 443.0, 443.0, 429.0, 440.0], "TP": [355.0, 317.0, 277.0, 311.0, 364.0, 351.0, 397.0, 414.0, 425.0, 401.0, 429.0, 431.0, 444.0, 430.0, 449.0, 473.0, 446.0, 477.0, 474.0, 455.0, 468.0, 479.0, 481.0, 485.0, 484.0, 468.0, 478.0, 492.0, 486.0, 504.0, 470.0, 488.0, 503.0, 489.0, 495.0, 490.0, 492.0], "TN": [410.0, 483.0, 509.0, 513.0, 475.0, 494.0, 475.0, 443.0, 459.0, 478.0, 466.0, 466.0, 443.0, 473.0, 439.0, 467.0, 466.0, 442.0, 468.0, 495.0, 483.0, 478.0, 492.0, 473.0, 477.0, 500.0, 489.0, 488.0, 486.0, 470.0, 510.0, 512.0, 489.0, 502.0, 496.0, 515.0, 502.0], "FP": [307.0, 234.0, 208.0, 204.0, 242.0, 223.0, 242.0, 274.0, 258.0, 239.0, 251.0, 251.0, 274.0, 244.0, 278.0, 250.0, 251.0, 275.0, 249.0, 222.0, 234.0, 239.0, 225.0, 244.0, 240.0, 217.0, 228.0, 229.0, 231.0, 247.0, 207.0, 205.0, 228.0, 215.0, 221.0, 202.0, 215.0], "FN": [362.0, 400.0, 440.0, 406.0, 353.0, 366.0, 320.0, 303.0, 292.0, 316.0, 288.0, 286.0, 273.0, 287.0, 268.0, 244.0, 271.0, 240.0, 243.0, 262.0, 249.0, 238.0, 236.0, 232.0, 233.0, 249.0, 239.0, 225.0, 231.0, 213.0, 247.0, 229.0, 214.0, 228.0, 222.0, 227.0, 225.0], "Precision": [0.5362537503242493, 0.5753176212310791, 0.5711340308189392, 0.6038835048675537, 0.6006600856781006, 0.611498236656189, 0.621283233165741, 0.6017441749572754, 0.6222547292709351, 0.6265624761581421, 0.6308823823928833, 0.6319648027420044, 0.6183844208717346, 0.637982189655304, 0.6176065802574158, 0.6542185544967651, 0.6398852467536926, 0.6343085169792175, 0.6556016802787781, 0.6720827221870422, 0.6666666865348816, 0.6671309471130371, 0.6813031435012817, 0.6652949452400208, 0.6685082912445068, 0.6832116842269897, 0.6770538091659546, 0.6823855638504028, 0.6778242588043213, 0.6711052060127258, 0.6942393183708191, 0.7041847109794617, 0.6880984902381897, 0.6946022510528564, 0.6913408041000366, 0.7080925107002258, 0.695898175239563], "Recall": [0.49511855840682983, 0.4421199560165405, 0.3863319456577301, 0.4337517321109772, 0.5076708793640137, 0.4895397424697876, 0.5536959767341614, 0.5774058699607849, 0.5927475690841675, 0.5592747330665588, 0.5983263850212097, 0.6011157631874084, 0.6192468404769897, 0.5997210741043091, 0.6262203454971313, 0.65969318151474, 0.6220362782478333, 0.6652719378471375, 0.6610878705978394, 0.6345885396003723, 0.6527196764945984, 0.668061375617981, 0.6708507537841797, 0.6764295697212219, 0.6750348806381226, 0.6527196764945984, 0.6666666865348816, 0.6861924529075623, 0.6778242588043213, 0.7029288411140442, 0.6555090546607971, 0.6806136965751648, 0.7015341520309448, 0.6820083856582642, 0.6903765797615051, 0.6834030747413635, 0.6861924529075623], "AUC": [0.5452237129211426, 0.5763379335403442, 0.5948308706283569, 0.6177860498428345, 0.6291254758834839, 0.6409444808959961, 0.6587594747543335, 0.6494770646095276, 0.6639015674591064, 0.6702244281768799, 0.6825053691864014, 0.6813664436340332, 0.6809618473052979, 0.690837562084198, 0.68609619140625, 0.7042214870452881, 0.6980941891670227, 0.7048818469047546, 0.7176033854484558, 0.7282357811927795, 0.7288767099380493, 0.7331221103668213, 0.7395586967468262, 0.7368364334106445, 0.7347054481506348, 0.7400829195976257, 0.7383225560188293, 0.750360369682312, 0.7460060119628906, 0.7486252784729004, 0.7583608627319336, 0.7646759748458862, 0.7559946179389954, 0.7661222219467163, 0.7636314034461975, 0.7746965885162354, 0.7657244205474854], "val_loss": [0.09014079719781876, 0.0923183485865593, 0.08727992326021194, 0.08668745309114456, 0.08917395770549774, 0.08645838499069214, 0.08692411333322525, 0.08828198164701462, 0.08931861817836761, 0.09334132820367813, 0.0951559841632843, 0.09013781696557999, 0.09264148026704788, 0.08439141511917114, 0.08519285172224045, 0.08564946800470352, 0.08341001719236374, 0.08631477504968643, 0.09771040081977844, 0.08583337813615799, 0.08378615975379944, 0.08130064606666565, 0.0890544131398201, 0.10737600922584534, 0.09383074939250946, 0.0849081352353096, 0.09613056480884552, 0.09952755272388458, 0.08717318624258041, 0.11698263138532639, 0.083876833319664, 0.09039060771465302, 0.08652008324861526, 0.08183228969573975, 0.11498536914587021, 0.08397285640239716, 0.14071205258369446], "val_accuracy": [0.3781818151473999, 0.3781818151473999, 0.37454545497894287, 0.4909090995788574, 0.3781818151473999, 0.5563636422157288, 0.46909090876579285, 0.3781818151473999, 0.3781818151473999, 0.3781818151473999, 0.3781818151473999, 0.3781818151473999, 0.4000000059604645, 0.6218181848526001, 0.614545464515686, 0.589090883731842, 0.6290909051895142, 0.45818182826042175, 0.4145454466342926, 0.5090909004211426, 0.5563636422157288, 0.6218181848526001, 0.4618181884288788, 0.4036363661289215, 0.48363634943962097, 0.5309090614318848, 0.43272727727890015, 0.4727272689342499, 0.5163636207580566, 0.4981818199157715, 0.5527272820472717, 0.4654545485973358, 0.5600000023841858, 0.5927272439002991, 0.4654545485973358, 0.5381818413734436, 0.43272727727890015], "val_benchmark_389": [171.0, 171.0, 172.0, 140.0, 171.0, 122.0, 146.0, 171.0, 171.0, 171.0, 171.0, 171.0, 165.0, 104.0, 106.0, 113.0, 102.0, 149.0, 161.0, 135.0, 122.0, 104.0, 148.0, 164.0, 142.0, 129.0, 156.0, 145.0, 133.0, 138.0, 123.0, 147.0, 121.0, 112.0, 147.0, 127.0, 156.0], "val_TP": [0.0, 0.0, 0.0, 113.0, 0.0, 138.0, 70.0, 0.0, 0.0, 0.0, 0.0, 0.0, 6.0, 171.0, 155.0, 102.0, 171.0, 26.0, 10.0, 56.0, 91.0, 171.0, 28.0, 7.0, 35.0, 66.0, 17.0, 30.0, 54.0, 42.0, 78.0, 42.0, 73.0, 92.0, 28.0, 94.0, 15.0], "val_TN": [104.0, 104.0, 103.0, 22.0, 104.0, 15.0, 59.0, 104.0, 104.0, 104.0, 104.0, 104.0, 104.0, 0.0, 14.0, 60.0, 2.0, 100.0, 104.0, 84.0, 62.0, 0.0, 99.0, 104.0, 98.0, 80.0, 102.0, 100.0, 88.0, 95.0, 74.0, 86.0, 81.0, 71.0, 100.0, 54.0, 104.0], "val_FP": [0.0, 0.0, 1.0, 82.0, 0.0, 89.0, 45.0, 0.0, 0.0, 0.0, 0.0, 0.0, 0.0, 104.0, 90.0, 44.0, 102.0, 4.0, 0.0, 20.0, 42.0, 104.0, 5.0, 0.0, 6.0, 24.0, 2.0, 4.0, 16.0, 9.0, 30.0, 18.0, 23.0, 33.0, 4.0, 50.0, 0.0], "val_FN": [171.0, 171.0, 171.0, 58.0, 171.0, 33.0, 101.0, 171.0, 171.0, 171.0, 171.0, 171.0, 165.0, 0.0, 16.0, 69.0, 0.0, 145.0, 161.0, 115.0, 80.0, 0.0, 143.0, 164.0, 136.0, 105.0, 154.0, 141.0, 117.0, 129.0, 93.0, 129.0, 98.0, 79.0, 143.0, 77.0, 156.0],