{"loss": [0.6812949776649475, 0.6693339347839355, 0.6431379914283752, 0.6493640542030334, 0.6300950050354004, 0.6364618539810181, 0.6229404807090759, 0.6248228549957275, 0.6134553551673889, 0.6136326193809509, 0.6186305284500122, 0.6166383624076843, 0.6121611595153809, 0.6118093729019165, 0.6045368313789368, 0.5951651930809021, 0.6032706499099731, 0.5983735918998718, 0.5871085524559021, 0.5842891931533813, 0.5975537300109863, 0.5783547163009644, 0.5893866419792175, 0.5735426545143127, 0.5882529616355896, 0.5668979287147522, 0.571536660194397, 0.564527690410614, 0.5551681518554688, 0.5398350954055786, 0.5524782538414001, 0.5481761693954468], "accuracy": [0.5397489666938782, 0.5892608165740967, 0.6276150345802307, 0.6136680841445923, 0.6457461714744568, 0.6317991614341736, 0.6366806030273438, 0.6562064290046692, 0.65969318151474, 0.6548117399215698, 0.6443514823913574, 0.6478382349014282, 0.6527196764945984, 0.650627613067627, 0.668061375617981, 0.6882845163345337, 0.6778242588043213, 0.672245442867279, 0.6847977638244629, 0.6924686431884766, 0.6736401915550232, 0.6945606470108032, 0.6868898272514343, 0.6882845163345337, 0.6799163222312927, 0.6924686431884766, 0.6959553956985474, 0.698047399520874, 0.7140864729881287, 0.7161785364151001, 0.7085076570510864, 0.7259414196014404], "benchmark_942": [660.0, 589.0, 534.0, 554.0, 508.0, 528.0, 521.0, 493.0, 488.0, 495.0, 510.0, 505.0, 498.0, 501.0, 476.0, 447.0, 462.0, 470.0, 452.0, 441.0, 468.0, 438.0, 449.0, 447.0, 459.0, 441.0, 436.0, 433.0, 410.0, 407.0, 418.0, 393.0], "TP": [373.0, 401.0, 446.0, 425.0, 458.0, 434.0, 455.0, 460.0, 471.0, 458.0, 430.0, 460.0, 455.0, 447.0, 463.0, 485.0, 462.0, 460.0, 468.0, 478.0, 460.0, 482.0, 466.0, 475.0, 469.0, 473.0, 475.0, 480.0, 498.0, 494.0, 479.0, 502.0], "TN": [401.0, 444.0, 454.0, 455.0, 468.0, 472.0, 458.0, 481.0, 475.0, 481.0, 494.0, 469.0, 481.0, 486.0, 495.0, 502.0, 510.0, 504.0, 514.0, 515.0, 506.0, 514.0, 519.0, 512.0, 506.0, 520.0, 523.0, 521.0, 526.0, 533.0, 537.0, 539.0], "FP": [316.0, 273.0, 263.0, 262.0, 249.0, 245.0, 259.0, 236.0, 242.0, 236.0, 223.0, 248.0, 236.0, 231.0, 222.0, 215.0, 207.0, 213.0, 203.0, 202.0, 211.0, 203.0, 198.0, 205.0, 211.0, 197.0, 194.0, 196.0, 191.0, 184.0, 180.0, 178.0], "FN": [344.0, 316.0, 271.0, 292.0, 259.0, 283.0, 262.0, 257.0, 246.0, 259.0, 287.0, 257.0, 262.0, 270.0, 254.0, 232.0, 255.0, 257.0, 249.0, 239.0, 257.0, 235.0, 251.0, 242.0, 248.0, 244.0, 242.0, 237.0, 219.0, 223.0, 238.0, 215.0], "Precision": [0.541364312171936, 0.5949555039405823, 0.6290550231933594, 0.6186317205429077, 0.6478076577186584, 0.6391752362251282, 0.6372548937797546, 0.6609195470809937, 0.6605890393257141, 0.6599423885345459, 0.6584992408752441, 0.6497175097465515, 0.6584659814834595, 0.6592920422554016, 0.6759123802185059, 0.6928571462631226, 0.6905829310417175, 0.6835066676139832, 0.6974664926528931, 0.7029411792755127, 0.685543954372406, 0.703649640083313, 0.7018072009086609, 0.6985294222831726, 0.6897059082984924, 0.7059701681137085, 0.7100149393081665, 0.7100591659545898, 0.7227866649627686, 0.728613555431366, 0.7268588542938232, 0.7382352948188782], "Recall": [0.5202231407165527, 0.5592747330665588, 0.6220362782478333, 0.5927475690841675, 0.6387726664543152, 0.6052998900413513, 0.6345885396003723, 0.6415620446205139, 0.6569037437438965, 0.6387726664543152, 0.5997210741043091, 0.6415620446205139, 0.6345885396003723, 0.6234309673309326, 0.6457461714744568, 0.6764295697212219, 0.6443514823913574, 0.6415620446205139, 0.6527196764945984, 0.6666666865348816, 0.6415620446205139, 0.672245442867279, 0.6499302387237549, 0.6624825596809387, 0.6541143655776978, 0.65969318151474, 0.6624825596809387, 0.6694560647010803, 0.6945606470108032, 0.6889818906784058, 0.668061375617981, 0.7001394629478455], "AUC": [0.5695686936378479, 0.6257418394088745, 0.678718090057373, 0.6675448417663574, 0.6959125995635986, 0.6845138072967529, 0.7019212245941162, 0.7059760093688965, 0.7194805145263672, 0.7180973887443542, 0.7087576389312744, 0.7115888595581055, 0.7170052528381348, 0.7203869819641113, 0.7274285554885864, 0.7454525828361511, 0.7385433912277222, 0.7363977432250977, 0.7509983777999878, 0.7517755031585693, 0.7374539971351624, 0.7614256143569946, 0.7542332410812378, 0.763809323310852, 0.7477450370788574, 0.7683494091033936, 0.7688649892807007, 0.7714306116104126, 0.7868025302886963, 0.7976245880126953, 0.7858737111091614, 0.7963728308677673], "val_loss": [0.6576361656188965, 0.6238551735877991, 0.6173049211502075, 0.6744349598884583, 0.6331827640533447, 0.586508572101593, 0.6037179827690125, 0.7042992115020752, 0.6157732009887695, 0.5849124789237976, 0.6610046029090881, 0.5846426486968994, 0.5926732420921326, 0.6430568695068359, 0.5963273644447327, 0.6028488874435425, 0.5844470262527466, 0.6189919710159302, 0.6510579586029053, 0.6252511143684387, 0.6278006434440613, 0.6527446508407593, 0.5851330757141113, 0.5790674090385437, 0.6825218796730042, 0.6025729179382324, 0.6352475881576538, 0.5952828526496887, 0.5940905809402466, 0.5754507780075073, 0.6106932759284973, 0.600925862789154], "val_accuracy": [0.6218181848526001, 0.6254545450210571, 0.6436363458633423, 0.607272744178772, 0.6254545450210571, 0.6618182063102722, 0.6327272653579712, 0.5745454430580139, 0.607272744178772, 0.6763636469841003, 0.585454523563385, 0.7054545283317566, 0.6618182063102722, 0.607272744178772, 0.6800000071525574, 0.6727272868156433, 0.6945454478263855, 0.610909104347229, 0.607272744178772, 0.6181818246841431, 0.585454523563385, 0.6327272653579712, 0.6945454478263855, 0.6763636469841003, 0.614545464515686, 0.6363636255264282, 0.6363636255264282, 0.6690909266471863, 0.6509090662002563, 0.6909090876579285, 0.6509090662002563, 0.6945454478263855], "val_benchmark_942": [104.0, 103.0, 98.0, 108.0, 103.0, 93.0, 101.0, 117.0, 108.0, 89.0, 114.0, 81.0, 93.0, 108.0, 88.0, 90.0, 84.0, 107.0, 108.0, 105.0, 114.0, 101.0, 84.0, 89.0, 106.0, 100.0, 100.0, 91.0, 96.0, 85.0, 96.0, 84.0], "val_TP": [171.0, 171.0, 116.0, 87.0, 95.0, 115.0, 103.0, 74.0, 91.0, 120.0, 81.0, 125.0, 108.0, 88.0, 113.0, 112.0, 120.0, 92.0, 87.0, 93.0, 82.0, 94.0, 133.0, 117.0, 77.0, 101.0, 93.0, 112.0, 101.0, 123.0, 108.0, 133.0], "val_TN": [0.0, 1.0, 61.0, 80.0, 77.0, 67.0, 71.0, 84.0, 76.0, 66.0, 80.0, 69.0, 74.0, 79.0, 74.0, 73.0, 71.0, 76.0, 80.0, 77.0, 79.0, 80.0, 58.0, 69.0, 92.0, 74.0, 82.0, 72.0, 78.0, 67.0, 71.0, 58.0], "val_FP": [104.0, 103.0, 43.0, 24.0, 27.0, 37.0, 33.0, 20.0, 28.0, 38.0, 24.0, 35.0, 30.0, 25.0, 30.0, 31.0, 33.0, 28.0, 24.0, 27.0, 25.0, 24.0, 46.0, 35.0, 12.0, 30.0, 22.0, 32.0, 26.0, 37.0, 33.0, 46.0], "val_FN": [0.0, 0.0, 55.0, 84.0, 76.0, 56.0, 68.0, 97.0, 80.0, 51.0, 90.0, 46.0, 63.0, 83.0, 58.0, 59.0, 51.0, 79.0, 84.0, 78.0, 89.0, 77.0, 38.0, 54.0, 94.0, 70.0, 78.0, 59.0, 70.0, 48.0, 63.0, 38.0], "val_Precision": [0.6218181848526001, 0.6240875720977783, 0.7295597195625305, 0.7837837934494019, 0.7786885499954224, 0.7565789222717285, 0.7573529481887817, 0.7872340679168701, 0.7647058963775635, 0.7594936490058899, 0.7714285850524902, 0.78125, 0.782608687877655, 0.778761088848114, 0.7902097702026367, 0.7832167744636536, 0.7843137383460999, 0.7666666507720947, 0.7837837934494019, 0.7749999761581421, 0.7663551568984985, 0.7966101765632629, 0.74301677942276, 0.7697368264198303, 0.8651685118675232, 0.7709923386573792, 0.8086956739425659, 0.7777777910232544, 0.7952755689620972, 0.768750011920929, 0.7659574747085571, 0.74301677942276],