{"loss": [0.04423465579748154, 0.043833937495946884, 0.04406695067882538, 0.04338787496089935, 0.04323490709066391, 0.04361480474472046, 0.043411046266555786, 0.04332684352993965, 0.04322348162531853, 0.04277365654706955, 0.04335779696702957, 0.0433780737221241, 0.042925722897052765, 0.04322207719087601, 0.04279926046729088, 0.043069981038570404, 0.04288855940103531, 0.0427941232919693, 0.04260409623384476, 0.043124064803123474, 0.04257918894290924, 0.042655766010284424, 0.04324845224618912, 0.042624328285455704, 0.04238004609942436, 0.04221705347299576, 0.041875340044498444, 0.04226560890674591, 0.04207821190357208, 0.042236436158418655, 0.04185318574309349, 0.042284026741981506, 0.042076949030160904, 0.04175812751054764], "accuracy": [0.5027893781661987, 0.5244072675704956, 0.48465830087661743, 0.5237098932266235, 0.5195258259773254, 0.5188284516334534, 0.5195258259773254, 0.543235719203949, 0.5439330339431763, 0.5446304082870483, 0.5285913348197937, 0.5146443247795105, 0.5355648398399353, 0.5181310772895813, 0.5411436557769775, 0.5376569032669067, 0.5418410301208496, 0.5446304082870483, 0.5453277826309204, 0.5299860239028931, 0.5550906658172607, 0.5523012280464172, 0.5069735050201416, 0.5613667964935303, 0.5627614855766296, 0.5794979333877563, 0.5788005590438843, 0.5655509233474731, 0.5808926224708557, 0.5760111808776855, 0.569037675857544, 0.5725244283676147, 0.5662482380867004, 0.5934448838233948], "benchmark_342": [713.0, 682.0, 739.0, 683.0, 689.0, 690.0, 689.0, 655.0, 654.0, 653.0, 676.0, 696.0, 666.0, 691.0, 658.0, 663.0, 657.0, 653.0, 652.0, 674.0, 638.0, 642.0, 707.0, 629.0, 627.0, 603.0, 604.0, 623.0, 601.0, 608.0, 618.0, 613.0, 622.0, 583.0], "TP": [353.0, 358.0, 330.0, 370.0, 361.0, 356.0, 371.0, 382.0, 388.0, 398.0, 391.0, 343.0, 365.0, 362.0, 366.0, 366.0, 364.0, 363.0, 374.0, 367.0, 376.0, 377.0, 314.0, 363.0, 364.0, 392.0, 375.0, 387.0, 409.0, 395.0, 378.0, 385.0, 370.0, 396.0], "TN": [368.0, 394.0, 365.0, 381.0, 384.0, 388.0, 374.0, 397.0, 392.0, 383.0, 367.0, 395.0, 403.0, 381.0, 410.0, 405.0, 413.0, 418.0, 408.0, 393.0, 420.0, 415.0, 413.0, 442.0, 443.0, 439.0, 455.0, 424.0, 424.0, 431.0, 438.0, 436.0, 442.0, 455.0], "FP": [349.0, 323.0, 352.0, 336.0, 333.0, 329.0, 343.0, 320.0, 325.0, 334.0, 350.0, 322.0, 314.0, 336.0, 307.0, 312.0, 304.0, 299.0, 309.0, 324.0, 297.0, 302.0, 304.0, 275.0, 274.0, 278.0, 262.0, 293.0, 293.0, 286.0, 279.0, 281.0, 275.0, 262.0], "FN": [364.0, 359.0, 387.0, 347.0, 356.0, 361.0, 346.0, 335.0, 329.0, 319.0, 326.0, 374.0, 352.0, 355.0, 351.0, 351.0, 353.0, 354.0, 343.0, 350.0, 341.0, 340.0, 403.0, 354.0, 353.0, 325.0, 342.0, 330.0, 308.0, 322.0, 339.0, 332.0, 347.0, 321.0], "Precision": [0.5028489828109741, 0.5256975293159485, 0.4838709533214569, 0.5240793228149414, 0.5201728940010071, 0.5197080373764038, 0.5196078419685364, 0.5441595315933228, 0.5441794991493225, 0.5437158346176147, 0.5276653170585632, 0.5157894492149353, 0.5375552177429199, 0.5186246633529663, 0.5438335537910461, 0.5398229956626892, 0.544910192489624, 0.5483383536338806, 0.5475841760635376, 0.5311143398284912, 0.5586923956871033, 0.5552282929420471, 0.508090615272522, 0.568965494632721, 0.5705329179763794, 0.5850746035575867, 0.5886970162391663, 0.5691176652908325, 0.5826210975646973, 0.5800293684005737, 0.5753424763679504, 0.5780780911445618, 0.5736433863639832, 0.6018236875534058], "Recall": [0.4923291504383087, 0.4993026554584503, 0.4602510333061218, 0.5160390734672546, 0.5034867525100708, 0.4965132474899292, 0.517433762550354, 0.5327754616737366, 0.5411436557769775, 0.5550906658172607, 0.5453277826309204, 0.4783821403980255, 0.509065568447113, 0.5048814415931702, 0.5104602575302124, 0.5104602575302124, 0.5076708793640137, 0.5062761306762695, 0.5216178297996521, 0.5118549466133118, 0.5244072675704956, 0.525801956653595, 0.43793582916259766, 0.5062761306762695, 0.5076708793640137, 0.5467224717140198, 0.5230125784873962, 0.5397489666938782, 0.5704323649406433, 0.5509065389633179, 0.5271966457366943, 0.5369595289230347, 0.5160390734672546, 0.5523012280464172], "AUC": [0.5047112107276917, 0.5271703600883484, 0.4907029867172241, 0.536507248878479, 0.5442870259284973, 0.5264341235160828, 0.5390787720680237, 0.5507431626319885, 0.5559825301170349, 0.5712367296218872, 0.5442491173744202, 0.5329961776733398, 0.5557277202606201, 0.5403626561164856, 0.5643896460533142, 0.5563939809799194, 0.5657473206520081, 0.5683870315551758, 0.5788297057151794, 0.5463159084320068, 0.5811396241188049, 0.5777793526649475, 0.5322434902191162, 0.5795008540153503, 0.5892394185066223, 0.6068054437637329, 0.6257622838020325, 0.6004096269607544, 0.6161958575248718, 0.6028148531913757, 0.618446409702301, 0.6081408262252808, 0.6125048398971558, 0.6300271153450012], "val_loss": [0.04332374408841133, 0.04332681745290756, 0.043347686529159546, 0.04338441789150238, 0.04340777546167374, 0.04340270161628723, 0.04343823343515396, 0.043437499552965164, 0.043451230973005295, 0.04343339800834656, 0.043435316532850266, 0.04334961622953415, 0.043247681111097336, 0.04312647134065628, 0.04299652948975563, 0.04288193956017494, 0.04278429225087166, 0.04268268868327141, 0.04262581467628479, 0.042507730424404144, 0.04238607734441757, 0.042262282222509384, 0.042070817202329636, 0.04186612740159035, 0.04175128415226936, 0.04162595048546791, 0.041491977870464325, 0.04142256826162338, 0.04132859781384468, 0.041213925927877426, 0.041071563959121704, 0.04097960889339447, 0.040905989706516266, 0.040811870247125626], "val_accuracy": [0.4981818199157715, 0.4981818199157715, 0.4618181884288788, 0.4000000059604645, 0.37090909481048584, 0.3927272856235504, 0.3636363744735718, 0.37454545497894287, 0.3563636243343353, 0.34909090399742126, 0.34909090399742126, 0.46909090876579285, 0.585454523563385, 0.6290909051895142, 0.6218181848526001, 0.6218181848526001, 0.6218181848526001, 0.6218181848526001, 0.6218181848526001, 0.6218181848526001, 0.6218181848526001, 0.6218181848526001, 0.6218181848526001, 0.6218181848526001, 0.6218181848526001, 0.6218181848526001, 0.6218181848526001, 0.6218181848526001, 0.6218181848526001, 0.6218181848526001, 0.6218181848526001, 0.6218181848526001, 0.6218181848526001, 0.6181818246841431], "val_benchmark_342": [138.0, 138.0, 148.0, 165.0, 173.0, 167.0, 175.0, 172.0, 177.0, 179.0, 179.0, 146.0, 114.0, 102.0, 104.0, 104.0, 104.0, 104.0, 104.0, 104.0, 104.0, 104.0, 104.0, 104.0, 104.0, 104.0, 104.0, 104.0, 104.0, 104.0, 104.0, 104.0, 104.0, 105.0], "val_TP": [115.0, 111.0, 72.0, 28.0, 18.0, 33.0, 15.0, 22.0, 12.0, 15.0, 12.0, 59.0, 135.0, 170.0, 171.0, 171.0, 171.0, 171.0, 171.0, 171.0, 171.0, 171.0, 171.0, 171.0, 171.0, 171.0, 171.0, 171.0, 171.0, 171.0, 171.0, 171.0, 171.0, 168.0], "val_TN": [22.0, 26.0, 55.0, 82.0, 84.0, 75.0, 85.0, 81.0, 86.0, 81.0, 84.0, 70.0, 26.0, 3.0, 0.0, 0.0, 0.0, 0.0, 0.0, 0.0, 0.0, 0.0, 0.0, 0.0, 0.0, 0.0, 0.0, 0.0, 0.0, 0.0, 0.0, 0.0, 0.0, 2.0], "val_FP": [82.0, 78.0, 49.0, 22.0, 20.0, 29.0, 19.0, 23.0, 18.0, 23.0, 20.0, 34.0, 78.0, 101.0, 104.0, 104.0, 104.0, 104.0, 104.0, 104.0, 104.0, 104.0, 104.0, 104.0, 104.0, 104.0, 104.0, 104.0, 104.0, 104.0, 104.0, 104.0, 104.0, 102.0], "val_FN": [56.0, 60.0, 99.0, 143.0, 153.0, 138.0, 156.0, 149.0, 159.0, 156.0, 159.0, 112.0, 36.0, 1.0, 0.0, 0.0, 0.0, 0.0, 0.0, 0.0, 0.0, 0.0, 0.0, 0.0, 0.0, 0.0, 0.0, 0.0, 0.0, 0.0, 0.0, 0.0, 0.0, 3.0],