{"loss": [0.40079501271247864, 0.3880597651004791, 0.4056747257709503, 0.3935694098472595, 0.39252716302871704, 0.4024638235569, 0.40154436230659485, 0.3860752284526825, 0.38261210918426514, 0.39044782519340515, 0.38231584429740906, 0.3830590546131134, 0.38843846321105957, 0.3773655593395233, 0.36531874537467957, 0.3720201849937439, 0.3680519461631775, 0.35888680815696716, 0.3672400712966919, 0.3605102300643921, 0.3588244616985321, 0.35793250799179077, 0.3730110228061676, 0.3611113131046295, 0.3611181676387787, 0.3659505844116211, 0.35261908173561096, 0.34291359782218933, 0.3443915843963623, 0.3575928509235382, 0.35259661078453064, 0.3497338593006134, 0.3540689945220947, 0.3575937747955322, 0.3572483956813812, 0.35267263650894165, 0.35583898425102234, 0.34460875391960144, 0.3460240364074707, 0.35031771659851074, 0.3407481908798218, 0.34756410121917725, 0.33809149265289307, 0.34479767084121704, 0.35428062081336975, 0.341403603553772, 0.3335625231266022, 0.3387586772441864, 0.3364376723766327, 0.3334634602069855, 0.3330940902233124, 0.33046066761016846, 0.3398137092590332, 0.3266531527042389, 0.3292025327682495, 0.3375149667263031, 0.34136492013931274, 0.3296276330947876, 0.33591586351394653, 0.3411785662174225, 0.3294081389904022], "accuracy": [0.5306833982467651, 0.5278940200805664, 0.5027893781661987, 0.5313807725906372, 0.5139470100402832, 0.5076708793640137, 0.5076708793640137, 0.5362622141838074, 0.5404462814331055, 0.5306833982467651, 0.5571827292442322, 0.534867525100708, 0.5502092242240906, 0.5523012280464172, 0.5836820006370544, 0.569037675857544, 0.5725244283676147, 0.5948396325111389, 0.5822873115539551, 0.5941422581672668, 0.586471438407898, 0.5794979333877563, 0.5801952481269836, 0.5822873115539551, 0.589958131313324, 0.5850766897201538, 0.6018131375312805, 0.6234309673309326, 0.6087865829467773, 0.5969316363334656, 0.6046025156974792, 0.6234309673309326, 0.6087865829467773, 0.6004183888435364, 0.6018131375312805, 0.6101813316345215, 0.6087865829467773, 0.6304044723510742, 0.616457462310791, 0.6025104522705078, 0.6150627732276917, 0.615760087966919, 0.6345885396003723, 0.6185495257377625, 0.6241283416748047, 0.6220362782478333, 0.625523030757904, 0.6324965357780457, 0.633891224861145, 0.6297070980072021, 0.6311017870903015, 0.6457461714744568, 0.6317991614341736, 0.651324987411499, 0.6366806030273438, 0.6345885396003723, 0.6108786463737488, 0.6450487971305847, 0.6366806030273438, 0.6317991614341736, 0.6408647298812866], "benchmark_1794": [673.0, 677.0, 713.0, 672.0, 697.0, 706.0, 706.0, 665.0, 659.0, 673.0, 635.0, 667.0, 645.0, 642.0, 597.0, 618.0, 613.0, 581.0, 599.0, 582.0, 593.0, 603.0, 602.0, 599.0, 588.0, 595.0, 571.0, 540.0, 561.0, 578.0, 567.0, 540.0, 561.0, 573.0, 571.0, 559.0, 561.0, 530.0, 550.0, 570.0, 552.0, 551.0, 524.0, 547.0, 539.0, 542.0, 537.0, 527.0, 525.0, 531.0, 529.0, 508.0, 528.0, 500.0, 521.0, 524.0, 558.0, 509.0, 521.0, 528.0, 515.0], "TP": [344.0, 373.0, 354.0, 379.0, 369.0, 365.0, 388.0, 357.0, 395.0, 384.0, 394.0, 385.0, 375.0, 404.0, 425.0, 410.0, 407.0, 426.0, 400.0, 425.0, 431.0, 419.0, 415.0, 412.0, 412.0, 425.0, 431.0, 438.0, 427.0, 427.0, 437.0, 440.0, 432.0, 437.0, 435.0, 427.0, 437.0, 456.0, 437.0, 422.0, 446.0, 433.0, 452.0, 449.0, 440.0, 437.0, 454.0, 437.0, 459.0, 468.0, 435.0, 453.0, 453.0, 464.0, 457.0, 448.0, 433.0, 452.0, 443.0, 457.0, 464.0], "TN": [417.0, 384.0, 367.0, 383.0, 368.0, 363.0, 340.0, 412.0, 380.0, 377.0, 405.0, 382.0, 414.0, 388.0, 412.0, 406.0, 414.0, 427.0, 435.0, 427.0, 410.0, 412.0, 417.0, 423.0, 434.0, 414.0, 432.0, 456.0, 446.0, 429.0, 430.0, 454.0, 441.0, 424.0, 428.0, 448.0, 436.0, 448.0, 447.0, 442.0, 436.0, 450.0, 458.0, 438.0, 455.0, 455.0, 443.0, 470.0, 450.0, 435.0, 470.0, 473.0, 453.0, 470.0, 456.0, 462.0, 443.0, 473.0, 470.0, 449.0, 455.0], "FP": [300.0, 333.0, 350.0, 334.0, 349.0, 354.0, 377.0, 305.0, 337.0, 340.0, 312.0, 335.0, 303.0, 329.0, 305.0, 311.0, 303.0, 290.0, 282.0, 290.0, 307.0, 305.0, 300.0, 294.0, 283.0, 303.0, 285.0, 261.0, 271.0, 288.0, 287.0, 263.0, 276.0, 293.0, 289.0, 269.0, 281.0, 269.0, 270.0, 275.0, 281.0, 267.0, 259.0, 279.0, 262.0, 262.0, 274.0, 247.0, 267.0, 282.0, 247.0, 244.0, 264.0, 247.0, 261.0, 255.0, 274.0, 244.0, 247.0, 268.0, 262.0], "FN": [373.0, 344.0, 363.0, 338.0, 348.0, 352.0, 329.0, 360.0, 322.0, 333.0, 323.0, 332.0, 342.0, 313.0, 292.0, 307.0, 310.0, 291.0, 317.0, 292.0, 286.0, 298.0, 302.0, 305.0, 305.0, 292.0, 286.0, 279.0, 290.0, 290.0, 280.0, 277.0, 285.0, 280.0, 282.0, 290.0, 280.0, 261.0, 280.0, 295.0, 271.0, 284.0, 265.0, 268.0, 277.0, 280.0, 263.0, 280.0, 258.0, 249.0, 282.0, 264.0, 264.0, 253.0, 260.0, 269.0, 284.0, 265.0, 274.0, 260.0, 253.0], "Precision": [0.5341615080833435, 0.5283285975456238, 0.5028409361839294, 0.5315567851066589, 0.5139275789260864, 0.5076495409011841, 0.5071895718574524, 0.5392749309539795, 0.5396174788475037, 0.530386745929718, 0.5580736398696899, 0.5347222089767456, 0.5530973672866821, 0.5511596202850342, 0.5821917653083801, 0.5686546564102173, 0.5732394456863403, 0.5949720740318298, 0.5865102410316467, 0.5944055914878845, 0.5840108394622803, 0.5787292718887329, 0.5804196000099182, 0.5835694074630737, 0.5928057432174683, 0.583791196346283, 0.6019552946090698, 0.6266094446182251, 0.6117478609085083, 0.5972027778625488, 0.6035911440849304, 0.6258890628814697, 0.6101694703102112, 0.5986301302909851, 0.6008287072181702, 0.6135057210922241, 0.6086350679397583, 0.6289654970169067, 0.6181046962738037, 0.6054519414901733, 0.6134800314903259, 0.618571400642395, 0.6357243061065674, 0.6167582273483276, 0.62678062915802, 0.6251788139343262, 0.6236263513565063, 0.6388888955116272, 0.6322314143180847, 0.6240000128746033, 0.6378298997879028, 0.6499282717704773, 0.6317991614341736, 0.652601957321167, 0.6364902257919312, 0.6372688412666321, 0.6124469637870789, 0.6494252681732178, 0.6420289874076843, 0.630344808101654, 0.6391184329986572], "Recall": [0.47977685928344727, 0.5202231407165527, 0.4937238395214081, 0.5285913348197937, 0.5146443247795105, 0.509065568447113, 0.5411436557769775, 0.49790793657302856, 0.5509065389633179, 0.5355648398399353, 0.5495118498802185, 0.5369595289230347, 0.5230125784873962, 0.5634588599205017, 0.5927475690841675, 0.5718270540237427, 0.5676429271697998, 0.5941422581672668, 0.5578800439834595, 0.5927475690841675, 0.6011157631874084, 0.5843793749809265, 0.5788005590438843, 0.5746164321899414, 0.5746164321899414, 0.5927475690841675, 0.6011157631874084, 0.6108786463737488, 0.5955369472503662, 0.5955369472503662, 0.6094839572906494, 0.6136680841445923, 0.6025104522705078, 0.6094839572906494, 0.6066945791244507, 0.5955369472503662, 0.6094839572906494, 0.6359832882881165, 0.6094839572906494, 0.5885634422302246, 0.6220362782478333, 0.6039051413536072, 0.6304044723510742, 0.6262203454971313, 0.6136680841445923, 0.6094839572906494, 0.633193850517273, 0.6094839572906494, 0.6401673555374146, 0.6527196764945984, 0.6066945791244507, 0.6317991614341736, 0.6317991614341736, 0.6471408605575562, 0.6373779773712158, 0.624825656414032, 0.6039051413536072, 0.6304044723510742, 0.6178521513938904, 0.6373779773712158, 0.6471408605575562],