{"loss": [0.6919821500778198, 0.6929196715354919, 0.6923986673355103, 0.6920154094696045, 0.6916139125823975, 0.688663899898529, 0.6899577975273132, 0.6881361603736877, 0.6878990530967712, 0.6875417828559875, 0.687245786190033, 0.6847778558731079, 0.6839911341667175, 0.6850672364234924, 0.6823943853378296, 0.6798940896987915, 0.6802436709403992, 0.6799012422561646, 0.6789714694023132, 0.6780192255973816, 0.6755203604698181, 0.6748951077461243, 0.6726986169815063, 0.6701832413673401, 0.6698556542396545, 0.6686686277389526, 0.6658515334129333, 0.665108323097229, 0.6627549529075623, 0.6593821048736572, 0.6574118733406067, 0.6538947224617004, 0.6512945890426636, 0.6472243070602417, 0.6461271643638611, 0.6425360441207886, 0.6432121992111206, 0.6374720931053162, 0.6383939981460571, 0.6328089237213135, 0.6296382546424866, 0.627030611038208, 0.6245840191841125, 0.6206030249595642, 0.6190199851989746, 0.6215460300445557, 0.6105798482894897, 0.6112582683563232, 0.6103281378746033, 0.6044700741767883], "accuracy": [0.5132496356964111, 0.509065568447113, 0.49790793657302856, 0.5202231407165527, 0.5139470100402832, 0.5425383448600769, 0.5146443247795105, 0.543235719203949, 0.5369595289230347, 0.5488144755363464, 0.5543932914733887, 0.560669481754303, 0.5641562342643738, 0.5446304082870483, 0.5683403015136719, 0.5418410301208496, 0.573221743106842, 0.5439330339431763, 0.5829846858978271, 0.5578800439834595, 0.5599721074104309, 0.5885634422302246, 0.5892608165740967, 0.590655505657196, 0.6052998900413513, 0.6018131375312805, 0.6087865829467773, 0.5962343215942383, 0.6004183888435364, 0.6143653988838196, 0.6122733354568481, 0.6304044723510742, 0.625523030757904, 0.6311017870903015, 0.6241283416748047, 0.6304044723510742, 0.6352859139442444, 0.6450487971305847, 0.6485355496406555, 0.6471408605575562, 0.6436541080474854, 0.6429567933082581, 0.6520223021507263, 0.651324987411499, 0.6569037437438965, 0.6576011180877686, 0.6603904962539673, 0.6666666865348816, 0.6736401915550232, 0.6603904962539673], "benchmark_351": [698.0, 704.0, 720.0, 688.0, 697.0, 656.0, 696.0, 655.0, 664.0, 647.0, 639.0, 630.0, 625.0, 653.0, 619.0, 657.0, 612.0, 654.0, 598.0, 634.0, 631.0, 590.0, 589.0, 587.0, 566.0, 571.0, 561.0, 579.0, 573.0, 553.0, 556.0, 530.0, 537.0, 529.0, 539.0, 530.0, 523.0, 509.0, 504.0, 506.0, 511.0, 512.0, 499.0, 500.0, 492.0, 491.0, 487.0, 478.0, 468.0, 487.0], "TP": [397.0, 380.0, 404.0, 427.0, 410.0, 437.0, 401.0, 445.0, 441.0, 447.0, 436.0, 454.0, 441.0, 416.0, 440.0, 415.0, 445.0, 398.0, 423.0, 400.0, 399.0, 408.0, 406.0, 400.0, 407.0, 394.0, 410.0, 384.0, 392.0, 402.0, 409.0, 398.0, 397.0, 411.0, 400.0, 401.0, 415.0, 424.0, 436.0, 439.0, 416.0, 425.0, 418.0, 432.0, 434.0, 435.0, 424.0, 440.0, 449.0, 433.0], "TN": [339.0, 350.0, 310.0, 319.0, 327.0, 341.0, 337.0, 334.0, 329.0, 340.0, 359.0, 350.0, 368.0, 365.0, 375.0, 362.0, 377.0, 382.0, 413.0, 400.0, 404.0, 436.0, 439.0, 447.0, 461.0, 469.0, 463.0, 471.0, 469.0, 479.0, 469.0, 506.0, 500.0, 494.0, 495.0, 503.0, 496.0, 501.0, 494.0, 489.0, 507.0, 497.0, 517.0, 502.0, 508.0, 508.0, 523.0, 516.0, 517.0, 514.0], "FP": [378.0, 367.0, 407.0, 398.0, 390.0, 376.0, 380.0, 383.0, 388.0, 377.0, 358.0, 367.0, 349.0, 352.0, 342.0, 355.0, 340.0, 335.0, 304.0, 317.0, 313.0, 281.0, 278.0, 270.0, 256.0, 248.0, 254.0, 246.0, 248.0, 238.0, 248.0, 211.0, 217.0, 223.0, 222.0, 214.0, 221.0, 216.0, 223.0, 228.0, 210.0, 220.0, 200.0, 215.0, 209.0, 209.0, 194.0, 201.0, 200.0, 203.0], "FN": [320.0, 337.0, 313.0, 290.0, 307.0, 280.0, 316.0, 272.0, 276.0, 270.0, 281.0, 263.0, 276.0, 301.0, 277.0, 302.0, 272.0, 319.0, 294.0, 317.0, 318.0, 309.0, 311.0, 317.0, 310.0, 323.0, 307.0, 333.0, 325.0, 315.0, 308.0, 319.0, 320.0, 306.0, 317.0, 316.0, 302.0, 293.0, 281.0, 278.0, 301.0, 292.0, 299.0, 285.0, 283.0, 282.0, 293.0, 277.0, 268.0, 284.0], "Precision": [0.5122580528259277, 0.5087014436721802, 0.49815043807029724, 0.517575740814209, 0.512499988079071, 0.53751540184021, 0.5134443044662476, 0.5374395847320557, 0.5319662094116211, 0.542475700378418, 0.5491183996200562, 0.5529841780662537, 0.5582278370857239, 0.5416666865348816, 0.5626598596572876, 0.5389610528945923, 0.5668789744377136, 0.542974054813385, 0.5818431973457336, 0.5578800439834595, 0.5603932738304138, 0.592162549495697, 0.5935672521591187, 0.5970149040222168, 0.6138763427734375, 0.6137071847915649, 0.6174699068069458, 0.6095238327980042, 0.612500011920929, 0.628125011920929, 0.6225266456604004, 0.6535303592681885, 0.6465798020362854, 0.64826500415802, 0.6430867910385132, 0.6520324945449829, 0.652515709400177, 0.6625000238418579, 0.6616085171699524, 0.6581709384918213, 0.664536714553833, 0.6589147448539734, 0.6763753890991211, 0.6676970720291138, 0.6749610900878906, 0.6754658222198486, 0.6860841512680054, 0.6864274740219116, 0.6918336153030396, 0.6808176040649414], "Recall": [0.5536959767341614, 0.5299860239028931, 0.5634588599205017, 0.5955369472503662, 0.5718270540237427, 0.6094839572906494, 0.5592747330665588, 0.6206415891647339, 0.6150627732276917, 0.6234309673309326, 0.60808926820755, 0.633193850517273, 0.6150627732276917, 0.5801952481269836, 0.6136680841445923, 0.5788005590438843, 0.6206415891647339, 0.5550906658172607, 0.589958131313324, 0.5578800439834595, 0.5564853549003601, 0.569037675857544, 0.5662482380867004, 0.5578800439834595, 0.5676429271697998, 0.5495118498802185, 0.5718270540237427, 0.5355648398399353, 0.5467224717140198, 0.560669481754303, 0.5704323649406433, 0.5550906658172607, 0.5536959767341614, 0.573221743106842, 0.5578800439834595, 0.5592747330665588, 0.5788005590438843, 0.5913528800010681, 0.60808926820755, 0.6122733354568481, 0.5801952481269836, 0.5927475690841675, 0.5829846858978271, 0.6025104522705078, 0.6052998900413513, 0.6066945791244507, 0.5913528800010681, 0.6136680841445923, 0.6262203454971313, 0.6039051413536072], "AUC": [0.5230826139450073, 0.5056430101394653, 0.5128956437110901, 0.525636613368988, 0.5305696129798889, 0.5609544515609741, 0.5423185229301453, 0.5613833665847778, 0.5671945810317993, 0.5748527646064758, 0.5782471895217896, 0.5879001617431641, 0.595772385597229, 0.577252209186554, 0.5921591520309448, 0.5920006036758423, 0.6009932160377502, 0.5887901186943054, 0.6127042174339294, 0.5967177152633667, 0.6045100688934326, 0.6222569942474365, 0.6315228939056396, 0.6243043541908264, 0.6383388638496399, 0.6357761025428772, 0.651100218296051, 0.6449243426322937, 0.6492232084274292, 0.6591582298278809, 0.6583986282348633, 0.6748286485671997, 0.6822835803031921, 0.6973928213119507, 0.685846209526062, 0.698276937007904, 0.6979016065597534, 0.7085427045822144, 0.6982030868530273, 0.7070760130882263, 0.7151669859886169, 0.7084989547729492, 0.7145581841468811, 0.7223000526428223, 0.7236189246177673, 0.7137411832809448, 0.7308802604675293, 0.7304708957672119, 0.7296382784843445, 0.7405284643173218], "val_loss": [0.6921687126159668, 0.6914918422698975, 0.690859317779541, 0.689846932888031, 0.6883004307746887, 0.6862587332725525, 0.6839103698730469, 0.6812664866447449, 0.6788609623908997, 0.6763242483139038, 0.6744649410247803, 0.6722919940948486, 0.6706011891365051, 0.6711031794548035, 0.6700597405433655, 0.670862078666687, 0.6698980927467346, 0.6703376770019531, 0.6691063046455383, 0.6728599667549133, 0.669341504573822, 0.6694492697715759, 0.6731055378913879, 0.6713146567344666, 0.6719589233398438, 0.6522645950317383, 0.6564862132072449, 0.6527224183082581, 0.6501758098602295, 0.6499496102333069, 0.6340756416320801, 0.6395502090454102, 0.6252598166465759, 0.6196060180664062, 0.6242034435272217, 0.618486762046814, 0.61273592710495, 0.6333990693092346, 0.6037954092025757, 0.61402827501297, 0.6142044067382812, 0.6368549466133118, 0.5962483882904053, 0.5970768928527832, 0.5955896973609924, 0.6751570105552673, 0.5873793363571167, 0.5868660807609558, 0.6386805176734924, 0.6088969707489014],