{"loss": [0.6929158568382263, 0.6929095387458801, 0.6929206252098083, 0.6929030418395996, 0.6929165124893188, 0.6928966641426086, 0.6929022073745728, 0.692897379398346, 0.6928740739822388, 0.6928915977478027, 0.6928722262382507, 0.6928898096084595, 0.6928737163543701, 0.6928819417953491, 0.6928822994232178, 0.6928656697273254, 0.6928826570510864, 0.6928662657737732, 0.6928693652153015, 0.6928909420967102, 0.6928439140319824], "accuracy": [0.5292887091636658, 0.5376569032669067, 0.5285913348197937, 0.5285913348197937, 0.5334727764129639, 0.5292887091636658, 0.5251045823097229, 0.5334727764129639, 0.5313807725906372, 0.5341701507568359, 0.5341701507568359, 0.5355648398399353, 0.5313807725906372, 0.5404462814331055, 0.5278940200805664, 0.5327754616737366, 0.534867525100708, 0.5334727764129639, 0.5383542776107788, 0.5327754616737366, 0.534867525100708], "benchmark_1752": [675.0, 663.0, 676.0, 676.0, 669.0, 675.0, 681.0, 669.0, 672.0, 668.0, 668.0, 666.0, 672.0, 659.0, 677.0, 670.0, 667.0, 669.0, 662.0, 670.0, 667.0], "TP": [165.0, 175.0, 170.0, 166.0, 164.0, 170.0, 166.0, 168.0, 169.0, 165.0, 167.0, 174.0, 174.0, 182.0, 165.0, 171.0, 174.0, 177.0, 174.0, 172.0, 178.0], "TN": [594.0, 596.0, 588.0, 592.0, 601.0, 589.0, 587.0, 597.0, 593.0, 601.0, 599.0, 594.0, 588.0, 593.0, 592.0, 593.0, 593.0, 588.0, 598.0, 592.0, 589.0], "FP": [123.0, 121.0, 129.0, 125.0, 116.0, 128.0, 130.0, 120.0, 124.0, 116.0, 118.0, 123.0, 129.0, 124.0, 125.0, 124.0, 124.0, 129.0, 119.0, 125.0, 128.0], "FN": [552.0, 542.0, 547.0, 551.0, 553.0, 547.0, 551.0, 549.0, 548.0, 552.0, 550.0, 543.0, 543.0, 535.0, 552.0, 546.0, 543.0, 540.0, 543.0, 545.0, 539.0], "Precision": [0.5729166865348816, 0.5912162065505981, 0.568561851978302, 0.5704467296600342, 0.5857142806053162, 0.5704697966575623, 0.5608108043670654, 0.5833333134651184, 0.5767918229103088, 0.5871886014938354, 0.5859649181365967, 0.5858585834503174, 0.5742574334144592, 0.5947712659835815, 0.568965494632721, 0.5796610116958618, 0.5838926434516907, 0.5784313678741455, 0.5938566327095032, 0.5791245698928833, 0.5816993713378906], "Recall": [0.2301255166530609, 0.24407252669334412, 0.23709902167320251, 0.23152022063732147, 0.22873082756996155, 0.23709902167320251, 0.23152022063732147, 0.2343096286058426, 0.23570431768894196, 0.2301255166530609, 0.23291492462158203, 0.24267782270908356, 0.24267782270908356, 0.25383543968200684, 0.2301255166530609, 0.23849372565746307, 0.24267782270908356, 0.24686191976070404, 0.24267782270908356, 0.23988842964172363, 0.2482566237449646], "AUC": [0.5122498273849487, 0.5066788196563721, 0.5092697739601135, 0.5137719511985779, 0.5102735161781311, 0.5110671520233154, 0.5119638442993164, 0.5099748969078064, 0.5159856081008911, 0.5092902779579163, 0.5141541361808777, 0.5147619843482971, 0.5099623203277588, 0.5135959386825562, 0.5170816779136658, 0.5134840607643127, 0.5114426016807556, 0.5130619406700134, 0.516829788684845, 0.507491946220398, 0.5151160955429077], "val_loss": [0.693286657333374, 0.6944786310195923, 0.69572514295578, 0.6968538165092468, 0.697855532169342, 0.6987428665161133, 0.6995234489440918, 0.7001968622207642, 0.7007803916931152, 0.7012654542922974, 0.70166015625, 0.7019647359848022, 0.702178955078125, 0.7022939920425415, 0.7023734450340271, 0.70242840051651, 0.7024437189102173, 0.7024178504943848, 0.7023376226425171, 0.7022103071212769, 0.7020474076271057], "val_accuracy": [0.3781818151473999, 0.3781818151473999, 0.3781818151473999, 0.3781818151473999, 0.3781818151473999, 0.3781818151473999, 0.3781818151473999, 0.3781818151473999, 0.3781818151473999, 0.3781818151473999, 0.3781818151473999, 0.3781818151473999, 0.3781818151473999, 0.3781818151473999, 0.3781818151473999, 0.3781818151473999, 0.3781818151473999, 0.3781818151473999, 0.3781818151473999, 0.3781818151473999, 0.3781818151473999], "val_benchmark_1752": [171.0, 171.0, 171.0, 171.0, 171.0, 171.0, 171.0, 171.0, 171.0, 171.0, 171.0, 171.0, 171.0, 171.0, 171.0, 171.0, 171.0, 171.0, 171.0, 171.0, 171.0], "val_TP": [3.0, 0.0, 0.0, 0.0, 0.0, 0.0, 0.0, 0.0, 0.0, 0.0, 0.0, 0.0, 0.0, 0.0, 0.0, 0.0, 0.0, 0.0, 0.0, 0.0, 0.0], "val_TN": [101.0, 104.0, 104.0, 104.0, 104.0, 104.0, 104.0, 104.0, 104.0, 104.0, 104.0, 104.0, 104.0, 104.0, 104.0, 104.0, 104.0, 104.0, 104.0, 104.0, 104.0], "val_FP": [3.0, 0.0, 0.0, 0.0, 0.0, 0.0, 0.0, 0.0, 0.0, 0.0, 0.0, 0.0, 0.0, 0.0, 0.0, 0.0, 0.0, 0.0, 0.0, 0.0, 0.0], "val_FN": [168.0, 171.0, 171.0, 171.0, 171.0, 171.0, 171.0, 171.0, 171.0, 171.0, 171.0, 171.0, 171.0, 171.0, 171.0, 171.0, 171.0, 171.0, 171.0, 171.0, 171.0], "val_Precision": [0.5, 0.0, 0.0, 0.0, 0.0, 0.0, 0.0, 0.0, 0.0, 0.0, 0.0, 0.0, 0.0, 0.0, 0.0, 0.0, 0.0, 0.0, 0.0, 0.0, 0.0], "val_Recall": [0.017543859779834747, 0.0, 0.0, 0.0, 0.0, 0.0, 0.0, 0.0, 0.0, 0.0, 0.0, 0.0, 0.0, 0.0, 0.0, 0.0, 0.0, 0.0, 0.0, 0.0, 0.0], "val_AUC": [0.5, 0.4520074427127838, 0.5, 0.49842554330825806, 0.5, 0.504807710647583, 0.47587719559669495, 0.5058479309082031, 0.5, 0.504807710647583, 0.49772268533706665, 0.5077879428863525, 0.49257755279541016, 0.500562310218811, 0.4972447156906128, 0.4997750520706177, 0.4851551949977875, 0.497891366481781, 0.4905533194541931, 0.49491119384765625, 0.4955015778541565]}