{"loss": [0.6879945993423462, 0.6679553389549255, 0.6507732272148132, 0.6403189897537231, 0.6322784423828125, 0.6273738145828247, 0.6245445013046265, 0.6159276366233826, 0.6219491958618164, 0.6084989905357361, 0.6121459603309631, 0.6063310503959656, 0.6080628037452698, 0.6031605005264282, 0.6039207577705383, 0.6034466028213501, 0.597729504108429, 0.6076124310493469, 0.5979998111724854, 0.6004410982131958, 0.6041598916053772, 0.5915606021881104], "accuracy": [0.5230125784873962, 0.5892608165740967, 0.6087865829467773, 0.6290097832679749, 0.6359832882881165, 0.642259418964386, 0.6415620446205139, 0.6499302387237549, 0.6492329239845276, 0.6589958071708679, 0.6645746231079102, 0.6582984924316406, 0.6499302387237549, 0.6778242588043213, 0.6548117399215698, 0.6631799340248108, 0.6729428172111511, 0.6541143655776978, 0.6834030747413635, 0.6617852449417114, 0.6603904962539673, 0.6736401915550232], "benchmark_1268": [684.0, 589.0, 561.0, 532.0, 522.0, 513.0, 514.0, 502.0, 503.0, 489.0, 481.0, 490.0, 502.0, 462.0, 495.0, 483.0, 469.0, 496.0, 454.0, 485.0, 487.0, 468.0], "TP": [442.0, 426.0, 434.0, 463.0, 457.0, 471.0, 465.0, 478.0, 454.0, 472.0, 482.0, 475.0, 466.0, 487.0, 466.0, 473.0, 482.0, 465.0, 489.0, 465.0, 469.0, 482.0], "TN": [308.0, 419.0, 439.0, 439.0, 455.0, 450.0, 455.0, 454.0, 477.0, 473.0, 471.0, 469.0, 466.0, 485.0, 473.0, 478.0, 483.0, 473.0, 491.0, 484.0, 478.0, 484.0], "FP": [409.0, 298.0, 278.0, 278.0, 262.0, 267.0, 262.0, 263.0, 240.0, 244.0, 246.0, 248.0, 251.0, 232.0, 244.0, 239.0, 234.0, 244.0, 226.0, 233.0, 239.0, 233.0], "FN": [275.0, 291.0, 283.0, 254.0, 260.0, 246.0, 252.0, 239.0, 263.0, 245.0, 235.0, 242.0, 251.0, 230.0, 251.0, 244.0, 235.0, 252.0, 228.0, 252.0, 248.0, 235.0], "Precision": [0.5193889737129211, 0.5883978009223938, 0.6095505356788635, 0.6248313188552856, 0.635604977607727, 0.6382113695144653, 0.6396148800849915, 0.6450742483139038, 0.6541786789894104, 0.659217894077301, 0.6620879173278809, 0.656984806060791, 0.6499302387237549, 0.6773295998573303, 0.6563380360603333, 0.6643258333206177, 0.673184335231781, 0.6558533310890198, 0.6839160919189453, 0.6661891341209412, 0.6624293923377991, 0.6741258502006531], "Recall": [0.616457462310791, 0.5941422581672668, 0.6052998900413513, 0.6457461714744568, 0.6373779773712158, 0.6569037437438965, 0.6485355496406555, 0.6666666865348816, 0.633193850517273, 0.6582984924316406, 0.672245442867279, 0.6624825596809387, 0.6499302387237549, 0.6792189478874207, 0.6499302387237549, 0.65969318151474, 0.672245442867279, 0.6485355496406555, 0.6820083856582642, 0.6485355496406555, 0.6541143655776978, 0.672245442867279], "AUC": [0.543380618095398, 0.631672739982605, 0.6718992590904236, 0.6866359710693359, 0.6967577934265137, 0.7009554505348206, 0.7053633332252502, 0.7149102687835693, 0.7082382440567017, 0.7248890995979309, 0.7201662063598633, 0.7307344079017639, 0.7240924835205078, 0.7327038645744324, 0.7291528582572937, 0.7263839244842529, 0.735661506652832, 0.7244873642921448, 0.7384324669837952, 0.735173225402832, 0.7272475957870483, 0.7445918321609497], "val_loss": [0.6970343589782715, 0.6536889672279358, 0.6214538812637329, 0.6135506629943848, 0.596763551235199, 0.6014512777328491, 0.6117082834243774, 0.6480881571769714, 0.6164872646331787, 0.6236295700073242, 0.65176922082901, 0.604051411151886, 0.6031350493431091, 0.5868832468986511, 0.6301227807998657, 0.6374112367630005, 0.6171666979789734, 0.5991777777671814, 0.5876778960227966, 0.6243307590484619, 0.6491748690605164, 0.6387261748313904], "val_accuracy": [0.4145454466342926, 0.6836363673210144, 0.6836363673210144, 0.6654545664787292, 0.6581818461418152, 0.6690909266471863, 0.6327272653579712, 0.5963636636734009, 0.6436363458633423, 0.610909104347229, 0.610909104347229, 0.6218181848526001, 0.6509090662002563, 0.6654545664787292, 0.6181818246841431, 0.5963636636734009, 0.6218181848526001, 0.6545454263687134, 0.6618182063102722, 0.6218181848526001, 0.614545464515686, 0.6254545450210571], "val_benchmark_1268": [161.0, 87.0, 87.0, 92.0, 94.0, 91.0, 101.0, 111.0, 98.0, 107.0, 107.0, 104.0, 96.0, 92.0, 105.0, 111.0, 104.0, 95.0, 93.0, 104.0, 106.0, 103.0], "val_TP": [10.0, 155.0, 142.0, 118.0, 129.0, 126.0, 105.0, 74.0, 112.0, 86.0, 75.0, 99.0, 115.0, 116.0, 96.0, 81.0, 92.0, 112.0, 118.0, 88.0, 85.0, 87.0], "val_TN": [104.0, 33.0, 46.0, 65.0, 52.0, 58.0, 69.0, 90.0, 65.0, 82.0, 93.0, 72.0, 64.0, 67.0, 74.0, 83.0, 79.0, 68.0, 64.0, 83.0, 84.0, 85.0], "val_FP": [0.0, 71.0, 58.0, 39.0, 52.0, 46.0, 35.0, 14.0, 39.0, 22.0, 11.0, 32.0, 40.0, 37.0, 30.0, 21.0, 25.0, 36.0, 40.0, 21.0, 20.0, 19.0], "val_FN": [161.0, 16.0, 29.0, 53.0, 42.0, 45.0, 66.0, 97.0, 59.0, 85.0, 96.0, 72.0, 56.0, 55.0, 75.0, 90.0, 79.0, 59.0, 53.0, 83.0, 86.0, 84.0], "val_Precision": [1.0, 0.6858407258987427, 0.7099999785423279, 0.7515923380851746, 0.7127071619033813, 0.7325581312179565, 0.75, 0.8409090638160706, 0.7417218685150146, 0.7962962985038757, 0.8720930218696594, 0.7557252049446106, 0.7419354915618896, 0.758169949054718, 0.761904776096344, 0.7941176295280457, 0.7863247990608215, 0.7567567825317383, 0.746835470199585, 0.8073394298553467, 0.8095238208770752, 0.8207547068595886], "val_Recall": [0.05847953259944916, 0.9064327478408813, 0.8304093480110168, 0.6900584697723389, 0.7543859481811523, 0.7368420958518982, 0.6140350699424744, 0.4327485263347626, 0.6549707651138306, 0.5029239654541016, 0.4385964870452881, 0.5789473652839661, 0.6725146174430847, 0.6783625483512878, 0.5614035129547119, 0.4736842215061188, 0.5380116701126099, 0.6549707651138306, 0.6900584697723389, 0.5146198868751526, 0.49707603454589844, 0.5087719559669495], "val_AUC": [0.6114203929901123, 0.7137876749038696, 0.722953200340271, 0.7339181303977966, 0.7268331050872803, 0.7300944328308105, 0.7355769276618958, 0.7359424233436584, 0.717217743396759, 0.7360829710960388, 0.7357736825942993, 0.7354925870895386, 0.7219691872596741, 0.7413967251777649, 0.7210975885391235, 0.7262426614761353, 0.7297289371490479, 0.7306848168373108, 0.7286887764930725, 0.7342836260795593, 0.7173020243644714, 0.7236279845237732]}