{"loss": [0.692990779876709, 0.6843966841697693, 0.6830312609672546, 0.6804684996604919, 0.677638590335846, 0.6749829649925232, 0.6750227212905884, 0.6713915467262268, 0.6707433462142944, 0.6700584292411804, 0.6659294962882996, 0.6625678539276123, 0.6605206727981567, 0.6608707308769226, 0.654725968837738, 0.6555088758468628, 0.6557715535163879, 0.6510655283927917, 0.6540135145187378, 0.65436851978302, 0.6443888545036316, 0.6487467288970947, 0.6456661224365234, 0.6652973294258118, 0.6545509099960327, 0.643838107585907, 0.6442639827728271, 0.6364550590515137, 0.6351251006126404, 0.637730062007904, 0.6433184742927551, 0.6343299746513367, 0.6320756673812866, 0.6303207278251648, 0.6334664225578308, 0.6301264762878418, 0.6296969652175903, 0.6354967355728149, 0.6282811760902405, 0.6223218441009521, 0.6221442222595215, 0.6234737634658813, 0.6306419372558594, 0.6259006261825562, 0.6249128580093384, 0.6258311867713928, 0.6240594983100891, 0.6203749775886536, 0.6232571601867676, 0.6222584843635559, 0.6268768310546875, 0.6209567189216614, 0.6244210004806519, 0.6201044917106628, 0.6203286051750183, 0.6141541600227356, 0.6229620575904846], "accuracy": [0.4937238395214081, 0.5327754616737366, 0.5418410301208496, 0.5306833982467651, 0.5543932914733887, 0.5564853549003601, 0.5536959767341614, 0.5571827292442322, 0.5592747330665588, 0.5704323649406433, 0.5516039133071899, 0.5808926224708557, 0.5808926224708557, 0.5662482380867004, 0.5948396325111389, 0.5885634422302246, 0.5962343215942383, 0.5962343215942383, 0.5969316363334656, 0.5794979333877563, 0.6101813316345215, 0.5857740640640259, 0.589958131313324, 0.573221743106842, 0.5941422581672668, 0.6220362782478333, 0.6087865829467773, 0.6206415891647339, 0.616457462310791, 0.6234309673309326, 0.5941422581672668, 0.615760087966919, 0.633193850517273, 0.624825656414032, 0.6234309673309326, 0.6311017870903015, 0.6304044723510742, 0.6283124089241028, 0.624825656414032, 0.6415620446205139, 0.633193850517273, 0.6415620446205139, 0.6276150345802307, 0.6373779773712158, 0.624825656414032, 0.6234309673309326, 0.6297070980072021, 0.6290097832679749, 0.6304044723510742, 0.6373779773712158, 0.6290097832679749, 0.6380752921104431, 0.633891224861145, 0.6352859139442444, 0.633891224861145, 0.6443514823913574, 0.6401673555374146], "benchmark_958": [726.0, 670.0, 657.0, 673.0, 639.0, 636.0, 640.0, 635.0, 632.0, 616.0, 643.0, 601.0, 601.0, 622.0, 581.0, 590.0, 579.0, 579.0, 578.0, 603.0, 559.0, 594.0, 588.0, 612.0, 582.0, 542.0, 561.0, 544.0, 550.0, 540.0, 582.0, 551.0, 526.0, 538.0, 540.0, 529.0, 530.0, 533.0, 538.0, 514.0, 526.0, 514.0, 534.0, 520.0, 538.0, 540.0, 531.0, 532.0, 530.0, 520.0, 532.0, 519.0, 525.0, 523.0, 525.0, 510.0, 516.0], "TP": [291.0, 400.0, 290.0, 370.0, 250.0, 210.0, 280.0, 213.0, 255.0, 206.0, 348.0, 245.0, 263.0, 269.0, 261.0, 297.0, 273.0, 315.0, 263.0, 324.0, 287.0, 308.0, 400.0, 315.0, 419.0, 368.0, 304.0, 382.0, 340.0, 338.0, 364.0, 363.0, 414.0, 419.0, 333.0, 401.0, 388.0, 417.0, 415.0, 379.0, 421.0, 430.0, 424.0, 389.0, 376.0, 408.0, 431.0, 408.0, 371.0, 459.0, 370.0, 408.0, 436.0, 417.0, 402.0, 432.0, 416.0], "TN": [417.0, 364.0, 487.0, 391.0, 545.0, 588.0, 514.0, 586.0, 547.0, 612.0, 443.0, 588.0, 570.0, 543.0, 592.0, 547.0, 582.0, 540.0, 593.0, 507.0, 588.0, 532.0, 446.0, 507.0, 433.0, 524.0, 569.0, 508.0, 544.0, 556.0, 488.0, 520.0, 494.0, 477.0, 561.0, 504.0, 516.0, 484.0, 481.0, 541.0, 487.0, 490.0, 476.0, 525.0, 520.0, 486.0, 472.0, 494.0, 533.0, 455.0, 532.0, 507.0, 473.0, 494.0, 507.0, 492.0, 502.0], "FP": [300.0, 353.0, 230.0, 326.0, 172.0, 129.0, 203.0, 131.0, 170.0, 105.0, 274.0, 129.0, 147.0, 174.0, 125.0, 170.0, 135.0, 177.0, 124.0, 210.0, 129.0, 185.0, 271.0, 210.0, 284.0, 193.0, 148.0, 209.0, 173.0, 161.0, 229.0, 197.0, 223.0, 240.0, 156.0, 213.0, 201.0, 233.0, 236.0, 176.0, 230.0, 227.0, 241.0, 192.0, 197.0, 231.0, 245.0, 223.0, 184.0, 262.0, 185.0, 210.0, 244.0, 223.0, 210.0, 225.0, 215.0], "FN": [426.0, 317.0, 427.0, 347.0, 467.0, 507.0, 437.0, 504.0, 462.0, 511.0, 369.0, 472.0, 454.0, 448.0, 456.0, 420.0, 444.0, 402.0, 454.0, 393.0, 430.0, 409.0, 317.0, 402.0, 298.0, 349.0, 413.0, 335.0, 377.0, 379.0, 353.0, 354.0, 303.0, 298.0, 384.0, 316.0, 329.0, 300.0, 302.0, 338.0, 296.0, 287.0, 293.0, 328.0, 341.0, 309.0, 286.0, 309.0, 346.0, 258.0, 347.0, 309.0, 281.0, 300.0, 315.0, 285.0, 301.0], "Precision": [0.49238577485084534, 0.5312085151672363, 0.557692289352417, 0.5316091775894165, 0.5924170613288879, 0.6194690465927124, 0.5797101259231567, 0.6191860437393188, 0.6000000238418579, 0.6623794436454773, 0.5594855546951294, 0.6550801992416382, 0.6414633989334106, 0.6072234511375427, 0.6761658191680908, 0.6359742879867554, 0.6691176295280457, 0.6402438879013062, 0.6795865893363953, 0.6067415475845337, 0.6899038553237915, 0.6247464418411255, 0.5961251854896545, 0.6000000238418579, 0.596017062664032, 0.6559714674949646, 0.6725663542747498, 0.6463621258735657, 0.6627680063247681, 0.6773546934127808, 0.6138280034065247, 0.6482142806053162, 0.6499215364456177, 0.6358118653297424, 0.6809815764427185, 0.653094470500946, 0.6587436199188232, 0.6415384411811829, 0.6374807953834534, 0.6828829050064087, 0.6466974020004272, 0.6544901132583618, 0.6375939846038818, 0.6695352792739868, 0.6561954617500305, 0.6384976506233215, 0.6375739574432373, 0.6465927362442017, 0.6684684753417969, 0.6366158127784729, 0.6666666865348816, 0.6601941585540771, 0.6411764621734619, 0.651562511920929, 0.656862735748291, 0.6575342416763306, 0.6592710018157959], "Recall": [0.40585774183273315, 0.5578800439834595, 0.4044630527496338, 0.5160390734672546, 0.34867504239082336, 0.29288703203201294, 0.3905160427093506, 0.2970711290836334, 0.35564854741096497, 0.2873082160949707, 0.4853556454181671, 0.34170153737068176, 0.36680614948272705, 0.375174343585968, 0.36401674151420593, 0.4142259359359741, 0.38075312972068787, 0.4393305480480194, 0.36680614948272705, 0.45188283920288086, 0.4002789258956909, 0.4295676350593567, 0.5578800439834595, 0.4393305480480194, 0.5843793749809265, 0.5132496356964111, 0.42398884892463684, 0.5327754616737366, 0.47419804334640503, 0.4714086353778839, 0.5076708793640137, 0.5062761306762695, 0.5774058699607849, 0.5843793749809265, 0.4644351601600647, 0.5592747330665588, 0.5411436557769775, 0.581589937210083, 0.5788005590438843, 0.5285913348197937, 0.5871687531471252, 0.5997210741043091, 0.5913528800010681, 0.5425383448600769, 0.5244072675704956, 0.569037675857544, 0.6011157631874084, 0.569037675857544, 0.517433762550354, 0.6401673555374146, 0.5160390734672546, 0.569037675857544, 0.60808926820755, 0.581589937210083, 0.560669481754303, 0.6025104522705078, 0.5801952481269836], "AUC": [0.5031152367591858, 0.5599468350410461, 0.5477641224861145, 0.5539167523384094, 0.5460367798805237, 0.540988028049469, 0.5673171877861023, 0.5498085618019104, 0.5613600015640259, 0.5861115455627441, 0.5857011079788208, 0.613243043422699, 0.605209469795227, 0.5976066589355469, 0.6259451508522034, 0.6126731038093567, 0.6104303598403931, 0.6308265328407288, 0.6251096129417419, 0.6316105127334595, 0.6476417183876038, 0.6319091320037842, 0.6388816237449646, 0.6083635687828064, 0.6405389308929443, 0.6643257141113281, 0.6615090370178223, 0.6657485365867615, 0.6682373881340027, 0.6693305969238281, 0.647508442401886, 0.6681547164916992, 0.6896373629570007, 0.689120888710022, 0.6807059645652771, 0.6853123307228088, 0.6801848411560059, 0.6682509779930115, 0.6823351383209229, 0.6949282884597778, 0.6969085335731506, 0.6939382553100586, 0.6778514981269836, 0.6884722113609314, 0.6892580986022949, 0.6875910758972168, 0.6880968809127808, 0.6937350034713745, 0.6912840008735657, 0.6921311020851135, 0.6848396062850952, 0.6948971748352051, 0.6926184296607971, 0.6998476982116699, 0.6956247091293335, 0.7055422067642212, 0.6953873038291931],