{"loss": [0.3467285633087158, 0.34629228711128235, 0.3462521731853485, 0.3463747203350067, 0.3461342751979828, 0.34635645151138306, 0.3463488519191742, 0.3461929261684418, 0.34571999311447144, 0.34626415371894836, 0.3452952206134796, 0.34556883573532104, 0.34600210189819336, 0.34540870785713196, 0.34572842717170715, 0.34597596526145935, 0.3454184830188751, 0.3458031713962555, 0.34547585248947144, 0.34589070081710815, 0.3456070125102997, 0.3453660011291504, 0.3450973629951477, 0.3455778658390045, 0.3456348478794098, 0.34509241580963135, 0.3451825678348541, 0.3451688885688782, 0.34522029757499695, 0.34503766894340515, 0.3447600305080414, 0.3449089527130127, 0.34513092041015625, 0.3446952700614929, 0.34483981132507324, 0.3447805643081665, 0.34453266859054565, 0.3445999324321747, 0.3453490436077118, 0.3449103832244873, 0.34429898858070374, 0.3445334732532501, 0.34440863132476807, 0.34385713934898376, 0.3446381688117981, 0.34451189637184143, 0.3442864418029785, 0.3442568778991699, 0.34471970796585083, 0.3444529175758362, 0.3443566560745239, 0.3444044888019562, 0.34413427114486694, 0.34400326013565063, 0.34408295154571533, 0.34471866488456726, 0.3438977301120758, 0.34399163722991943, 0.34445759654045105, 0.3442120850086212, 0.3438151776790619, 0.34377381205558777, 0.3437498211860657, 0.3442286550998688, 0.34398967027664185, 0.3440803587436676], "accuracy": [0.5125523209571838, 0.5195258259773254, 0.5237098932266235, 0.5223152041435242, 0.525801956653595, 0.5146443247795105, 0.5076708793640137, 0.5202231407165527, 0.5341701507568359, 0.5209205150604248, 0.5306833982467651, 0.5195258259773254, 0.5376569032669067, 0.5446304082870483, 0.5153416991233826, 0.5285913348197937, 0.5299860239028931, 0.5167363882064819, 0.526499330997467, 0.5153416991233826, 0.5327754616737366, 0.5390515923500061, 0.5425383448600769, 0.5313807725906372, 0.5251045823097229, 0.5209205150604248, 0.5341701507568359, 0.5397489666938782, 0.5237098932266235, 0.5397489666938782, 0.534867525100708, 0.534867525100708, 0.5292887091636658, 0.534867525100708, 0.5181310772895813, 0.5306833982467651, 0.5418410301208496, 0.5362622141838074, 0.5327754616737366, 0.5439330339431763, 0.5341701507568359, 0.5355648398399353, 0.5418410301208496, 0.5439330339431763, 0.5453277826309204, 0.5425383448600769, 0.543235719203949, 0.5418410301208496, 0.5488144755363464, 0.5334727764129639, 0.5362622141838074, 0.5327754616737366, 0.5362622141838074, 0.5411436557769775, 0.5327754616737366, 0.5271966457366943, 0.5341701507568359, 0.5404462814331055, 0.5237098932266235, 0.5271966457366943, 0.5383542776107788, 0.5320780873298645, 0.5320780873298645, 0.5439330339431763, 0.5397489666938782, 0.5397489666938782], "benchmark_12": [699.0, 689.0, 683.0, 685.0, 680.0, 696.0, 706.0, 688.0, 668.0, 687.0, 673.0, 689.0, 663.0, 653.0, 695.0, 676.0, 674.0, 693.0, 679.0, 695.0, 670.0, 661.0, 656.0, 672.0, 681.0, 687.0, 668.0, 660.0, 683.0, 660.0, 667.0, 667.0, 675.0, 667.0, 691.0, 673.0, 657.0, 665.0, 670.0, 654.0, 668.0, 666.0, 657.0, 654.0, 652.0, 656.0, 655.0, 657.0, 647.0, 669.0, 665.0, 670.0, 665.0, 658.0, 670.0, 678.0, 668.0, 659.0, 683.0, 678.0, 662.0, 671.0, 671.0, 654.0, 660.0, 660.0], "TP": [215.0, 226.0, 236.0, 220.0, 240.0, 249.0, 252.0, 286.0, 281.0, 267.0, 312.0, 303.0, 312.0, 312.0, 294.0, 331.0, 339.0, 337.0, 352.0, 335.0, 369.0, 374.0, 392.0, 399.0, 386.0, 386.0, 382.0, 399.0, 380.0, 380.0, 368.0, 361.0, 377.0, 388.0, 356.0, 374.0, 384.0, 375.0, 357.0, 360.0, 356.0, 367.0, 362.0, 359.0, 355.0, 351.0, 341.0, 354.0, 357.0, 327.0, 335.0, 339.0, 346.0, 361.0, 341.0, 357.0, 353.0, 360.0, 350.0, 356.0, 370.0, 358.0, 346.0, 363.0, 353.0, 356.0], "TN": [520.0, 519.0, 515.0, 529.0, 514.0, 489.0, 476.0, 460.0, 485.0, 480.0, 449.0, 442.0, 459.0, 469.0, 445.0, 427.0, 421.0, 404.0, 403.0, 404.0, 395.0, 399.0, 386.0, 363.0, 367.0, 361.0, 384.0, 375.0, 371.0, 394.0, 399.0, 406.0, 382.0, 379.0, 387.0, 387.0, 393.0, 394.0, 407.0, 420.0, 410.0, 401.0, 415.0, 421.0, 427.0, 427.0, 438.0, 423.0, 430.0, 438.0, 434.0, 425.0, 423.0, 415.0, 423.0, 399.0, 413.0, 415.0, 401.0, 400.0, 402.0, 405.0, 417.0, 417.0, 421.0, 418.0], "FP": [197.0, 198.0, 202.0, 188.0, 203.0, 228.0, 241.0, 257.0, 232.0, 237.0, 268.0, 275.0, 258.0, 248.0, 272.0, 290.0, 296.0, 313.0, 314.0, 313.0, 322.0, 318.0, 331.0, 354.0, 350.0, 356.0, 333.0, 342.0, 346.0, 323.0, 318.0, 311.0, 335.0, 338.0, 330.0, 330.0, 324.0, 323.0, 310.0, 297.0, 307.0, 316.0, 302.0, 296.0, 290.0, 290.0, 279.0, 294.0, 287.0, 279.0, 283.0, 292.0, 294.0, 302.0, 294.0, 318.0, 304.0, 302.0, 316.0, 317.0, 315.0, 312.0, 300.0, 300.0, 296.0, 299.0], "FN": [502.0, 491.0, 481.0, 497.0, 477.0, 468.0, 465.0, 431.0, 436.0, 450.0, 405.0, 414.0, 405.0, 405.0, 423.0, 386.0, 378.0, 380.0, 365.0, 382.0, 348.0, 343.0, 325.0, 318.0, 331.0, 331.0, 335.0, 318.0, 337.0, 337.0, 349.0, 356.0, 340.0, 329.0, 361.0, 343.0, 333.0, 342.0, 360.0, 357.0, 361.0, 350.0, 355.0, 358.0, 362.0, 366.0, 376.0, 363.0, 360.0, 390.0, 382.0, 378.0, 371.0, 356.0, 376.0, 360.0, 364.0, 357.0, 367.0, 361.0, 347.0, 359.0, 371.0, 354.0, 364.0, 361.0], "Precision": [0.5218446850776672, 0.5330188870429993, 0.5388127565383911, 0.5392156839370728, 0.5417607426643372, 0.5220125913619995, 0.5111562013626099, 0.5267034769058228, 0.5477582812309265, 0.5297619104385376, 0.5379310250282288, 0.5242214798927307, 0.5473684072494507, 0.5571428537368774, 0.5194346308708191, 0.533011257648468, 0.5338582396507263, 0.5184615254402161, 0.5285285115242004, 0.5169752836227417, 0.5340086817741394, 0.5404624342918396, 0.542185366153717, 0.5298804640769958, 0.5244565010070801, 0.520215630531311, 0.5342657566070557, 0.5384615659713745, 0.5234159827232361, 0.5405405163764954, 0.5364431738853455, 0.5372023582458496, 0.5294944047927856, 0.5344352722167969, 0.5189504623413086, 0.53125, 0.5423728823661804, 0.5372492671012878, 0.5352323651313782, 0.5479452013969421, 0.5369532704353333, 0.5373352766036987, 0.5451807379722595, 0.5480915904045105, 0.5503876209259033, 0.5475819110870361, 0.550000011920929, 0.5462962985038757, 0.554347813129425, 0.5396039485931396, 0.5420712232589722, 0.5372424721717834, 0.5406249761581421, 0.5444947481155396, 0.5370078682899475, 0.5288888812065125, 0.5372906923294067, 0.5438066720962524, 0.5255255103111267, 0.528974711894989, 0.540145993232727, 0.5343283414840698, 0.5356037020683289, 0.5475113391876221, 0.543913722038269, 0.5435114502906799], "Recall": [0.29986053705215454, 0.3152022361755371, 0.3291492462158203, 0.30683404207229614, 0.33472803235054016, 0.3472803235054016, 0.3514644205570221, 0.39888423681259155, 0.39191073179244995, 0.3723849356174469, 0.4351464509963989, 0.4225941300392151, 0.4351464509963989, 0.4351464509963989, 0.41004183888435364, 0.4616457521915436, 0.47280335426330566, 0.47001394629478455, 0.49093446135520935, 0.4672245383262634, 0.5146443247795105, 0.5216178297996521, 0.5467224717140198, 0.5564853549003601, 0.5383542776107788, 0.5383542776107788, 0.5327754616737366, 0.5564853549003601, 0.5299860239028931, 0.5299860239028931, 0.5132496356964111, 0.5034867525100708, 0.525801956653595, 0.5411436557769775, 0.4965132474899292, 0.5216178297996521, 0.5355648398399353, 0.5230125784873962, 0.49790793657302856, 0.5020920634269714, 0.4965132474899292, 0.5118549466133118, 0.5048814415931702, 0.5006973743438721, 0.49511855840682983, 0.4895397424697876, 0.4755927622318268, 0.4937238395214081, 0.49790793657302856, 0.45606693625450134, 0.4672245383262634, 0.47280335426330566, 0.482566237449646, 0.5034867525100708, 0.4755927622318268, 0.49790793657302856, 0.4923291504383087, 0.5020920634269714, 0.48814505338668823, 0.4965132474899292, 0.5160390734672546, 0.4993026554584503, 0.482566237449646, 0.5062761306762695, 0.4923291504383087, 0.4965132474899292],