{"loss": [0.6949750781059265, 0.6938021779060364, 0.6942510008811951, 0.691719114780426, 0.6893463134765625, 0.6884676218032837, 0.6874629855155945, 0.684585452079773, 0.6795673966407776, 0.6773679256439209, 0.6750301718711853, 0.6703229546546936, 0.6674973368644714, 0.6587842702865601, 0.6568609476089478, 0.6576362252235413, 0.6506446003913879, 0.6491862535476685, 0.6496750712394714, 0.6386522054672241, 0.6377040147781372, 0.6418996453285217, 0.6355317234992981, 0.6361369490623474, 0.6270124316215515, 0.6288221478462219, 0.6269036531448364, 0.6220041513442993, 0.6208126544952393, 0.6232146620750427, 0.621295690536499, 0.6190793514251709, 0.6153682470321655, 0.6161046624183655, 0.6119938492774963, 0.6155403852462769, 0.6073560118675232, 0.6107727885246277, 0.6082887649536133, 0.6035839915275574, 0.5990885496139526, 0.5995339751243591, 0.5983012318611145, 0.5955662131309509, 0.590721070766449, 0.5960978269577026, 0.5950281023979187, 0.5913680195808411], "accuracy": [0.4993026554584503, 0.49163180589675903, 0.5160390734672546, 0.5069735050201416, 0.5306833982467651, 0.5327754616737366, 0.5334727764129639, 0.5550906658172607, 0.5578800439834595, 0.5801952481269836, 0.5655509233474731, 0.5941422581672668, 0.5857740640640259, 0.6025104522705078, 0.6143653988838196, 0.6018131375312805, 0.6192468404769897, 0.6094839572906494, 0.6059972047805786, 0.6311017870903015, 0.6290097832679749, 0.6115760207176208, 0.6227335929870605, 0.6394700407981873, 0.6415620446205139, 0.6352859139442444, 0.633891224861145, 0.6408647298812866, 0.6464434862136841, 0.6373779773712158, 0.6478382349014282, 0.6527196764945984, 0.6555090546607971, 0.6408647298812866, 0.6673640012741089, 0.6485355496406555, 0.6429567933082581, 0.6603904962539673, 0.6534169912338257, 0.6624825596809387, 0.650627613067627, 0.6652719378471375, 0.6736401915550232, 0.6576011180877686, 0.6715481281280518, 0.6694560647010803, 0.6785216331481934, 0.668061375617981], "benchmark_785": [718.0, 729.0, 694.0, 707.0, 673.0, 670.0, 669.0, 638.0, 634.0, 602.0, 623.0, 582.0, 594.0, 570.0, 553.0, 571.0, 546.0, 560.0, 565.0, 529.0, 532.0, 557.0, 541.0, 517.0, 514.0, 523.0, 525.0, 515.0, 507.0, 520.0, 505.0, 498.0, 494.0, 515.0, 477.0, 504.0, 512.0, 487.0, 497.0, 484.0, 501.0, 480.0, 468.0, 491.0, 471.0, 474.0, 461.0, 476.0], "TP": [361.0, 351.0, 382.0, 337.0, 342.0, 352.0, 366.0, 362.0, 390.0, 393.0, 410.0, 409.0, 430.0, 400.0, 440.0, 440.0, 443.0, 426.0, 447.0, 445.0, 439.0, 449.0, 440.0, 453.0, 449.0, 455.0, 456.0, 463.0, 466.0, 459.0, 463.0, 461.0, 465.0, 454.0, 478.0, 454.0, 466.0, 466.0, 465.0, 474.0, 449.0, 467.0, 475.0, 472.0, 476.0, 477.0, 480.0, 479.0], "TN": [355.0, 354.0, 358.0, 390.0, 419.0, 412.0, 399.0, 434.0, 410.0, 439.0, 401.0, 443.0, 410.0, 464.0, 441.0, 423.0, 445.0, 448.0, 422.0, 460.0, 463.0, 428.0, 453.0, 464.0, 471.0, 456.0, 453.0, 456.0, 461.0, 455.0, 466.0, 475.0, 475.0, 465.0, 479.0, 476.0, 456.0, 481.0, 472.0, 476.0, 484.0, 487.0, 491.0, 471.0, 487.0, 483.0, 493.0, 479.0], "FP": [362.0, 363.0, 359.0, 327.0, 298.0, 305.0, 318.0, 283.0, 307.0, 278.0, 316.0, 274.0, 307.0, 253.0, 276.0, 294.0, 272.0, 269.0, 295.0, 257.0, 254.0, 289.0, 264.0, 253.0, 246.0, 261.0, 264.0, 261.0, 256.0, 262.0, 251.0, 242.0, 242.0, 252.0, 238.0, 241.0, 261.0, 236.0, 245.0, 241.0, 233.0, 230.0, 226.0, 246.0, 230.0, 234.0, 224.0, 238.0], "FN": [356.0, 366.0, 335.0, 380.0, 375.0, 365.0, 351.0, 355.0, 327.0, 324.0, 307.0, 308.0, 287.0, 317.0, 277.0, 277.0, 274.0, 291.0, 270.0, 272.0, 278.0, 268.0, 277.0, 264.0, 268.0, 262.0, 261.0, 254.0, 251.0, 258.0, 254.0, 256.0, 252.0, 263.0, 239.0, 263.0, 251.0, 251.0, 252.0, 243.0, 268.0, 250.0, 242.0, 245.0, 241.0, 240.0, 237.0, 238.0], "Precision": [0.49930843710899353, 0.49159663915634155, 0.5155195593833923, 0.5075300931930542, 0.534375011920929, 0.5357686281204224, 0.5350877046585083, 0.5612403154373169, 0.559540867805481, 0.5856930017471313, 0.5647382736206055, 0.5988286733627319, 0.5834463834762573, 0.6125574111938477, 0.6145251393318176, 0.5994550585746765, 0.6195804476737976, 0.6129496693611145, 0.6024258732795715, 0.6339031457901001, 0.6334776282310486, 0.6084010601043701, 0.625, 0.6416430473327637, 0.6460431814193726, 0.6354748606681824, 0.6333333253860474, 0.639502763748169, 0.6454293727874756, 0.6366158127784729, 0.6484593749046326, 0.6557610034942627, 0.6577086448669434, 0.643059492111206, 0.667597770690918, 0.6532374024391174, 0.6409903764724731, 0.6638176441192627, 0.6549295783042908, 0.6629370450973511, 0.6583577990531921, 0.6700143218040466, 0.6776034235954285, 0.6573815941810608, 0.6742209792137146, 0.6708860993385315, 0.6818181872367859, 0.668061375617981], "Recall": [0.5034867525100708, 0.4895397424697876, 0.5327754616737366, 0.47001394629478455, 0.47698745131492615, 0.49093446135520935, 0.5104602575302124, 0.5048814415931702, 0.5439330339431763, 0.5481171607971191, 0.5718270540237427, 0.5704323649406433, 0.5997210741043091, 0.5578800439834595, 0.6136680841445923, 0.6136680841445923, 0.6178521513938904, 0.5941422581672668, 0.6234309673309326, 0.6206415891647339, 0.6122733354568481, 0.6262203454971313, 0.6136680841445923, 0.6317991614341736, 0.6262203454971313, 0.6345885396003723, 0.6359832882881165, 0.6457461714744568, 0.6499302387237549, 0.6401673555374146, 0.6457461714744568, 0.6429567933082581, 0.6485355496406555, 0.633193850517273, 0.6666666865348816, 0.633193850517273, 0.6499302387237549, 0.6499302387237549, 0.6485355496406555, 0.6610878705978394, 0.6262203454971313, 0.651324987411499, 0.6624825596809387, 0.6582984924316406, 0.6638772487640381, 0.6652719378471375, 0.6694560647010803, 0.668061375617981], "AUC": [0.49685657024383545, 0.5006749629974365, 0.5055525302886963, 0.5220973491668701, 0.5445253849029541, 0.5486841797828674, 0.5533934831619263, 0.5712046027183533, 0.5939292907714844, 0.6077060699462891, 0.6104030609130859, 0.6283649206161499, 0.6362506747245789, 0.6536300182342529, 0.6571994423866272, 0.6521438360214233, 0.6653186678886414, 0.6632275581359863, 0.6638869643211365, 0.6844417452812195, 0.6856420040130615, 0.6737034320831299, 0.6890023350715637, 0.6891637444496155, 0.7007619142532349, 0.6968968510627747, 0.699444055557251, 0.7084931135177612, 0.7085174322128296, 0.7043858766555786, 0.7065936326980591, 0.7134484052658081, 0.7142168283462524, 0.7112902402877808, 0.7224050760269165, 0.7151437401771545, 0.7250592112541199, 0.7241664528846741, 0.72696453332901, 0.7325637340545654, 0.7376553416252136, 0.738653302192688, 0.7394692301750183, 0.7386336922645569, 0.7488216161727905, 0.7398183941841125, 0.7424979209899902, 0.7463979721069336], "val_loss": [0.6944799423217773, 0.6889075636863708, 0.6943971514701843, 0.691402018070221, 0.6830881237983704, 0.6744633316993713, 0.6733949780464172, 0.6557586193084717, 0.6534582376480103, 0.6439404487609863, 0.6396117210388184, 0.6343421339988708, 0.7020715475082397, 0.6290783286094666, 0.7274527549743652, 0.6471647024154663, 0.6383677124977112, 0.603471577167511, 0.609980046749115, 0.6552260518074036, 0.6498979330062866, 0.6931695342063904, 0.6556856632232666, 0.6476042866706848, 0.593220055103302, 0.5840475559234619, 0.5922929048538208, 0.5799199342727661, 0.5967497825622559, 0.582516074180603, 0.5918512344360352, 0.6328413486480713, 0.6291944980621338, 0.5888723731040955, 0.620670735836029, 0.5721340179443359, 0.6017410159111023, 0.5706287622451782, 0.5682500004768372, 0.5835182666778564, 0.5724561214447021, 0.5677381753921509, 0.5720956325531006, 0.582797646522522, 0.5652157664299011, 0.5938137173652649, 0.5954267978668213, 0.5742210149765015],