{"loss": [0.6959847211837769, 0.6942241787910461, 0.6956396102905273, 0.6921369433403015, 0.6928486824035645, 0.6901649832725525, 0.6882720589637756, 0.6856206655502319, 0.6832678318023682, 0.6831533312797546, 0.6815159916877747, 0.6811949610710144, 0.6740290522575378, 0.6706622242927551, 0.6667887568473816, 0.6632424592971802, 0.6620461344718933, 0.6562427878379822, 0.6511546969413757, 0.6495209336280823, 0.649247407913208, 0.6413906216621399, 0.6369654536247253, 0.6388450860977173, 0.638054609298706, 0.6299272775650024, 0.6255515813827515, 0.6282288432121277, 0.6282962560653687, 0.6206544041633606, 0.6260229349136353, 0.6207661628723145, 0.6190499067306519, 0.6125119924545288, 0.6198899149894714, 0.60957270860672, 0.6098560690879822, 0.6064293384552002, 0.6087328791618347, 0.609564483165741, 0.6049023866653442, 0.6051217913627625, 0.5966408848762512, 0.5975666642189026, 0.5968248248100281], "accuracy": [0.4937238395214081, 0.4937238395214081, 0.5041841268539429, 0.5062761306762695, 0.508368194103241, 0.534867525100708, 0.5209205150604248, 0.5564853549003601, 0.5523012280464172, 0.5718270540237427, 0.5620641708374023, 0.5613667964935303, 0.5801952481269836, 0.5913528800010681, 0.5920501947402954, 0.6122733354568481, 0.5962343215942383, 0.6032078266143799, 0.6115760207176208, 0.6199442148208618, 0.6206415891647339, 0.6283124089241028, 0.6415620446205139, 0.6234309673309326, 0.6324965357780457, 0.6352859139442444, 0.642259418964386, 0.6304044723510742, 0.6457461714744568, 0.6499302387237549, 0.6394700407981873, 0.6471408605575562, 0.650627613067627, 0.6576011180877686, 0.6352859139442444, 0.6645746231079102, 0.6555090546607971, 0.6638772487640381, 0.6617852449417114, 0.6624825596809387, 0.6687586903572083, 0.6589958071708679, 0.677126944065094, 0.6799163222312927, 0.6624825596809387], "benchmark_625": [726.0, 726.0, 711.0, 708.0, 705.0, 667.0, 687.0, 636.0, 642.0, 614.0, 628.0, 629.0, 602.0, 586.0, 585.0, 556.0, 579.0, 569.0, 557.0, 545.0, 544.0, 533.0, 514.0, 540.0, 527.0, 523.0, 513.0, 530.0, 508.0, 502.0, 517.0, 506.0, 501.0, 491.0, 523.0, 481.0, 494.0, 482.0, 485.0, 484.0, 475.0, 489.0, 463.0, 459.0, 484.0], "TP": [299.0, 336.0, 415.0, 333.0, 324.0, 403.0, 340.0, 359.0, 399.0, 402.0, 373.0, 384.0, 402.0, 393.0, 416.0, 427.0, 431.0, 422.0, 430.0, 446.0, 445.0, 445.0, 464.0, 450.0, 467.0, 452.0, 462.0, 451.0, 461.0, 470.0, 459.0, 463.0, 463.0, 470.0, 455.0, 473.0, 460.0, 473.0, 472.0, 464.0, 496.0, 462.0, 476.0, 497.0, 474.0], "TN": [409.0, 372.0, 308.0, 393.0, 405.0, 364.0, 407.0, 439.0, 393.0, 418.0, 433.0, 421.0, 430.0, 455.0, 433.0, 451.0, 424.0, 443.0, 447.0, 443.0, 445.0, 456.0, 456.0, 444.0, 440.0, 459.0, 459.0, 453.0, 465.0, 462.0, 458.0, 465.0, 470.0, 473.0, 456.0, 480.0, 480.0, 479.0, 477.0, 486.0, 463.0, 483.0, 495.0, 478.0, 476.0], "FP": [308.0, 345.0, 409.0, 324.0, 312.0, 353.0, 310.0, 278.0, 324.0, 299.0, 284.0, 296.0, 287.0, 262.0, 284.0, 266.0, 293.0, 274.0, 270.0, 274.0, 272.0, 261.0, 261.0, 273.0, 277.0, 258.0, 258.0, 264.0, 252.0, 255.0, 259.0, 252.0, 247.0, 244.0, 261.0, 237.0, 237.0, 238.0, 240.0, 231.0, 254.0, 234.0, 222.0, 239.0, 241.0], "FN": [418.0, 381.0, 302.0, 384.0, 393.0, 314.0, 377.0, 358.0, 318.0, 315.0, 344.0, 333.0, 315.0, 324.0, 301.0, 290.0, 286.0, 295.0, 287.0, 271.0, 272.0, 272.0, 253.0, 267.0, 250.0, 265.0, 255.0, 266.0, 256.0, 247.0, 258.0, 254.0, 254.0, 247.0, 262.0, 244.0, 257.0, 244.0, 245.0, 253.0, 221.0, 255.0, 241.0, 220.0, 243.0], "Precision": [0.49258649349212646, 0.49339208006858826, 0.5036407709121704, 0.5068492889404297, 0.5094339847564697, 0.5330687761306763, 0.5230769515037537, 0.563579261302948, 0.5518672466278076, 0.5734664797782898, 0.5677320957183838, 0.5647059082984924, 0.5834543108940125, 0.6000000238418579, 0.5942857265472412, 0.6161616444587708, 0.5953038930892944, 0.6063218116760254, 0.6142857074737549, 0.6194444298744202, 0.6206415891647339, 0.6303116083145142, 0.6399999856948853, 0.6224066615104675, 0.6276881694793701, 0.6366197466850281, 0.6416666507720947, 0.6307692527770996, 0.6465638279914856, 0.6482758522033691, 0.6392757892608643, 0.6475524306297302, 0.6521126627922058, 0.6582633256912231, 0.6354748606681824, 0.6661971807479858, 0.659971296787262, 0.6652601957321167, 0.6629213690757751, 0.667625904083252, 0.6613333225250244, 0.6637930870056152, 0.6819484233856201, 0.67527174949646, 0.6629370450973511], "Recall": [0.41701534390449524, 0.4686192572116852, 0.5788005590438843, 0.4644351601600647, 0.45188283920288086, 0.5620641708374023, 0.47419804334640503, 0.5006973743438721, 0.5564853549003601, 0.560669481754303, 0.5202231407165527, 0.5355648398399353, 0.560669481754303, 0.5481171607971191, 0.5801952481269836, 0.5955369472503662, 0.6011157631874084, 0.5885634422302246, 0.5997210741043091, 0.6220362782478333, 0.6206415891647339, 0.6206415891647339, 0.6471408605575562, 0.6276150345802307, 0.651324987411499, 0.6304044723510742, 0.6443514823913574, 0.6290097832679749, 0.6429567933082581, 0.6555090546607971, 0.6401673555374146, 0.6457461714744568, 0.6457461714744568, 0.6555090546607971, 0.6345885396003723, 0.65969318151474, 0.6415620446205139, 0.65969318151474, 0.6582984924316406, 0.6471408605575562, 0.6917712688446045, 0.6443514823913574, 0.6638772487640381, 0.6931659579277039, 0.6610878705978394], "AUC": [0.49224355816841125, 0.5052539706230164, 0.4914003014564514, 0.5245463252067566, 0.5106177926063538, 0.5428223609924316, 0.5451079607009888, 0.5741564035415649, 0.580111563205719, 0.5800716876983643, 0.5893318057060242, 0.5855960845947266, 0.6182382702827454, 0.623469889163971, 0.6344990730285645, 0.6459679007530212, 0.6429266333580017, 0.6557327508926392, 0.6663146018981934, 0.6668835878372192, 0.667506992816925, 0.6823049783706665, 0.6917235851287842, 0.6847919821739197, 0.6830947399139404, 0.6975153684616089, 0.7050890326499939, 0.6979346871376038, 0.6978625655174255, 0.7129446268081665, 0.700899064540863, 0.7117998600006104, 0.711273729801178, 0.7228981852531433, 0.708983302116394, 0.7258636355400085, 0.7228427529335022, 0.7295060157775879, 0.7269636392593384, 0.7255698442459106, 0.7300700545310974, 0.7294116020202637, 0.7439693808555603, 0.7412014007568359, 0.743362545967102], "val_loss": [0.6864579319953918, 0.6832187175750732, 0.6954492330551147, 0.6806716918945312, 0.6736229062080383, 0.6802880764007568, 0.6797416806221008, 0.6689189076423645, 0.6810752153396606, 0.6804735064506531, 0.6839895248413086, 0.6655176877975464, 0.6492178440093994, 0.6899479627609253, 0.6390269994735718, 0.6222923398017883, 0.7130548357963562, 0.6230666041374207, 0.6132922172546387, 0.6528533101081848, 0.6301127076148987, 0.599409818649292, 0.6401192545890808, 0.5967082977294922, 0.5933709740638733, 0.6103034615516663, 0.6118987798690796, 0.5862101316452026, 0.5836683511734009, 0.6207464337348938, 0.5946149230003357, 0.6116330027580261, 0.5797350406646729, 0.5983832478523254, 0.5964943766593933, 0.6505964398384094, 0.5805593729019165, 0.6198461055755615, 0.5967822074890137, 0.5756522417068481, 0.6070112586021423, 0.6468160152435303, 0.5720548033714294, 0.5721487402915955, 0.6147909164428711], "val_accuracy": [0.6218181848526001, 0.6218181848526001, 0.389090895652771, 0.6218181848526001, 0.6218181848526001, 0.589090883731842, 0.5527272820472717, 0.6000000238418579, 0.5454545617103577, 0.5345454812049866, 0.5236363410949707, 0.614545464515686, 0.6654545664787292, 0.5163636207580566, 0.6727272868156433, 0.6545454263687134, 0.4909090995788574, 0.6290909051895142, 0.6872727274894714, 0.589090883731842, 0.6290909051895142, 0.6872727274894714, 0.607272744178772, 0.7054545283317566, 0.7090908885002136, 0.6436363458633423, 0.6545454263687134, 0.6981818079948425, 0.7018181681632996, 0.6218181848526001, 0.6581818461418152, 0.6218181848526001, 0.6981818079948425, 0.6472727060317993, 0.6436363458633423, 0.6036363840103149, 0.6909090876579285, 0.6254545450210571, 0.6436363458633423, 0.7054545283317566, 0.6436363458633423, 0.6000000238418579, 0.6981818079948425, 0.7054545283317566, 0.6436363458633423],