{"loss": [0.694600522518158, 0.6925715208053589, 0.6920480728149414, 0.6918472647666931, 0.6908616423606873, 0.6850064396858215, 0.6833180785179138, 0.6840375065803528, 0.6800761222839355, 0.6755836606025696, 0.6720840930938721, 0.6668636202812195, 0.6631011962890625, 0.6585015058517456, 0.6547970175743103, 0.6514717936515808, 0.6454643607139587, 0.6405642032623291, 0.6375855803489685, 0.636639416217804, 0.6308663487434387, 0.6255778074264526, 0.6263094544410706, 0.6270782351493835, 0.6213996410369873, 0.6247738003730774, 0.6221409440040588, 0.6162092089653015, 0.6145012378692627, 0.6119975447654724, 0.612593412399292, 0.6046247482299805, 0.6075973510742188, 0.610094428062439, 0.6064478158950806, 0.6039867997169495, 0.603767454624176, 0.5997321009635925, 0.6025918126106262, 0.6033502221107483, 0.5944064855575562, 0.5886404514312744, 0.5925541520118713, 0.5918586850166321, 0.5929133892059326, 0.5938196182250977, 0.5949839353561401, 0.5830462574958801, 0.5810195803642273, 0.5897176265716553, 0.5830870270729065, 0.5829967856407166, 0.5805020332336426, 0.5788184404373169, 0.579166829586029, 0.5753504037857056], "accuracy": [0.509065568447113, 0.5125523209571838, 0.5313807725906372, 0.5230125784873962, 0.5237098932266235, 0.5529986023902893, 0.5711296796798706, 0.5397489666938782, 0.5704323649406433, 0.5655509233474731, 0.5829846858978271, 0.5920501947402954, 0.6087865829467773, 0.6101813316345215, 0.6171548366546631, 0.6220362782478333, 0.6352859139442444, 0.633193850517273, 0.6227335929870605, 0.6262203454971313, 0.6408647298812866, 0.6408647298812866, 0.651324987411499, 0.6394700407981873, 0.6582984924316406, 0.6373779773712158, 0.6408647298812866, 0.6631799340248108, 0.650627613067627, 0.6555090546607971, 0.6617852449417114, 0.6534169912338257, 0.6555090546607971, 0.642259418964386, 0.6631799340248108, 0.6645746231079102, 0.6610878705978394, 0.6708507537841797, 0.6778242588043213, 0.6631799340248108, 0.6708507537841797, 0.6708507537841797, 0.6785216331481934, 0.6813110113143921, 0.6792189478874207, 0.6736401915550232, 0.6624825596809387, 0.6827057003974915, 0.6806136965751648, 0.6659693121910095, 0.6827057003974915, 0.6834030747413635, 0.6889818906784058, 0.6834030747413635, 0.6806136965751648, 0.7008368372917175], "benchmark_373": [704.0, 699.0, 672.0, 684.0, 683.0, 641.0, 615.0, 660.0, 616.0, 623.0, 598.0, 585.0, 561.0, 559.0, 549.0, 542.0, 523.0, 526.0, 541.0, 536.0, 515.0, 515.0, 500.0, 517.0, 490.0, 520.0, 515.0, 483.0, 501.0, 494.0, 485.0, 497.0, 494.0, 513.0, 483.0, 481.0, 486.0, 472.0, 462.0, 483.0, 472.0, 472.0, 461.0, 457.0, 460.0, 468.0, 484.0, 455.0, 458.0, 479.0, 455.0, 454.0, 446.0, 454.0, 458.0, 429.0], "TP": [399.0, 357.0, 384.0, 332.0, 376.0, 404.0, 415.0, 381.0, 392.0, 418.0, 369.0, 426.0, 429.0, 419.0, 444.0, 448.0, 442.0, 468.0, 449.0, 453.0, 456.0, 459.0, 464.0, 465.0, 478.0, 463.0, 460.0, 482.0, 468.0, 479.0, 470.0, 463.0, 477.0, 457.0, 481.0, 472.0, 467.0, 482.0, 487.0, 470.0, 479.0, 481.0, 478.0, 485.0, 484.0, 474.0, 474.0, 484.0, 484.0, 483.0, 486.0, 478.0, 488.0, 484.0, 482.0, 509.0], "TN": [331.0, 378.0, 378.0, 418.0, 375.0, 389.0, 404.0, 393.0, 426.0, 393.0, 467.0, 423.0, 444.0, 456.0, 441.0, 444.0, 469.0, 440.0, 444.0, 445.0, 463.0, 460.0, 470.0, 452.0, 466.0, 451.0, 459.0, 469.0, 465.0, 461.0, 479.0, 474.0, 463.0, 464.0, 470.0, 481.0, 481.0, 480.0, 485.0, 481.0, 483.0, 481.0, 495.0, 492.0, 490.0, 492.0, 476.0, 495.0, 492.0, 472.0, 493.0, 502.0, 500.0, 496.0, 494.0, 496.0], "FP": [386.0, 339.0, 339.0, 299.0, 342.0, 328.0, 313.0, 324.0, 291.0, 324.0, 250.0, 294.0, 273.0, 261.0, 276.0, 273.0, 248.0, 277.0, 273.0, 272.0, 254.0, 257.0, 247.0, 265.0, 251.0, 266.0, 258.0, 248.0, 252.0, 256.0, 238.0, 243.0, 254.0, 253.0, 247.0, 236.0, 236.0, 237.0, 232.0, 236.0, 234.0, 236.0, 222.0, 225.0, 227.0, 225.0, 241.0, 222.0, 225.0, 245.0, 224.0, 215.0, 217.0, 221.0, 223.0, 221.0], "FN": [318.0, 360.0, 333.0, 385.0, 341.0, 313.0, 302.0, 336.0, 325.0, 299.0, 348.0, 291.0, 288.0, 298.0, 273.0, 269.0, 275.0, 249.0, 268.0, 264.0, 261.0, 258.0, 253.0, 252.0, 239.0, 254.0, 257.0, 235.0, 249.0, 238.0, 247.0, 254.0, 240.0, 260.0, 236.0, 245.0, 250.0, 235.0, 230.0, 247.0, 238.0, 236.0, 239.0, 232.0, 233.0, 243.0, 243.0, 233.0, 233.0, 234.0, 231.0, 239.0, 229.0, 233.0, 235.0, 208.0], "Precision": [0.5082802772521973, 0.5129310488700867, 0.5311203598976135, 0.5261489748954773, 0.523676872253418, 0.5519125461578369, 0.5700549483299255, 0.5404255390167236, 0.5739384889602661, 0.5633423328399658, 0.5961228013038635, 0.5916666388511658, 0.6111111044883728, 0.6161764860153198, 0.6166666746139526, 0.6213592290878296, 0.6405797004699707, 0.628187894821167, 0.6218836307525635, 0.6248275637626648, 0.6422535181045532, 0.6410614252090454, 0.652601957321167, 0.6369863152503967, 0.6556927561759949, 0.6351165771484375, 0.640668511390686, 0.6602739691734314, 0.6499999761581421, 0.6517006754875183, 0.6638417840003967, 0.655807375907898, 0.6525307893753052, 0.6436619758605957, 0.6607142686843872, 0.6666666865348816, 0.6642958521842957, 0.6703755259513855, 0.6773295998573303, 0.6657223701477051, 0.6718092560768127, 0.6708507537841797, 0.6828571557998657, 0.6830986142158508, 0.6807313561439514, 0.6781116127967834, 0.6629370450973511, 0.6855524182319641, 0.6826516389846802, 0.6634615659713745, 0.6845070719718933, 0.6897546648979187, 0.6921985745429993, 0.6865248084068298, 0.6836879253387451, 0.6972602605819702], "Recall": [0.5564853549003601, 0.49790793657302856, 0.5355648398399353, 0.46304044127464294, 0.5244072675704956, 0.5634588599205017, 0.5788005590438843, 0.5313807725906372, 0.5467224717140198, 0.5829846858978271, 0.5146443247795105, 0.5941422581672668, 0.5983263850212097, 0.5843793749809265, 0.6192468404769897, 0.624825656414032, 0.616457462310791, 0.6527196764945984, 0.6262203454971313, 0.6317991614341736, 0.6359832882881165, 0.6401673555374146, 0.6471408605575562, 0.6485355496406555, 0.6666666865348816, 0.6457461714744568, 0.6415620446205139, 0.672245442867279, 0.6527196764945984, 0.668061375617981, 0.6555090546607971, 0.6457461714744568, 0.6652719378471375, 0.6373779773712158, 0.6708507537841797, 0.6582984924316406, 0.651324987411499, 0.672245442867279, 0.6792189478874207, 0.6555090546607971, 0.668061375617981, 0.6708507537841797, 0.6666666865348816, 0.6764295697212219, 0.6750348806381226, 0.6610878705978394, 0.6610878705978394, 0.6750348806381226, 0.6750348806381226, 0.6736401915550232, 0.6778242588043213, 0.6666666865348816, 0.6806136965751648, 0.6750348806381226, 0.672245442867279, 0.7099023461341858], "AUC": [0.5077223777770996, 0.5251182317733765, 0.5358984470367432, 0.534028172492981, 0.5366074442863464, 0.5786954760551453, 0.5899912118911743, 0.5762757062911987, 0.5946985483169556, 0.6115555763244629, 0.6199714541435242, 0.6423012614250183, 0.6520378589630127, 0.658657431602478, 0.6648985147476196, 0.6695173382759094, 0.6774323582649231, 0.6834020614624023, 0.6856788992881775, 0.6851624250411987, 0.6975173354148865, 0.7054235339164734, 0.7026740312576294, 0.7008300423622131, 0.7115285396575928, 0.703062117099762, 0.7066966891288757, 0.7209919095039368, 0.7180585861206055, 0.723492443561554, 0.7191566228866577, 0.7307012677192688, 0.7260609865188599, 0.7219606041908264, 0.7284506559371948, 0.7321339249610901, 0.7328264117240906, 0.7387349009513855, 0.7325794100761414, 0.7307071089744568, 0.7455898523330688, 0.7493070960044861, 0.7452093958854675, 0.7469416856765747, 0.7429404258728027, 0.742276132106781, 0.7443156838417053, 0.7570722103118896, 0.7575420141220093, 0.74835205078125, 0.7565158605575562, 0.7565197944641113, 0.7596817016601562, 0.7611736059188843, 0.7589395642280579, 0.7698025107383728],