{"loss": [2.3205039501190186, 0.6870109438896179, 0.4361756145954132, 0.36734190583229065, 0.34314846992492676, 0.3448852300643921, 0.3450349271297455, 0.34044450521469116, 0.3496001064777374, 0.3703760504722595, 0.3787127137184143, 0.3485530614852905, 0.34604862332344055, 0.34046879410743713, 0.34791630506515503, 0.3375750780105591, 0.3418004512786865, 0.34003251791000366, 0.34606075286865234, 0.33419448137283325, 0.3433491289615631, 0.3443644940853119, 0.348867803812027, 0.34769633412361145, 0.3426792621612549, 0.3441225290298462, 0.34579551219940186, 0.34368863701820374, 0.337136447429657, 0.33556970953941345, 0.33557093143463135, 0.33343905210494995, 0.3432762622833252, 0.33862459659576416, 0.3415311872959137, 0.33567333221435547, 0.345117449760437, 0.340190052986145, 0.3379027843475342, 0.34294393658638, 0.3407498300075531], "accuracy": [0.4993026554584503, 0.47419804334640503, 0.48744770884513855, 0.5027893781661987, 0.5237098932266235, 0.5376569032669067, 0.5453277826309204, 0.5299860239028931, 0.5271966457366943, 0.4937238395214081, 0.5006973743438721, 0.5299860239028931, 0.5313807725906372, 0.5502092242240906, 0.5223152041435242, 0.5683403015136719, 0.5334727764129639, 0.5613667964935303, 0.5341701507568359, 0.5808926224708557, 0.5641562342643738, 0.5467224717140198, 0.5362622141838074, 0.5404462814331055, 0.5285913348197937, 0.5627614855766296, 0.5550906658172607, 0.555787980556488, 0.5634588599205017, 0.5739191174507141, 0.5746164321899414, 0.599023699760437, 0.5390515923500061, 0.5550906658172607, 0.5648535490036011, 0.5801952481269836, 0.5718270540237427, 0.5446304082870483, 0.5822873115539551, 0.5467224717140198, 0.5578800439834595], "benchmark_1765": [718.0, 754.0, 735.0, 713.0, 683.0, 663.0, 652.0, 674.0, 678.0, 726.0, 716.0, 674.0, 672.0, 645.0, 685.0, 619.0, 669.0, 629.0, 668.0, 601.0, 625.0, 650.0, 665.0, 659.0, 676.0, 627.0, 638.0, 637.0, 626.0, 611.0, 610.0, 575.0, 661.0, 638.0, 624.0, 602.0, 614.0, 653.0, 599.0, 650.0, 634.0], "TP": [423.0, 361.0, 291.0, 351.0, 375.0, 340.0, 390.0, 409.0, 289.0, 440.0, 250.0, 428.0, 427.0, 300.0, 443.0, 403.0, 470.0, 332.0, 339.0, 322.0, 346.0, 413.0, 323.0, 311.0, 456.0, 355.0, 443.0, 302.0, 411.0, 315.0, 334.0, 335.0, 403.0, 449.0, 350.0, 365.0, 315.0, 430.0, 387.0, 342.0, 376.0], "TN": [293.0, 319.0, 408.0, 370.0, 376.0, 431.0, 392.0, 351.0, 467.0, 268.0, 468.0, 332.0, 335.0, 489.0, 306.0, 412.0, 295.0, 473.0, 427.0, 511.0, 463.0, 371.0, 446.0, 464.0, 302.0, 452.0, 353.0, 495.0, 397.0, 508.0, 490.0, 524.0, 370.0, 347.0, 460.0, 467.0, 505.0, 351.0, 448.0, 442.0, 424.0], "FP": [424.0, 398.0, 309.0, 347.0, 341.0, 286.0, 325.0, 366.0, 250.0, 449.0, 249.0, 385.0, 382.0, 228.0, 411.0, 305.0, 422.0, 244.0, 290.0, 206.0, 254.0, 346.0, 271.0, 253.0, 415.0, 265.0, 364.0, 222.0, 320.0, 209.0, 227.0, 193.0, 347.0, 370.0, 257.0, 250.0, 212.0, 366.0, 269.0, 275.0, 293.0], "FN": [294.0, 356.0, 426.0, 366.0, 342.0, 377.0, 327.0, 308.0, 428.0, 277.0, 467.0, 289.0, 290.0, 417.0, 274.0, 314.0, 247.0, 385.0, 378.0, 395.0, 371.0, 304.0, 394.0, 406.0, 261.0, 362.0, 274.0, 415.0, 306.0, 402.0, 383.0, 382.0, 314.0, 268.0, 367.0, 352.0, 402.0, 287.0, 330.0, 375.0, 341.0], "Precision": [0.49940967559814453, 0.47562581300735474, 0.48500001430511475, 0.5028653144836426, 0.5237430334091187, 0.5431309938430786, 0.5454545617103577, 0.5277419090270996, 0.5361781120300293, 0.4949381351470947, 0.5010020136833191, 0.5264452695846558, 0.527812123298645, 0.5681818127632141, 0.5187353491783142, 0.5692090392112732, 0.5269058346748352, 0.5763888955116272, 0.5389507412910461, 0.6098484992980957, 0.5766666531562805, 0.5441370010375977, 0.5437710285186768, 0.5514184236526489, 0.5235361456871033, 0.5725806355476379, 0.548946738243103, 0.5763359069824219, 0.5622435212135315, 0.6011450290679932, 0.5953654050827026, 0.6344696879386902, 0.5373333096504211, 0.5482295751571655, 0.576606273651123, 0.5934959053993225, 0.5977229475975037, 0.5402010083198547, 0.5899389982223511, 0.554295003414154, 0.5620328783988953], "Recall": [0.589958131313324, 0.5034867525100708, 0.40585774183273315, 0.4895397424697876, 0.5230125784873962, 0.47419804334640503, 0.5439330339431763, 0.5704323649406433, 0.40306833386421204, 0.6136680841445923, 0.34867504239082336, 0.5969316363334656, 0.5955369472503662, 0.4184100329875946, 0.6178521513938904, 0.5620641708374023, 0.6555090546607971, 0.46304044127464294, 0.47280335426330566, 0.44909343123435974, 0.482566237449646, 0.5760111808776855, 0.4504881501197815, 0.4337517321109772, 0.6359832882881165, 0.49511855840682983, 0.6178521513938904, 0.4211994409561157, 0.573221743106842, 0.4393305480480194, 0.46582984924316406, 0.4672245383262634, 0.5620641708374023, 0.6262203454971313, 0.48814505338668823, 0.509065568447113, 0.4393305480480194, 0.5997210741043091, 0.5397489666938782, 0.47698745131492615, 0.5244072675704956], "AUC": [0.5179570317268372, 0.4671632647514343, 0.49605417251586914, 0.5007158517837524, 0.5455601811408997, 0.5462828874588013, 0.5583196878433228, 0.5643954873085022, 0.5437365770339966, 0.5139148831367493, 0.5237945318222046, 0.5541384816169739, 0.5525190830230713, 0.5658748149871826, 0.5420588254928589, 0.5991578698158264, 0.5837004780769348, 0.5782772302627563, 0.5570008158683777, 0.6003678441047668, 0.5760082006454468, 0.5789376497268677, 0.5604204535484314, 0.5494243502616882, 0.5677556991577148, 0.577376663684845, 0.5731770396232605, 0.5708087682723999, 0.6004621982574463, 0.6022487878799438, 0.5972934365272522, 0.6159517168998718, 0.5763466954231262, 0.6035102605819702, 0.5882405042648315, 0.5957752466201782, 0.5693070888519287, 0.5862117409706116, 0.5983020663261414, 0.5734123587608337, 0.5927874445915222], "val_loss": [1.38702392578125, 0.5134525299072266, 0.34582749009132385, 0.3354968726634979, 0.34768086671829224, 0.35735300183296204, 0.33789142966270447, 0.3710857033729553, 0.3621993362903595, 0.4012816250324249, 0.33364638686180115, 0.33643287420272827, 0.3346419036388397, 0.3419363498687744, 0.3408699631690979, 0.3577750325202942, 0.3401780128479004, 0.3408058285713196, 0.34593167901039124, 0.3642556965351105, 0.37231144309043884, 0.5036928653717041, 0.4325551390647888, 0.37489765882492065, 0.4010710120201111, 0.34526801109313965, 0.3391057252883911, 0.33275485038757324, 0.32683441042900085, 0.371926873922348, 0.3442879915237427, 0.3303796350955963, 0.33798742294311523, 0.34350207448005676, 0.3346622884273529, 0.3662051260471344, 0.375543475151062, 0.33893269300460815, 0.375811368227005, 0.326312392950058, 0.3425535559654236], "val_accuracy": [0.3781818151473999, 0.6218181848526001, 0.5309090614318848, 0.6218181848526001, 0.5090909004211426, 0.4036363661289215, 0.6218181848526001, 0.3781818151473999, 0.6218181848526001, 0.3781818151473999, 0.6218181848526001, 0.6218181848526001, 0.6218181848526001, 0.6218181848526001, 0.578181803226471, 0.6218181848526001, 0.581818163394928, 0.4872727394104004, 0.6036363840103149, 0.4872727394104004, 0.6254545450210571, 0.5927272439002991, 0.39636364579200745, 0.6218181848526001, 0.4000000059604645, 0.5345454812049866, 0.5381818413734436, 0.614545464515686, 0.614545464515686, 0.5454545617103577, 0.5054545402526855, 0.585454523563385, 0.5527272820472717, 0.5309090614318848, 0.581818163394928, 0.49454545974731445, 0.5600000023841858, 0.5272727012634277, 0.4545454680919647, 0.578181803226471, 0.5163636207580566], "val_benchmark_1765": [171.0, 104.0, 129.0, 104.0, 135.0, 164.0, 104.0, 171.0, 104.0, 171.0, 104.0, 104.0, 104.0, 104.0, 116.0, 104.0, 115.0, 141.0, 109.0, 141.0, 103.0, 112.0, 166.0, 104.0, 165.0, 128.0, 127.0, 106.0, 106.0, 125.0, 136.0, 114.0, 123.0, 129.0, 115.0, 139.0, 121.0, 130.0, 150.0, 116.0, 133.0], "val_TP": [0.0, 171.0, 114.0, 171.0, 95.0, 39.0, 171.0, 1.0, 171.0, 0.0, 171.0, 171.0, 171.0, 171.0, 135.0, 171.0, 145.0, 62.0, 154.0, 72.0, 171.0, 160.0, 5.0, 171.0, 7.0, 90.0, 63.0, 107.0, 126.0, 126.0, 62.0, 144.0, 105.0, 66.0, 84.0, 46.0, 144.0, 77.0, 29.0, 105.0, 61.0],