{"loss": [0.6889719367027283, 0.6641249656677246, 0.6352940797805786, 0.6178752779960632, 0.6059440970420837, 0.5656131505966187, 0.5492252707481384, 0.5039086937904358, 0.4983638525009155, 0.48875442147254944, 0.44119778275489807, 0.40063199400901794, 0.3901297450065613, 0.35055261850357056, 0.2981402277946472, 0.3031533658504486, 0.3417927324771881, 0.2992638945579529, 0.24113871157169342, 0.2404639571905136, 0.17195366322994232, 0.1550161987543106, 0.11278264969587326, 0.09581097960472107, 0.0878593921661377, 0.06769997626543045, 0.12718619406223297, 0.10236415266990662, 0.11317875981330872, 0.1836271435022354, 0.13445934653282166, 0.09843800216913223, 0.05151302367448807, 0.024789586663246155, 0.03509163483977318, 0.021629372611641884, 0.0274302139878273, 0.012055729515850544, 0.008940798230469227, 0.02059289440512657, 0.02638954110443592, 0.018230928108096123, 0.014362369664013386, 0.010643529705703259, 0.014124936424195766, 0.011675775982439518, 0.033871542662382126, 0.0554373525083065], "accuracy": [0.5460250973701477, 0.6025104522705078, 0.6290097832679749, 0.6450487971305847, 0.6610878705978394, 0.6973500847816467, 0.7196652889251709, 0.7566248178482056, 0.7622036337852478, 0.7622036337852478, 0.7998605370521545, 0.8361227512359619, 0.831938624382019, 0.8556485176086426, 0.8863319158554077, 0.8723849654197693, 0.8556485176086426, 0.8779637217521667, 0.9058577418327332, 0.9044630527496338, 0.9365411400794983, 0.9435146450996399, 0.9630404710769653, 0.9721059799194336, 0.9755927324295044, 0.9748954176902771, 0.9497907757759094, 0.9616457223892212, 0.9553695917129517, 0.9288703203201294, 0.944212019443512, 0.9630404710769653, 0.9874476790428162, 0.9951185584068298, 0.9874476790428162, 0.9951185584068298, 0.9930264949798584, 0.9979079365730286, 0.9979079365730286, 0.9937238693237305, 0.990934431552887, 0.9951185584068298, 0.9965132474899292, 0.9972106218338013, 0.9958158731460571, 0.9965132474899292, 0.9888424277305603, 0.9804741740226746], "benchmark_114": [651.0, 570.0, 532.0, 509.0, 486.0, 434.0, 402.0, 349.0, 341.0, 341.0, 287.0, 235.0, 241.0, 207.0, 163.0, 183.0, 207.0, 175.0, 135.0, 137.0, 91.0, 81.0, 53.0, 40.0, 35.0, 36.0, 72.0, 55.0, 64.0, 102.0, 80.0, 53.0, 18.0, 7.0, 18.0, 7.0, 10.0, 3.0, 3.0, 9.0, 13.0, 7.0, 5.0, 4.0, 6.0, 5.0, 16.0, 28.0], "TP": [316.0, 407.0, 352.0, 394.0, 460.0, 466.0, 465.0, 507.0, 503.0, 509.0, 536.0, 575.0, 576.0, 583.0, 608.0, 612.0, 593.0, 620.0, 626.0, 634.0, 650.0, 665.0, 689.0, 688.0, 696.0, 693.0, 678.0, 684.0, 683.0, 660.0, 672.0, 683.0, 708.0, 713.0, 703.0, 711.0, 712.0, 717.0, 715.0, 713.0, 709.0, 713.0, 714.0, 716.0, 714.0, 715.0, 707.0, 703.0], "TN": [467.0, 457.0, 550.0, 531.0, 488.0, 534.0, 567.0, 578.0, 590.0, 584.0, 611.0, 624.0, 617.0, 644.0, 663.0, 639.0, 634.0, 639.0, 673.0, 663.0, 693.0, 688.0, 692.0, 706.0, 703.0, 705.0, 684.0, 695.0, 687.0, 672.0, 682.0, 698.0, 708.0, 714.0, 713.0, 716.0, 712.0, 714.0, 716.0, 712.0, 712.0, 714.0, 715.0, 714.0, 714.0, 714.0, 711.0, 703.0], "FP": [250.0, 260.0, 167.0, 186.0, 229.0, 183.0, 150.0, 139.0, 127.0, 133.0, 106.0, 93.0, 100.0, 73.0, 54.0, 78.0, 83.0, 78.0, 44.0, 54.0, 24.0, 29.0, 25.0, 11.0, 14.0, 12.0, 33.0, 22.0, 30.0, 45.0, 35.0, 19.0, 9.0, 3.0, 4.0, 1.0, 5.0, 3.0, 1.0, 5.0, 5.0, 3.0, 2.0, 3.0, 3.0, 3.0, 6.0, 14.0], "FN": [401.0, 310.0, 365.0, 323.0, 257.0, 251.0, 252.0, 210.0, 214.0, 208.0, 181.0, 142.0, 141.0, 134.0, 109.0, 105.0, 124.0, 97.0, 91.0, 83.0, 67.0, 52.0, 28.0, 29.0, 21.0, 24.0, 39.0, 33.0, 34.0, 57.0, 45.0, 34.0, 9.0, 4.0, 14.0, 6.0, 5.0, 0.0, 2.0, 4.0, 8.0, 4.0, 3.0, 1.0, 3.0, 2.0, 10.0, 14.0], "Precision": [0.5583038926124573, 0.6101949214935303, 0.6782273650169373, 0.6793103218078613, 0.6676342487335205, 0.7180277109146118, 0.7560975551605225, 0.7848297357559204, 0.7984126806259155, 0.7928348779678345, 0.8348909616470337, 0.8607784509658813, 0.8520709872245789, 0.8887194991111755, 0.9184290170669556, 0.886956512928009, 0.8772189617156982, 0.8882521390914917, 0.9343283772468567, 0.9215116500854492, 0.9643917083740234, 0.9582132697105408, 0.9649859666824341, 0.9842632412910461, 0.9802817106246948, 0.9829787015914917, 0.9535865187644958, 0.9688385128974915, 0.9579242467880249, 0.936170220375061, 0.9504950642585754, 0.9729344844818115, 0.9874476790428162, 0.9958100318908691, 0.9943422675132751, 0.9985954761505127, 0.9930264949798584, 0.9958333373069763, 0.998603343963623, 0.9930362105369568, 0.9929971694946289, 0.9958100318908691, 0.9972066879272461, 0.9958275556564331, 0.9958158731460571, 0.9958217144012451, 0.991584837436676, 0.9804741740226746], "Recall": [0.4407252371311188, 0.5676429271697998, 0.49093446135520935, 0.5495118498802185, 0.6415620446205139, 0.6499302387237549, 0.6485355496406555, 0.7071129679679871, 0.7015341520309448, 0.7099023461341858, 0.7475592494010925, 0.801952600479126, 0.8033472895622253, 0.8131101727485657, 0.8479776978492737, 0.8535565137863159, 0.8270571827888489, 0.8647140860557556, 0.8730822801589966, 0.884239912033081, 0.9065551161766052, 0.9274755716323853, 0.9609484076499939, 0.9595537185668945, 0.9707112908363342, 0.9665272235870361, 0.9456067085266113, 0.9539749026298523, 0.9525802135467529, 0.9205020666122437, 0.9372385144233704, 0.9525802135467529, 0.9874476790428162, 0.9944211840629578, 0.9804741740226746, 0.991631805896759, 0.9930264949798584, 1.0, 0.9972106218338013, 0.9944211840629578, 0.9888424277305603, 0.9944211840629578, 0.9958158731460571, 0.9986053109169006, 0.9958158731460571, 0.9972106218338013, 0.9860529899597168, 0.9804741740226746], "AUC": [0.5489321947097778, 0.6400049924850464, 0.6856186389923096, 0.7096290588378906, 0.7241663932800293, 0.7705104947090149, 0.786371648311615, 0.8298484683036804, 0.8338040709495544, 0.8399498462677002, 0.875336766242981, 0.8966209888458252, 0.8984679579734802, 0.9223977327346802, 0.9449143409729004, 0.9412824511528015, 0.9256325364112854, 0.9452555775642395, 0.9648786187171936, 0.9631192088127136, 0.9830234050750732, 0.9851640462875366, 0.9928611516952515, 0.9942927360534668, 0.9950242638587952, 0.9978729486465454, 0.9895455241203308, 0.993533194065094, 0.992242693901062, 0.9797438383102417, 0.988534152507782, 0.9941965341567993, 0.9993259906768799, 0.9999435544013977, 0.9995546340942383, 0.9999095797538757, 0.9996819496154785, 0.999982476234436, 0.9999921917915344, 0.9997053742408752, 0.9996489882469177, 0.9997966885566711, 0.9998783469200134, 0.9999708533287048, 0.9999104738235474, 0.9999533295631409, 0.9993240833282471, 0.9976736307144165], "val_loss": [0.6637023091316223, 0.6663551926612854, 0.732661247253418, 0.6954125761985779, 0.7370235919952393, 0.7768351435661316, 0.6980894207954407, 0.6582219004631042, 0.7793590426445007, 0.6529999375343323, 0.6394118666648865, 0.8469502329826355, 1.3863718509674072, 1.917080044746399, 1.1183418035507202, 1.4927330017089844, 0.8849371671676636, 3.516636610031128, 2.5536065101623535, 0.6661545634269714, 1.960835576057434, 3.077742338180542, 2.8926148414611816, 5.934861183166504, 4.3983612060546875, 2.274761915206909, 4.12612771987915, 1.4131940603256226, 1.6247117519378662, 1.809420108795166, 1.3741977214813232, 2.049600124359131, 2.6600706577301025, 1.5995808839797974, 1.6690164804458618, 2.018988609313965, 1.8656680583953857, 3.7451255321502686, 1.840828776359558, 5.13519287109375, 1.5743647813796997, 1.9434432983398438, 1.8373160362243652, 4.086287498474121, 2.0165083408355713, 2.475074291229248, 2.5049686431884766, 2.65331768989563],