{"loss": [0.6949998140335083, 0.6927139759063721, 0.6935299038887024, 0.6917617917060852, 0.6926551461219788, 0.6905112266540527, 0.6893725991249084, 0.6867281198501587, 0.6868241429328918, 0.6850683689117432, 0.6837499737739563, 0.6821708083152771, 0.679811954498291, 0.6791765093803406, 0.6745208501815796, 0.6748571395874023, 0.6695911884307861, 0.668442964553833, 0.6634849905967712, 0.6585580706596375, 0.6608498692512512, 0.6526952981948853, 0.652850866317749, 0.6513047218322754, 0.6488158702850342, 0.6422463655471802, 0.6417021155357361, 0.6336694359779358, 0.6335523724555969, 0.6369157433509827, 0.634148120880127, 0.6303041577339172, 0.6328328251838684, 0.628363847732544, 0.6233332753181458, 0.622591495513916, 0.6198047995567322, 0.6227078437805176, 0.6163915991783142, 0.6161301136016846, 0.6190053820610046, 0.6187613010406494, 0.6155588626861572, 0.6084984540939331, 0.6116185188293457, 0.6054774522781372, 0.6082730293273926, 0.6079434156417847, 0.6056468486785889, 0.6052446365356445, 0.6058283448219299, 0.6015287041664124, 0.5984491109848022, 0.5949780941009521, 0.5983292460441589, 0.5970283150672913], "accuracy": [0.5034867525100708, 0.4930264949798584, 0.49790793657302856, 0.525801956653595, 0.5076708793640137, 0.517433762550354, 0.5362622141838074, 0.5474197864532471, 0.5481171607971191, 0.5481171607971191, 0.5627614855766296, 0.5704323649406433, 0.5641562342643738, 0.5760111808776855, 0.5829846858978271, 0.5794979333877563, 0.6004183888435364, 0.6046025156974792, 0.6025104522705078, 0.6129707098007202, 0.616457462310791, 0.6185495257377625, 0.616457462310791, 0.6227335929870605, 0.6136680841445923, 0.6457461714744568, 0.6401673555374146, 0.6443514823913574, 0.6408647298812866, 0.6345885396003723, 0.6262203454971313, 0.6457461714744568, 0.633193850517273, 0.6366806030273438, 0.6478382349014282, 0.6520223021507263, 0.6457461714744568, 0.6436541080474854, 0.6464434862136841, 0.6485355496406555, 0.6415620446205139, 0.6569037437438965, 0.65969318151474, 0.6576011180877686, 0.6666666865348816, 0.6652719378471375, 0.6617852449417114, 0.6534169912338257, 0.6638772487640381, 0.6576011180877686, 0.6645746231079102, 0.6792189478874207, 0.6701534390449524, 0.6841003894805908, 0.6889818906784058, 0.6764295697212219], "benchmark_223": [712.0, 727.0, 720.0, 680.0, 706.0, 692.0, 665.0, 649.0, 648.0, 648.0, 627.0, 616.0, 625.0, 608.0, 598.0, 603.0, 573.0, 567.0, 570.0, 555.0, 550.0, 547.0, 550.0, 541.0, 554.0, 508.0, 516.0, 510.0, 515.0, 524.0, 536.0, 508.0, 526.0, 521.0, 505.0, 499.0, 508.0, 511.0, 507.0, 504.0, 514.0, 492.0, 488.0, 491.0, 478.0, 480.0, 485.0, 497.0, 482.0, 491.0, 481.0, 460.0, 473.0, 453.0, 446.0, 464.0], "TP": [386.0, 329.0, 372.0, 324.0, 368.0, 365.0, 343.0, 363.0, 361.0, 374.0, 392.0, 367.0, 388.0, 390.0, 383.0, 409.0, 431.0, 419.0, 423.0, 445.0, 442.0, 445.0, 422.0, 457.0, 429.0, 456.0, 463.0, 458.0, 459.0, 453.0, 436.0, 476.0, 448.0, 458.0, 451.0, 463.0, 451.0, 459.0, 463.0, 448.0, 463.0, 469.0, 472.0, 462.0, 468.0, 470.0, 463.0, 456.0, 469.0, 451.0, 468.0, 480.0, 473.0, 474.0, 486.0, 483.0], "TN": [336.0, 378.0, 342.0, 430.0, 360.0, 377.0, 426.0, 422.0, 425.0, 412.0, 415.0, 451.0, 421.0, 436.0, 453.0, 422.0, 430.0, 448.0, 441.0, 434.0, 442.0, 442.0, 462.0, 436.0, 451.0, 470.0, 455.0, 466.0, 460.0, 457.0, 462.0, 450.0, 460.0, 455.0, 478.0, 472.0, 475.0, 464.0, 464.0, 482.0, 457.0, 473.0, 474.0, 481.0, 488.0, 484.0, 486.0, 481.0, 483.0, 492.0, 485.0, 494.0, 488.0, 507.0, 502.0, 487.0], "FP": [381.0, 339.0, 375.0, 287.0, 357.0, 340.0, 291.0, 295.0, 292.0, 305.0, 302.0, 266.0, 296.0, 281.0, 264.0, 295.0, 287.0, 269.0, 276.0, 283.0, 275.0, 275.0, 255.0, 281.0, 266.0, 247.0, 262.0, 251.0, 257.0, 260.0, 255.0, 267.0, 257.0, 262.0, 239.0, 245.0, 242.0, 253.0, 253.0, 235.0, 260.0, 244.0, 243.0, 236.0, 229.0, 233.0, 231.0, 236.0, 234.0, 225.0, 232.0, 223.0, 229.0, 210.0, 215.0, 230.0], "FN": [331.0, 388.0, 345.0, 393.0, 349.0, 352.0, 374.0, 354.0, 356.0, 343.0, 325.0, 350.0, 329.0, 327.0, 334.0, 308.0, 286.0, 298.0, 294.0, 272.0, 275.0, 272.0, 295.0, 260.0, 288.0, 261.0, 254.0, 259.0, 258.0, 264.0, 281.0, 241.0, 269.0, 259.0, 266.0, 254.0, 266.0, 258.0, 254.0, 269.0, 254.0, 248.0, 245.0, 255.0, 249.0, 247.0, 254.0, 261.0, 248.0, 266.0, 249.0, 237.0, 244.0, 243.0, 231.0, 234.0], "Precision": [0.5032594799995422, 0.492514967918396, 0.49799197912216187, 0.530278205871582, 0.5075861811637878, 0.5177304744720459, 0.5410094857215881, 0.5516717433929443, 0.552833080291748, 0.5508100390434265, 0.5648415088653564, 0.5797788500785828, 0.567251443862915, 0.5812220573425293, 0.5919629335403442, 0.5809659361839294, 0.6002785563468933, 0.6090116500854492, 0.6051502227783203, 0.6112637519836426, 0.616457462310791, 0.6180555820465088, 0.6233382821083069, 0.6192411780357361, 0.6172661781311035, 0.6486486196517944, 0.6386206746101379, 0.6459802389144897, 0.6410614252090454, 0.635343611240387, 0.6309695839881897, 0.6406460404396057, 0.6354609727859497, 0.6361111402511597, 0.6536231637001038, 0.653954803943634, 0.6507936716079712, 0.6446629166603088, 0.6466480493545532, 0.6559297442436218, 0.6403872966766357, 0.6577839851379395, 0.6601398587226868, 0.6618911027908325, 0.6714490652084351, 0.6685633063316345, 0.6671469807624817, 0.6589595079421997, 0.6671408414840698, 0.6671597361564636, 0.668571412563324, 0.682788074016571, 0.6737892031669617, 0.6929824352264404, 0.6932953000068665, 0.6774193644523621], "Recall": [0.5383542776107788, 0.45885634422302246, 0.5188284516334534, 0.45188283920288086, 0.5132496356964111, 0.509065568447113, 0.4783821403980255, 0.5062761306762695, 0.5034867525100708, 0.5216178297996521, 0.5467224717140198, 0.5118549466133118, 0.5411436557769775, 0.5439330339431763, 0.5341701507568359, 0.5704323649406433, 0.6011157631874084, 0.5843793749809265, 0.589958131313324, 0.6206415891647339, 0.616457462310791, 0.6206415891647339, 0.5885634422302246, 0.6373779773712158, 0.5983263850212097, 0.6359832882881165, 0.6457461714744568, 0.6387726664543152, 0.6401673555374146, 0.6317991614341736, 0.60808926820755, 0.6638772487640381, 0.624825656414032, 0.6387726664543152, 0.6290097832679749, 0.6457461714744568, 0.6290097832679749, 0.6401673555374146, 0.6457461714744568, 0.624825656414032, 0.6457461714744568, 0.6541143655776978, 0.6582984924316406, 0.6443514823913574, 0.6527196764945984, 0.6555090546607971, 0.6457461714744568, 0.6359832882881165, 0.6541143655776978, 0.6290097832679749, 0.6527196764945984, 0.6694560647010803, 0.65969318151474, 0.6610878705978394, 0.6778242588043213, 0.6736401915550232], "AUC": [0.4882909655570984, 0.509300947189331, 0.508606493473053, 0.5306746363639832, 0.5216538906097412, 0.5346680879592896, 0.5474888682365417, 0.5727384090423584, 0.5693955421447754, 0.5742838382720947, 0.5861252546310425, 0.5924450755119324, 0.5993038415908813, 0.6004913449287415, 0.6195444464683533, 0.6157494187355042, 0.6319732666015625, 0.6370910406112671, 0.648379921913147, 0.6631556153297424, 0.6525805592536926, 0.6684504151344299, 0.6664730906486511, 0.6688637733459473, 0.6698957085609436, 0.68589186668396, 0.6828117966651917, 0.6952366232872009, 0.6952493190765381, 0.6869131922721863, 0.6898659467697144, 0.7016479969024658, 0.6931620836257935, 0.6991910934448242, 0.7074241638183594, 0.7082353234291077, 0.7132976651191711, 0.7074738144874573, 0.7162670493125916, 0.7152447700500488, 0.7115441560745239, 0.716096818447113, 0.7176812291145325, 0.7292521595954895, 0.7238046526908875, 0.7307071089744568, 0.7261106371879578, 0.7256360650062561, 0.7288251519203186, 0.7302237153053284, 0.7282435894012451, 0.7395810484886169, 0.7390092015266418, 0.74664306640625, 0.7418997883796692, 0.7418141961097717],