{"loss": [0.6952162384986877, 0.6931074857711792, 0.6928515434265137, 0.6929163932800293, 0.6903880834579468, 0.6876574754714966, 0.687028169631958, 0.6859791278839111, 0.6832407116889954, 0.6819307208061218, 0.6773664355278015, 0.6759688854217529, 0.6725948452949524, 0.6709055304527283, 0.6640260219573975, 0.6591111421585083, 0.6540807485580444, 0.6523939967155457, 0.6466692090034485, 0.6348231434822083, 0.6356867551803589, 0.6392920613288879, 0.6360166668891907, 0.6307651996612549, 0.6282973289489746, 0.6267248392105103, 0.6207177639007568, 0.6251469254493713, 0.6188386678695679, 0.6203604340553284, 0.6184916496276855, 0.6143128871917725, 0.6175676584243774, 0.6152908802032471, 0.6104089021682739, 0.6101998686790466, 0.6094249486923218, 0.6076688170433044, 0.6008317470550537, 0.6035485863685608, 0.5955653786659241, 0.5954352617263794, 0.5947132706642151, 0.5947599411010742, 0.5909831523895264, 0.5942831635475159, 0.5916436314582825, 0.5843624472618103], "accuracy": [0.4993026554584503, 0.508368194103241, 0.5132496356964111, 0.5237098932266235, 0.5299860239028931, 0.5369595289230347, 0.5383542776107788, 0.5446304082870483, 0.5411436557769775, 0.5543932914733887, 0.5711296796798706, 0.5781031847000122, 0.5892608165740967, 0.581589937210083, 0.6115760207176208, 0.6143653988838196, 0.6136680841445923, 0.6094839572906494, 0.616457462310791, 0.642259418964386, 0.6276150345802307, 0.6380752921104431, 0.6297070980072021, 0.6317991614341736, 0.633891224861145, 0.642259418964386, 0.6555090546607971, 0.650627613067627, 0.6520223021507263, 0.6485355496406555, 0.6520223021507263, 0.650627613067627, 0.6359832882881165, 0.6499302387237549, 0.6631799340248108, 0.6617852449417114, 0.6562064290046692, 0.6562064290046692, 0.6589958071708679, 0.6541143655776978, 0.6778242588043213, 0.6764295697212219, 0.6666666865348816, 0.6729428172111511, 0.6792189478874207, 0.6687586903572083, 0.6813110113143921, 0.6813110113143921], "benchmark_503": [718.0, 705.0, 698.0, 683.0, 674.0, 664.0, 662.0, 653.0, 658.0, 639.0, 615.0, 605.0, 589.0, 600.0, 557.0, 553.0, 554.0, 560.0, 550.0, 513.0, 534.0, 519.0, 531.0, 528.0, 525.0, 513.0, 494.0, 501.0, 499.0, 504.0, 499.0, 501.0, 522.0, 502.0, 483.0, 485.0, 493.0, 493.0, 489.0, 496.0, 462.0, 464.0, 478.0, 469.0, 460.0, 475.0, 457.0, 457.0], "TP": [383.0, 374.0, 319.0, 398.0, 342.0, 405.0, 340.0, 396.0, 368.0, 381.0, 382.0, 408.0, 403.0, 408.0, 436.0, 410.0, 463.0, 428.0, 442.0, 462.0, 453.0, 454.0, 445.0, 446.0, 443.0, 460.0, 474.0, 451.0, 459.0, 457.0, 473.0, 455.0, 453.0, 459.0, 477.0, 468.0, 456.0, 472.0, 467.0, 457.0, 479.0, 486.0, 474.0, 473.0, 474.0, 469.0, 488.0, 489.0], "TN": [333.0, 355.0, 417.0, 353.0, 418.0, 365.0, 432.0, 385.0, 408.0, 414.0, 437.0, 421.0, 442.0, 426.0, 441.0, 471.0, 417.0, 446.0, 442.0, 459.0, 447.0, 461.0, 458.0, 460.0, 466.0, 461.0, 466.0, 482.0, 476.0, 473.0, 462.0, 478.0, 459.0, 473.0, 474.0, 481.0, 485.0, 469.0, 478.0, 481.0, 493.0, 484.0, 482.0, 492.0, 500.0, 490.0, 489.0, 488.0], "FP": [384.0, 362.0, 300.0, 364.0, 299.0, 352.0, 285.0, 332.0, 309.0, 303.0, 280.0, 296.0, 275.0, 291.0, 276.0, 246.0, 300.0, 271.0, 275.0, 258.0, 270.0, 256.0, 259.0, 257.0, 251.0, 256.0, 251.0, 235.0, 241.0, 244.0, 255.0, 239.0, 258.0, 244.0, 243.0, 236.0, 232.0, 248.0, 239.0, 236.0, 224.0, 233.0, 235.0, 225.0, 217.0, 227.0, 228.0, 229.0], "FN": [334.0, 343.0, 398.0, 319.0, 375.0, 312.0, 377.0, 321.0, 349.0, 336.0, 335.0, 309.0, 314.0, 309.0, 281.0, 307.0, 254.0, 289.0, 275.0, 255.0, 264.0, 263.0, 272.0, 271.0, 274.0, 257.0, 243.0, 266.0, 258.0, 260.0, 244.0, 262.0, 264.0, 258.0, 240.0, 249.0, 261.0, 245.0, 250.0, 260.0, 238.0, 231.0, 243.0, 244.0, 243.0, 248.0, 229.0, 228.0], "Precision": [0.49934810400009155, 0.508152186870575, 0.5153473615646362, 0.5223097205162048, 0.5335413217544556, 0.535006582736969, 0.5440000295639038, 0.5439560413360596, 0.5435745716094971, 0.5570175647735596, 0.5770393013954163, 0.5795454382896423, 0.5943952798843384, 0.5836910009384155, 0.6123595237731934, 0.625, 0.6068152189254761, 0.6123033165931702, 0.616457462310791, 0.6416666507720947, 0.6265560388565063, 0.6394366025924683, 0.6321022510528564, 0.6344239115715027, 0.6383285522460938, 0.6424580812454224, 0.6537930965423584, 0.6574344038963318, 0.6557142734527588, 0.651925802230835, 0.6497252583503723, 0.6556196212768555, 0.6371307969093323, 0.6529160737991333, 0.6625000238418579, 0.6647727489471436, 0.6627907156944275, 0.6555555462837219, 0.6614730954170227, 0.6594516634941101, 0.6813655495643616, 0.6759387850761414, 0.6685472726821899, 0.6776504516601562, 0.6859623789787292, 0.6738505959510803, 0.6815642714500427, 0.6810584664344788], "Recall": [0.5341701507568359, 0.5216178297996521, 0.44490933418273926, 0.5550906658172607, 0.47698745131492615, 0.5648535490036011, 0.47419804334640503, 0.5523012280464172, 0.5132496356964111, 0.5313807725906372, 0.5327754616737366, 0.569037675857544, 0.5620641708374023, 0.569037675857544, 0.60808926820755, 0.5718270540237427, 0.6457461714744568, 0.5969316363334656, 0.616457462310791, 0.6443514823913574, 0.6317991614341736, 0.633193850517273, 0.6206415891647339, 0.6220362782478333, 0.6178521513938904, 0.6415620446205139, 0.6610878705978394, 0.6290097832679749, 0.6401673555374146, 0.6373779773712158, 0.65969318151474, 0.6345885396003723, 0.6317991614341736, 0.6401673555374146, 0.6652719378471375, 0.6527196764945984, 0.6359832882881165, 0.6582984924316406, 0.651324987411499, 0.6373779773712158, 0.668061375617981, 0.6778242588043213, 0.6610878705978394, 0.65969318151474, 0.6610878705978394, 0.6541143655776978, 0.6806136965751648, 0.6820083856582642], "AUC": [0.4977124333381653, 0.5160779356956482, 0.5207240581512451, 0.5199556946754456, 0.5418010950088501, 0.5561235547065735, 0.5604059100151062, 0.568009614944458, 0.5782783031463623, 0.5846789479255676, 0.6048835515975952, 0.6080280542373657, 0.6184503436088562, 0.6226918697357178, 0.6450926065444946, 0.6565701365470886, 0.6652593612670898, 0.6632480025291443, 0.6760804653167725, 0.6992213726043701, 0.6938632726669312, 0.6855174899101257, 0.6869958639144897, 0.6956110000610352, 0.6988828778266907, 0.7015526294708252, 0.7129387855529785, 0.7069008946418762, 0.712731659412384, 0.7117182016372681, 0.7129408121109009, 0.7201680541038513, 0.7114419341087341, 0.7160384058952332, 0.722868025302887, 0.7255581617355347, 0.7258878946304321, 0.7259753942489624, 0.7366943955421448, 0.7311944365501404, 0.7421943545341492, 0.7478101849555969, 0.7447018027305603, 0.7439178228378296, 0.7506034970283508, 0.7458202838897705, 0.7483918070793152, 0.7596427202224731], "val_loss": [0.698595404624939, 0.7052618861198425, 0.6955028176307678, 0.7086383104324341, 0.6983380317687988, 0.7138017416000366, 0.7056092619895935, 0.7130043506622314, 0.7217570543289185, 0.668778121471405, 0.6947177648544312, 0.7372318506240845, 0.6849343180656433, 0.684005856513977, 0.7372146248817444, 0.7007991671562195, 0.8559547066688538, 0.7958676815032959, 0.6054605841636658, 0.6429445743560791, 0.6593728065490723, 0.8704661130905151, 0.6053470373153687, 0.5940761566162109, 0.7072822451591492, 0.765941321849823, 0.6273919343948364, 0.5790271162986755, 0.6246123313903809, 0.6079976558685303, 0.6555477976799011, 0.692355215549469, 0.577851414680481, 0.6513810157775879, 0.6994033455848694, 0.6114790439605713, 0.661081850528717, 0.5758612751960754, 0.5753465890884399, 0.5693838596343994, 0.5679437518119812, 0.6036080121994019, 0.7740139961242676, 0.5652139782905579, 0.6091560125350952, 0.5684393048286438, 0.5699966549873352, 0.5887068510055542],