{"loss": [0.1833571046590805, 0.16959312558174133, 0.16364167630672455, 0.15883474051952362, 0.1553851068019867, 0.1478351354598999, 0.1435754895210266, 0.1368991881608963, 0.12712818384170532, 0.12091583758592606, 0.11153195053339005, 0.09653674811124802, 0.0918087288737297, 0.07917480915784836, 0.06750492751598358, 0.054457809776067734, 0.05184872820973396, 0.04884016886353493, 0.03870459645986557, 0.03458502143621445, 0.027475319802761078, 0.04080125316977501, 0.01797615922987461, 0.022913841530680656, 0.02441561408340931, 0.03463510796427727, 0.014048992656171322, 0.020774491131305695, 0.01584753394126892, 0.023339280858635902, 0.015698229894042015, 0.019378051161766052, 0.013520998880267143, 0.02522892691195011], "accuracy": [0.5697349905967712, 0.5913528800010681, 0.6227335929870605, 0.6492329239845276, 0.6520223021507263, 0.6931659579277039, 0.7078103423118591, 0.7350069880485535, 0.749651312828064, 0.7768479585647583, 0.8005578517913818, 0.8410041928291321, 0.8535565137863159, 0.874476969242096, 0.8863319158554077, 0.9121338725090027, 0.9253835678100586, 0.9198047518730164, 0.9449093341827393, 0.9490934610366821, 0.9546722173690796, 0.9379358291625977, 0.9790794849395752, 0.9658298492431641, 0.965132474899292, 0.9588563442230225, 0.9839609265327454, 0.973500669002533, 0.9755927324295044, 0.9644351601600647, 0.9832636117935181, 0.9700139760971069, 0.9769874215126038, 0.9665272235870361], "benchmark_275": [617.0, 586.0, 541.0, 503.0, 499.0, 440.0, 419.0, 380.0, 359.0, 320.0, 286.0, 228.0, 210.0, 180.0, 163.0, 126.0, 107.0, 115.0, 79.0, 73.0, 65.0, 89.0, 30.0, 49.0, 50.0, 59.0, 23.0, 38.0, 35.0, 51.0, 24.0, 43.0, 33.0, 48.0], "TP": [406.0, 400.0, 427.0, 450.0, 452.0, 477.0, 496.0, 499.0, 533.0, 551.0, 564.0, 593.0, 606.0, 628.0, 631.0, 646.0, 665.0, 658.0, 671.0, 681.0, 683.0, 674.0, 701.0, 691.0, 690.0, 690.0, 705.0, 697.0, 699.0, 693.0, 703.0, 695.0, 699.0, 691.0], "TN": [411.0, 448.0, 466.0, 481.0, 483.0, 517.0, 519.0, 555.0, 542.0, 563.0, 584.0, 613.0, 618.0, 626.0, 640.0, 662.0, 662.0, 661.0, 684.0, 680.0, 686.0, 671.0, 703.0, 694.0, 694.0, 685.0, 706.0, 699.0, 700.0, 690.0, 707.0, 696.0, 702.0, 695.0], "FP": [306.0, 269.0, 251.0, 236.0, 234.0, 200.0, 198.0, 162.0, 175.0, 154.0, 133.0, 104.0, 99.0, 91.0, 77.0, 55.0, 55.0, 56.0, 33.0, 37.0, 31.0, 46.0, 14.0, 23.0, 23.0, 32.0, 11.0, 18.0, 17.0, 27.0, 10.0, 21.0, 15.0, 22.0], "FN": [311.0, 317.0, 290.0, 267.0, 265.0, 240.0, 221.0, 218.0, 184.0, 166.0, 153.0, 124.0, 111.0, 89.0, 86.0, 71.0, 52.0, 59.0, 46.0, 36.0, 34.0, 43.0, 16.0, 26.0, 27.0, 27.0, 12.0, 20.0, 18.0, 24.0, 14.0, 22.0, 18.0, 26.0], "Precision": [0.5702247023582458, 0.597907304763794, 0.6297935247421265, 0.6559766530990601, 0.6588921546936035, 0.7045789957046509, 0.7146974205970764, 0.754916787147522, 0.7528248429298401, 0.7815603017807007, 0.8091822266578674, 0.8507890701293945, 0.8595744967460632, 0.8734353184700012, 0.8912429213523865, 0.9215406775474548, 0.9236111044883728, 0.9215686321258545, 0.953125, 0.9484679698944092, 0.9565826058387756, 0.9361110925674438, 0.9804195761680603, 0.9677870869636536, 0.9677419066429138, 0.9556786417961121, 0.9846368432044983, 0.9748252034187317, 0.9762569665908813, 0.9624999761581421, 0.9859747290611267, 0.9706704020500183, 0.9789915680885315, 0.9691444635391235], "Recall": [0.5662482380867004, 0.5578800439834595, 0.5955369472503662, 0.6276150345802307, 0.6304044723510742, 0.6652719378471375, 0.6917712688446045, 0.6959553956985474, 0.7433751821517944, 0.7684797644615173, 0.7866109013557434, 0.8270571827888489, 0.8451882600784302, 0.8758716583251953, 0.8800557851791382, 0.900976300239563, 0.9274755716323853, 0.9177126884460449, 0.9358437657356262, 0.9497907757759094, 0.9525802135467529, 0.9400278925895691, 0.9776847958564758, 0.9637377858161926, 0.9623430967330933, 0.9623430967330933, 0.9832636117935181, 0.9721059799194336, 0.9748954176902771, 0.9665272235870361, 0.9804741740226746, 0.9693166017532349, 0.9748954176902771, 0.9637377858161926], "AUC": [0.5912702083587646, 0.6254335045814514, 0.6771288514137268, 0.7025262117385864, 0.720237135887146, 0.7602497339248657, 0.7739010453224182, 0.8044705986976624, 0.8360965251922607, 0.855248749256134, 0.8814796209335327, 0.9181532859802246, 0.9228644967079163, 0.9439775943756104, 0.9595060348510742, 0.9749225974082947, 0.976928174495697, 0.9796348810195923, 0.987165629863739, 0.9897012114524841, 0.99351567029953, 0.9865305423736572, 0.9968342781066895, 0.9955834746360779, 0.9948967695236206, 0.9909412264823914, 0.9983203411102295, 0.99626225233078, 0.9978943467140198, 0.9956573843955994, 0.9978039264678955, 0.9968546032905579, 0.9984642863273621, 0.9950942993164062], "val_loss": [0.19992028176784515, 0.16922540962696075, 0.31900840997695923, 0.19858400523662567, 0.18773679435253143, 0.3480513095855713, 0.28280192613601685, 0.37152549624443054, 0.42804673314094543, 0.33330675959587097, 0.7123889923095703, 0.17643120884895325, 0.35775452852249146, 0.16480548679828644, 0.7011529803276062, 1.3762127161026, 0.4162690341472626, 1.181779146194458, 2.0397253036499023, 1.2964422702789307, 0.4179513156414032, 0.967634916305542, 0.8505505919456482, 6.762817859649658, 0.34729310870170593, 0.45834219455718994, 1.998327374458313, 1.5154885053634644, 2.7110302448272705, 0.45868420600891113, 0.604665219783783, 0.7036104798316956, 0.5325074195861816, 0.43436652421951294], "val_accuracy": [0.3781818151473999, 0.5381818413734436, 0.3781818151473999, 0.3781818151473999, 0.6218181848526001, 0.3781818151473999, 0.3781818151473999, 0.3781818151473999, 0.3781818151473999, 0.38181817531585693, 0.389090895652771, 0.6472727060317993, 0.45818182826042175, 0.7090908885002136, 0.40727272629737854, 0.614545464515686, 0.5927272439002991, 0.43272727727890015, 0.389090895652771, 0.6436363458633423, 0.6800000071525574, 0.5054545402526855, 0.5709090828895569, 0.6218181848526001, 0.7090908885002136, 0.6545454263687134, 0.6254545450210571, 0.610909104347229, 0.4399999976158142, 0.6254545450210571, 0.5309090614318848, 0.614545464515686, 0.6872727274894714, 0.6254545450210571], "val_benchmark_275": [171.0, 127.0, 171.0, 171.0, 104.0, 171.0, 171.0, 171.0, 171.0, 170.0, 168.0, 97.0, 149.0, 80.0, 163.0, 106.0, 112.0, 156.0, 168.0, 98.0, 88.0, 136.0, 118.0, 104.0, 80.0, 95.0, 103.0, 107.0, 154.0, 103.0, 129.0, 106.0, 86.0, 103.0], "val_TP": [0.0, 89.0, 0.0, 0.0, 171.0, 0.0, 0.0, 0.0, 0.0, 1.0, 3.0, 106.0, 24.0, 135.0, 9.0, 164.0, 78.0, 16.0, 3.0, 167.0, 151.0, 38.0, 70.0, 171.0, 148.0, 149.0, 171.0, 168.0, 18.0, 93.0, 63.0, 129.0, 146.0, 134.0], "val_TN": [104.0, 59.0, 104.0, 104.0, 0.0, 104.0, 104.0, 104.0, 104.0, 104.0, 104.0, 72.0, 102.0, 60.0, 103.0, 5.0, 85.0, 103.0, 104.0, 10.0, 36.0, 101.0, 87.0, 0.0, 47.0, 31.0, 1.0, 0.0, 103.0, 79.0, 83.0, 40.0, 43.0, 38.0], "val_FP": [0.0, 45.0, 0.0, 0.0, 104.0, 0.0, 0.0, 0.0, 0.0, 0.0, 0.0, 32.0, 2.0, 44.0, 1.0, 99.0, 19.0, 1.0, 0.0, 94.0, 68.0, 3.0, 17.0, 104.0, 57.0, 73.0, 103.0, 104.0, 1.0, 25.0, 21.0, 64.0, 61.0, 66.0], "val_FN": [171.0, 82.0, 171.0, 171.0, 0.0, 171.0, 171.0, 171.0, 171.0, 170.0, 168.0, 65.0, 147.0, 36.0, 162.0, 7.0, 93.0, 155.0, 168.0, 4.0, 20.0, 133.0, 101.0, 0.0, 23.0, 22.0, 0.0, 3.0, 153.0, 78.0, 108.0, 42.0, 25.0, 37.0], "val_Precision": [0.0, 0.6641790866851807, 0.0, 0.0, 0.6218181848526001, 0.0, 0.0, 0.0, 0.0, 1.0, 1.0, 0.7681159377098083, 0.9230769276618958, 0.7541899681091309, 0.8999999761581421, 0.6235741376876831, 0.8041236996650696, 0.9411764740943909, 1.0, 0.6398467421531677, 0.689497709274292, 0.9268292784690857, 0.8045976758003235, 0.6218181848526001, 0.7219512462615967, 0.6711711883544922, 0.6240875720977783, 0.6176470518112183, 0.9473684430122375, 0.7881355881690979, 0.75, 0.6683937907218933, 0.7053139805793762, 0.6700000166893005],