{"loss": [0.3668006360530853, 0.36341574788093567, 0.3756049573421478, 0.37329936027526855, 0.36649367213249207, 0.36639466881752014, 0.37696558237075806, 0.36831873655319214, 0.3713175058364868, 0.3649504780769348, 0.3715716600418091, 0.3715907633304596, 0.36410650610923767, 0.36753353476524353, 0.3723551332950592, 0.3666594624519348, 0.37972742319107056, 0.3601245880126953, 0.3619755506515503, 0.36577585339546204, 0.36917194724082947, 0.36496448516845703, 0.3671971559524536, 0.3712172210216522, 0.36624422669410706, 0.37072816491127014, 0.3633732199668884, 0.36452293395996094, 0.35632625222206116, 0.35753393173217773, 0.36251235008239746, 0.36232444643974304], "accuracy": [0.48814505338668823, 0.5097628831863403, 0.4679218828678131, 0.48465830087661743, 0.5041841268539429, 0.5013946890830994, 0.49511855840682983, 0.47768479585647583, 0.48465830087661743, 0.5202231407165527, 0.48814505338668823, 0.48326361179351807, 0.508368194103241, 0.4965132474899292, 0.4748953878879547, 0.48814505338668823, 0.4714086353778839, 0.5041841268539429, 0.4958159029483795, 0.5097628831863403, 0.4895397424697876, 0.5097628831863403, 0.49790793657302856, 0.49093446135520935, 0.49860531091690063, 0.48814505338668823, 0.5125523209571838, 0.5076708793640137, 0.5383542776107788, 0.5111575722694397, 0.5306833982467651, 0.5048814415931702], "benchmark_1475": [734.0, 703.0, 763.0, 739.0, 711.0, 715.0, 724.0, 749.0, 739.0, 688.0, 734.0, 741.0, 705.0, 722.0, 753.0, 734.0, 758.0, 711.0, 723.0, 703.0, 732.0, 703.0, 720.0, 730.0, 719.0, 734.0, 699.0, 706.0, 662.0, 701.0, 673.0, 710.0], "TP": [368.0, 377.0, 321.0, 351.0, 361.0, 348.0, 356.0, 365.0, 370.0, 385.0, 355.0, 313.0, 355.0, 370.0, 310.0, 364.0, 345.0, 332.0, 320.0, 378.0, 356.0, 392.0, 379.0, 343.0, 349.0, 381.0, 356.0, 361.0, 384.0, 376.0, 345.0, 363.0], "TN": [332.0, 354.0, 350.0, 344.0, 362.0, 371.0, 354.0, 320.0, 325.0, 361.0, 345.0, 380.0, 374.0, 342.0, 371.0, 336.0, 331.0, 391.0, 391.0, 353.0, 346.0, 339.0, 335.0, 361.0, 366.0, 319.0, 379.0, 367.0, 388.0, 357.0, 416.0, 361.0], "FP": [385.0, 363.0, 367.0, 373.0, 355.0, 346.0, 363.0, 397.0, 392.0, 356.0, 372.0, 337.0, 343.0, 375.0, 346.0, 381.0, 386.0, 326.0, 326.0, 364.0, 371.0, 378.0, 382.0, 356.0, 351.0, 398.0, 338.0, 350.0, 329.0, 360.0, 301.0, 356.0], "FN": [349.0, 340.0, 396.0, 366.0, 356.0, 369.0, 361.0, 352.0, 347.0, 332.0, 362.0, 404.0, 362.0, 347.0, 407.0, 353.0, 372.0, 385.0, 397.0, 339.0, 361.0, 325.0, 338.0, 374.0, 368.0, 336.0, 361.0, 356.0, 333.0, 341.0, 372.0, 354.0], "Precision": [0.4887118339538574, 0.5094594359397888, 0.46656978130340576, 0.484806627035141, 0.5041899681091309, 0.5014409422874451, 0.49513211846351624, 0.47900262475013733, 0.48556429147720337, 0.519568145275116, 0.4883081018924713, 0.48153847455978394, 0.5085960030555725, 0.4966442883014679, 0.47256097197532654, 0.4885905981063843, 0.4719562232494354, 0.5045592784881592, 0.495356023311615, 0.5094339847564697, 0.4896836280822754, 0.5090909004211426, 0.4980289041996002, 0.49070098996162415, 0.4985714256763458, 0.4890885651111603, 0.5129683017730713, 0.5077356100082397, 0.538569450378418, 0.510869562625885, 0.5340557098388672, 0.5048678517341614], "Recall": [0.5132496356964111, 0.525801956653595, 0.4476987421512604, 0.4895397424697876, 0.5034867525100708, 0.4853556454181671, 0.4965132474899292, 0.509065568447113, 0.5160390734672546, 0.5369595289230347, 0.49511855840682983, 0.4365411400794983, 0.49511855840682983, 0.5160390734672546, 0.4323570430278778, 0.5076708793640137, 0.48117154836654663, 0.46304044127464294, 0.446304053068161, 0.5271966457366943, 0.4965132474899292, 0.5467224717140198, 0.5285913348197937, 0.4783821403980255, 0.4867503345012665, 0.5313807725906372, 0.4965132474899292, 0.5034867525100708, 0.5355648398399353, 0.5244072675704956, 0.48117154836654663, 0.5062761306762695], "AUC": [0.4983008801937103, 0.515816330909729, 0.46527060866355896, 0.48235034942626953, 0.5055185556411743, 0.5027971267700195, 0.4718375504016876, 0.49106475710868835, 0.4888443648815155, 0.5186523795127869, 0.48159170150756836, 0.4809439480304718, 0.5097434520721436, 0.498370885848999, 0.4798828959465027, 0.4953412711620331, 0.45419663190841675, 0.5177323222160339, 0.5156627297401428, 0.5025161504745483, 0.49013984203338623, 0.5057830810546875, 0.4985732138156891, 0.4853604733943939, 0.49380066990852356, 0.478443443775177, 0.5153514742851257, 0.5081230998039246, 0.5445341467857361, 0.5248127579689026, 0.5214991569519043, 0.5113939046859741], "val_loss": [0.33679434657096863, 0.34438279271125793, 0.3412838578224182, 0.3441774845123291, 0.34304553270339966, 0.3401377499103546, 0.33948448300361633, 0.3387147784233093, 0.338997483253479, 0.34401735663414, 0.35356202721595764, 0.34610602259635925, 0.3400942385196686, 0.3536657989025116, 0.34136897325515747, 0.34316152334213257, 0.3534336984157562, 0.34623539447784424, 0.34098660945892334, 0.3431713581085205, 0.34178397059440613, 0.3465471863746643, 0.34850212931632996, 0.3484174609184265, 0.33945804834365845, 0.34815624356269836, 0.3461126685142517, 0.3452305495738983, 0.3463461697101593, 0.3545204997062683, 0.3433491885662079, 0.3487735986709595], "val_accuracy": [0.6218181848526001, 0.6218181848526001, 0.6218181848526001, 0.6218181848526001, 0.6218181848526001, 0.6218181848526001, 0.6218181848526001, 0.6218181848526001, 0.6218181848526001, 0.6218181848526001, 0.3781818151473999, 0.6290909051895142, 0.6218181848526001, 0.3781818151473999, 0.6218181848526001, 0.6218181848526001, 0.3781818151473999, 0.5272727012634277, 0.6218181848526001, 0.6218181848526001, 0.6218181848526001, 0.4872727394104004, 0.4145454466342926, 0.4290909171104431, 0.6218181848526001, 0.4399999976158142, 0.5127272605895996, 0.5418182015419006, 0.5054545402526855, 0.3781818151473999, 0.6218181848526001, 0.4399999976158142], "val_benchmark_1475": [104.0, 104.0, 104.0, 104.0, 104.0, 104.0, 104.0, 104.0, 104.0, 104.0, 171.0, 102.0, 104.0, 171.0, 104.0, 104.0, 171.0, 130.0, 104.0, 104.0, 104.0, 141.0, 161.0, 157.0, 104.0, 154.0, 134.0, 126.0, 136.0, 171.0, 104.0, 154.0], "val_TP": [171.0, 171.0, 171.0, 171.0, 171.0, 171.0, 171.0, 171.0, 171.0, 171.0, 0.0, 171.0, 171.0, 0.0, 171.0, 171.0, 0.0, 95.0, 171.0, 171.0, 171.0, 64.0, 13.0, 19.0, 171.0, 24.0, 79.0, 115.0, 72.0, 0.0, 166.0, 23.0], "val_TN": [0.0, 0.0, 0.0, 0.0, 0.0, 0.0, 0.0, 0.0, 0.0, 0.0, 104.0, 2.0, 0.0, 104.0, 0.0, 0.0, 104.0, 50.0, 0.0, 0.0, 0.0, 70.0, 101.0, 99.0, 0.0, 97.0, 62.0, 34.0, 67.0, 104.0, 5.0, 98.0], "val_FP": [104.0, 104.0, 104.0, 104.0, 104.0, 104.0, 104.0, 104.0, 104.0, 104.0, 0.0, 102.0, 104.0, 0.0, 104.0, 104.0, 0.0, 54.0, 104.0, 104.0, 104.0, 34.0, 3.0, 5.0, 104.0, 7.0, 42.0, 70.0, 37.0, 0.0, 99.0, 6.0], "val_FN": [0.0, 0.0, 0.0, 0.0, 0.0, 0.0, 0.0, 0.0, 0.0, 0.0, 171.0, 0.0, 0.0, 171.0, 0.0, 0.0, 171.0, 76.0, 0.0, 0.0, 0.0, 107.0, 158.0, 152.0, 0.0, 147.0, 92.0, 56.0, 99.0, 171.0, 5.0, 148.0], "val_Precision": [0.6218181848526001, 0.6218181848526001, 0.6218181848526001, 0.6218181848526001, 0.6218181848526001, 0.6218181848526001, 0.6218181848526001, 0.6218181848526001, 0.6218181848526001, 0.6218181848526001, 0.0, 0.6263736486434937, 0.6218181848526001, 0.0, 0.6218181848526001, 0.6218181848526001, 0.0, 0.6375839114189148, 0.6218181848526001, 0.6218181848526001, 0.6218181848526001, 0.6530612111091614, 0.8125, 0.7916666865348816, 0.6218181848526001, 0.774193525314331, 0.6528925895690918, 0.6216216087341309, 0.6605504751205444, 0.0, 0.6264150738716125, 0.7931034564971924], "val_Recall": [1.0, 1.0, 1.0, 1.0, 1.0, 1.0, 1.0, 1.0, 1.0, 1.0, 0.0, 1.0, 1.0, 0.0, 1.0, 1.0, 0.0, 0.5555555820465088, 1.0, 1.0, 1.0, 0.3742690086364746, 0.0760233923792839, 0.1111111119389534, 1.0, 0.14035087823867798, 0.46198830008506775, 0.6725146174430847, 0.42105263471603394, 0.0, 0.9707602262496948, 0.13450291752815247],