{"loss": [0.17589187622070312, 0.17571671307086945, 0.17301693558692932, 0.1705210953950882, 0.16574972867965698, 0.16325236856937408, 0.16016246378421783, 0.15679720044136047, 0.15480998158454895, 0.15007568895816803, 0.14746232330799103, 0.14829273521900177, 0.14130254089832306, 0.13819026947021484, 0.13652294874191284, 0.13024255633354187, 0.13023535907268524, 0.12492258101701736, 0.12332011759281158, 0.12200796604156494, 0.11781147122383118, 0.1129750981926918, 0.10646402835845947, 0.1009809747338295, 0.0987469032406807, 0.09799034893512726, 0.08864350616931915, 0.08815762400627136, 0.08780710399150848, 0.0796976387500763, 0.07525714486837387, 0.07127106189727783, 0.06806901842355728, 0.06100313365459442, 0.06208445504307747, 0.06528395414352417, 0.059998054057359695, 0.05087827146053314, 0.05196281149983406], "accuracy": [0.508368194103241, 0.5013946890830994, 0.5369595289230347, 0.5488144755363464, 0.5976290106773376, 0.6220362782478333, 0.6415620446205139, 0.6478382349014282, 0.6666666865348816, 0.6861924529075623, 0.6861924529075623, 0.6750348806381226, 0.7147838473320007, 0.7210599780082703, 0.7301255464553833, 0.7440724968910217, 0.7454672455787659, 0.7601115703582764, 0.7615062594413757, 0.7649930119514465, 0.776150643825531, 0.7928870320320129, 0.8026499152183533, 0.8221757411956787, 0.8291492462158203, 0.8305439352989197, 0.8410041928291321, 0.8451882600784302, 0.8465830087661743, 0.8619247078895569, 0.866806149482727, 0.8793584108352661, 0.8953974843025208, 0.909344494342804, 0.8988842368125916, 0.8905160427093506, 0.9086471199989319, 0.9156206250190735, 0.9225941300392151], "benchmark_741": [705.0, 715.0, 664.0, 647.0, 577.0, 542.0, 514.0, 505.0, 478.0, 450.0, 450.0, 466.0, 409.0, 400.0, 387.0, 367.0, 365.0, 344.0, 342.0, 337.0, 321.0, 297.0, 283.0, 255.0, 245.0, 243.0, 228.0, 222.0, 220.0, 198.0, 191.0, 173.0, 150.0, 130.0, 145.0, 157.0, 131.0, 121.0, 111.0], "TP": [328.0, 356.0, 317.0, 366.0, 408.0, 448.0, 450.0, 455.0, 476.0, 493.0, 497.0, 478.0, 503.0, 510.0, 535.0, 537.0, 544.0, 538.0, 546.0, 551.0, 559.0, 569.0, 577.0, 589.0, 591.0, 596.0, 595.0, 604.0, 597.0, 620.0, 617.0, 634.0, 637.0, 651.0, 648.0, 637.0, 653.0, 655.0, 658.0], "TN": [401.0, 363.0, 453.0, 421.0, 449.0, 444.0, 470.0, 474.0, 480.0, 491.0, 487.0, 490.0, 522.0, 524.0, 512.0, 530.0, 525.0, 552.0, 546.0, 546.0, 554.0, 568.0, 574.0, 590.0, 598.0, 595.0, 611.0, 608.0, 617.0, 616.0, 626.0, 627.0, 647.0, 653.0, 641.0, 640.0, 650.0, 658.0, 665.0], "FP": [316.0, 354.0, 264.0, 296.0, 268.0, 273.0, 247.0, 243.0, 237.0, 226.0, 230.0, 227.0, 195.0, 193.0, 205.0, 187.0, 192.0, 165.0, 171.0, 171.0, 163.0, 149.0, 143.0, 127.0, 119.0, 122.0, 106.0, 109.0, 100.0, 101.0, 91.0, 90.0, 70.0, 64.0, 76.0, 77.0, 67.0, 59.0, 52.0], "FN": [389.0, 361.0, 400.0, 351.0, 309.0, 269.0, 267.0, 262.0, 241.0, 224.0, 220.0, 239.0, 214.0, 207.0, 182.0, 180.0, 173.0, 179.0, 171.0, 166.0, 158.0, 148.0, 140.0, 128.0, 126.0, 121.0, 122.0, 113.0, 120.0, 97.0, 100.0, 83.0, 80.0, 66.0, 69.0, 80.0, 64.0, 62.0, 59.0], "Precision": [0.5093167424201965, 0.5014084577560425, 0.5456110239028931, 0.5528700947761536, 0.6035503149032593, 0.6213592290878296, 0.6456241011619568, 0.6518624424934387, 0.6676017045974731, 0.6856745481491089, 0.6836313605308533, 0.6780141592025757, 0.7206303477287292, 0.7254623174667358, 0.7229729890823364, 0.7417126893997192, 0.739130437374115, 0.7652916312217712, 0.7615062594413757, 0.7631579041481018, 0.7742382287979126, 0.7924790978431702, 0.8013888597488403, 0.8226256966590881, 0.8323943614959717, 0.8300835490226746, 0.8487874269485474, 0.8471248149871826, 0.8565279841423035, 0.8599168062210083, 0.8714689016342163, 0.8756905794143677, 0.9009901285171509, 0.9104894995689392, 0.8950276374816895, 0.8921568393707275, 0.9069444537162781, 0.9173669219017029, 0.9267605543136597], "Recall": [0.4574616551399231, 0.4965132474899292, 0.4421199560165405, 0.5104602575302124, 0.569037675857544, 0.624825656414032, 0.6276150345802307, 0.6345885396003723, 0.6638772487640381, 0.6875871419906616, 0.6931659579277039, 0.6666666865348816, 0.7015341520309448, 0.7112970948219299, 0.7461645603179932, 0.7489539980888367, 0.758716881275177, 0.750348687171936, 0.7615062594413757, 0.7684797644615173, 0.7796373963356018, 0.793584406375885, 0.8047419786453247, 0.8214783668518066, 0.8242678046226501, 0.8312413096427917, 0.8298465609550476, 0.8423988819122314, 0.8326359987258911, 0.8647140860557556, 0.8605299592018127, 0.884239912033081, 0.8884239792823792, 0.9079498052597046, 0.9037656784057617, 0.8884239792823792, 0.9107391834259033, 0.913528561592102, 0.9177126884460449], "AUC": [0.5200792551040649, 0.5098232626914978, 0.5514551401138306, 0.5863001942634583, 0.647967517375946, 0.664060115814209, 0.6886443495750427, 0.7085873484611511, 0.7207331657409668, 0.7504761219024658, 0.7581196427345276, 0.7497738599777222, 0.7881476283073425, 0.8000229597091675, 0.8082132339477539, 0.8277341723442078, 0.8290442228317261, 0.8432090878486633, 0.8480263352394104, 0.8523786664009094, 0.8647665977478027, 0.8763716220855713, 0.8894899487495422, 0.9051253795623779, 0.9078680872917175, 0.9110270738601685, 0.9271332025527954, 0.9299148917198181, 0.9309079051017761, 0.9432802200317383, 0.9487813115119934, 0.9551595449447632, 0.9589613676071167, 0.9675931930541992, 0.9664386510848999, 0.9620999693870544, 0.9684635400772095, 0.9774338006973267, 0.9765089750289917], "val_loss": [0.18737533688545227, 0.18076786398887634, 0.17365677654743195, 0.24259740114212036, 0.17359451949596405, 0.17231051623821259, 0.1567765176296234, 0.1596037745475769, 0.1578349620103836, 0.17391373217105865, 0.16301603615283966, 0.21334034204483032, 0.19913186132907867, 0.15713651478290558, 0.2605134844779968, 0.17895659804344177, 0.2885591685771942, 0.2742365300655365, 0.19029736518859863, 0.2930419445037842, 0.18360430002212524, 0.2116355150938034, 0.20641356706619263, 0.24897736310958862, 0.24774298071861267, 0.2576422393321991, 0.23465457558631897, 0.3426959216594696, 0.20736223459243774, 0.29164832830429077, 0.2844928205013275, 0.8072055578231812, 0.4869566261768341, 0.3835216164588928, 0.7031243443489075, 0.38989952206611633, 0.35141685605049133, 0.31326761841773987, 0.873748242855072], "val_accuracy": [0.3781818151473999, 0.3781818151473999, 0.3781818151473999, 0.3781818151473999, 0.5163636207580566, 0.5309090614318848, 0.6472727060317993, 0.614545464515686, 0.6363636255264282, 0.6363636255264282, 0.6436363458633423, 0.5636363625526428, 0.578181803226471, 0.6654545664787292, 0.5127272605895996, 0.6690909266471863, 0.5054545402526855, 0.5636363625526428, 0.6981818079948425, 0.5454545617103577, 0.6581818461418152, 0.6327272653579712, 0.6945454478263855, 0.585454523563385, 0.614545464515686, 0.578181803226471, 0.6727272868156433, 0.5454545617103577, 0.6690909266471863, 0.6399999856948853, 0.6399999856948853, 0.5018181800842285, 0.5199999809265137, 0.6000000238418579, 0.5090909004211426, 0.5709090828895569, 0.6618182063102722, 0.6327272653579712, 0.5236363410949707], "val_benchmark_741": [171.0, 171.0, 171.0, 171.0, 133.0, 129.0, 97.0, 106.0, 100.0, 100.0, 98.0, 120.0, 116.0, 92.0, 134.0, 91.0, 136.0, 120.0, 83.0, 125.0, 94.0, 101.0, 84.0, 114.0, 106.0, 116.0, 90.0, 125.0, 91.0, 99.0, 99.0, 137.0, 132.0, 110.0, 135.0, 118.0, 93.0, 101.0, 131.0], "val_TP": [0.0, 0.0, 0.0, 0.0, 115.0, 56.0, 133.0, 104.0, 94.0, 168.0, 102.0, 61.0, 75.0, 125.0, 41.0, 152.0, 37.0, 71.0, 158.0, 59.0, 127.0, 91.0, 159.0, 71.0, 93.0, 82.0, 129.0, 56.0, 125.0, 116.0, 112.0, 39.0, 61.0, 91.0, 42.0, 80.0, 134.0, 104.0, 51.0], "val_TN": [104.0, 104.0, 104.0, 104.0, 27.0, 90.0, 45.0, 65.0, 81.0, 7.0, 75.0, 94.0, 84.0, 58.0, 100.0, 32.0, 102.0, 84.0, 34.0, 91.0, 54.0, 83.0, 32.0, 90.0, 76.0, 77.0, 56.0, 94.0, 59.0, 60.0, 64.0, 99.0, 82.0, 74.0, 98.0, 77.0, 48.0, 70.0, 93.0],