{"loss": [0.6864946484565735, 0.6716432571411133, 0.656984269618988, 0.6481323838233948, 0.6349630951881409, 0.6326608657836914, 0.6360843181610107, 0.6270784735679626, 0.6274656057357788, 0.6217209696769714, 0.6222023963928223, 0.6219614744186401, 0.6190921664237976, 0.6141111254692078, 0.6101720333099365, 0.6190840005874634, 0.6095988154411316, 0.6123616695404053, 0.6071562170982361, 0.6046369671821594, 0.5944568514823914, 0.6048455238342285, 0.6027927994728088, 0.5954005122184753, 0.5992048978805542, 0.6043503880500793, 0.5923130512237549, 0.5844634771347046, 0.5961207747459412, 0.5875515937805176, 0.582150399684906, 0.5783162117004395, 0.5712671279907227, 0.5789515972137451, 0.5646424889564514, 0.5706464648246765, 0.5685359835624695, 0.5669653415679932, 0.5663207769393921, 0.5626702308654785, 0.553889274597168, 0.5429679155349731, 0.5607588291168213, 0.5613160133361816, 0.5654179453849792, 0.5404838919639587, 0.54267817735672, 0.5455971956253052, 0.5416584014892578, 0.5342631340026855, 0.5309053063392639, 0.5337991714477539, 0.5266688466072083, 0.5321153402328491, 0.521589457988739, 0.5023503303527832, 0.5240426659584045, 0.5225049257278442, 0.5231617093086243, 0.515654981136322, 0.502036452293396, 0.49179184436798096, 0.49750879406929016, 0.504835844039917, 0.49841365218162537, 0.48642805218696594, 0.4948546588420868], "accuracy": [0.5460250973701477, 0.589958131313324, 0.6066945791244507, 0.6276150345802307, 0.6324965357780457, 0.6345885396003723, 0.6241283416748047, 0.6171548366546631, 0.6485355496406555, 0.6457461714744568, 0.6457461714744568, 0.6394700407981873, 0.6443514823913574, 0.6429567933082581, 0.6485355496406555, 0.6464434862136841, 0.6527196764945984, 0.6541143655776978, 0.6589958071708679, 0.6555090546607971, 0.6645746231079102, 0.651324987411499, 0.6610878705978394, 0.6631799340248108, 0.6701534390449524, 0.6534169912338257, 0.677126944065094, 0.6820083856582642, 0.6666666865348816, 0.6841003894805908, 0.6757321953773499, 0.6834030747413635, 0.6861924529075623, 0.6736401915550232, 0.6903765797615051, 0.6938633322715759, 0.6882845163345337, 0.7022315263748169, 0.6952580213546753, 0.6834030747413635, 0.6896792054176331, 0.6987447738647461, 0.6834030747413635, 0.7050209045410156, 0.7036262154579163, 0.7182705998420715, 0.7001394629478455, 0.715481162071228, 0.7259414196014404, 0.7294281721115112, 0.715481162071228, 0.7196652889251709, 0.7287307977676392, 0.7175732254981995, 0.7231520414352417, 0.7447698712348938, 0.7280334830284119, 0.7384937405586243, 0.7273361086845398, 0.7287307977676392, 0.7440724968910217, 0.7580195069313049, 0.7447698712348938, 0.7364016771316528, 0.7489539980888367, 0.7510460019111633, 0.7538354396820068], "benchmark_1341": [651.0, 588.0, 564.0, 534.0, 527.0, 524.0, 539.0, 549.0, 504.0, 508.0, 508.0, 517.0, 510.0, 512.0, 504.0, 507.0, 498.0, 496.0, 489.0, 494.0, 481.0, 500.0, 486.0, 483.0, 473.0, 497.0, 463.0, 456.0, 478.0, 453.0, 465.0, 454.0, 450.0, 468.0, 444.0, 439.0, 447.0, 427.0, 437.0, 454.0, 445.0, 432.0, 454.0, 423.0, 425.0, 404.0, 430.0, 408.0, 393.0, 388.0, 408.0, 402.0, 389.0, 405.0, 397.0, 366.0, 390.0, 375.0, 391.0, 389.0, 367.0, 347.0, 366.0, 378.0, 360.0, 357.0, 353.0], "TP": [393.0, 391.0, 413.0, 441.0, 439.0, 441.0, 428.0, 431.0, 445.0, 424.0, 446.0, 434.0, 452.0, 440.0, 455.0, 437.0, 439.0, 451.0, 446.0, 439.0, 453.0, 434.0, 432.0, 451.0, 454.0, 442.0, 454.0, 461.0, 457.0, 467.0, 458.0, 467.0, 469.0, 449.0, 476.0, 473.0, 471.0, 477.0, 469.0, 463.0, 471.0, 480.0, 477.0, 491.0, 495.0, 492.0, 496.0, 488.0, 502.0, 503.0, 498.0, 499.0, 511.0, 502.0, 512.0, 512.0, 512.0, 510.0, 499.0, 519.0, 527.0, 536.0, 528.0, 513.0, 531.0, 527.0, 530.0], "TN": [390.0, 455.0, 457.0, 459.0, 468.0, 469.0, 467.0, 454.0, 485.0, 502.0, 480.0, 483.0, 472.0, 482.0, 475.0, 490.0, 497.0, 487.0, 499.0, 501.0, 500.0, 500.0, 516.0, 500.0, 507.0, 495.0, 517.0, 517.0, 499.0, 514.0, 511.0, 513.0, 515.0, 517.0, 514.0, 522.0, 516.0, 530.0, 528.0, 517.0, 518.0, 522.0, 503.0, 520.0, 514.0, 538.0, 508.0, 538.0, 539.0, 543.0, 528.0, 533.0, 534.0, 527.0, 525.0, 556.0, 532.0, 549.0, 544.0, 526.0, 540.0, 551.0, 540.0, 543.0, 543.0, 550.0, 551.0], "FP": [327.0, 262.0, 260.0, 258.0, 249.0, 248.0, 250.0, 263.0, 232.0, 215.0, 237.0, 234.0, 245.0, 235.0, 242.0, 227.0, 220.0, 230.0, 218.0, 216.0, 217.0, 217.0, 201.0, 217.0, 210.0, 222.0, 200.0, 200.0, 218.0, 203.0, 206.0, 204.0, 202.0, 200.0, 203.0, 195.0, 201.0, 187.0, 189.0, 200.0, 199.0, 195.0, 214.0, 197.0, 203.0, 179.0, 209.0, 179.0, 178.0, 174.0, 189.0, 184.0, 183.0, 190.0, 192.0, 161.0, 185.0, 168.0, 173.0, 191.0, 177.0, 166.0, 177.0, 174.0, 174.0, 167.0, 166.0], "FN": [324.0, 326.0, 304.0, 276.0, 278.0, 276.0, 289.0, 286.0, 272.0, 293.0, 271.0, 283.0, 265.0, 277.0, 262.0, 280.0, 278.0, 266.0, 271.0, 278.0, 264.0, 283.0, 285.0, 266.0, 263.0, 275.0, 263.0, 256.0, 260.0, 250.0, 259.0, 250.0, 248.0, 268.0, 241.0, 244.0, 246.0, 240.0, 248.0, 254.0, 246.0, 237.0, 240.0, 226.0, 222.0, 225.0, 221.0, 229.0, 215.0, 214.0, 219.0, 218.0, 206.0, 215.0, 205.0, 205.0, 205.0, 207.0, 218.0, 198.0, 190.0, 181.0, 189.0, 204.0, 186.0, 190.0, 187.0], "Precision": [0.5458333492279053, 0.5987749099731445, 0.6136701107025146, 0.6309012770652771, 0.6380813717842102, 0.6400580406188965, 0.6312684416770935, 0.621037483215332, 0.6573116779327393, 0.663536787033081, 0.6530014872550964, 0.6497005820274353, 0.6484935283660889, 0.6518518328666687, 0.6527976989746094, 0.6581325531005859, 0.6661608219146729, 0.6622613668441772, 0.6716867685317993, 0.6702290177345276, 0.6761193871498108, 0.6666666865348816, 0.6824644804000854, 0.67514967918396, 0.6837349534034729, 0.6656626462936401, 0.6941896080970764, 0.6974281668663025, 0.6770370602607727, 0.6970149278640747, 0.6897590160369873, 0.6959761381149292, 0.6989567875862122, 0.6918336153030396, 0.7010309100151062, 0.7080838084220886, 0.7008928656578064, 0.7183734774589539, 0.7127659320831299, 0.698340892791748, 0.7029850482940674, 0.7111111283302307, 0.6903039216995239, 0.7136628031730652, 0.7091690301895142, 0.7332339882850647, 0.7035461068153381, 0.7316341996192932, 0.7382352948188782, 0.7429837584495544, 0.7248908281326294, 0.7306002974510193, 0.7363112568855286, 0.7254335284233093, 0.7272727489471436, 0.7607726454734802, 0.7345767617225647, 0.752212405204773, 0.742559552192688, 0.7309859395027161, 0.7485795617103577, 0.7635327577590942, 0.7489361763000488, 0.7467249035835266, 0.7531914710998535, 0.759365975856781, 0.7614942789077759], "Recall": [0.5481171607971191, 0.5453277826309204, 0.5760111808776855, 0.6150627732276917, 0.6122733354568481, 0.6150627732276917, 0.5969316363334656, 0.6011157631874084, 0.6206415891647339, 0.5913528800010681, 0.6220362782478333, 0.6052998900413513, 0.6304044723510742, 0.6136680841445923, 0.6345885396003723, 0.6094839572906494, 0.6122733354568481, 0.6290097832679749, 0.6220362782478333, 0.6122733354568481, 0.6317991614341736, 0.6052998900413513, 0.6025104522705078, 0.6290097832679749, 0.633193850517273, 0.616457462310791, 0.633193850517273, 0.6429567933082581, 0.6373779773712158, 0.651324987411499, 0.6387726664543152, 0.651324987411499, 0.6541143655776978, 0.6262203454971313, 0.6638772487640381, 0.65969318151474, 0.6569037437438965, 0.6652719378471375, 0.6541143655776978, 0.6457461714744568, 0.6569037437438965, 0.6694560647010803, 0.6652719378471375, 0.6847977638244629, 0.6903765797615051, 0.6861924529075623, 0.6917712688446045, 0.6806136965751648, 0.7001394629478455, 0.7015341520309448, 0.6945606470108032, 0.6959553956985474, 0.7126917839050293, 0.7001394629478455, 0.7140864729881287, 0.7140864729881287, 0.7140864729881287, 0.7112970948219299, 0.6959553956985474, 0.723849356174469, 0.7350069880485535, 0.7475592494010925, 0.7364016771316528, 0.715481162071228, 0.7405857443809509, 0.7350069880485535, 0.7391910552978516],