{"loss": [0.217180073261261, 0.2005215287208557, 0.19209954142570496, 0.1950615644454956, 0.1967056840658188, 0.18605175614356995, 0.18459102511405945, 0.18580156564712524, 0.1843128502368927, 0.17750439047813416, 0.1728767305612564, 0.17973336577415466, 0.17015059292316437, 0.17486900091171265, 0.1558147668838501, 0.15959899127483368, 0.15420746803283691, 0.15170729160308838, 0.14813315868377686, 0.14364580810070038, 0.13811014592647552, 0.14237722754478455, 0.1444837749004364], "accuracy": [0.49511855840682983, 0.5543932914733887, 0.5788005590438843, 0.5697349905967712, 0.5829846858978271, 0.590655505657196, 0.6150627732276917, 0.6025104522705078, 0.6018131375312805, 0.6269177198410034, 0.6562064290046692, 0.6436541080474854, 0.6624825596809387, 0.6471408605575562, 0.6882845163345337, 0.6799163222312927, 0.7022315263748169, 0.7119944095611572, 0.7140864729881287, 0.7133890986442566, 0.7294281721115112, 0.7384937405586243, 0.7280334830284119], "benchmark_1367": [724.0, 639.0, 604.0, 617.0, 598.0, 587.0, 552.0, 570.0, 571.0, 535.0, 493.0, 511.0, 484.0, 506.0, 447.0, 459.0, 427.0, 413.0, 410.0, 411.0, 388.0, 375.0, 390.0], "TP": [336.0, 401.0, 411.0, 401.0, 417.0, 418.0, 430.0, 428.0, 437.0, 444.0, 470.0, 459.0, 484.0, 453.0, 494.0, 498.0, 505.0, 494.0, 513.0, 513.0, 517.0, 530.0, 506.0], "TN": [374.0, 394.0, 419.0, 416.0, 419.0, 429.0, 452.0, 436.0, 426.0, 455.0, 471.0, 464.0, 466.0, 475.0, 493.0, 477.0, 502.0, 527.0, 511.0, 510.0, 529.0, 529.0, 538.0], "FP": [343.0, 323.0, 298.0, 301.0, 298.0, 288.0, 265.0, 281.0, 291.0, 262.0, 246.0, 253.0, 251.0, 242.0, 224.0, 240.0, 215.0, 190.0, 206.0, 207.0, 188.0, 188.0, 179.0], "FN": [381.0, 316.0, 306.0, 316.0, 300.0, 299.0, 287.0, 289.0, 280.0, 273.0, 247.0, 258.0, 233.0, 264.0, 223.0, 219.0, 212.0, 223.0, 204.0, 204.0, 200.0, 187.0, 211.0], "Precision": [0.49484536051750183, 0.5538673996925354, 0.5796896815299988, 0.5712250471115112, 0.5832167863845825, 0.5920680165290833, 0.6187050342559814, 0.603667140007019, 0.6002747416496277, 0.6288951635360718, 0.6564245820045471, 0.6446629166603088, 0.6585034132003784, 0.6517985463142395, 0.688022255897522, 0.6747967600822449, 0.7013888955116272, 0.7222222089767456, 0.7134909629821777, 0.7124999761581421, 0.7333333492279053, 0.738161563873291, 0.7386861443519592], "Recall": [0.4686192572116852, 0.5592747330665588, 0.573221743106842, 0.5592747330665588, 0.581589937210083, 0.5829846858978271, 0.5997210741043091, 0.5969316363334656, 0.6094839572906494, 0.6192468404769897, 0.6555090546607971, 0.6401673555374146, 0.6750348806381226, 0.6317991614341736, 0.6889818906784058, 0.6945606470108032, 0.7043235898017883, 0.6889818906784058, 0.715481162071228, 0.715481162071228, 0.7210599780082703, 0.7391910552978516, 0.7057182788848877], "AUC": [0.49374622106552124, 0.5773746967315674, 0.6142622828483582, 0.6167609095573425, 0.6169252991676331, 0.6447492241859436, 0.6614759564399719, 0.6531000137329102, 0.6589277386665344, 0.6900001764297485, 0.7132315635681152, 0.6943106651306152, 0.7218798995018005, 0.7076917290687561, 0.7619060277938843, 0.7629739046096802, 0.7757431268692017, 0.782538652420044, 0.7919358015060425, 0.8028084635734558, 0.8164277672767639, 0.8163158297538757, 0.8133592009544373], "val_loss": [0.17534171044826508, 0.186579167842865, 0.1775745451450348, 0.18234457075595856, 0.23661372065544128, 0.5660486221313477, 0.30908361077308655, 0.8539304137229919, 0.5200427770614624, 1.4857826232910156, 0.9493177533149719, 0.7441278100013733, 0.606002926826477, 1.5030386447906494, 1.9136265516281128, 0.5458094477653503, 0.36737072467803955, 1.2930656671524048, 1.741262435913086, 0.22621753811836243, 0.9382675886154175, 0.48067817091941833, 0.6692402362823486], "val_accuracy": [0.3781818151473999, 0.3781818151473999, 0.6218181848526001, 0.3781818151473999, 0.6218181848526001, 0.6218181848526001, 0.6218181848526001, 0.6218181848526001, 0.6218181848526001, 0.6218181848526001, 0.6218181848526001, 0.3781818151473999, 0.6218181848526001, 0.6218181848526001, 0.6218181848526001, 0.6218181848526001, 0.6218181848526001, 0.6218181848526001, 0.6218181848526001, 0.5927272439002991, 0.6218181848526001, 0.6181818246841431, 0.6218181848526001], "val_benchmark_1367": [171.0, 171.0, 104.0, 171.0, 104.0, 104.0, 104.0, 104.0, 104.0, 104.0, 104.0, 171.0, 104.0, 104.0, 104.0, 104.0, 104.0, 104.0, 104.0, 112.0, 104.0, 105.0, 104.0], "val_TP": [0.0, 0.0, 171.0, 0.0, 171.0, 171.0, 171.0, 171.0, 171.0, 171.0, 171.0, 0.0, 171.0, 171.0, 171.0, 171.0, 171.0, 171.0, 171.0, 75.0, 171.0, 170.0, 170.0], "val_TN": [104.0, 104.0, 0.0, 104.0, 0.0, 0.0, 0.0, 0.0, 0.0, 0.0, 0.0, 104.0, 0.0, 0.0, 0.0, 0.0, 0.0, 0.0, 0.0, 88.0, 0.0, 0.0, 1.0], "val_FP": [0.0, 0.0, 104.0, 0.0, 104.0, 104.0, 104.0, 104.0, 104.0, 104.0, 104.0, 0.0, 104.0, 104.0, 104.0, 104.0, 104.0, 104.0, 104.0, 16.0, 104.0, 104.0, 103.0], "val_FN": [171.0, 171.0, 0.0, 171.0, 0.0, 0.0, 0.0, 0.0, 0.0, 0.0, 0.0, 171.0, 0.0, 0.0, 0.0, 0.0, 0.0, 0.0, 0.0, 96.0, 0.0, 1.0, 1.0], "val_Precision": [0.0, 0.0, 0.6218181848526001, 0.0, 0.6218181848526001, 0.6218181848526001, 0.6218181848526001, 0.6218181848526001, 0.6218181848526001, 0.6218181848526001, 0.6218181848526001, 0.0, 0.6218181848526001, 0.6218181848526001, 0.6218181848526001, 0.6218181848526001, 0.6218181848526001, 0.6218181848526001, 0.6218181848526001, 0.8241758346557617, 0.6218181848526001, 0.6204379796981812, 0.622710645198822], "val_Recall": [0.0, 0.0, 1.0, 0.0, 1.0, 1.0, 1.0, 1.0, 1.0, 1.0, 1.0, 0.0, 1.0, 1.0, 1.0, 1.0, 1.0, 1.0, 1.0, 0.4385964870452881, 1.0, 0.9941520690917969, 0.9941520690917969], "val_AUC": [0.5, 0.5641025900840759, 0.5890688300132751, 0.5419477820396423, 0.6389450430870056, 0.6362741589546204, 0.6384671330451965, 0.6417566537857056, 0.6718398332595825, 0.6549707651138306, 0.6564890146255493, 0.6775472164154053, 0.5949730277061462, 0.5893218517303467, 0.5516475439071655, 0.6215136647224426, 0.6391700506210327, 0.6448774337768555, 0.6459177136421204, 0.6777439713478088, 0.6062753200531006, 0.6673133373260498, 0.6090024709701538]}