{"loss": [0.6921349167823792, 0.6903605461120605, 0.692021906375885, 0.691524088382721, 0.6889492869377136, 0.6886386871337891, 0.6887666583061218, 0.6872357130050659, 0.6867853403091431, 0.6842961311340332, 0.6845318078994751, 0.6826061010360718, 0.6778541207313538, 0.6783975958824158, 0.6755596995353699, 0.6744350790977478, 0.6718107461929321, 0.6671457290649414, 0.6654083132743835, 0.6586914658546448, 0.657719075679779, 0.6530055403709412, 0.6518955826759338, 0.6516863107681274, 0.6465844511985779, 0.640710711479187, 0.6406339406967163, 0.6362085342407227, 0.6350195407867432, 0.6404834985733032, 0.6358907222747803, 0.6306580305099487, 0.6335949897766113, 0.6263580918312073, 0.6298824548721313, 0.6269941329956055, 0.6207556128501892, 0.6231584548950195, 0.6223979592323303, 0.6182653903961182, 0.6166699528694153, 0.6186162233352661, 0.6116491556167603, 0.6125986576080322, 0.6076153516769409, 0.607966959476471, 0.6130747199058533, 0.6064782738685608, 0.602942705154419, 0.6064101457595825, 0.5958248376846313, 0.6045048832893372, 0.6024591326713562, 0.598726749420166, 0.6003417372703552, 0.5963138341903687, 0.5990458130836487, 0.5873538851737976, 0.5887867212295532, 0.5917444825172424, 0.5934298038482666], "accuracy": [0.5209205150604248, 0.5292887091636658, 0.5097628831863403, 0.534867525100708, 0.5390515923500061, 0.5418410301208496, 0.5195258259773254, 0.5418410301208496, 0.5397489666938782, 0.560669481754303, 0.5509065389633179, 0.5585774183273315, 0.5767084956169128, 0.5788005590438843, 0.5683403015136719, 0.5913528800010681, 0.589958131313324, 0.5857740640640259, 0.599023699760437, 0.6129707098007202, 0.6129707098007202, 0.6087865829467773, 0.6178521513938904, 0.6115760207176208, 0.6178521513938904, 0.633193850517273, 0.6290097832679749, 0.6443514823913574, 0.6269177198410034, 0.625523030757904, 0.6317991614341736, 0.6443514823913574, 0.6276150345802307, 0.6527196764945984, 0.6380752921104431, 0.6352859139442444, 0.6478382349014282, 0.6380752921104431, 0.6436541080474854, 0.6541143655776978, 0.642259418964386, 0.6436541080474854, 0.6659693121910095, 0.6666666865348816, 0.6603904962539673, 0.6555090546607971, 0.6576011180877686, 0.6750348806381226, 0.6631799340248108, 0.6652719378471375, 0.672245442867279, 0.6666666865348816, 0.6617852449417114, 0.6562064290046692, 0.6617852449417114, 0.6701534390449524, 0.6701534390449524, 0.6820083856582642, 0.6834030747413635, 0.6889818906784058, 0.6785216331481934], "benchmark_361": [687.0, 675.0, 703.0, 667.0, 661.0, 657.0, 689.0, 657.0, 660.0, 630.0, 644.0, 633.0, 607.0, 604.0, 619.0, 586.0, 588.0, 594.0, 575.0, 555.0, 555.0, 561.0, 548.0, 557.0, 548.0, 526.0, 532.0, 510.0, 535.0, 537.0, 528.0, 510.0, 534.0, 498.0, 519.0, 523.0, 505.0, 519.0, 511.0, 496.0, 513.0, 511.0, 479.0, 478.0, 487.0, 494.0, 491.0, 466.0, 483.0, 480.0, 470.0, 478.0, 485.0, 493.0, 485.0, 473.0, 473.0, 456.0, 454.0, 446.0, 461.0], "TP": [384.0, 390.0, 374.0, 372.0, 402.0, 352.0, 351.0, 373.0, 377.0, 357.0, 353.0, 340.0, 398.0, 399.0, 378.0, 383.0, 406.0, 402.0, 416.0, 431.0, 411.0, 431.0, 456.0, 426.0, 438.0, 442.0, 443.0, 471.0, 445.0, 449.0, 455.0, 447.0, 453.0, 458.0, 457.0, 446.0, 461.0, 448.0, 463.0, 462.0, 459.0, 469.0, 470.0, 473.0, 472.0, 456.0, 471.0, 483.0, 461.0, 473.0, 481.0, 468.0, 467.0, 460.0, 475.0, 484.0, 465.0, 494.0, 485.0, 488.0, 476.0], "TN": [363.0, 369.0, 357.0, 395.0, 371.0, 425.0, 394.0, 404.0, 397.0, 447.0, 437.0, 461.0, 429.0, 431.0, 437.0, 465.0, 440.0, 438.0, 443.0, 448.0, 468.0, 442.0, 430.0, 451.0, 448.0, 466.0, 459.0, 453.0, 454.0, 448.0, 451.0, 477.0, 447.0, 478.0, 458.0, 465.0, 468.0, 467.0, 460.0, 476.0, 462.0, 454.0, 485.0, 483.0, 475.0, 484.0, 472.0, 485.0, 490.0, 481.0, 483.0, 488.0, 482.0, 481.0, 474.0, 477.0, 496.0, 484.0, 495.0, 500.0, 497.0], "FP": [354.0, 348.0, 360.0, 322.0, 346.0, 292.0, 323.0, 313.0, 320.0, 270.0, 280.0, 256.0, 288.0, 286.0, 280.0, 252.0, 277.0, 279.0, 274.0, 269.0, 249.0, 275.0, 287.0, 266.0, 269.0, 251.0, 258.0, 264.0, 263.0, 269.0, 266.0, 240.0, 270.0, 239.0, 259.0, 252.0, 249.0, 250.0, 257.0, 241.0, 255.0, 263.0, 232.0, 234.0, 242.0, 233.0, 245.0, 232.0, 227.0, 236.0, 234.0, 229.0, 235.0, 236.0, 243.0, 240.0, 221.0, 233.0, 222.0, 217.0, 220.0], "FN": [333.0, 327.0, 343.0, 345.0, 315.0, 365.0, 366.0, 344.0, 340.0, 360.0, 364.0, 377.0, 319.0, 318.0, 339.0, 334.0, 311.0, 315.0, 301.0, 286.0, 306.0, 286.0, 261.0, 291.0, 279.0, 275.0, 274.0, 246.0, 272.0, 268.0, 262.0, 270.0, 264.0, 259.0, 260.0, 271.0, 256.0, 269.0, 254.0, 255.0, 258.0, 248.0, 247.0, 244.0, 245.0, 261.0, 246.0, 234.0, 256.0, 244.0, 236.0, 249.0, 250.0, 257.0, 242.0, 233.0, 252.0, 223.0, 232.0, 229.0, 241.0], "Precision": [0.5203251838684082, 0.5284552574157715, 0.5095368027687073, 0.5360230803489685, 0.5374331474304199, 0.5465838313102722, 0.5207715034484863, 0.5437317490577698, 0.5408895015716553, 0.5693780183792114, 0.5576619505882263, 0.5704697966575623, 0.5801749229431152, 0.5824817419052124, 0.5744680762290955, 0.6031495928764343, 0.5944362878799438, 0.5903083682060242, 0.6028985381126404, 0.6157143115997314, 0.6227272748947144, 0.6104815602302551, 0.6137281060218811, 0.615606963634491, 0.6195191144943237, 0.6378066539764404, 0.6319543719291687, 0.640816330909729, 0.6285310983657837, 0.6253482103347778, 0.6310679316520691, 0.6506550312042236, 0.6265560388565063, 0.6571018695831299, 0.6382681727409363, 0.6389684677124023, 0.6492957472801208, 0.6418337821960449, 0.6430555582046509, 0.6571835279464722, 0.6428571343421936, 0.6407103538513184, 0.6695156693458557, 0.6690240502357483, 0.6610644459724426, 0.6618287563323975, 0.6578212380409241, 0.6755244731903076, 0.6700581312179565, 0.6671367883682251, 0.6727272868156433, 0.6714490652084351, 0.6652421355247498, 0.6609195470809937, 0.6615598797798157, 0.6685082912445068, 0.6778425574302673, 0.6795048117637634, 0.6859971880912781, 0.6921985745429993, 0.6839080452919006], "Recall": [0.5355648398399353, 0.5439330339431763, 0.5216178297996521, 0.5188284516334534, 0.560669481754303, 0.49093446135520935, 0.4895397424697876, 0.5202231407165527, 0.525801956653595, 0.49790793657302856, 0.4923291504383087, 0.47419804334640503, 0.5550906658172607, 0.5564853549003601, 0.5271966457366943, 0.5341701507568359, 0.5662482380867004, 0.560669481754303, 0.5801952481269836, 0.6011157631874084, 0.573221743106842, 0.6011157631874084, 0.6359832882881165, 0.5941422581672668, 0.6108786463737488, 0.616457462310791, 0.6178521513938904, 0.6569037437438965, 0.6206415891647339, 0.6262203454971313, 0.6345885396003723, 0.6234309673309326, 0.6317991614341736, 0.6387726664543152, 0.6373779773712158, 0.6220362782478333, 0.6429567933082581, 0.624825656414032, 0.6457461714744568, 0.6443514823913574, 0.6401673555374146, 0.6541143655776978, 0.6555090546607971, 0.65969318151474, 0.6582984924316406, 0.6359832882881165, 0.6569037437438965, 0.6736401915550232, 0.6429567933082581, 0.65969318151474, 0.6708507537841797, 0.6527196764945984, 0.651324987411499, 0.6415620446205139, 0.6624825596809387, 0.6750348806381226, 0.6485355496406555, 0.6889818906784058, 0.6764295697212219, 0.6806136965751648, 0.6638772487640381],