{"loss": [0.7003156542778015, 0.6954588294029236, 0.6927028894424438, 0.6939392685890198, 0.6895992159843445, 0.6909786462783813, 0.6901825666427612, 0.6902775168418884, 0.6890293955802917, 0.6848474144935608, 0.6858856081962585, 0.6867237091064453, 0.6839293837547302, 0.6844310760498047, 0.6831363439559937, 0.6855525970458984, 0.6824522614479065, 0.6809557676315308, 0.682633638381958, 0.6794916391372681, 0.6801191568374634], "accuracy": [0.48047420382499695, 0.5097628831863403, 0.5027893781661987, 0.49860531091690063, 0.5216178297996521, 0.5132496356964111, 0.5223152041435242, 0.526499330997467, 0.5362622141838074, 0.5627614855766296, 0.5411436557769775, 0.5320780873298645, 0.5627614855766296, 0.5550906658172607, 0.5550906658172607, 0.5488144755363464, 0.5523012280464172, 0.5474197864532471, 0.5592747330665588, 0.5599721074104309, 0.5711296796798706], "benchmark_550": [745.0, 703.0, 713.0, 719.0, 686.0, 698.0, 685.0, 679.0, 665.0, 627.0, 658.0, 671.0, 627.0, 638.0, 638.0, 647.0, 642.0, 649.0, 632.0, 631.0, 615.0], "TP": [533.0, 361.0, 395.0, 415.0, 330.0, 383.0, 384.0, 357.0, 386.0, 308.0, 438.0, 332.0, 362.0, 402.0, 361.0, 302.0, 367.0, 379.0, 392.0, 363.0, 352.0], "TN": [156.0, 370.0, 326.0, 300.0, 418.0, 353.0, 365.0, 398.0, 383.0, 499.0, 338.0, 431.0, 445.0, 394.0, 435.0, 485.0, 425.0, 406.0, 410.0, 440.0, 467.0], "FP": [561.0, 347.0, 391.0, 417.0, 299.0, 364.0, 352.0, 319.0, 334.0, 218.0, 379.0, 286.0, 272.0, 323.0, 282.0, 232.0, 292.0, 311.0, 307.0, 277.0, 250.0], "FN": [184.0, 356.0, 322.0, 302.0, 387.0, 334.0, 333.0, 360.0, 331.0, 409.0, 279.0, 385.0, 355.0, 315.0, 356.0, 415.0, 350.0, 338.0, 325.0, 354.0, 365.0], "Precision": [0.487202912569046, 0.5098869800567627, 0.5025445222854614, 0.49879807233810425, 0.524642288684845, 0.5127175450325012, 0.52173912525177, 0.5281065106391907, 0.5361111164093018, 0.5855513215065002, 0.5361077189445496, 0.53721684217453, 0.5709779262542725, 0.5544827580451965, 0.561430811882019, 0.5655430555343628, 0.5569043755531311, 0.5492753386497498, 0.5608011484146118, 0.567187488079071, 0.5847176313400269], "Recall": [0.7433751821517944, 0.5034867525100708, 0.5509065389633179, 0.5788005590438843, 0.4602510333061218, 0.5341701507568359, 0.5355648398399353, 0.49790793657302856, 0.5383542776107788, 0.4295676350593567, 0.6108786463737488, 0.46304044127464294, 0.5048814415931702, 0.560669481754303, 0.5034867525100708, 0.4211994409561157, 0.5118549466133118, 0.5285913348197937, 0.5467224717140198, 0.5062761306762695, 0.49093446135520935], "AUC": [0.4693458080291748, 0.499252051115036, 0.5240639448165894, 0.5057383179664612, 0.5490275025367737, 0.5266627073287964, 0.5378884077072144, 0.5327132344245911, 0.546461820602417, 0.5775089859962463, 0.5678131580352783, 0.5523586273193359, 0.5779466032981873, 0.5756658911705017, 0.5812788009643555, 0.5609670281410217, 0.5738723874092102, 0.5858149528503418, 0.5742254853248596, 0.591047465801239, 0.5862759351730347], "val_loss": [0.6894063949584961, 0.6885781288146973, 0.6877870559692383, 0.6871070265769958, 0.6851973533630371, 0.6835399866104126, 0.681561291217804, 0.6790949702262878, 0.6766231060028076, 0.6732701659202576, 0.6714057922363281, 0.6688854694366455, 0.6669065952301025, 0.6656211018562317, 0.6645579934120178, 0.6636160016059875, 0.6633931994438171, 0.6633457541465759, 0.6633728742599487, 0.6633340716362, 0.6632751822471619], "val_accuracy": [0.6218181848526001, 0.6218181848526001, 0.6218181848526001, 0.6218181848526001, 0.6218181848526001, 0.6218181848526001, 0.6218181848526001, 0.6218181848526001, 0.6218181848526001, 0.6218181848526001, 0.6218181848526001, 0.6218181848526001, 0.6218181848526001, 0.6218181848526001, 0.6218181848526001, 0.6218181848526001, 0.6218181848526001, 0.6218181848526001, 0.6218181848526001, 0.6218181848526001, 0.6218181848526001], "val_benchmark_550": [104.0, 104.0, 104.0, 104.0, 104.0, 104.0, 104.0, 104.0, 104.0, 104.0, 104.0, 104.0, 104.0, 104.0, 104.0, 104.0, 104.0, 104.0, 104.0, 104.0, 104.0], "val_TP": [171.0, 171.0, 171.0, 171.0, 171.0, 171.0, 171.0, 171.0, 171.0, 171.0, 171.0, 171.0, 171.0, 171.0, 171.0, 171.0, 171.0, 171.0, 171.0, 171.0, 171.0], "val_TN": [0.0, 0.0, 0.0, 0.0, 0.0, 0.0, 0.0, 0.0, 0.0, 0.0, 0.0, 0.0, 0.0, 0.0, 0.0, 0.0, 0.0, 0.0, 0.0, 0.0, 0.0], "val_FP": [104.0, 104.0, 104.0, 104.0, 104.0, 104.0, 104.0, 104.0, 104.0, 104.0, 104.0, 104.0, 104.0, 104.0, 104.0, 104.0, 104.0, 104.0, 104.0, 104.0, 104.0], "val_FN": [0.0, 0.0, 0.0, 0.0, 0.0, 0.0, 0.0, 0.0, 0.0, 0.0, 0.0, 0.0, 0.0, 0.0, 0.0, 0.0, 0.0, 0.0, 0.0, 0.0, 0.0], "val_Precision": [0.6218181848526001, 0.6218181848526001, 0.6218181848526001, 0.6218181848526001, 0.6218181848526001, 0.6218181848526001, 0.6218181848526001, 0.6218181848526001, 0.6218181848526001, 0.6218181848526001, 0.6218181848526001, 0.6218181848526001, 0.6218181848526001, 0.6218181848526001, 0.6218181848526001, 0.6218181848526001, 0.6218181848526001, 0.6218181848526001, 0.6218181848526001, 0.6218181848526001, 0.6218181848526001], "val_Recall": [1.0, 1.0, 1.0, 1.0, 1.0, 1.0, 1.0, 1.0, 1.0, 1.0, 1.0, 1.0, 1.0, 1.0, 1.0, 1.0, 1.0, 1.0, 1.0, 1.0, 1.0], "val_AUC": [0.5, 0.5, 0.5, 0.5, 0.5508884191513062, 0.5, 0.5, 0.5192307829856873, 0.5, 0.5, 0.5650022029876709, 0.5316857099533081, 0.5670827627182007, 0.5029239654541016, 0.4989597201347351, 0.5, 0.5086876153945923, 0.49367406964302063, 0.4836931824684143, 0.49597954750061035, 0.48768559098243713]}