{"loss": [0.17461848258972168, 0.1738971471786499, 0.1738588958978653, 0.17343837022781372, 0.17241407930850983, 0.1715923547744751, 0.17111307382583618, 0.16931457817554474, 0.16951534152030945, 0.16773267090320587, 0.1665608286857605, 0.16368207335472107, 0.16441436111927032, 0.1630164086818695, 0.16202743351459503, 0.16360029578208923, 0.15908384323120117, 0.15901201963424683, 0.1580415666103363, 0.15624968707561493, 0.1589389145374298, 0.15853887796401978, 0.15504856407642365, 0.15393321216106415, 0.15685227513313293, 0.1551126390695572, 0.1521497219800949, 0.1542433351278305, 0.15683726966381073, 0.15322014689445496, 0.15730418264865875, 0.1554800122976303, 0.15301881730556488, 0.1517544686794281, 0.1554649919271469, 0.15431249141693115], "accuracy": [0.4853556454181671, 0.4958159029483795, 0.49163180589675903, 0.5069735050201416, 0.5292887091636658, 0.5536959767341614, 0.555787980556488, 0.5543932914733887, 0.5509065389633179, 0.5697349905967712, 0.6032078266143799, 0.5892608165740967, 0.5850766897201538, 0.60808926820755, 0.6052998900413513, 0.6136680841445923, 0.6039051413536072, 0.616457462310791, 0.6087865829467773, 0.6276150345802307, 0.6143653988838196, 0.6262203454971313, 0.642259418964386, 0.6443514823913574, 0.6324965357780457, 0.6345885396003723, 0.650627613067627, 0.6576011180877686, 0.6324965357780457, 0.6387726664543152, 0.6485355496406555, 0.6297070980072021, 0.6569037437438965, 0.6582984924316406, 0.6541143655776978, 0.6541143655776978], "benchmark": [738.0, 723.0, 729.0, 707.0, 675.0, 640.0, 637.0, 639.0, 644.0, 617.0, 569.0, 589.0, 595.0, 562.0, 566.0, 554.0, 568.0, 550.0, 561.0, 534.0, 553.0, 536.0, 513.0, 510.0, 527.0, 524.0, 501.0, 491.0, 527.0, 518.0, 504.0, 531.0, 492.0, 490.0, 496.0, 496.0], "TP": [302.0, 416.0, 371.0, 349.0, 265.0, 297.0, 312.0, 276.0, 268.0, 252.0, 335.0, 278.0, 267.0, 315.0, 330.0, 323.0, 306.0, 325.0, 302.0, 343.0, 317.0, 353.0, 341.0, 355.0, 336.0, 347.0, 329.0, 373.0, 352.0, 351.0, 352.0, 340.0, 373.0, 378.0, 373.0, 388.0], "TN": [394.0, 295.0, 334.0, 378.0, 494.0, 497.0, 485.0, 519.0, 522.0, 565.0, 530.0, 567.0, 572.0, 557.0, 538.0, 557.0, 560.0, 559.0, 571.0, 557.0, 564.0, 545.0, 580.0, 569.0, 571.0, 563.0, 604.0, 570.0, 555.0, 565.0, 578.0, 563.0, 569.0, 566.0, 565.0, 550.0], "FP": [323.0, 422.0, 383.0, 339.0, 223.0, 220.0, 232.0, 198.0, 195.0, 152.0, 187.0, 150.0, 145.0, 160.0, 179.0, 160.0, 157.0, 158.0, 146.0, 160.0, 153.0, 172.0, 137.0, 148.0, 146.0, 154.0, 113.0, 147.0, 162.0, 152.0, 139.0, 154.0, 148.0, 151.0, 152.0, 167.0], "FN": [415.0, 301.0, 346.0, 368.0, 452.0, 420.0, 405.0, 441.0, 449.0, 465.0, 382.0, 439.0, 450.0, 402.0, 387.0, 394.0, 411.0, 392.0, 415.0, 374.0, 400.0, 364.0, 376.0, 362.0, 381.0, 370.0, 388.0, 344.0, 365.0, 366.0, 365.0, 377.0, 344.0, 339.0, 344.0, 329.0], "Precision": [0.4832000136375427, 0.4964200556278229, 0.4920424520969391, 0.507267415523529, 0.5430327653884888, 0.5744680762290955, 0.5735294222831726, 0.5822784900665283, 0.5788336992263794, 0.6237623691558838, 0.6417624354362488, 0.6495327353477478, 0.6480582356452942, 0.6631578803062439, 0.64833003282547, 0.6687370538711548, 0.6609071493148804, 0.672877848148346, 0.6741071343421936, 0.6819085478782654, 0.6744681000709534, 0.6723809242248535, 0.7133890986442566, 0.705765426158905, 0.6970954537391663, 0.6926147937774658, 0.7443438768386841, 0.7173076868057251, 0.6848248839378357, 0.697813093662262, 0.7169042825698853, 0.6882591247558594, 0.7159308791160583, 0.7145557403564453, 0.7104762196540833, 0.6990991234779358], "Recall": [0.4211994409561157, 0.5801952481269836, 0.517433762550354, 0.4867503345012665, 0.3695955276489258, 0.4142259359359741, 0.4351464509963989, 0.38493722677230835, 0.37377962470054626, 0.3514644205570221, 0.4672245383262634, 0.38772663474082947, 0.3723849356174469, 0.4393305480480194, 0.4602510333061218, 0.4504881501197815, 0.42677825689315796, 0.4532775580883026, 0.4211994409561157, 0.4783821403980255, 0.4421199560165405, 0.4923291504383087, 0.4755927622318268, 0.49511855840682983, 0.4686192572116852, 0.48396095633506775, 0.45885634422302246, 0.5202231407165527, 0.49093446135520935, 0.4895397424697876, 0.49093446135520935, 0.47419804334640503, 0.5202231407165527, 0.5271966457366943, 0.5202231407165527, 0.5411436557769775], "AUC": [0.48248162865638733, 0.4942334294319153, 0.5014083385467529, 0.5090013742446899, 0.5342411398887634, 0.5456584095954895, 0.5734114050865173, 0.5772725939750671, 0.5744190216064453, 0.5837228298187256, 0.6198012232780457, 0.6220605373382568, 0.6183851957321167, 0.6472546458244324, 0.6445741653442383, 0.6391655802726746, 0.6508405804634094, 0.6622948050498962, 0.6584579348564148, 0.6789194345474243, 0.6622200012207031, 0.665407121181488, 0.6915650367736816, 0.6913666725158691, 0.6804406046867371, 0.6808646321296692, 0.700922429561615, 0.6980844140052795, 0.6787452697753906, 0.6981680393218994, 0.6941852569580078, 0.6781092286109924, 0.7129251956939697, 0.7159334421157837, 0.6975523829460144, 0.7011373043060303], "val_loss": [0.16999505460262299, 0.1715596318244934, 0.16968773305416107, 0.1666623055934906, 0.1710420399904251, 0.17321385443210602, 0.16346962749958038, 0.2535381615161896, 0.17235398292541504, 0.23695537447929382, 0.20453602075576782, 0.1739845871925354, 0.19056257605552673, 0.1585930436849594, 0.347297728061676, 0.15756142139434814, 0.15827558934688568, 0.19922685623168945, 0.17319293320178986, 0.17611362040042877, 0.16154764592647552, 0.33060720562934875, 0.1623786836862564, 0.18144012987613678, 0.15710753202438354, 0.16350236535072327, 0.4212864339351654, 0.162364199757576, 0.37526968121528625, 0.17882342636585236, 0.39043352007865906, 0.1870342195034027, 0.1633213460445404, 0.16533833742141724, 0.1962149292230606, 0.3175698220729828], "val_accuracy": [0.6218181848526001, 0.6218181848526001, 0.6218181848526001, 0.6218181848526001, 0.5636363625526428, 0.45818182826042175, 0.6036363840103149, 0.6218181848526001, 0.4654545485973358, 0.6218181848526001, 0.6218181848526001, 0.6000000238418579, 0.6327272653579712, 0.581818163394928, 0.6218181848526001, 0.6436363458633423, 0.6181818246841431, 0.6327272653579712, 0.6436363458633423, 0.6036363840103149, 0.5745454430580139, 0.6218181848526001, 0.5745454430580139, 0.5199999809265137, 0.6000000238418579, 0.5272727012634277, 0.6218181848526001, 0.6036363840103149, 0.6218181848526001, 0.6436363458633423, 0.6181818246841431, 0.6181818246841431, 0.585454523563385, 0.5745454430580139, 0.5018181800842285, 0.6290909051895142], "val_benchmark": [104.0, 104.0, 104.0, 104.0, 120.0, 149.0, 109.0, 104.0, 147.0, 104.0, 104.0, 110.0, 101.0, 115.0, 104.0, 98.0, 105.0, 101.0, 98.0, 109.0, 117.0, 104.0, 117.0, 132.0, 110.0, 130.0, 104.0, 109.0, 104.0, 98.0, 105.0, 105.0, 114.0, 117.0, 137.0, 102.0], "val_TP": [171.0, 171.0, 171.0, 171.0, 136.0, 30.0, 153.0, 171.0, 29.0, 171.0, 171.0, 159.0, 157.0, 88.0, 171.0, 134.0, 121.0, 167.0, 151.0, 133.0, 115.0, 171.0, 82.0, 49.0, 101.0, 61.0, 171.0, 122.0, 171.0, 128.0, 169.0, 154.0, 110.0, 110.0, 54.0, 170.0], "val_TN": [0.0, 0.0, 0.0, 0.0, 19.0, 96.0, 13.0, 0.0, 99.0, 0.0, 0.0, 6.0, 17.0, 72.0, 0.0, 43.0, 49.0, 7.0, 26.0, 33.0, 43.0, 0.0, 76.0, 94.0, 64.0, 84.0, 0.0, 44.0, 0.0, 49.0, 1.0, 16.0, 51.0, 48.0, 84.0, 3.0], "val_FP": [104.0, 104.0, 104.0, 104.0, 85.0, 8.0, 91.0, 104.0, 5.0, 104.0, 104.0, 98.0, 87.0, 32.0, 104.0, 61.0, 55.0, 97.0, 78.0, 71.0, 61.0, 104.0, 28.0, 10.0, 40.0, 20.0, 104.0, 60.0, 104.0, 55.0, 103.0, 88.0, 53.0, 56.0, 20.0, 101.0], "val_FN": [0.0, 0.0, 0.0, 0.0, 35.0, 141.0, 18.0, 0.0, 142.0, 0.0, 0.0, 12.0, 14.0, 83.0, 0.0, 37.0, 50.0, 4.0, 20.0, 38.0, 56.0, 0.0, 89.0, 122.0, 70.0, 110.0, 0.0, 49.0, 0.0, 43.0, 2.0, 17.0, 61.0, 61.0, 117.0, 1.0],