{"loss": [0.6944361329078674, 0.6945617198944092, 0.6913079023361206, 0.6918849349021912, 0.6892483830451965, 0.6865827441215515, 0.6863621473312378, 0.6848384737968445, 0.6810790300369263, 0.6781719326972961, 0.6757358908653259, 0.6764261722564697, 0.6707621216773987, 0.6701247096061707, 0.6629568934440613, 0.6601454615592957, 0.6591410040855408, 0.6531246304512024, 0.6509222984313965, 0.6448023319244385, 0.6434347033500671, 0.6372669339179993, 0.6403177380561829, 0.6365671157836914, 0.6317106485366821, 0.6317579746246338, 0.631667971611023, 0.6314217448234558, 0.6282361745834351, 0.6237497925758362, 0.6260409951210022, 0.6247292757034302, 0.6187469363212585, 0.6196396946907043, 0.6188606023788452, 0.6151286959648132, 0.6148431897163391, 0.6177646517753601, 0.6061859726905823, 0.6096528768539429, 0.6074870228767395, 0.6076298356056213, 0.6005297303199768, 0.5983493328094482, 0.6071839332580566, 0.6018527150154114, 0.5999197959899902, 0.5974841117858887, 0.5994116067886353, 0.594021201133728, 0.5934691429138184, 0.5922700762748718, 0.5897350907325745, 0.5880061388015747, 0.5856687426567078], "accuracy": [0.5188284516334534, 0.5006973743438721, 0.5313807725906372, 0.5223152041435242, 0.5536959767341614, 0.5397489666938782, 0.5481171607971191, 0.5369595289230347, 0.5543932914733887, 0.5774058699607849, 0.5753138065338135, 0.569037675857544, 0.5836820006370544, 0.5955369472503662, 0.6178521513938904, 0.6046025156974792, 0.6066945791244507, 0.6101813316345215, 0.6178521513938904, 0.6213389039039612, 0.6227335929870605, 0.6150627732276917, 0.616457462310791, 0.6345885396003723, 0.6324965357780457, 0.6394700407981873, 0.6436541080474854, 0.6262203454971313, 0.6429567933082581, 0.6415620446205139, 0.6492329239845276, 0.6387726664543152, 0.6415620446205139, 0.6541143655776978, 0.6436541080474854, 0.6541143655776978, 0.6464434862136841, 0.6373779773712158, 0.6624825596809387, 0.6534169912338257, 0.6555090546607971, 0.6541143655776978, 0.6729428172111511, 0.6541143655776978, 0.6499302387237549, 0.6778242588043213, 0.6666666865348816, 0.6645746231079102, 0.6638772487640381, 0.6778242588043213, 0.6673640012741089, 0.6750348806381226, 0.6917712688446045, 0.6792189478874207, 0.6820083856582642], "benchmark_760": [690.0, 716.0, 672.0, 685.0, 640.0, 660.0, 648.0, 664.0, 639.0, 606.0, 609.0, 618.0, 597.0, 580.0, 548.0, 567.0, 564.0, 559.0, 548.0, 543.0, 541.0, 552.0, 550.0, 524.0, 527.0, 517.0, 511.0, 536.0, 512.0, 514.0, 503.0, 518.0, 514.0, 496.0, 511.0, 496.0, 507.0, 520.0, 484.0, 497.0, 494.0, 496.0, 469.0, 496.0, 502.0, 462.0, 478.0, 481.0, 482.0, 462.0, 477.0, 466.0, 442.0, 460.0, 456.0], "TP": [400.0, 353.0, 373.0, 362.0, 367.0, 370.0, 384.0, 363.0, 386.0, 403.0, 382.0, 389.0, 395.0, 423.0, 421.0, 422.0, 426.0, 445.0, 429.0, 452.0, 451.0, 429.0, 446.0, 457.0, 448.0, 462.0, 478.0, 446.0, 449.0, 462.0, 460.0, 463.0, 456.0, 472.0, 464.0, 472.0, 463.0, 461.0, 479.0, 474.0, 471.0, 472.0, 481.0, 468.0, 480.0, 479.0, 476.0, 471.0, 472.0, 487.0, 465.0, 489.0, 491.0, 492.0, 482.0], "TN": [344.0, 365.0, 389.0, 387.0, 427.0, 404.0, 402.0, 407.0, 409.0, 425.0, 443.0, 427.0, 442.0, 431.0, 465.0, 445.0, 444.0, 430.0, 457.0, 439.0, 442.0, 453.0, 438.0, 453.0, 459.0, 455.0, 445.0, 452.0, 473.0, 458.0, 471.0, 453.0, 464.0, 466.0, 459.0, 466.0, 464.0, 453.0, 471.0, 463.0, 469.0, 466.0, 484.0, 470.0, 452.0, 493.0, 480.0, 482.0, 480.0, 485.0, 492.0, 479.0, 501.0, 482.0, 496.0], "FP": [373.0, 352.0, 328.0, 330.0, 290.0, 313.0, 315.0, 310.0, 308.0, 292.0, 274.0, 290.0, 275.0, 286.0, 252.0, 272.0, 273.0, 287.0, 260.0, 278.0, 275.0, 264.0, 279.0, 264.0, 258.0, 262.0, 272.0, 265.0, 244.0, 259.0, 246.0, 264.0, 253.0, 251.0, 258.0, 251.0, 253.0, 264.0, 246.0, 254.0, 248.0, 251.0, 233.0, 247.0, 265.0, 224.0, 237.0, 235.0, 237.0, 232.0, 225.0, 238.0, 216.0, 235.0, 221.0], "FN": [317.0, 364.0, 344.0, 355.0, 350.0, 347.0, 333.0, 354.0, 331.0, 314.0, 335.0, 328.0, 322.0, 294.0, 296.0, 295.0, 291.0, 272.0, 288.0, 265.0, 266.0, 288.0, 271.0, 260.0, 269.0, 255.0, 239.0, 271.0, 268.0, 255.0, 257.0, 254.0, 261.0, 245.0, 253.0, 245.0, 254.0, 256.0, 238.0, 243.0, 246.0, 245.0, 236.0, 249.0, 237.0, 238.0, 241.0, 246.0, 245.0, 230.0, 252.0, 228.0, 226.0, 225.0, 235.0], "Precision": [0.5174643993377686, 0.5007092356681824, 0.5320969820022583, 0.5231214165687561, 0.5585997104644775, 0.5417276620864868, 0.54935622215271, 0.539375901222229, 0.5561959743499756, 0.5798560976982117, 0.582317054271698, 0.5729013085365295, 0.5895522236824036, 0.5966149568557739, 0.6255571842193604, 0.6080691814422607, 0.6094420552253723, 0.6079235076904297, 0.6226415038108826, 0.619178056716919, 0.6212121248245239, 0.6190476417541504, 0.6151723861694336, 0.633841872215271, 0.6345608830451965, 0.6381215453147888, 0.637333333492279, 0.6272855401039124, 0.6479076743125916, 0.6407766938209534, 0.6515581011772156, 0.6368638277053833, 0.6431593894958496, 0.6528354287147522, 0.6426593065261841, 0.6528354287147522, 0.6466480493545532, 0.6358620524406433, 0.660689651966095, 0.651098906993866, 0.6550765037536621, 0.6528354287147522, 0.6736694574356079, 0.6545454263687134, 0.6442952752113342, 0.6813655495643616, 0.6676017045974731, 0.6671388149261475, 0.665726363658905, 0.6773295998573303, 0.6739130616188049, 0.6726272106170654, 0.694483757019043, 0.6767537593841553, 0.6856330037117004], "Recall": [0.5578800439834595, 0.4923291504383087, 0.5202231407165527, 0.5048814415931702, 0.5118549466133118, 0.5160390734672546, 0.5355648398399353, 0.5062761306762695, 0.5383542776107788, 0.5620641708374023, 0.5327754616737366, 0.5425383448600769, 0.5509065389633179, 0.589958131313324, 0.5871687531471252, 0.5885634422302246, 0.5941422581672668, 0.6206415891647339, 0.5983263850212097, 0.6304044723510742, 0.6290097832679749, 0.5983263850212097, 0.6220362782478333, 0.6373779773712158, 0.624825656414032, 0.6443514823913574, 0.6666666865348816, 0.6220362782478333, 0.6262203454971313, 0.6443514823913574, 0.6415620446205139, 0.6457461714744568, 0.6359832882881165, 0.6582984924316406, 0.6471408605575562, 0.6582984924316406, 0.6457461714744568, 0.6429567933082581, 0.668061375617981, 0.6610878705978394, 0.6569037437438965, 0.6582984924316406, 0.6708507537841797, 0.6527196764945984, 0.6694560647010803, 0.668061375617981, 0.6638772487640381, 0.6569037437438965, 0.6582984924316406, 0.6792189478874207, 0.6485355496406555, 0.6820083856582642, 0.6847977638244629, 0.6861924529075623, 0.672245442867279], "AUC": [0.5148427486419678, 0.5058754086494446, 0.5334883332252502, 0.526255190372467, 0.5501314401626587, 0.5603796243667603, 0.5630464553833008, 0.5697690844535828, 0.5866532921791077, 0.6050353050231934, 0.608222484588623, 0.603547215461731, 0.6285993456840515, 0.6245688796043396, 0.6496025323867798, 0.6506198048591614, 0.6495586633682251, 0.6620264053344727, 0.6659955382347107, 0.6778096556663513, 0.6799678802490234, 0.6845799088478088, 0.6771210432052612, 0.6894039511680603, 0.6944926381111145, 0.6932963132858276, 0.6955322623252869, 0.6929811239242554, 0.6969308853149414, 0.7059819102287292, 0.701647937297821, 0.7050608396530151, 0.712212324142456, 0.7120741605758667, 0.7101105451583862, 0.7202955484390259, 0.7173981070518494, 0.711383581161499, 0.7329800128936768, 0.7247596979141235, 0.7264004349708557, 0.7282823920249939, 0.7396268248558044, 0.7374647259712219, 0.7249338030815125, 0.7388720512390137, 0.736568033695221, 0.738039493560791, 0.737679660320282, 0.7470389604568481, 0.7455751895904541, 0.7470515370368958, 0.7520021200180054, 0.7542380094528198, 0.7525331377983093],