{"loss": [0.6908593773841858, 0.6846600770950317, 0.6710318922996521, 0.6654629707336426, 0.6628848314285278, 0.6558750867843628, 0.6526160836219788, 0.6433596014976501, 0.6463838815689087, 0.6446746587753296, 0.6315433979034424, 0.6340383291244507, 0.6274840235710144, 0.6204680800437927, 0.617182195186615, 0.617291271686554, 0.6097400784492493, 0.6124886274337769, 0.6081196069717407, 0.607974112033844, 0.604568362236023, 0.5864014029502869, 0.5916577577590942, 0.5870600342750549, 0.596556544303894, 0.5936089754104614, 0.5811842083930969], "accuracy": [0.5097628831863403, 0.5578800439834595, 0.5913528800010681, 0.5885634422302246, 0.5948396325111389, 0.6206415891647339, 0.6032078266143799, 0.6115760207176208, 0.6129707098007202, 0.6234309673309326, 0.6443514823913574, 0.6345885396003723, 0.6366806030273438, 0.6485355496406555, 0.6555090546607971, 0.6464434862136841, 0.6562064290046692, 0.651324987411499, 0.6569037437438965, 0.6743375062942505, 0.6764295697212219, 0.6931659579277039, 0.6841003894805908, 0.6827057003974915, 0.6820083856582642, 0.6701534390449524, 0.6903765797615051], "benchmark_1335": [703.0, 634.0, 586.0, 590.0, 581.0, 544.0, 569.0, 557.0, 555.0, 540.0, 510.0, 524.0, 521.0, 504.0, 494.0, 507.0, 493.0, 500.0, 492.0, 467.0, 464.0, 440.0, 453.0, 455.0, 456.0, 473.0, 444.0], "TP": [348.0, 329.0, 343.0, 369.0, 373.0, 403.0, 402.0, 430.0, 422.0, 436.0, 452.0, 448.0, 451.0, 457.0, 459.0, 461.0, 462.0, 452.0, 458.0, 472.0, 476.0, 489.0, 483.0, 482.0, 479.0, 471.0, 490.0], "TN": [383.0, 471.0, 505.0, 475.0, 480.0, 487.0, 463.0, 447.0, 457.0, 458.0, 472.0, 462.0, 462.0, 473.0, 481.0, 466.0, 479.0, 482.0, 484.0, 495.0, 494.0, 505.0, 498.0, 497.0, 499.0, 490.0, 500.0], "FP": [334.0, 246.0, 212.0, 242.0, 237.0, 230.0, 254.0, 270.0, 260.0, 259.0, 245.0, 255.0, 255.0, 244.0, 236.0, 251.0, 238.0, 235.0, 233.0, 222.0, 223.0, 212.0, 219.0, 220.0, 218.0, 227.0, 217.0], "FN": [369.0, 388.0, 374.0, 348.0, 344.0, 314.0, 315.0, 287.0, 295.0, 281.0, 265.0, 269.0, 266.0, 260.0, 258.0, 256.0, 255.0, 265.0, 259.0, 245.0, 241.0, 228.0, 234.0, 235.0, 238.0, 246.0, 227.0], "Precision": [0.5102639198303223, 0.5721738934516907, 0.6180180311203003, 0.6039279699325562, 0.61147540807724, 0.6366508603096008, 0.6128048896789551, 0.6142857074737549, 0.6187683343887329, 0.6273381114006042, 0.6484935283660889, 0.6372688412666321, 0.6388102173805237, 0.651925802230835, 0.6604316830635071, 0.6474719047546387, 0.6600000262260437, 0.6579330563545227, 0.6628075242042542, 0.680115282535553, 0.6809728145599365, 0.6975749135017395, 0.688034176826477, 0.68660968542099, 0.6872310042381287, 0.6747850775718689, 0.6930692791938782], "Recall": [0.4853556454181671, 0.45885634422302246, 0.4783821403980255, 0.5146443247795105, 0.5202231407165527, 0.5620641708374023, 0.560669481754303, 0.5997210741043091, 0.5885634422302246, 0.60808926820755, 0.6304044723510742, 0.624825656414032, 0.6290097832679749, 0.6373779773712158, 0.6401673555374146, 0.6429567933082581, 0.6443514823913574, 0.6304044723510742, 0.6387726664543152, 0.6582984924316406, 0.6638772487640381, 0.6820083856582642, 0.6736401915550232, 0.672245442867279, 0.668061375617981, 0.6569037437438965, 0.6834030747413635], "AUC": [0.527265727519989, 0.5808964967727661, 0.6276452541351318, 0.6364637613296509, 0.6395809054374695, 0.6578890085220337, 0.6665480732917786, 0.6768798232078552, 0.668389081954956, 0.6756203174591064, 0.6947163343429565, 0.688561737537384, 0.7013269066810608, 0.7106143832206726, 0.7150366902351379, 0.7145873308181763, 0.7226462960243225, 0.7190554738044739, 0.7250028252601624, 0.726806104183197, 0.730092465877533, 0.7551629543304443, 0.7495939135551453, 0.7519252300262451, 0.7400741577148438, 0.7415875196456909, 0.7621404528617859], "val_loss": [0.6907680630683899, 0.6670312285423279, 0.6436058878898621, 0.7937122583389282, 0.6280018091201782, 0.6101873517036438, 0.5945372581481934, 0.6946515440940857, 0.6581482291221619, 0.7383571863174438, 0.6040913462638855, 0.69619220495224, 0.916708767414093, 0.6023868918418884, 0.6097704768180847, 0.5837832093238831, 0.5901919007301331, 0.6440776586532593, 0.6272189617156982, 0.5965031981468201, 0.6559877991676331, 0.6041125655174255, 0.6512047648429871, 0.8247090578079224, 0.5689730048179626, 0.6127811074256897, 0.7805900573730469], "val_accuracy": [0.4909090995788574, 0.6036363840103149, 0.6727272868156433, 0.41090908646583557, 0.6763636469841003, 0.6254545450210571, 0.7018181681632996, 0.5418182015419006, 0.5636363625526428, 0.5090909004211426, 0.6581818461418152, 0.5418182015419006, 0.46909090876579285, 0.6581818461418152, 0.6545454263687134, 0.6727272868156433, 0.6545454263687134, 0.5963636636734009, 0.6399999856948853, 0.6654545664787292, 0.581818163394928, 0.6581818461418152, 0.6472727060317993, 0.48363634943962097, 0.6727272868156433, 0.6363636255264282, 0.5127272605895996], "val_benchmark_1335": [140.0, 109.0, 90.0, 162.0, 89.0, 103.0, 82.0, 126.0, 120.0, 135.0, 94.0, 126.0, 146.0, 94.0, 95.0, 90.0, 95.0, 111.0, 99.0, 92.0, 115.0, 94.0, 97.0, 142.0, 90.0, 100.0, 134.0], "val_TP": [46.0, 102.0, 120.0, 10.0, 123.0, 155.0, 139.0, 67.0, 59.0, 38.0, 111.0, 49.0, 28.0, 109.0, 163.0, 125.0, 114.0, 79.0, 91.0, 102.0, 67.0, 117.0, 167.0, 32.0, 150.0, 94.0, 42.0], "val_TN": [89.0, 64.0, 65.0, 103.0, 63.0, 17.0, 54.0, 82.0, 96.0, 102.0, 70.0, 100.0, 101.0, 72.0, 17.0, 60.0, 66.0, 85.0, 85.0, 81.0, 93.0, 64.0, 11.0, 101.0, 35.0, 81.0, 99.0], "val_FP": [15.0, 40.0, 39.0, 1.0, 41.0, 87.0, 50.0, 22.0, 8.0, 2.0, 34.0, 4.0, 3.0, 32.0, 87.0, 44.0, 38.0, 19.0, 19.0, 23.0, 11.0, 40.0, 93.0, 3.0, 69.0, 23.0, 5.0], "val_FN": [125.0, 69.0, 51.0, 161.0, 48.0, 16.0, 32.0, 104.0, 112.0, 133.0, 60.0, 122.0, 143.0, 62.0, 8.0, 46.0, 57.0, 92.0, 80.0, 69.0, 104.0, 54.0, 4.0, 139.0, 21.0, 77.0, 129.0], "val_Precision": [0.7540983557701111, 0.7183098793029785, 0.7547169923782349, 0.9090909361839294, 0.75, 0.6404958963394165, 0.7354497313499451, 0.7528089880943298, 0.8805969953536987, 0.949999988079071, 0.7655172348022461, 0.9245283007621765, 0.9032257795333862, 0.7730496525764465, 0.6520000100135803, 0.7396449446678162, 0.75, 0.8061224222183228, 0.8272727131843567, 0.8159999847412109, 0.8589743375778198, 0.7452229261398315, 0.642307698726654, 0.9142857193946838, 0.6849315166473389, 0.8034188151359558, 0.8936170339584351], "val_Recall": [0.26900583505630493, 0.5964912176132202, 0.7017543911933899, 0.05847953259944916, 0.719298243522644, 0.9064327478408813, 0.8128654956817627, 0.39181286096572876, 0.34502923488616943, 0.2222222238779068, 0.6491228342056274, 0.28654971718788147, 0.16374269127845764, 0.6374269127845764, 0.9532163739204407, 0.7309941649436951, 0.6666666865348816, 0.46198830008506775, 0.5321637392044067, 0.5964912176132202, 0.39181286096572876, 0.6842105388641357, 0.9766082167625427, 0.1871345043182373, 0.8771929740905762, 0.5497075915336609, 0.24561403691768646], "val_AUC": [0.5923583507537842, 0.643977701663971, 0.7159806489944458, 0.7011921405792236, 0.7374325394630432, 0.6857005953788757, 0.7220535278320312, 0.6591879725456238, 0.730769157409668, 0.7288011312484741, 0.7342555522918701, 0.7177237868309021, 0.6996738910675049, 0.7265800833702087, 0.7234874367713928, 0.7332995533943176, 0.7371233105659485, 0.7291104793548584, 0.7342554926872253, 0.7465136647224426, 0.7357175350189209, 0.724134087562561, 0.7224470973014832, 0.7198605537414551, 0.7357174754142761, 0.7378261089324951, 0.7221378684043884]}