{"loss": [0.7461249232292175, 0.6859977841377258, 0.6856143474578857, 0.6842452883720398, 0.680288553237915, 0.6801880598068237, 0.6753045320510864, 0.67525315284729, 0.6694822907447815, 0.6641868948936462, 0.6574001908302307, 0.6573154926300049, 0.6577759385108948, 0.6457794308662415, 0.6464405059814453, 0.6475199460983276, 0.6430686712265015, 0.6387014985084534, 0.6353235840797424, 0.6362060904502869, 0.62813800573349, 0.6301376819610596, 0.6300193667411804, 0.6224054098129272, 0.6243279576301575, 0.6158581972122192, 0.6259583234786987, 0.6168975830078125, 0.619228184223175, 0.6164368391036987, 0.612369954586029, 0.6082628965377808, 0.607891321182251], "accuracy": [0.5160390734672546, 0.5543932914733887, 0.5613667964935303, 0.5516039133071899, 0.569037675857544, 0.5760111808776855, 0.5725244283676147, 0.5781031847000122, 0.5857740640640259, 0.6039051413536072, 0.5983263850212097, 0.6101813316345215, 0.6004183888435364, 0.607391893863678, 0.6317991614341736, 0.616457462310791, 0.6087865829467773, 0.6345885396003723, 0.6366806030273438, 0.6220362782478333, 0.6352859139442444, 0.6373779773712158, 0.633891224861145, 0.6527196764945984, 0.6387726664543152, 0.650627613067627, 0.6380752921104431, 0.6555090546607971, 0.6471408605575562, 0.651324987411499, 0.650627613067627, 0.6562064290046692, 0.6736401915550232], "benchmark_1081": [694.0, 639.0, 629.0, 643.0, 618.0, 608.0, 613.0, 605.0, 594.0, 568.0, 576.0, 559.0, 573.0, 563.0, 528.0, 550.0, 561.0, 524.0, 521.0, 542.0, 523.0, 520.0, 525.0, 498.0, 518.0, 501.0, 519.0, 494.0, 506.0, 500.0, 501.0, 493.0, 468.0], "TP": [52.0, 350.0, 342.0, 373.0, 361.0, 353.0, 385.0, 357.0, 347.0, 389.0, 375.0, 377.0, 386.0, 384.0, 422.0, 409.0, 385.0, 426.0, 420.0, 423.0, 430.0, 446.0, 430.0, 446.0, 440.0, 453.0, 437.0, 458.0, 456.0, 445.0, 455.0, 457.0, 464.0], "TN": [688.0, 445.0, 463.0, 418.0, 455.0, 473.0, 436.0, 472.0, 493.0, 477.0, 483.0, 498.0, 475.0, 487.0, 484.0, 475.0, 488.0, 484.0, 493.0, 469.0, 481.0, 468.0, 479.0, 490.0, 476.0, 480.0, 478.0, 482.0, 472.0, 489.0, 478.0, 484.0, 502.0], "FP": [29.0, 272.0, 254.0, 299.0, 262.0, 244.0, 281.0, 245.0, 224.0, 240.0, 234.0, 219.0, 242.0, 230.0, 233.0, 242.0, 229.0, 233.0, 224.0, 248.0, 236.0, 249.0, 238.0, 227.0, 241.0, 237.0, 239.0, 235.0, 245.0, 228.0, 239.0, 233.0, 215.0], "FN": [665.0, 367.0, 375.0, 344.0, 356.0, 364.0, 332.0, 360.0, 370.0, 328.0, 342.0, 340.0, 331.0, 333.0, 295.0, 308.0, 332.0, 291.0, 297.0, 294.0, 287.0, 271.0, 287.0, 271.0, 277.0, 264.0, 280.0, 259.0, 261.0, 272.0, 262.0, 260.0, 253.0], "Precision": [0.6419752836227417, 0.5627009868621826, 0.573825478553772, 0.555059552192688, 0.579454243183136, 0.591289758682251, 0.5780780911445618, 0.5930232405662537, 0.6077057719230652, 0.6184419989585876, 0.6157635450363159, 0.6325503587722778, 0.6146496534347534, 0.6254071593284607, 0.6442748308181763, 0.6282641887664795, 0.6270358562469482, 0.6464340090751648, 0.6521739363670349, 0.6304023861885071, 0.6456456184387207, 0.6417266130447388, 0.64371258020401, 0.6627042889595032, 0.6461086869239807, 0.656521737575531, 0.6464496850967407, 0.6608946323394775, 0.6504992842674255, 0.6612184047698975, 0.6556196212768555, 0.6623188257217407, 0.6833578944206238], "Recall": [0.07252440601587296, 0.48814505338668823, 0.47698745131492615, 0.5202231407165527, 0.5034867525100708, 0.4923291504383087, 0.5369595289230347, 0.49790793657302856, 0.48396095633506775, 0.5425383448600769, 0.5230125784873962, 0.525801956653595, 0.5383542776107788, 0.5355648398399353, 0.5885634422302246, 0.5704323649406433, 0.5369595289230347, 0.5941422581672668, 0.5857740640640259, 0.589958131313324, 0.5997210741043091, 0.6220362782478333, 0.5997210741043091, 0.6220362782478333, 0.6136680841445923, 0.6317991614341736, 0.6094839572906494, 0.6387726664543152, 0.6359832882881165, 0.6206415891647339, 0.6345885396003723, 0.6373779773712158, 0.6471408605575562], "AUC": [0.507209837436676, 0.5590607523918152, 0.5614699125289917, 0.5706210136413574, 0.5803858637809753, 0.5795475244522095, 0.6009776592254639, 0.5928409099578857, 0.6154187917709351, 0.6439186334609985, 0.6494109630584717, 0.6498991847038269, 0.6461410522460938, 0.6714518666267395, 0.6752614974975586, 0.6722201108932495, 0.673741340637207, 0.6868869066238403, 0.6931211948394775, 0.6887552738189697, 0.704432487487793, 0.7014524936676025, 0.7003427743911743, 0.7156766653060913, 0.7076255083084106, 0.7220908999443054, 0.6995014548301697, 0.7195086479187012, 0.7128055095672607, 0.719110906124115, 0.723721981048584, 0.7261475920677185, 0.7339701652526855], "val_loss": [0.7154002785682678, 0.7072011232376099, 0.6988416314125061, 0.7046968340873718, 0.7024657726287842, 0.6963844299316406, 0.6935163736343384, 0.6658176779747009, 0.6544262766838074, 0.6407806277275085, 0.6325966715812683, 0.6250314712524414, 0.621590256690979, 0.629026472568512, 0.61236172914505, 0.6142322421073914, 0.6078441143035889, 0.6032559275627136, 0.6028323769569397, 0.616814374923706, 0.6284127235412598, 0.6308526396751404, 0.6042793989181519, 0.6092234253883362, 0.5953147411346436, 0.5994949340820312, 0.6335163712501526, 0.5914394855499268, 0.5929573178291321, 0.5900616645812988, 0.5894976854324341, 0.6009512543678284, 0.6438614726066589], "val_accuracy": [0.3781818151473999, 0.3781818151473999, 0.43272727727890015, 0.42181816697120667, 0.4618181884288788, 0.49454545974731445, 0.5381818413734436, 0.578181803226471, 0.6036363840103149, 0.6509090662002563, 0.6472727060317993, 0.6509090662002563, 0.6618182063102722, 0.6472727060317993, 0.6545454263687134, 0.6472727060317993, 0.6581818461418152, 0.6545454263687134, 0.6436363458633423, 0.6472727060317993, 0.6399999856948853, 0.6472727060317993, 0.6472727060317993, 0.6399999856948853, 0.6509090662002563, 0.6509090662002563, 0.6436363458633423, 0.6509090662002563, 0.6509090662002563, 0.6581818461418152, 0.6581818461418152, 0.6618182063102722, 0.6509090662002563], "val_benchmark_1081": [171.0, 171.0, 156.0, 159.0, 148.0, 139.0, 127.0, 116.0, 109.0, 96.0, 97.0, 96.0, 93.0, 97.0, 95.0, 97.0, 94.0, 95.0, 98.0, 97.0, 99.0, 97.0, 97.0, 99.0, 96.0, 96.0, 98.0, 96.0, 96.0, 94.0, 94.0, 93.0, 96.0], "val_TP": [0.0, 0.0, 20.0, 15.0, 30.0, 39.0, 61.0, 87.0, 130.0, 143.0, 153.0, 153.0, 150.0, 164.0, 146.0, 143.0, 149.0, 155.0, 147.0, 165.0, 167.0, 164.0, 164.0, 163.0, 152.0, 151.0, 160.0, 151.0, 152.0, 149.0, 145.0, 159.0, 163.0], "val_TN": [104.0, 104.0, 99.0, 101.0, 97.0, 97.0, 87.0, 72.0, 36.0, 36.0, 25.0, 26.0, 32.0, 14.0, 34.0, 35.0, 32.0, 25.0, 30.0, 13.0, 9.0, 14.0, 14.0, 13.0, 27.0, 28.0, 17.0, 28.0, 27.0, 32.0, 36.0, 23.0, 16.0], "val_FP": [0.0, 0.0, 5.0, 3.0, 7.0, 7.0, 17.0, 32.0, 68.0, 68.0, 79.0, 78.0, 72.0, 90.0, 70.0, 69.0, 72.0, 79.0, 74.0, 91.0, 95.0, 90.0, 90.0, 91.0, 77.0, 76.0, 87.0, 76.0, 77.0, 72.0, 68.0, 81.0, 88.0], "val_FN": [171.0, 171.0, 151.0, 156.0, 141.0, 132.0, 110.0, 84.0, 41.0, 28.0, 18.0, 18.0, 21.0, 7.0, 25.0, 28.0, 22.0, 16.0, 24.0, 6.0, 4.0, 7.0, 7.0, 8.0, 19.0, 20.0, 11.0, 20.0, 19.0, 22.0, 26.0, 12.0, 8.0], "val_Precision": [0.0, 0.0, 0.800000011920929, 0.8333333134651184, 0.8108108043670654, 0.8478260636329651, 0.7820512652397156, 0.7310924530029297, 0.6565656661987305, 0.6777251362800598, 0.6594827771186829, 0.6623376607894897, 0.6756756901741028, 0.6456692814826965, 0.6759259104728699, 0.6745283007621765, 0.6742081642150879, 0.6623931527137756, 0.6651583909988403, 0.64453125, 0.6374045610427856, 0.6456692814826965, 0.6456692814826965, 0.6417322754859924, 0.663755476474762, 0.6651982665061951, 0.647773265838623, 0.6651982665061951, 0.663755476474762, 0.6742081642150879, 0.6807511448860168, 0.6625000238418579, 0.649402379989624],