{"loss": [0.7017101049423218, 0.6859685182571411, 0.678546667098999, 0.6716042757034302, 0.6678208112716675, 0.6716169118881226, 0.6688960790634155, 0.6647886633872986, 0.6566842198371887, 0.6571353673934937, 0.6581732630729675, 0.6670211553573608, 0.6505314707756042, 0.6532609462738037, 0.6467077732086182, 0.6560356020927429, 0.652763307094574, 0.6540035605430603, 0.644864559173584, 0.6592847108840942, 0.6475191116333008, 0.653136134147644, 0.6434574127197266, 0.6517029404640198, 0.645440936088562, 0.6464658379554749, 0.6473045945167542, 0.640699565410614, 0.6481953859329224, 0.6524775624275208, 0.6455029845237732, 0.6460115909576416, 0.6477055549621582, 0.6410151124000549, 0.6386036276817322, 0.64400315284729, 0.6354492902755737], "accuracy": [0.5139470100402832, 0.5592747330665588, 0.573221743106842, 0.5767084956169128, 0.5913528800010681, 0.5857740640640259, 0.5878661274909973, 0.607391893863678, 0.5948396325111389, 0.5955369472503662, 0.6052998900413513, 0.6101813316345215, 0.6039051413536072, 0.6059972047805786, 0.6171548366546631, 0.5962343215942383, 0.5997210741043091, 0.6101813316345215, 0.607391893863678, 0.6004183888435364, 0.6227335929870605, 0.6171548366546631, 0.6171548366546631, 0.6206415891647339, 0.6094839572906494, 0.6039051413536072, 0.5948396325111389, 0.6345885396003723, 0.6262203454971313, 0.5829846858978271, 0.616457462310791, 0.6311017870903015, 0.6136680841445923, 0.6227335929870605, 0.6297070980072021, 0.6311017870903015, 0.6199442148208618], "benchmark_431": [697.0, 632.0, 612.0, 607.0, 586.0, 594.0, 591.0, 563.0, 581.0, 580.0, 566.0, 559.0, 568.0, 565.0, 549.0, 579.0, 574.0, 559.0, 563.0, 573.0, 541.0, 549.0, 549.0, 544.0, 560.0, 568.0, 581.0, 524.0, 536.0, 598.0, 550.0, 529.0, 554.0, 541.0, 531.0, 529.0, 545.0], "TP": [329.0, 310.0, 339.0, 397.0, 405.0, 422.0, 406.0, 454.0, 441.0, 442.0, 428.0, 471.0, 449.0, 469.0, 466.0, 473.0, 476.0, 473.0, 422.0, 462.0, 463.0, 464.0, 465.0, 466.0, 453.0, 446.0, 436.0, 445.0, 461.0, 439.0, 458.0, 436.0, 449.0, 461.0, 435.0, 446.0, 458.0], "TN": [408.0, 492.0, 483.0, 430.0, 443.0, 418.0, 437.0, 417.0, 412.0, 412.0, 440.0, 404.0, 417.0, 400.0, 419.0, 382.0, 384.0, 402.0, 449.0, 399.0, 430.0, 421.0, 420.0, 424.0, 421.0, 420.0, 417.0, 465.0, 437.0, 397.0, 426.0, 469.0, 431.0, 432.0, 468.0, 459.0, 431.0], "FP": [309.0, 225.0, 234.0, 287.0, 274.0, 299.0, 280.0, 300.0, 305.0, 305.0, 277.0, 313.0, 300.0, 317.0, 298.0, 335.0, 333.0, 315.0, 268.0, 318.0, 287.0, 296.0, 297.0, 293.0, 296.0, 297.0, 300.0, 252.0, 280.0, 320.0, 291.0, 248.0, 286.0, 285.0, 249.0, 258.0, 286.0], "FN": [388.0, 407.0, 378.0, 320.0, 312.0, 295.0, 311.0, 263.0, 276.0, 275.0, 289.0, 246.0, 268.0, 248.0, 251.0, 244.0, 241.0, 244.0, 295.0, 255.0, 254.0, 253.0, 252.0, 251.0, 264.0, 271.0, 281.0, 272.0, 256.0, 278.0, 259.0, 281.0, 268.0, 256.0, 282.0, 271.0, 259.0], "Precision": [0.5156739950180054, 0.5794392228126526, 0.5916230082511902, 0.5804093480110168, 0.5964654088020325, 0.5852981805801392, 0.5918367505073547, 0.6021220088005066, 0.5911527872085571, 0.5917001366615295, 0.6070922017097473, 0.6007652878761292, 0.5994659662246704, 0.5966920852661133, 0.6099476218223572, 0.5853960514068604, 0.5883806943893433, 0.6002538204193115, 0.6115942001342773, 0.5923076868057251, 0.6173333525657654, 0.6105263233184814, 0.6102362275123596, 0.6139657497406006, 0.6048064231872559, 0.6002691984176636, 0.592391312122345, 0.6384505033493042, 0.6221322417259216, 0.5783926248550415, 0.6114819645881653, 0.6374269127845764, 0.6108843684196472, 0.6179624795913696, 0.6359649300575256, 0.6335227489471436, 0.6155914068222046], "Recall": [0.45885634422302246, 0.4323570430278778, 0.47280335426330566, 0.5536959767341614, 0.5648535490036011, 0.5885634422302246, 0.5662482380867004, 0.633193850517273, 0.6150627732276917, 0.616457462310791, 0.5969316363334656, 0.6569037437438965, 0.6262203454971313, 0.6541143655776978, 0.6499302387237549, 0.65969318151474, 0.6638772487640381, 0.65969318151474, 0.5885634422302246, 0.6443514823913574, 0.6457461714744568, 0.6471408605575562, 0.6485355496406555, 0.6499302387237549, 0.6317991614341736, 0.6220362782478333, 0.60808926820755, 0.6206415891647339, 0.6429567933082581, 0.6122733354568481, 0.6387726664543152, 0.60808926820755, 0.6262203454971313, 0.6429567933082581, 0.6066945791244507, 0.6220362782478333, 0.6387726664543152], "AUC": [0.522217869758606, 0.5751913189888, 0.6057617664337158, 0.6063910722732544, 0.63280189037323, 0.6195804476737976, 0.6270188093185425, 0.6353394389152527, 0.6410524249076843, 0.6447609066963196, 0.6485706567764282, 0.6385159492492676, 0.6593828797340393, 0.6513609290122986, 0.6656970381736755, 0.649722158908844, 0.6504087448120117, 0.6557171940803528, 0.6634950637817383, 0.6426328420639038, 0.6659858822822571, 0.6588071584701538, 0.6731587648391724, 0.6653818488121033, 0.6652175188064575, 0.6711094379425049, 0.6611763834953308, 0.6813032031059265, 0.6736975312232971, 0.6464357376098633, 0.6689999103546143, 0.6702545881271362, 0.6612133979797363, 0.677381694316864, 0.677004337310791, 0.673491358757019, 0.6776190996170044], "val_loss": [0.7377228736877441, 0.7655380964279175, 0.7214820384979248, 0.7639798521995544, 0.7255827784538269, 0.7104798555374146, 0.679517924785614, 0.6747718453407288, 0.6866571307182312, 0.6830275058746338, 0.6525939106941223, 0.6805647611618042, 0.657442033290863, 0.6522294282913208, 0.6713824272155762, 0.6547605991363525, 0.6769054532051086, 0.7533146739006042, 0.7719995379447937, 1.1787841320037842, 0.6362053155899048, 0.7110688090324402, 1.212675929069519, 0.96795254945755, 2.689404249191284, 1.231963038444519, 0.9264762997627258, 0.8238962888717651, 2.338841199874878, 0.7991946935653687, 1.4113842248916626, 0.7972872257232666, 1.422539234161377, 4.714378356933594, 0.7084200978279114, 0.7092832922935486, 4.646916389465332], "val_accuracy": [0.3781818151473999, 0.3781818151473999, 0.3781818151473999, 0.3781818151473999, 0.3781818151473999, 0.4036363661289215, 0.6218181848526001, 0.6218181848526001, 0.5454545617103577, 0.5672727227210999, 0.6218181848526001, 0.5600000023841858, 0.6218181848526001, 0.6436363458633423, 0.6327272653579712, 0.6363636255264282, 0.6472727060317993, 0.41090908646583557, 0.6218181848526001, 0.6218181848526001, 0.6218181848526001, 0.6218181848526001, 0.38545453548431396, 0.6218181848526001, 0.6218181848526001, 0.38545453548431396, 0.6218181848526001, 0.6218181848526001, 0.6218181848526001, 0.6218181848526001, 0.38545453548431396, 0.6218181848526001, 0.38181817531585693, 0.6218181848526001, 0.4145454466342926, 0.6218181848526001, 0.6218181848526001], "val_benchmark_431": [171.0, 171.0, 171.0, 171.0, 171.0, 164.0, 104.0, 104.0, 125.0, 119.0, 104.0, 121.0, 104.0, 98.0, 101.0, 100.0, 97.0, 162.0, 104.0, 104.0, 104.0, 104.0, 169.0, 104.0, 104.0, 169.0, 104.0, 104.0, 104.0, 104.0, 169.0, 104.0, 170.0, 104.0, 161.0, 104.0, 104.0], "val_TP": [0.0, 0.0, 0.0, 0.0, 0.0, 7.0, 171.0, 171.0, 75.0, 92.0, 171.0, 93.0, 171.0, 160.0, 166.0, 166.0, 164.0, 9.0, 171.0, 171.0, 171.0, 171.0, 2.0, 171.0, 171.0, 2.0, 171.0, 171.0, 171.0, 171.0, 2.0, 171.0, 1.0, 171.0, 10.0, 171.0, 171.0], "val_TN": [104.0, 104.0, 104.0, 104.0, 104.0, 104.0, 0.0, 0.0, 75.0, 64.0, 0.0, 61.0, 0.0, 17.0, 8.0, 9.0, 14.0, 104.0, 0.0, 0.0, 0.0, 0.0, 104.0, 0.0, 0.0, 104.0, 0.0, 0.0, 0.0, 0.0, 104.0, 0.0, 104.0, 0.0, 104.0, 0.0, 0.0], "val_FP": [0.0, 0.0, 0.0, 0.0, 0.0, 0.0, 104.0, 104.0, 29.0, 40.0, 104.0, 43.0, 104.0, 87.0, 96.0, 95.0, 90.0, 0.0, 104.0, 104.0, 104.0, 104.0, 0.0, 104.0, 104.0, 0.0, 104.0, 104.0, 104.0, 104.0, 0.0, 104.0, 0.0, 104.0, 0.0, 104.0, 104.0], "val_FN": [171.0, 171.0, 171.0, 171.0, 171.0, 164.0, 0.0, 0.0, 96.0, 79.0, 0.0, 78.0, 0.0, 11.0, 5.0, 5.0, 7.0, 162.0, 0.0, 0.0, 0.0, 0.0, 169.0, 0.0, 0.0, 169.0, 0.0, 0.0, 0.0, 0.0, 169.0, 0.0, 170.0, 0.0, 161.0, 0.0, 0.0],