{"loss": [0.6934809684753418, 0.6907338500022888, 0.6850340366363525, 0.6801140904426575, 0.6731616258621216, 0.6688649654388428, 0.6654529571533203, 0.6592537760734558, 0.6556561589241028, 0.6518428921699524, 0.6441982388496399, 0.6461776494979858, 0.6405380368232727, 0.6349630951881409, 0.6305522918701172, 0.6233299374580383, 0.6289456486701965, 0.6256351470947266, 0.6281948685646057, 0.6232661008834839, 0.6221150755882263, 0.6160569787025452, 0.6187028884887695, 0.6086148023605347, 0.606418251991272, 0.6035990715026855, 0.6075782775878906, 0.6021245718002319, 0.615241289138794, 0.5984805822372437, 0.6044521331787109, 0.594973087310791, 0.5997365117073059, 0.5898728370666504, 0.5851253867149353, 0.5917781591415405, 0.5879671573638916, 0.581371009349823, 0.5860075354576111, 0.580278754234314, 0.5793806314468384, 0.5831592082977295, 0.5750626921653748, 0.5803305506706238, 0.5711632966995239, 0.5726011991500854, 0.5742748379707336, 0.5737346410751343, 0.5666937232017517, 0.5688297152519226, 0.5685917735099792, 0.565875768661499, 0.5647507905960083, 0.5647759437561035, 0.5586216449737549, 0.5658287405967712, 0.5537095665931702, 0.5573307871818542, 0.5502917170524597, 0.5630764961242676, 0.5506548285484314, 0.548248827457428, 0.5408070683479309, 0.5529662370681763, 0.551718533039093, 0.546912431716919, 0.539367139339447, 0.5440592765808105, 0.5414414405822754, 0.5461446046829224, 0.5386460423469543], "accuracy": [0.48814505338668823, 0.5418410301208496, 0.5564853549003601, 0.5585774183273315, 0.5850766897201538, 0.586471438407898, 0.5871687531471252, 0.5941422581672668, 0.6039051413536072, 0.6066945791244507, 0.6185495257377625, 0.6143653988838196, 0.6129707098007202, 0.633891224861145, 0.6345885396003723, 0.6520223021507263, 0.6373779773712158, 0.6436541080474854, 0.6387726664543152, 0.6464434862136841, 0.6541143655776978, 0.651324987411499, 0.6492329239845276, 0.6701534390449524, 0.668061375617981, 0.677126944065094, 0.6582984924316406, 0.6792189478874207, 0.6478382349014282, 0.6659693121910095, 0.6645746231079102, 0.6743375062942505, 0.6708507537841797, 0.6827057003974915, 0.6785216331481934, 0.677126944065094, 0.6924686431884766, 0.6973500847816467, 0.6785216331481934, 0.6799163222312927, 0.6959553956985474, 0.6882845163345337, 0.7036262154579163, 0.7015341520309448, 0.6973500847816467, 0.7022315263748169, 0.7015341520309448, 0.6959553956985474, 0.6966527104377747, 0.7029288411140442, 0.7029288411140442, 0.698047399520874, 0.7099023461341858, 0.7036262154579163, 0.7147838473320007, 0.7001394629478455, 0.7168758511543274, 0.7189679145812988, 0.7357043027877808, 0.723849356174469, 0.7259414196014404, 0.7259414196014404, 0.7287307977676392, 0.7196652889251709, 0.7287307977676392, 0.7203626036643982, 0.732914924621582, 0.7370990514755249, 0.7294281721115112, 0.7287307977676392, 0.7405857443809509], "benchmark_145": [734.0, 657.0, 636.0, 633.0, 595.0, 593.0, 592.0, 582.0, 568.0, 564.0, 547.0, 553.0, 555.0, 525.0, 524.0, 499.0, 520.0, 511.0, 518.0, 507.0, 496.0, 500.0, 503.0, 473.0, 476.0, 463.0, 490.0, 460.0, 505.0, 479.0, 481.0, 467.0, 472.0, 455.0, 461.0, 463.0, 441.0, 434.0, 461.0, 459.0, 436.0, 447.0, 425.0, 428.0, 434.0, 427.0, 428.0, 436.0, 435.0, 426.0, 426.0, 433.0, 416.0, 425.0, 409.0, 430.0, 406.0, 403.0, 379.0, 396.0, 393.0, 393.0, 389.0, 402.0, 389.0, 401.0, 383.0, 377.0, 388.0, 389.0, 372.0], "TP": [608.0, 393.0, 328.0, 311.0, 306.0, 306.0, 313.0, 342.0, 346.0, 356.0, 366.0, 379.0, 386.0, 399.0, 390.0, 417.0, 393.0, 412.0, 400.0, 419.0, 424.0, 413.0, 416.0, 441.0, 439.0, 447.0, 435.0, 459.0, 425.0, 447.0, 454.0, 444.0, 450.0, 453.0, 462.0, 449.0, 475.0, 468.0, 454.0, 467.0, 465.0, 464.0, 475.0, 468.0, 471.0, 472.0, 479.0, 480.0, 469.0, 483.0, 473.0, 472.0, 486.0, 480.0, 487.0, 472.0, 498.0, 481.0, 495.0, 489.0, 496.0, 498.0, 492.0, 489.0, 507.0, 490.0, 507.0, 507.0, 489.0, 495.0, 504.0], "TN": [92.0, 384.0, 470.0, 490.0, 533.0, 535.0, 529.0, 510.0, 520.0, 514.0, 521.0, 502.0, 493.0, 510.0, 520.0, 518.0, 521.0, 511.0, 516.0, 508.0, 514.0, 521.0, 515.0, 520.0, 519.0, 524.0, 509.0, 515.0, 504.0, 508.0, 499.0, 523.0, 512.0, 526.0, 511.0, 522.0, 518.0, 532.0, 519.0, 508.0, 533.0, 523.0, 534.0, 538.0, 529.0, 535.0, 527.0, 518.0, 530.0, 525.0, 535.0, 529.0, 532.0, 529.0, 538.0, 532.0, 530.0, 550.0, 560.0, 549.0, 545.0, 543.0, 553.0, 543.0, 538.0, 543.0, 544.0, 550.0, 557.0, 550.0, 558.0], "FP": [625.0, 333.0, 247.0, 227.0, 184.0, 182.0, 188.0, 207.0, 197.0, 203.0, 196.0, 215.0, 224.0, 207.0, 197.0, 199.0, 196.0, 206.0, 201.0, 209.0, 203.0, 196.0, 202.0, 197.0, 198.0, 193.0, 208.0, 202.0, 213.0, 209.0, 218.0, 194.0, 205.0, 191.0, 206.0, 195.0, 199.0, 185.0, 198.0, 209.0, 184.0, 194.0, 183.0, 179.0, 188.0, 182.0, 190.0, 199.0, 187.0, 192.0, 182.0, 188.0, 185.0, 188.0, 179.0, 185.0, 187.0, 167.0, 157.0, 168.0, 172.0, 174.0, 164.0, 174.0, 179.0, 174.0, 173.0, 167.0, 160.0, 167.0, 159.0], "FN": [109.0, 324.0, 389.0, 406.0, 411.0, 411.0, 404.0, 375.0, 371.0, 361.0, 351.0, 338.0, 331.0, 318.0, 327.0, 300.0, 324.0, 305.0, 317.0, 298.0, 293.0, 304.0, 301.0, 276.0, 278.0, 270.0, 282.0, 258.0, 292.0, 270.0, 263.0, 273.0, 267.0, 264.0, 255.0, 268.0, 242.0, 249.0, 263.0, 250.0, 252.0, 253.0, 242.0, 249.0, 246.0, 245.0, 238.0, 237.0, 248.0, 234.0, 244.0, 245.0, 231.0, 237.0, 230.0, 245.0, 219.0, 236.0, 222.0, 228.0, 221.0, 219.0, 225.0, 228.0, 210.0, 227.0, 210.0, 210.0, 228.0, 222.0, 213.0], "Precision": [0.49310624599456787, 0.5413222908973694, 0.5704348087310791, 0.578066885471344, 0.6244897842407227, 0.6270492076873779, 0.6247504949569702, 0.6229507923126221, 0.6372007131576538, 0.6368515491485596, 0.6512455344200134, 0.6380471587181091, 0.6327868700027466, 0.6584158539772034, 0.6643952131271362, 0.676948070526123, 0.6672325730323792, 0.6666666865348816, 0.6655573844909668, 0.6671974658966064, 0.6762360334396362, 0.6781609058380127, 0.6731391549110413, 0.6912225484848022, 0.6891679763793945, 0.698437511920929, 0.6765163540840149, 0.6944023966789246, 0.6661441922187805, 0.6814024448394775, 0.675595223903656, 0.6959247589111328, 0.6870229244232178, 0.7034161686897278, 0.6916167736053467, 0.6972049474716187, 0.7047477960586548, 0.7166922092437744, 0.696319043636322, 0.6908283829689026, 0.716486930847168, 0.7051671743392944, 0.7218844890594482, 0.7233384847640991, 0.714719295501709, 0.7217125296592712, 0.7159940004348755, 0.7069219350814819, 0.7149389982223511, 0.7155555486679077, 0.7221373915672302, 0.7151514887809753, 0.7242920994758606, 0.71856290102005, 0.7312312126159668, 0.7184170484542847, 0.727007269859314, 0.7422839403152466, 0.7592024803161621, 0.7442922592163086, 0.742514967918396, 0.7410714030265808, 0.75, 0.7375565767288208, 0.7390670776367188, 0.7379518151283264, 0.7455882430076599, 0.7522255182266235, 0.7534668445587158, 0.7477341294288635, 0.7601810097694397],