{"loss": [0.6917673349380493, 0.687248945236206, 0.6797961592674255, 0.6724593639373779, 0.6598615050315857, 0.6571928858757019, 0.6454030871391296, 0.6463141441345215, 0.6343989968299866, 0.6414980888366699, 0.6258603930473328, 0.6275570392608643, 0.6230380535125732, 0.6239948868751526, 0.6140563488006592, 0.6119654178619385, 0.6077882647514343, 0.6060712337493896, 0.6096373796463013, 0.6167347431182861, 0.6040825843811035, 0.6079301238059998, 0.5970337390899658, 0.600985586643219, 0.5962002873420715, 0.5967820882797241, 0.5913953185081482, 0.5981751084327698, 0.5890281796455383, 0.5873118042945862, 0.5883892178535461, 0.5934947729110718, 0.5902640223503113, 0.5898574590682983, 0.5846160650253296, 0.5797434449195862, 0.5729264616966248, 0.5825450420379639, 0.5868698954582214, 0.5810753107070923, 0.571704626083374, 0.5754092931747437, 0.564447283744812, 0.5737302303314209, 0.5784551501274109, 0.5643945336341858, 0.5570067763328552, 0.5660884976387024, 0.5690085291862488, 0.5670351386070251, 0.5650243759155273, 0.5589787364006042, 0.5561587810516357, 0.5578637719154358, 0.5486445426940918, 0.5585372447967529], "accuracy": [0.5230125784873962, 0.5425383448600769, 0.5878661274909973, 0.5941422581672668, 0.6101813316345215, 0.6066945791244507, 0.6345885396003723, 0.633891224861145, 0.6401673555374146, 0.633891224861145, 0.6541143655776978, 0.642259418964386, 0.6645746231079102, 0.6450487971305847, 0.6589958071708679, 0.6610878705978394, 0.6806136965751648, 0.6750348806381226, 0.6687586903572083, 0.6457461714744568, 0.6624825596809387, 0.6666666865348816, 0.685495138168335, 0.6736401915550232, 0.6889818906784058, 0.6841003894805908, 0.6875871419906616, 0.677126944065094, 0.6931659579277039, 0.7050209045410156, 0.6945606470108032, 0.6827057003974915, 0.6903765797615051, 0.6966527104377747, 0.6945606470108032, 0.6994421482086182, 0.7078103423118591, 0.7071129679679871, 0.6757321953773499, 0.6931659579277039, 0.7147838473320007, 0.6973500847816467, 0.7259414196014404, 0.7057182788848877, 0.7071129679679871, 0.7105997204780579, 0.7161785364151001, 0.7092050313949585, 0.7133890986442566, 0.7099023461341858, 0.7147838473320007, 0.7210599780082703, 0.7259414196014404, 0.7147838473320007, 0.7343096137046814, 0.7196652889251709], "benchmark_144": [684.0, 656.0, 591.0, 582.0, 559.0, 564.0, 524.0, 525.0, 516.0, 525.0, 496.0, 513.0, 481.0, 509.0, 489.0, 486.0, 458.0, 466.0, 475.0, 508.0, 484.0, 478.0, 451.0, 468.0, 446.0, 453.0, 448.0, 463.0, 440.0, 423.0, 438.0, 455.0, 444.0, 435.0, 438.0, 431.0, 419.0, 420.0, 465.0, 440.0, 409.0, 434.0, 393.0, 422.0, 420.0, 415.0, 407.0, 417.0, 411.0, 416.0, 409.0, 400.0, 393.0, 409.0, 381.0, 402.0], "TP": [471.0, 439.0, 411.0, 417.0, 426.0, 416.0, 451.0, 452.0, 468.0, 458.0, 472.0, 455.0, 472.0, 449.0, 478.0, 481.0, 484.0, 474.0, 473.0, 461.0, 463.0, 470.0, 481.0, 479.0, 486.0, 486.0, 477.0, 475.0, 486.0, 485.0, 484.0, 472.0, 479.0, 490.0, 481.0, 485.0, 489.0, 497.0, 484.0, 487.0, 503.0, 489.0, 507.0, 495.0, 498.0, 496.0, 502.0, 502.0, 487.0, 499.0, 497.0, 493.0, 509.0, 501.0, 513.0, 504.0], "TN": [279.0, 339.0, 432.0, 435.0, 449.0, 454.0, 459.0, 457.0, 450.0, 451.0, 466.0, 466.0, 481.0, 476.0, 467.0, 467.0, 492.0, 494.0, 486.0, 465.0, 487.0, 486.0, 502.0, 487.0, 502.0, 495.0, 509.0, 496.0, 508.0, 526.0, 512.0, 507.0, 511.0, 509.0, 515.0, 518.0, 526.0, 517.0, 485.0, 507.0, 522.0, 511.0, 534.0, 517.0, 516.0, 523.0, 525.0, 515.0, 536.0, 519.0, 528.0, 541.0, 532.0, 524.0, 540.0, 528.0], "FP": [438.0, 378.0, 285.0, 282.0, 268.0, 263.0, 258.0, 260.0, 267.0, 266.0, 251.0, 251.0, 236.0, 241.0, 250.0, 250.0, 225.0, 223.0, 231.0, 252.0, 230.0, 231.0, 215.0, 230.0, 215.0, 222.0, 208.0, 221.0, 209.0, 191.0, 205.0, 210.0, 206.0, 208.0, 202.0, 199.0, 191.0, 200.0, 232.0, 210.0, 195.0, 206.0, 183.0, 200.0, 201.0, 194.0, 192.0, 202.0, 181.0, 198.0, 189.0, 176.0, 185.0, 193.0, 177.0, 189.0], "FN": [246.0, 278.0, 306.0, 300.0, 291.0, 301.0, 266.0, 265.0, 249.0, 259.0, 245.0, 262.0, 245.0, 268.0, 239.0, 236.0, 233.0, 243.0, 244.0, 256.0, 254.0, 247.0, 236.0, 238.0, 231.0, 231.0, 240.0, 242.0, 231.0, 232.0, 233.0, 245.0, 238.0, 227.0, 236.0, 232.0, 228.0, 220.0, 233.0, 230.0, 214.0, 228.0, 210.0, 222.0, 219.0, 221.0, 215.0, 215.0, 230.0, 218.0, 220.0, 224.0, 208.0, 216.0, 204.0, 213.0], "Precision": [0.5181518197059631, 0.5373317003250122, 0.5905172228813171, 0.5965664982795715, 0.6138328313827515, 0.6126657128334045, 0.6361072063446045, 0.6348314881324768, 0.636734664440155, 0.6325966715812683, 0.6528354287147522, 0.6444759368896484, 0.6666666865348816, 0.6507246494293213, 0.656593382358551, 0.6580027341842651, 0.6826516389846802, 0.6800574064254761, 0.671875, 0.6465638279914856, 0.668109655380249, 0.6704707741737366, 0.6910919547080994, 0.6755994558334351, 0.6932953000068665, 0.6864407062530518, 0.6963503360748291, 0.6824712753295898, 0.6992805600166321, 0.7174556255340576, 0.7024673223495483, 0.6920821070671082, 0.6992700695991516, 0.7020057439804077, 0.7042459845542908, 0.7090643048286438, 0.7191176414489746, 0.7130559682846069, 0.6759776473045349, 0.6987087726593018, 0.7206303477287292, 0.7035971283912659, 0.7347826361656189, 0.7122302055358887, 0.7124463319778442, 0.7188405990600586, 0.7233429551124573, 0.7130681872367859, 0.7290419340133667, 0.715925395488739, 0.7244898080825806, 0.7369207739830017, 0.7334293723106384, 0.7219020128250122, 0.7434782385826111, 0.7272727489471436], "Recall": [0.6569037437438965, 0.6122733354568481, 0.573221743106842, 0.581589937210083, 0.5941422581672668, 0.5801952481269836, 0.6290097832679749, 0.6304044723510742, 0.6527196764945984, 0.6387726664543152, 0.6582984924316406, 0.6345885396003723, 0.6582984924316406, 0.6262203454971313, 0.6666666865348816, 0.6708507537841797, 0.6750348806381226, 0.6610878705978394, 0.65969318151474, 0.6429567933082581, 0.6457461714744568, 0.6555090546607971, 0.6708507537841797, 0.668061375617981, 0.6778242588043213, 0.6778242588043213, 0.6652719378471375, 0.6624825596809387, 0.6778242588043213, 0.6764295697212219, 0.6750348806381226, 0.6582984924316406, 0.668061375617981, 0.6834030747413635, 0.6708507537841797, 0.6764295697212219, 0.6820083856582642, 0.6931659579277039, 0.6750348806381226, 0.6792189478874207, 0.7015341520309448, 0.6820083856582642, 0.7071129679679871, 0.6903765797615051, 0.6945606470108032, 0.6917712688446045, 0.7001394629478455, 0.7001394629478455, 0.6792189478874207, 0.6959553956985474, 0.6931659579277039, 0.6875871419906616, 0.7099023461341858, 0.6987447738647461, 0.715481162071228, 0.7029288411140442], "AUC": [0.5317668914794922, 0.5807924270629883, 0.616928219795227, 0.6334467530250549, 0.6586622595787048, 0.6543983817100525, 0.6860262155532837, 0.6730663180351257, 0.6947522759437561, 0.68083256483078, 0.7098391652107239, 0.7041835188865662, 0.7135710120201111, 0.7080000042915344, 0.721695065498352, 0.7248103022575378, 0.732796311378479, 0.7320629954338074, 0.7323342561721802, 0.7128103971481323, 0.7344273328781128, 0.731218695640564, 0.7429637312889099, 0.7396705746650696, 0.744408130645752, 0.7451044321060181, 0.7501998543739319, 0.7427040934562683, 0.7539346814155579, 0.7561063766479492, 0.7553118467330933, 0.7474805116653442, 0.7556940317153931, 0.7521081566810608, 0.7590805888175964, 0.764097273349762, 0.769422173500061, 0.7615384459495544, 0.7538023591041565, 0.7613924741744995, 0.7721883058547974, 0.7685984373092651, 0.7825385928153992, 0.7682706713676453, 0.7637043595314026, 0.7806994318962097, 0.7865204811096191, 0.7788339853286743, 0.7738688588142395, 0.7779013514518738, 0.7794973850250244, 0.7873753309249878, 0.7899906039237976, 0.786766529083252, 0.7962493300437927, 0.784980833530426],