{"loss": [0.6853294372558594, 0.676201581954956, 0.6701738834381104, 0.6610609889030457, 0.6500813364982605, 0.6385674476623535, 0.6347045302391052, 0.6378133893013, 0.6242458820343018, 0.6163027286529541, 0.6201366782188416, 0.6188427209854126, 0.6172211170196533, 0.6145596504211426, 0.6091550588607788, 0.6162793040275574, 0.6141045689582825, 0.607425332069397, 0.6037065386772156, 0.6046478152275085, 0.6074445843696594, 0.5964914560317993, 0.597531795501709, 0.5990544557571411, 0.5952826738357544, 0.5951334834098816, 0.598191499710083, 0.5808761715888977, 0.5765887498855591, 0.5931764841079712, 0.5903283953666687, 0.5829053521156311, 0.5861871838569641, 0.5765018463134766, 0.5749595165252686, 0.573493480682373, 0.578693151473999, 0.5772331953048706, 0.572352409362793, 0.5691810250282288, 0.5682519674301147, 0.5725086331367493, 0.5710505247116089, 0.5766487717628479, 0.5643882751464844, 0.5586386322975159, 0.562004029750824, 0.5623541474342346, 0.5536386370658875, 0.5569216012954712, 0.5507054328918457, 0.5556969046592712, 0.5609890818595886, 0.55589759349823, 0.5601345300674438, 0.5461101531982422, 0.5484176874160767, 0.5470110177993774, 0.534469723701477], "accuracy": [0.5376569032669067, 0.5662482380867004, 0.5808926224708557, 0.5913528800010681, 0.6011157631874084, 0.6394700407981873, 0.6290097832679749, 0.6269177198410034, 0.6520223021507263, 0.6541143655776978, 0.6408647298812866, 0.6478382349014282, 0.6520223021507263, 0.6527196764945984, 0.6562064290046692, 0.6520223021507263, 0.6324965357780457, 0.6471408605575562, 0.6589958071708679, 0.6464434862136841, 0.6562064290046692, 0.65969318151474, 0.6694560647010803, 0.6548117399215698, 0.6715481281280518, 0.6638772487640381, 0.6617852449417114, 0.6736401915550232, 0.6827057003974915, 0.6645746231079102, 0.6645746231079102, 0.6764295697212219, 0.6673640012741089, 0.685495138168335, 0.6903765797615051, 0.6792189478874207, 0.6764295697212219, 0.6834030747413635, 0.6875871419906616, 0.6813110113143921, 0.6889818906784058, 0.6806136965751648, 0.6792189478874207, 0.685495138168335, 0.6924686431884766, 0.685495138168335, 0.6896792054176331, 0.6931659579277039, 0.6938633322715759, 0.6813110113143921, 0.698047399520874, 0.7001394629478455, 0.6945606470108032, 0.7057182788848877, 0.685495138168335, 0.7092050313949585, 0.7043235898017883, 0.7112970948219299, 0.7273361086845398], "benchmark_1329": [663.0, 622.0, 601.0, 586.0, 572.0, 517.0, 532.0, 535.0, 499.0, 496.0, 515.0, 505.0, 499.0, 498.0, 493.0, 499.0, 527.0, 506.0, 489.0, 507.0, 493.0, 488.0, 474.0, 495.0, 471.0, 482.0, 485.0, 468.0, 455.0, 481.0, 481.0, 464.0, 477.0, 451.0, 444.0, 460.0, 464.0, 454.0, 448.0, 457.0, 446.0, 458.0, 460.0, 451.0, 441.0, 451.0, 445.0, 440.0, 439.0, 457.0, 433.0, 430.0, 438.0, 422.0, 451.0, 417.0, 424.0, 414.0, 391.0], "TP": [477.0, 402.0, 371.0, 383.0, 386.0, 424.0, 408.0, 420.0, 440.0, 442.0, 437.0, 424.0, 450.0, 439.0, 450.0, 432.0, 420.0, 422.0, 440.0, 425.0, 452.0, 434.0, 436.0, 445.0, 449.0, 425.0, 439.0, 448.0, 455.0, 440.0, 435.0, 440.0, 453.0, 456.0, 473.0, 452.0, 445.0, 444.0, 458.0, 456.0, 467.0, 440.0, 466.0, 463.0, 462.0, 452.0, 455.0, 467.0, 470.0, 465.0, 471.0, 473.0, 469.0, 472.0, 463.0, 480.0, 480.0, 491.0, 484.0], "TN": [294.0, 410.0, 462.0, 465.0, 476.0, 493.0, 494.0, 479.0, 495.0, 496.0, 482.0, 505.0, 485.0, 497.0, 491.0, 503.0, 487.0, 506.0, 505.0, 502.0, 489.0, 512.0, 524.0, 494.0, 514.0, 527.0, 510.0, 518.0, 524.0, 513.0, 518.0, 530.0, 504.0, 527.0, 517.0, 522.0, 525.0, 536.0, 528.0, 521.0, 521.0, 536.0, 508.0, 520.0, 531.0, 531.0, 534.0, 527.0, 525.0, 512.0, 530.0, 531.0, 527.0, 540.0, 520.0, 537.0, 530.0, 529.0, 559.0], "FP": [423.0, 307.0, 255.0, 252.0, 241.0, 224.0, 223.0, 238.0, 222.0, 221.0, 235.0, 212.0, 232.0, 220.0, 226.0, 214.0, 230.0, 211.0, 212.0, 215.0, 228.0, 205.0, 193.0, 223.0, 203.0, 190.0, 207.0, 199.0, 193.0, 204.0, 199.0, 187.0, 213.0, 190.0, 200.0, 195.0, 192.0, 181.0, 189.0, 196.0, 196.0, 181.0, 209.0, 197.0, 186.0, 186.0, 183.0, 190.0, 192.0, 205.0, 187.0, 186.0, 190.0, 177.0, 197.0, 180.0, 187.0, 188.0, 158.0], "FN": [240.0, 315.0, 346.0, 334.0, 331.0, 293.0, 309.0, 297.0, 277.0, 275.0, 280.0, 293.0, 267.0, 278.0, 267.0, 285.0, 297.0, 295.0, 277.0, 292.0, 265.0, 283.0, 281.0, 272.0, 268.0, 292.0, 278.0, 269.0, 262.0, 277.0, 282.0, 277.0, 264.0, 261.0, 244.0, 265.0, 272.0, 273.0, 259.0, 261.0, 250.0, 277.0, 251.0, 254.0, 255.0, 265.0, 262.0, 250.0, 247.0, 252.0, 246.0, 244.0, 248.0, 245.0, 254.0, 237.0, 237.0, 226.0, 233.0], "Precision": [0.5299999713897705, 0.5669957399368286, 0.5926517844200134, 0.6031495928764343, 0.6156299710273743, 0.654321014881134, 0.6465927362442017, 0.6382978558540344, 0.6646525859832764, 0.6666666865348816, 0.6502976417541504, 0.6666666865348816, 0.6598240733146667, 0.6661608219146729, 0.665680468082428, 0.6687306761741638, 0.6461538672447205, 0.6666666865348816, 0.6748466491699219, 0.6640625, 0.6647058725357056, 0.679186224937439, 0.6931637525558472, 0.666167676448822, 0.6886503100395203, 0.6910569071769714, 0.6795665621757507, 0.6924265623092651, 0.7021604776382446, 0.6832298040390015, 0.6861198544502258, 0.7017543911933899, 0.6801801919937134, 0.7058823704719543, 0.7028231620788574, 0.698608934879303, 0.6985871195793152, 0.7103999853134155, 0.7078825235366821, 0.699386477470398, 0.7043740749359131, 0.7085345983505249, 0.6903703808784485, 0.7015151381492615, 0.7129629850387573, 0.7084639668464661, 0.7131661176681519, 0.710806667804718, 0.7099697589874268, 0.6940298676490784, 0.7158054709434509, 0.7177541851997375, 0.7116843461990356, 0.7272727489471436, 0.7015151381492615, 0.7272727489471436, 0.7196401953697205, 0.723122239112854, 0.7538940906524658], "Recall": [0.6652719378471375, 0.560669481754303, 0.517433762550354, 0.5341701507568359, 0.5383542776107788, 0.5913528800010681, 0.569037675857544, 0.5857740640640259, 0.6136680841445923, 0.616457462310791, 0.6094839572906494, 0.5913528800010681, 0.6276150345802307, 0.6122733354568481, 0.6276150345802307, 0.6025104522705078, 0.5857740640640259, 0.5885634422302246, 0.6136680841445923, 0.5927475690841675, 0.6304044723510742, 0.6052998900413513, 0.60808926820755, 0.6206415891647339, 0.6262203454971313, 0.5927475690841675, 0.6122733354568481, 0.624825656414032, 0.6345885396003723, 0.6136680841445923, 0.6066945791244507, 0.6136680841445923, 0.6317991614341736, 0.6359832882881165, 0.65969318151474, 0.6304044723510742, 0.6206415891647339, 0.6192468404769897, 0.6387726664543152, 0.6359832882881165, 0.651324987411499, 0.6136680841445923, 0.6499302387237549, 0.6457461714744568, 0.6443514823913574, 0.6304044723510742, 0.6345885396003723, 0.651324987411499, 0.6555090546607971, 0.6485355496406555, 0.6569037437438965, 0.65969318151474, 0.6541143655776978, 0.6582984924316406, 0.6457461714744568, 0.6694560647010803, 0.6694560647010803, 0.6847977638244629, 0.6750348806381226],