{"loss": [0.2026050090789795, 0.09198898077011108, 0.08685561269521713, 0.08714035898447037, 0.08732728660106659, 0.08700878918170929, 0.08689373731613159, 0.0867820605635643, 0.08690524846315384, 0.08680297434329987, 0.08697858452796936, 0.0867825299501419, 0.08682587742805481, 0.08671659976243973, 0.0869114100933075, 0.08687951415777206, 0.08669529855251312, 0.08669327944517136, 0.08666788041591644, 0.08665943145751953, 0.0867178812623024, 0.08679424226284027], "accuracy": [0.5, 0.5104602575302124, 0.5041841268539429, 0.4895397424697876, 0.456764280796051, 0.4993026554584503, 0.47419804334640503, 0.5027893781661987, 0.4923291504383087, 0.49790793657302856, 0.482566237449646, 0.4958159029483795, 0.5013946890830994, 0.5160390734672546, 0.5111575722694397, 0.4790794849395752, 0.5076708793640137, 0.5118549466133118, 0.5076708793640137, 0.508368194103241, 0.5181310772895813, 0.5069735050201416], "benchmark_1788": [717.0, 702.0, 711.0, 732.0, 779.0, 718.0, 754.0, 713.0, 728.0, 720.0, 742.0, 723.0, 715.0, 694.0, 701.0, 747.0, 706.0, 700.0, 706.0, 705.0, 691.0, 707.0], "TP": [0.0, 107.0, 345.0, 375.0, 304.0, 358.0, 329.0, 310.0, 393.0, 322.0, 311.0, 362.0, 347.0, 331.0, 407.0, 345.0, 353.0, 397.0, 315.0, 355.0, 370.0, 359.0], "TN": [717.0, 625.0, 378.0, 327.0, 351.0, 358.0, 351.0, 411.0, 313.0, 392.0, 381.0, 349.0, 372.0, 409.0, 326.0, 342.0, 375.0, 337.0, 413.0, 374.0, 373.0, 368.0], "FP": [0.0, 92.0, 339.0, 390.0, 366.0, 359.0, 366.0, 306.0, 404.0, 325.0, 336.0, 368.0, 345.0, 308.0, 391.0, 375.0, 342.0, 380.0, 304.0, 343.0, 344.0, 349.0], "FN": [717.0, 610.0, 372.0, 342.0, 413.0, 359.0, 388.0, 407.0, 324.0, 395.0, 406.0, 355.0, 370.0, 386.0, 310.0, 372.0, 364.0, 320.0, 402.0, 362.0, 347.0, 358.0], "Precision": [0.0, 0.5376884341239929, 0.5043859481811523, 0.4901960790157318, 0.45373135805130005, 0.4993026554584503, 0.47338128089904785, 0.5032467246055603, 0.4930991232395172, 0.4976816177368164, 0.48068004846572876, 0.49589040875434875, 0.5014451146125793, 0.5179968476295471, 0.5100250840187073, 0.4791666567325592, 0.5079136490821838, 0.5109395384788513, 0.5088853240013123, 0.5085960030555725, 0.518207311630249, 0.5070621371269226], "Recall": [0.0, 0.1492329090833664, 0.48117154836654663, 0.5230125784873962, 0.42398884892463684, 0.4993026554584503, 0.45885634422302246, 0.4323570430278778, 0.5481171607971191, 0.44909343123435974, 0.4337517321109772, 0.5048814415931702, 0.48396095633506775, 0.4616457521915436, 0.5676429271697998, 0.48117154836654663, 0.4923291504383087, 0.5536959767341614, 0.4393305480480194, 0.49511855840682983, 0.5160390734672546, 0.5006973743438721], "AUC": [0.510504961013794, 0.5088068246841431, 0.5061419010162354, 0.4862426519393921, 0.46210190653800964, 0.48794957995414734, 0.488272488117218, 0.5109096169471741, 0.5022953152656555, 0.49815499782562256, 0.4839969277381897, 0.5033330917358398, 0.5009697079658508, 0.5114814639091492, 0.5056196451187134, 0.4837965965270996, 0.5116828083992004, 0.5070201754570007, 0.5202143788337708, 0.5139100551605225, 0.5165156722068787, 0.5027709603309631], "val_loss": [0.13004739582538605, 0.08615352213382721, 0.08569062501192093, 0.08654924482107162, 0.08580371737480164, 0.08556753396987915, 0.08575455099344254, 0.08489019423723221, 0.086319699883461, 0.08557405322790146, 0.08537717908620834, 0.08565028011798859, 0.08630727231502533, 0.08482476323843002, 0.08559109270572662, 0.08571980893611908, 0.08573544770479202, 0.08675482124090195, 0.0854606181383133, 0.08570042252540588, 0.08607347309589386, 0.08597475290298462], "val_accuracy": [0.3781818151473999, 0.6218181848526001, 0.6218181848526001, 0.6218181848526001, 0.6218181848526001, 0.6218181848526001, 0.6218181848526001, 0.6218181848526001, 0.6218181848526001, 0.6218181848526001, 0.6218181848526001, 0.6218181848526001, 0.6218181848526001, 0.6218181848526001, 0.6218181848526001, 0.6218181848526001, 0.6218181848526001, 0.3781818151473999, 0.6218181848526001, 0.6218181848526001, 0.6218181848526001, 0.6218181848526001], "val_benchmark_1788": [171.0, 104.0, 104.0, 104.0, 104.0, 104.0, 104.0, 104.0, 104.0, 104.0, 104.0, 104.0, 104.0, 104.0, 104.0, 104.0, 104.0, 171.0, 104.0, 104.0, 104.0, 104.0], "val_TP": [0.0, 171.0, 171.0, 171.0, 171.0, 171.0, 171.0, 171.0, 171.0, 171.0, 171.0, 171.0, 171.0, 171.0, 171.0, 171.0, 171.0, 0.0, 171.0, 171.0, 171.0, 171.0], "val_TN": [104.0, 0.0, 0.0, 0.0, 0.0, 0.0, 0.0, 0.0, 0.0, 0.0, 0.0, 0.0, 0.0, 0.0, 0.0, 0.0, 0.0, 104.0, 0.0, 0.0, 0.0, 0.0], "val_FP": [0.0, 104.0, 104.0, 104.0, 104.0, 104.0, 104.0, 104.0, 104.0, 104.0, 104.0, 104.0, 104.0, 104.0, 104.0, 104.0, 104.0, 0.0, 104.0, 104.0, 104.0, 104.0], "val_FN": [171.0, 0.0, 0.0, 0.0, 0.0, 0.0, 0.0, 0.0, 0.0, 0.0, 0.0, 0.0, 0.0, 0.0, 0.0, 0.0, 0.0, 171.0, 0.0, 0.0, 0.0, 0.0], "val_Precision": [0.0, 0.6218181848526001, 0.6218181848526001, 0.6218181848526001, 0.6218181848526001, 0.6218181848526001, 0.6218181848526001, 0.6218181848526001, 0.6218181848526001, 0.6218181848526001, 0.6218181848526001, 0.6218181848526001, 0.6218181848526001, 0.6218181848526001, 0.6218181848526001, 0.6218181848526001, 0.6218181848526001, 0.0, 0.6218181848526001, 0.6218181848526001, 0.6218181848526001, 0.6218181848526001], "val_Recall": [0.0, 1.0, 1.0, 1.0, 1.0, 1.0, 1.0, 1.0, 1.0, 1.0, 1.0, 1.0, 1.0, 1.0, 1.0, 1.0, 1.0, 0.0, 1.0, 1.0, 1.0, 1.0], "val_AUC": [0.5, 0.49707603454589844, 0.5, 0.5, 0.5, 0.5, 0.5, 0.5, 0.5, 0.5, 0.4597109854221344, 0.5, 0.5, 0.5, 0.5, 0.5, 0.5, 0.5, 0.5, 0.5, 0.5, 0.5]}