{"loss": [0.694058358669281, 0.6936055421829224, 0.6931836605072021, 0.6914046406745911, 0.6879784464836121, 0.6865329146385193, 0.6861439347267151, 0.6837804913520813, 0.6823145151138306, 0.6787511706352234, 0.6757021546363831, 0.6695752143859863, 0.6669657826423645, 0.6601318120956421, 0.6570034623146057, 0.6522533297538757, 0.6491203308105469, 0.643671452999115, 0.6394837498664856, 0.6377130746841431, 0.6366928219795227, 0.6350197196006775, 0.6344937086105347, 0.6316669583320618, 0.6279610991477966, 0.6297911405563354, 0.6259908080101013, 0.621505856513977, 0.6189666986465454, 0.6149474382400513, 0.6207911968231201, 0.6136375665664673, 0.6168834567070007, 0.6130775809288025, 0.6061061024665833, 0.6108905673027039, 0.6081495881080627, 0.6095618009567261, 0.6011500358581543, 0.6017457246780396, 0.6022458076477051, 0.5949277281761169, 0.6040356755256653, 0.5896837711334229, 0.6008372902870178, 0.5948715806007385, 0.5905656218528748, 0.5959140062332153, 0.5921119451522827], "accuracy": [0.4965132474899292, 0.5111575722694397, 0.5097628831863403, 0.5125523209571838, 0.543235719203949, 0.5362622141838074, 0.5299860239028931, 0.5676429271697998, 0.5641562342643738, 0.5564853549003601, 0.5711296796798706, 0.586471438407898, 0.5948396325111389, 0.6046025156974792, 0.6011157631874084, 0.5997210741043091, 0.6276150345802307, 0.6234309673309326, 0.6269177198410034, 0.6192468404769897, 0.6297070980072021, 0.633891224861145, 0.6304044723510742, 0.6373779773712158, 0.6471408605575562, 0.6352859139442444, 0.650627613067627, 0.6387726664543152, 0.651324987411499, 0.6499302387237549, 0.6373779773712158, 0.6569037437438965, 0.6359832882881165, 0.6492329239845276, 0.6610878705978394, 0.6541143655776978, 0.6562064290046692, 0.6589958071708679, 0.6617852449417114, 0.6555090546607971, 0.6708507537841797, 0.6764295697212219, 0.6582984924316406, 0.6896792054176331, 0.6792189478874207, 0.6701534390449524, 0.6638772487640381, 0.65969318151474, 0.677126944065094], "benchmark_617": [722.0, 701.0, 703.0, 699.0, 655.0, 665.0, 674.0, 620.0, 625.0, 636.0, 615.0, 593.0, 581.0, 567.0, 572.0, 574.0, 534.0, 540.0, 535.0, 546.0, 531.0, 525.0, 530.0, 520.0, 506.0, 523.0, 501.0, 518.0, 500.0, 502.0, 520.0, 492.0, 522.0, 503.0, 486.0, 496.0, 493.0, 489.0, 485.0, 494.0, 472.0, 464.0, 490.0, 445.0, 460.0, 473.0, 482.0, 488.0, 463.0], "TP": [366.0, 367.0, 348.0, 370.0, 351.0, 366.0, 354.0, 367.0, 412.0, 376.0, 401.0, 394.0, 420.0, 436.0, 418.0, 436.0, 443.0, 441.0, 447.0, 438.0, 444.0, 448.0, 464.0, 442.0, 469.0, 454.0, 460.0, 445.0, 461.0, 469.0, 452.0, 461.0, 454.0, 451.0, 472.0, 465.0, 476.0, 472.0, 479.0, 463.0, 484.0, 465.0, 476.0, 486.0, 495.0, 479.0, 478.0, 479.0, 487.0], "TN": [346.0, 366.0, 383.0, 365.0, 428.0, 403.0, 406.0, 447.0, 397.0, 422.0, 418.0, 447.0, 433.0, 431.0, 444.0, 424.0, 457.0, 453.0, 452.0, 450.0, 459.0, 461.0, 440.0, 472.0, 459.0, 457.0, 473.0, 471.0, 473.0, 463.0, 462.0, 481.0, 458.0, 480.0, 476.0, 473.0, 465.0, 473.0, 470.0, 477.0, 478.0, 505.0, 468.0, 503.0, 479.0, 482.0, 474.0, 467.0, 484.0], "FP": [371.0, 351.0, 334.0, 352.0, 289.0, 314.0, 311.0, 270.0, 320.0, 295.0, 299.0, 270.0, 284.0, 286.0, 273.0, 293.0, 260.0, 264.0, 265.0, 267.0, 258.0, 256.0, 277.0, 245.0, 258.0, 260.0, 244.0, 246.0, 244.0, 254.0, 255.0, 236.0, 259.0, 237.0, 241.0, 244.0, 252.0, 244.0, 247.0, 240.0, 239.0, 212.0, 249.0, 214.0, 238.0, 235.0, 243.0, 250.0, 233.0], "FN": [351.0, 350.0, 369.0, 347.0, 366.0, 351.0, 363.0, 350.0, 305.0, 341.0, 316.0, 323.0, 297.0, 281.0, 299.0, 281.0, 274.0, 276.0, 270.0, 279.0, 273.0, 269.0, 253.0, 275.0, 248.0, 263.0, 257.0, 272.0, 256.0, 248.0, 265.0, 256.0, 263.0, 266.0, 245.0, 252.0, 241.0, 245.0, 238.0, 254.0, 233.0, 252.0, 241.0, 231.0, 222.0, 238.0, 239.0, 238.0, 230.0], "Precision": [0.49660786986351013, 0.5111420750617981, 0.5102639198303223, 0.5124653577804565, 0.5484374761581421, 0.5382353067398071, 0.5323308110237122, 0.5761381387710571, 0.562841534614563, 0.5603576898574829, 0.572857141494751, 0.5933734774589539, 0.5965909361839294, 0.6038781404495239, 0.6049203872680664, 0.5980795621871948, 0.6301564574241638, 0.6255319118499756, 0.6278089880943298, 0.6212766170501709, 0.632478654384613, 0.6363636255264282, 0.6261808276176453, 0.6433770060539246, 0.645116925239563, 0.6358543634414673, 0.6534090638160706, 0.6439942121505737, 0.653900682926178, 0.6486860513687134, 0.6393210887908936, 0.6614060401916504, 0.6367461681365967, 0.6555232405662537, 0.6619915962219238, 0.6558533310890198, 0.6538461446762085, 0.659217894077301, 0.6597796082496643, 0.6586059927940369, 0.6694329380989075, 0.6868537664413452, 0.656551718711853, 0.6942856907844543, 0.6753069758415222, 0.6708683371543884, 0.662968099117279, 0.6570644974708557, 0.6763888597488403], "Recall": [0.5104602575302124, 0.5118549466133118, 0.4853556454181671, 0.5160390734672546, 0.4895397424697876, 0.5104602575302124, 0.4937238395214081, 0.5118549466133118, 0.5746164321899414, 0.5244072675704956, 0.5592747330665588, 0.5495118498802185, 0.5857740640640259, 0.60808926820755, 0.5829846858978271, 0.60808926820755, 0.6178521513938904, 0.6150627732276917, 0.6234309673309326, 0.6108786463737488, 0.6192468404769897, 0.624825656414032, 0.6471408605575562, 0.616457462310791, 0.6541143655776978, 0.633193850517273, 0.6415620446205139, 0.6206415891647339, 0.6429567933082581, 0.6541143655776978, 0.6304044723510742, 0.6429567933082581, 0.633193850517273, 0.6290097832679749, 0.6582984924316406, 0.6485355496406555, 0.6638772487640381, 0.6582984924316406, 0.668061375617981, 0.6457461714744568, 0.6750348806381226, 0.6485355496406555, 0.6638772487640381, 0.6778242588043213, 0.6903765797615051, 0.668061375617981, 0.6666666865348816, 0.668061375617981, 0.6792189478874207], "AUC": [0.5017604231834412, 0.5106256008148193, 0.5106372833251953, 0.5306191444396973, 0.5581017732620239, 0.5579491257667542, 0.5606023669242859, 0.5774758458137512, 0.5852575898170471, 0.5985763072967529, 0.6069298982620239, 0.6294221878051758, 0.6349512934684753, 0.6563172936439514, 0.6549196839332581, 0.6634843349456787, 0.6716395616531372, 0.6797928214073181, 0.6869627237319946, 0.6818157434463501, 0.6888894438743591, 0.690213143825531, 0.6884061098098755, 0.6948485374450684, 0.6988624334335327, 0.6948038339614868, 0.7041038274765015, 0.7093421816825867, 0.7156397104263306, 0.7175683379173279, 0.7108778357505798, 0.7185759544372559, 0.7132228016853333, 0.7172669172286987, 0.735292911529541, 0.718841552734375, 0.7261397838592529, 0.7244106531143188, 0.7346568703651428, 0.7316816449165344, 0.736303448677063, 0.74262535572052, 0.7304405570030212, 0.7526673078536987, 0.7353191375732422, 0.7427517175674438, 0.7480367422103882, 0.7388079166412354, 0.7471906542778015], "val_loss": [0.6946781873703003, 0.6925793886184692, 0.6853005290031433, 0.6825685501098633, 0.675731360912323, 0.671894907951355, 0.6627318859100342, 0.6584205031394958, 0.6519450545310974, 0.7073817253112793, 0.647010087966919, 0.6527803540229797, 0.6305617690086365, 0.6268365383148193, 0.7082480192184448, 0.6696084141731262, 0.6532390117645264, 0.6687867641448975, 0.6223611831665039, 0.6588781476020813, 0.6234110593795776, 0.5983630418777466, 0.5927925705909729, 0.5921273231506348, 0.5894579887390137, 0.7072812914848328, 0.6474157571792603, 0.5874732732772827, 0.5815675854682922, 0.5790606141090393, 0.5894890427589417, 0.5837283730506897, 0.578224778175354, 0.5782395601272583, 0.5774748921394348, 0.6198482513427734, 0.6615361571311951, 0.6212370991706848, 0.5706692337989807, 0.57569420337677, 0.5849388241767883, 0.5786307454109192, 0.5761164426803589, 0.5970391035079956, 0.5686902403831482, 0.5738011598587036, 0.5659636855125427, 0.6188801527023315, 0.5861347913742065],