{"loss": [0.7024180889129639, 0.6943845152854919, 0.6938268542289734, 0.6937844157218933, 0.692937970161438, 0.6934372782707214, 0.6925297975540161, 0.693001389503479, 0.6921690702438354, 0.692384660243988, 0.6926490068435669, 0.692047655582428, 0.6915473341941833, 0.6912835240364075, 0.6915723085403442, 0.6915874481201172, 0.6912089586257935, 0.6913360953330994, 0.6897101998329163, 0.6902822256088257, 0.6903928518295288], "accuracy": [0.5, 0.47977685928344727, 0.48744770884513855, 0.49163180589675903, 0.509065568447113, 0.5041841268539429, 0.5188284516334534, 0.5076708793640137, 0.5334727764129639, 0.5132496356964111, 0.5069735050201416, 0.5125523209571838, 0.5425383448600769, 0.5209205150604248, 0.5285913348197937, 0.5125523209571838, 0.5467224717140198, 0.5139470100402832, 0.5509065389633179, 0.5209205150604248, 0.5439330339431763], "benchmark_1767": [717.0, 746.0, 735.0, 729.0, 704.0, 711.0, 690.0, 706.0, 669.0, 698.0, 707.0, 699.0, 656.0, 687.0, 676.0, 699.0, 650.0, 697.0, 644.0, 687.0, 654.0], "TP": [717.0, 547.0, 522.0, 186.0, 326.0, 316.0, 399.0, 143.0, 484.0, 249.0, 229.0, 575.0, 415.0, 163.0, 482.0, 283.0, 277.0, 540.0, 154.0, 627.0, 336.0], "TN": [0.0, 141.0, 177.0, 519.0, 404.0, 407.0, 345.0, 585.0, 281.0, 487.0, 498.0, 160.0, 363.0, 584.0, 276.0, 452.0, 507.0, 197.0, 636.0, 120.0, 444.0], "FP": [717.0, 576.0, 540.0, 198.0, 313.0, 310.0, 372.0, 132.0, 436.0, 230.0, 219.0, 557.0, 354.0, 133.0, 441.0, 265.0, 210.0, 520.0, 81.0, 597.0, 273.0], "FN": [0.0, 170.0, 195.0, 531.0, 391.0, 401.0, 318.0, 574.0, 233.0, 468.0, 488.0, 142.0, 302.0, 554.0, 235.0, 434.0, 440.0, 177.0, 563.0, 90.0, 381.0], "Precision": [0.5, 0.487088143825531, 0.49152541160583496, 0.484375, 0.5101721286773682, 0.504792332649231, 0.5175096988677979, 0.5199999809265137, 0.5260869860649109, 0.519832968711853, 0.5111607313156128, 0.5079505443572998, 0.5396618843078613, 0.5506756901741028, 0.5222101807594299, 0.5164233446121216, 0.5687885284423828, 0.5094339847564697, 0.6553191542625427, 0.5122548937797546, 0.5517241358757019], "Recall": [1.0, 0.7629009485244751, 0.7280334830284119, 0.2594142258167267, 0.454672247171402, 0.4407252371311188, 0.5564853549003601, 0.19944211840629578, 0.6750348806381226, 0.3472803235054016, 0.3193863332271576, 0.801952600479126, 0.5788005590438843, 0.227336123585701, 0.672245442867279, 0.39470013976097107, 0.3863319456577301, 0.7531380653381348, 0.21478381752967834, 0.874476969242096, 0.4686192572116852], "AUC": [0.5077894926071167, 0.47207778692245483, 0.47791042923927307, 0.4836837649345398, 0.5090888738632202, 0.5026668310165405, 0.5257883071899414, 0.5115038752555847, 0.5290834903717041, 0.5263582468032837, 0.5170408487319946, 0.5387287139892578, 0.5419674515724182, 0.5565047860145569, 0.5401856303215027, 0.5468527674674988, 0.5643896460533142, 0.5515786409378052, 0.5945712327957153, 0.5661733746528625, 0.5705140829086304], "val_loss": [0.6844117641448975, 0.6893777847290039, 0.6947519779205322, 0.6949908137321472, 0.700710654258728, 0.6946548223495483, 0.7019544839859009, 0.693406879901886, 0.7058359980583191, 0.698377251625061, 0.6921831965446472, 0.700563907623291, 0.7114402055740356, 0.6950857043266296, 0.7081737518310547, 0.7020565867424011, 0.6946871876716614, 0.7039399743080139, 0.6915844678878784, 0.7085983157157898, 0.709052324295044], "val_accuracy": [0.6218181848526001, 0.6218181848526001, 0.3781818151473999, 0.3781818151473999, 0.3781818151473999, 0.3781818151473999, 0.3781818151473999, 0.3781818151473999, 0.3781818151473999, 0.3781818151473999, 0.6218181848526001, 0.3781818151473999, 0.3781818151473999, 0.3781818151473999, 0.3781818151473999, 0.3781818151473999, 0.3781818151473999, 0.3781818151473999, 0.6218181848526001, 0.3781818151473999, 0.3781818151473999], "val_benchmark_1767": [104.0, 104.0, 171.0, 171.0, 171.0, 171.0, 171.0, 171.0, 171.0, 171.0, 104.0, 171.0, 171.0, 171.0, 171.0, 171.0, 171.0, 171.0, 104.0, 171.0, 171.0], "val_TP": [171.0, 171.0, 0.0, 0.0, 0.0, 0.0, 0.0, 0.0, 0.0, 0.0, 171.0, 0.0, 0.0, 0.0, 0.0, 0.0, 0.0, 0.0, 171.0, 0.0, 0.0], "val_TN": [0.0, 0.0, 104.0, 104.0, 104.0, 104.0, 104.0, 104.0, 104.0, 104.0, 0.0, 104.0, 104.0, 104.0, 104.0, 104.0, 104.0, 104.0, 0.0, 104.0, 104.0], "val_FP": [104.0, 104.0, 0.0, 0.0, 0.0, 0.0, 0.0, 0.0, 0.0, 0.0, 104.0, 0.0, 0.0, 0.0, 0.0, 0.0, 0.0, 0.0, 104.0, 0.0, 0.0], "val_FN": [0.0, 0.0, 171.0, 171.0, 171.0, 171.0, 171.0, 171.0, 171.0, 171.0, 0.0, 171.0, 171.0, 171.0, 171.0, 171.0, 171.0, 171.0, 0.0, 171.0, 171.0], "val_Precision": [0.6218181848526001, 0.6218181848526001, 0.0, 0.0, 0.0, 0.0, 0.0, 0.0, 0.0, 0.0, 0.6218181848526001, 0.0, 0.0, 0.0, 0.0, 0.0, 0.0, 0.0, 0.6218181848526001, 0.0, 0.0], "val_Recall": [1.0, 1.0, 0.0, 0.0, 0.0, 0.0, 0.0, 0.0, 0.0, 0.0, 1.0, 0.0, 0.0, 0.0, 0.0, 0.0, 0.0, 0.0, 1.0, 0.0, 0.0], "val_AUC": [0.5, 0.5, 0.5, 0.5, 0.5, 0.5, 0.5, 0.5, 0.5, 0.5, 0.5, 0.5, 0.5029239654541016, 0.5, 0.5456871390342712, 0.5167566537857056, 0.4914248585700989, 0.5, 0.5470929145812988, 0.4899347424507141, 0.4721940755844116]}