{"loss": [0.7192453742027283, 0.7150599956512451, 0.7209561467170715, 0.7201279997825623, 0.7152040600776672, 0.7130236625671387, 0.7162116169929504, 0.7109870314598083, 0.7035598754882812, 0.6869821548461914, 0.6855494976043701, 0.68817138671875, 0.6783609986305237, 0.671948254108429, 0.6777182221412659, 0.6639990210533142, 0.6620733141899109, 0.665669322013855, 0.660831868648529, 0.66013503074646, 0.6635605096817017, 0.644794225692749, 0.6451101303100586, 0.6419509053230286, 0.6436723470687866, 0.64600670337677, 0.6384680271148682, 0.6406018733978271, 0.6341165900230408, 0.6334463953971863, 0.639185905456543, 0.6199562549591064, 0.6164515614509583, 0.6168789863586426, 0.6168630719184875, 0.6156980395317078, 0.6145368814468384, 0.6188764572143555, 0.5979373455047607], "accuracy": [0.509065568447113, 0.5153416991233826, 0.5062761306762695, 0.4930264949798584, 0.5104602575302124, 0.508368194103241, 0.49163180589675903, 0.5188284516334534, 0.534867525100708, 0.5502092242240906, 0.560669481754303, 0.5578800439834595, 0.5857740640640259, 0.5648535490036011, 0.5718270540237427, 0.5753138065338135, 0.6018131375312805, 0.5892608165740967, 0.5962343215942383, 0.6136680841445923, 0.599023699760437, 0.6199442148208618, 0.6352859139442444, 0.6213389039039612, 0.6213389039039612, 0.6171548366546631, 0.633891224861145, 0.6220362782478333, 0.6366806030273438, 0.6352859139442444, 0.6359832882881165, 0.6610878705978394, 0.6548117399215698, 0.6450487971305847, 0.6548117399215698, 0.6589958071708679, 0.6485355496406555, 0.6457461714744568, 0.6882845163345337], "benchmark_1347": [704.0, 695.0, 708.0, 727.0, 702.0, 705.0, 729.0, 690.0, 667.0, 645.0, 630.0, 634.0, 594.0, 624.0, 614.0, 609.0, 571.0, 589.0, 579.0, 554.0, 575.0, 545.0, 523.0, 543.0, 543.0, 549.0, 525.0, 542.0, 521.0, 523.0, 522.0, 486.0, 495.0, 509.0, 495.0, 489.0, 504.0, 508.0, 447.0], "TP": [243.0, 315.0, 337.0, 323.0, 350.0, 351.0, 344.0, 369.0, 375.0, 374.0, 392.0, 390.0, 409.0, 412.0, 409.0, 412.0, 433.0, 419.0, 428.0, 443.0, 424.0, 449.0, 462.0, 438.0, 427.0, 443.0, 451.0, 436.0, 439.0, 442.0, 439.0, 466.0, 457.0, 462.0, 467.0, 470.0, 459.0, 442.0, 482.0], "TN": [487.0, 424.0, 389.0, 384.0, 382.0, 378.0, 361.0, 375.0, 392.0, 415.0, 412.0, 410.0, 431.0, 398.0, 411.0, 413.0, 430.0, 426.0, 427.0, 437.0, 435.0, 440.0, 449.0, 453.0, 464.0, 442.0, 458.0, 456.0, 474.0, 469.0, 473.0, 482.0, 482.0, 463.0, 472.0, 475.0, 471.0, 484.0, 505.0], "FP": [230.0, 293.0, 328.0, 333.0, 335.0, 339.0, 356.0, 342.0, 325.0, 302.0, 305.0, 307.0, 286.0, 319.0, 306.0, 304.0, 287.0, 291.0, 290.0, 280.0, 282.0, 277.0, 268.0, 264.0, 253.0, 275.0, 259.0, 261.0, 243.0, 248.0, 244.0, 235.0, 235.0, 254.0, 245.0, 242.0, 246.0, 233.0, 212.0], "FN": [474.0, 402.0, 380.0, 394.0, 367.0, 366.0, 373.0, 348.0, 342.0, 343.0, 325.0, 327.0, 308.0, 305.0, 308.0, 305.0, 284.0, 298.0, 289.0, 274.0, 293.0, 268.0, 255.0, 279.0, 290.0, 274.0, 266.0, 281.0, 278.0, 275.0, 278.0, 251.0, 260.0, 255.0, 250.0, 247.0, 258.0, 275.0, 235.0], "Precision": [0.5137420892715454, 0.5180920958518982, 0.5067669153213501, 0.4923780560493469, 0.510948896408081, 0.508695662021637, 0.49142858386039734, 0.5189873576164246, 0.5357142686843872, 0.5532544255256653, 0.5624103546142578, 0.559540867805481, 0.5884892344474792, 0.5636115074157715, 0.5720279812812805, 0.575419008731842, 0.6013888716697693, 0.5901408195495605, 0.5961002707481384, 0.612724781036377, 0.600566565990448, 0.6184573173522949, 0.6328766942024231, 0.6239316463470459, 0.6279411911964417, 0.6169916391372681, 0.6352112889289856, 0.6255379915237427, 0.6436949968338013, 0.6405797004699707, 0.6427525877952576, 0.6647646427154541, 0.660404622554779, 0.6452513933181763, 0.6558988690376282, 0.6601123809814453, 0.651063859462738, 0.6548148393630981, 0.6945244669914246], "Recall": [0.33891212940216064, 0.4393305480480194, 0.47001394629478455, 0.4504881501197815, 0.48814505338668823, 0.4895397424697876, 0.47977685928344727, 0.5146443247795105, 0.5230125784873962, 0.5216178297996521, 0.5467224717140198, 0.5439330339431763, 0.5704323649406433, 0.5746164321899414, 0.5704323649406433, 0.5746164321899414, 0.6039051413536072, 0.5843793749809265, 0.5969316363334656, 0.6178521513938904, 0.5913528800010681, 0.6262203454971313, 0.6443514823913574, 0.6108786463737488, 0.5955369472503662, 0.6178521513938904, 0.6290097832679749, 0.60808926820755, 0.6122733354568481, 0.616457462310791, 0.6122733354568481, 0.6499302387237549, 0.6373779773712158, 0.6443514823913574, 0.651324987411499, 0.6555090546607971, 0.6401673555374146, 0.616457462310791, 0.672245442867279], "AUC": [0.5179550051689148, 0.5166858434677124, 0.4988659620285034, 0.49946412444114685, 0.5075881481170654, 0.5187098383903503, 0.5090159773826599, 0.528252899646759, 0.5429964661598206, 0.5770255923271179, 0.5826919078826904, 0.5793121457099915, 0.6092097163200378, 0.6097018122673035, 0.6026825904846191, 0.629306435585022, 0.6406410336494446, 0.6324488520622253, 0.6431162357330322, 0.6468179225921631, 0.638417661190033, 0.667539119720459, 0.6760385632514954, 0.6756962537765503, 0.6752594709396362, 0.6646884083747864, 0.6833495497703552, 0.6781131029129028, 0.687673807144165, 0.6882688403129578, 0.6844962239265442, 0.7118310332298279, 0.7121267318725586, 0.70998215675354, 0.7121860384941101, 0.7155969738960266, 0.7144891619682312, 0.7136857509613037, 0.74067622423172], "val_loss": [0.718433141708374, 0.7074614763259888, 0.7043041586875916, 0.7047590613365173, 0.7061712741851807, 0.7173193097114563, 0.7378624081611633, 0.7700762152671814, 0.8039609789848328, 0.8119173645973206, 0.8112470507621765, 0.7715646624565125, 0.7264134287834167, 0.6945154070854187, 0.6670967936515808, 0.6504960656166077, 0.6430115699768066, 0.6337206363677979, 0.6254019737243652, 0.6251381635665894, 0.6252925395965576, 0.6349347233772278, 0.628719687461853, 0.6322728395462036, 0.6230741143226624, 0.6242580413818359, 0.6114823818206787, 0.6126556992530823, 0.6214970350265503, 0.6339610815048218, 0.609330415725708, 0.6331002116203308, 0.6098476052284241, 0.6255579590797424, 0.6191586852073669, 0.6153383851051331, 0.610801100730896, 0.6170761585235596, 0.6119371056556702], "val_accuracy": [0.3781818151473999, 0.3781818151473999, 0.3781818151473999, 0.3781818151473999, 0.3781818151473999, 0.3781818151473999, 0.3781818151473999, 0.3781818151473999, 0.3781818151473999, 0.3781818151473999, 0.3781818151473999, 0.41818180680274963, 0.44363635778427124, 0.4872727394104004, 0.5672727227210999, 0.607272744178772, 0.614545464515686, 0.6327272653579712, 0.6581818461418152, 0.6363636255264282, 0.6327272653579712, 0.6181818246841431, 0.6254545450210571, 0.6290909051895142, 0.6363636255264282, 0.6363636255264282, 0.6472727060317993, 0.6363636255264282, 0.6399999856948853, 0.6363636255264282, 0.6581818461418152, 0.6436363458633423, 0.6545454263687134, 0.6363636255264282, 0.6218181848526001, 0.6363636255264282, 0.6581818461418152, 0.6290909051895142, 0.6436363458633423], "val_benchmark_1347": [171.0, 171.0, 171.0, 171.0, 171.0, 171.0, 171.0, 171.0, 171.0, 171.0, 171.0, 160.0, 153.0, 141.0, 119.0, 108.0, 106.0, 101.0, 94.0, 100.0, 101.0, 105.0, 103.0, 102.0, 100.0, 100.0, 97.0, 100.0, 99.0, 100.0, 94.0, 98.0, 95.0, 100.0, 104.0, 100.0, 94.0, 102.0, 98.0], "val_TP": [0.0, 0.0, 0.0, 0.0, 0.0, 0.0, 0.0, 0.0, 0.0, 0.0, 0.0, 11.0, 18.0, 36.0, 66.0, 84.0, 91.0, 103.0, 114.0, 106.0, 103.0, 92.0, 95.0, 93.0, 98.0, 96.0, 108.0, 105.0, 99.0, 93.0, 109.0, 96.0, 106.0, 96.0, 94.0, 98.0, 104.0, 98.0, 101.0], "val_TN": [104.0, 104.0, 104.0, 104.0, 104.0, 104.0, 104.0, 104.0, 104.0, 104.0, 104.0, 104.0, 104.0, 98.0, 90.0, 83.0, 78.0, 71.0, 67.0, 69.0, 71.0, 78.0, 77.0, 80.0, 77.0, 79.0, 70.0, 70.0, 77.0, 82.0, 72.0, 81.0, 74.0, 79.0, 77.0, 77.0, 77.0, 75.0, 76.0], "val_FP": [0.0, 0.0, 0.0, 0.0, 0.0, 0.0, 0.0, 0.0, 0.0, 0.0, 0.0, 0.0, 0.0, 6.0, 14.0, 21.0, 26.0, 33.0, 37.0, 35.0, 33.0, 26.0, 27.0, 24.0, 27.0, 25.0, 34.0, 34.0, 27.0, 22.0, 32.0, 23.0, 30.0, 25.0, 27.0, 27.0, 27.0, 29.0, 28.0],