{"loss": [0.04765532538294792, 0.05062011629343033, 0.04924794286489487, 0.050671856850385666, 0.05030510574579239, 0.04822933301329613, 0.050446514040231705, 0.04965190961956978, 0.05015392228960991, 0.04942631348967552, 0.05116476118564606, 0.0483827143907547, 0.04919229447841644, 0.048665065318346024, 0.05006517097353935, 0.04965832084417343, 0.04889634624123573, 0.049603648483753204, 0.04905257374048233, 0.047970835119485855, 0.049634240567684174], "accuracy": [0.5034867525100708, 0.47977685928344727, 0.4860529899597168, 0.4972105920314789, 0.47629010677337646, 0.5048814415931702, 0.4867503345012665, 0.456764280796051, 0.4714086353778839, 0.4818688929080963, 0.47071129083633423, 0.4958159029483795, 0.49163180589675903, 0.5020920634269714, 0.49093446135520935, 0.5034867525100708, 0.47698745131492615, 0.5013946890830994, 0.4993026554584503, 0.5111575722694397, 0.5111575722694397], "benchmark_483": [712.0, 746.0, 737.0, 721.0, 751.0, 710.0, 736.0, 779.0, 758.0, 743.0, 759.0, 723.0, 729.0, 714.0, 730.0, 712.0, 750.0, 715.0, 718.0, 701.0, 701.0], "TP": [345.0, 333.0, 335.0, 342.0, 324.0, 339.0, 346.0, 328.0, 325.0, 336.0, 324.0, 364.0, 321.0, 351.0, 340.0, 337.0, 335.0, 355.0, 347.0, 368.0, 357.0], "TN": [377.0, 355.0, 362.0, 371.0, 359.0, 385.0, 352.0, 327.0, 351.0, 355.0, 351.0, 347.0, 384.0, 369.0, 364.0, 385.0, 349.0, 364.0, 369.0, 365.0, 376.0], "FP": [340.0, 362.0, 355.0, 346.0, 358.0, 332.0, 365.0, 390.0, 366.0, 362.0, 366.0, 370.0, 333.0, 348.0, 353.0, 332.0, 368.0, 353.0, 348.0, 352.0, 341.0], "FN": [372.0, 384.0, 382.0, 375.0, 393.0, 378.0, 371.0, 389.0, 392.0, 381.0, 393.0, 353.0, 396.0, 366.0, 377.0, 380.0, 382.0, 362.0, 370.0, 349.0, 360.0], "Precision": [0.5036496520042419, 0.47913670539855957, 0.4855072498321533, 0.4970930218696594, 0.47507330775260925, 0.505216121673584, 0.48663854598999023, 0.45682451128959656, 0.4703328609466553, 0.4813753664493561, 0.469565212726593, 0.4959128201007843, 0.49082568287849426, 0.5021459460258484, 0.490620493888855, 0.5037369132041931, 0.47652915120124817, 0.5014124512672424, 0.49928057193756104, 0.5111111402511597, 0.5114613175392151], "Recall": [0.48117154836654663, 0.4644351601600647, 0.4672245383262634, 0.47698745131492615, 0.45188283920288086, 0.47280335426330566, 0.482566237449646, 0.4574616551399231, 0.4532775580883026, 0.4686192572116852, 0.45188283920288086, 0.5076708793640137, 0.4476987421512604, 0.4895397424697876, 0.47419804334640503, 0.47001394629478455, 0.4672245383262634, 0.49511855840682983, 0.48396095633506775, 0.5132496356964111, 0.49790793657302856], "AUC": [0.505893886089325, 0.47672390937805176, 0.4871636927127838, 0.4800073206424713, 0.4851562976837158, 0.5097259283065796, 0.47673651576042175, 0.4656158685684204, 0.46806392073631287, 0.47643694281578064, 0.4579537510871887, 0.5005300641059875, 0.4783734083175659, 0.5131193399429321, 0.4806317389011383, 0.5173073410987854, 0.48900288343429565, 0.4964578151702881, 0.49249640107154846, 0.5198574662208557, 0.508591890335083], "val_loss": [0.044008269906044006, 0.04423210397362709, 0.04455767571926117, 0.04487761855125427, 0.04517151042819023, 0.04544391855597496, 0.04571613296866417, 0.0460302010178566, 0.04636720195412636, 0.04674144834280014, 0.04716184735298157, 0.04754522442817688, 0.04794562608003616, 0.04833429679274559, 0.0487276054918766, 0.04912639036774635, 0.049476075917482376, 0.04982632026076317, 0.050101250410079956, 0.050317369401454926, 0.05047944188117981], "val_accuracy": [0.3781818151473999, 0.3781818151473999, 0.3781818151473999, 0.3781818151473999, 0.3781818151473999, 0.3781818151473999, 0.3781818151473999, 0.3781818151473999, 0.3781818151473999, 0.3781818151473999, 0.3781818151473999, 0.3781818151473999, 0.3781818151473999, 0.3781818151473999, 0.3781818151473999, 0.3781818151473999, 0.3781818151473999, 0.3781818151473999, 0.3781818151473999, 0.3781818151473999, 0.3781818151473999], "val_benchmark_483": [171.0, 171.0, 171.0, 171.0, 171.0, 171.0, 171.0, 171.0, 171.0, 171.0, 171.0, 171.0, 171.0, 171.0, 171.0, 171.0, 171.0, 171.0, 171.0, 171.0, 171.0], "val_TP": [0.0, 0.0, 0.0, 0.0, 0.0, 0.0, 0.0, 0.0, 0.0, 0.0, 0.0, 0.0, 0.0, 0.0, 0.0, 0.0, 0.0, 0.0, 0.0, 0.0, 0.0], "val_TN": [104.0, 104.0, 104.0, 104.0, 104.0, 104.0, 104.0, 104.0, 104.0, 104.0, 104.0, 104.0, 104.0, 104.0, 104.0, 104.0, 104.0, 104.0, 104.0, 104.0, 104.0], "val_FP": [0.0, 0.0, 0.0, 0.0, 0.0, 0.0, 0.0, 0.0, 0.0, 0.0, 0.0, 0.0, 0.0, 0.0, 0.0, 0.0, 0.0, 0.0, 0.0, 0.0, 0.0], "val_FN": [171.0, 171.0, 171.0, 171.0, 171.0, 171.0, 171.0, 171.0, 171.0, 171.0, 171.0, 171.0, 171.0, 171.0, 171.0, 171.0, 171.0, 171.0, 171.0, 171.0, 171.0], "val_Precision": [0.0, 0.0, 0.0, 0.0, 0.0, 0.0, 0.0, 0.0, 0.0, 0.0, 0.0, 0.0, 0.0, 0.0, 0.0, 0.0, 0.0, 0.0, 0.0, 0.0, 0.0], "val_Recall": [0.0, 0.0, 0.0, 0.0, 0.0, 0.0, 0.0, 0.0, 0.0, 0.0, 0.0, 0.0, 0.0, 0.0, 0.0, 0.0, 0.0, 0.0, 0.0, 0.0, 0.0], "val_AUC": [0.5, 0.5, 0.5, 0.5, 0.5031207799911499, 0.5, 0.5, 0.4469467103481293, 0.5, 0.5, 0.49558591842651367, 0.5058479309082031, 0.5037674307823181, 0.5057917237281799, 0.5263158082962036, 0.5150135159492493, 0.5559210181236267, 0.5267655849456787, 0.5399797558784485, 0.5072255730628967, 0.5079846978187561]}