{"loss": [0.17148195207118988, 0.16982731223106384, 0.16912885010242462, 0.16917763650417328, 0.167933389544487, 0.1671275496482849, 0.16681571304798126, 0.16644500195980072, 0.16599684953689575, 0.16562415659427643, 0.16498424112796783, 0.16479097306728363, 0.16456806659698486, 0.1638377159833908, 0.16321033239364624, 0.16289159655570984, 0.16262593865394592, 0.16220414638519287, 0.1618150770664215, 0.16130083799362183, 0.16143368184566498, 0.16082608699798584, 0.1598595678806305, 0.1597086787223816, 0.15909455716609955, 0.15910285711288452, 0.1591603010892868, 0.15785543620586395, 0.15706180036067963, 0.15708516538143158, 0.15631799399852753, 0.15685676038265228, 0.1556442230939865, 0.15522322058677673, 0.15446484088897705, 0.15372483432292938, 0.15400414168834686, 0.15273068845272064, 0.15354448556900024, 0.1516273021697998, 0.1513138860464096, 0.15240345895290375, 0.15075728297233582, 0.1496352106332779, 0.14963547885417938, 0.14910760521888733, 0.14956550300121307, 0.14870396256446838, 0.1470535397529602, 0.1474824845790863, 0.1465584635734558, 0.14706756174564362, 0.1469721794128418, 0.1456204056739807, 0.14681550860404968, 0.14598315954208374, 0.14569520950317383, 0.1459062099456787, 0.14640158414840698, 0.1453319638967514, 0.14458146691322327, 0.1441745012998581, 0.14371559023857117, 0.14301373064517975, 0.1433299034833908, 0.14315712451934814, 0.14247369766235352, 0.14177477359771729, 0.1421096920967102], "accuracy": [0.5453277826309204, 0.5578800439834595, 0.5655509233474731, 0.5571827292442322, 0.573221743106842, 0.573221743106842, 0.5808926224708557, 0.5767084956169128, 0.5753138065338135, 0.5878661274909973, 0.5920501947402954, 0.5948396325111389, 0.5857740640640259, 0.5850766897201538, 0.5962343215942383, 0.5969316363334656, 0.6032078266143799, 0.5948396325111389, 0.607391893863678, 0.6087865829467773, 0.6122733354568481, 0.60808926820755, 0.616457462310791, 0.6192468404769897, 0.6185495257377625, 0.6199442148208618, 0.6234309673309326, 0.6276150345802307, 0.6311017870903015, 0.6317991614341736, 0.6311017870903015, 0.6366806030273438, 0.6436541080474854, 0.6408647298812866, 0.6345885396003723, 0.6541143655776978, 0.6394700407981873, 0.65969318151474, 0.6569037437438965, 0.6708507537841797, 0.6631799340248108, 0.6555090546607971, 0.65969318151474, 0.6610878705978394, 0.6743375062942505, 0.6631799340248108, 0.6666666865348816, 0.6715481281280518, 0.6827057003974915, 0.6757321953773499, 0.677126944065094, 0.6764295697212219, 0.6757321953773499, 0.6757321953773499, 0.6889818906784058, 0.6813110113143921, 0.6827057003974915, 0.6834030747413635, 0.6785216331481934, 0.6868898272514343, 0.6820083856582642, 0.6764295697212219, 0.6882845163345337, 0.6938633322715759, 0.6952580213546753, 0.7022315263748169, 0.6917712688446045, 0.6952580213546753, 0.6994421482086182], "benchmark_1721": [652.0, 634.0, 623.0, 635.0, 612.0, 612.0, 601.0, 607.0, 609.0, 591.0, 585.0, 581.0, 594.0, 595.0, 579.0, 578.0, 569.0, 581.0, 563.0, 561.0, 556.0, 562.0, 550.0, 546.0, 547.0, 545.0, 540.0, 534.0, 529.0, 528.0, 529.0, 521.0, 511.0, 515.0, 524.0, 496.0, 517.0, 488.0, 492.0, 472.0, 483.0, 494.0, 488.0, 486.0, 467.0, 483.0, 478.0, 471.0, 455.0, 465.0, 463.0, 464.0, 465.0, 465.0, 446.0, 457.0, 455.0, 454.0, 461.0, 449.0, 456.0, 464.0, 447.0, 439.0, 437.0, 427.0, 442.0, 437.0, 431.0], "TP": [324.0, 305.0, 301.0, 295.0, 274.0, 302.0, 335.0, 337.0, 321.0, 315.0, 348.0, 323.0, 365.0, 322.0, 327.0, 353.0, 345.0, 356.0, 361.0, 346.0, 372.0, 348.0, 368.0, 363.0, 367.0, 370.0, 367.0, 384.0, 389.0, 387.0, 397.0, 405.0, 401.0, 407.0, 422.0, 408.0, 409.0, 436.0, 422.0, 445.0, 443.0, 433.0, 448.0, 449.0, 446.0, 446.0, 453.0, 450.0, 446.0, 470.0, 455.0, 465.0, 444.0, 464.0, 467.0, 468.0, 466.0, 480.0, 458.0, 473.0, 461.0, 476.0, 478.0, 470.0, 478.0, 488.0, 484.0, 476.0, 478.0], "TN": [458.0, 495.0, 510.0, 504.0, 548.0, 520.0, 498.0, 490.0, 504.0, 528.0, 501.0, 530.0, 475.0, 517.0, 528.0, 503.0, 520.0, 497.0, 510.0, 527.0, 506.0, 524.0, 516.0, 525.0, 520.0, 519.0, 527.0, 516.0, 516.0, 519.0, 508.0, 508.0, 522.0, 512.0, 488.0, 530.0, 508.0, 510.0, 520.0, 517.0, 508.0, 507.0, 498.0, 499.0, 521.0, 505.0, 503.0, 513.0, 533.0, 499.0, 516.0, 505.0, 525.0, 505.0, 521.0, 509.0, 513.0, 500.0, 515.0, 512.0, 517.0, 494.0, 509.0, 525.0, 519.0, 519.0, 508.0, 521.0, 525.0], "FP": [259.0, 222.0, 207.0, 213.0, 169.0, 197.0, 219.0, 227.0, 213.0, 189.0, 216.0, 187.0, 242.0, 200.0, 189.0, 214.0, 197.0, 220.0, 207.0, 190.0, 211.0, 193.0, 201.0, 192.0, 197.0, 198.0, 190.0, 201.0, 201.0, 198.0, 209.0, 209.0, 195.0, 205.0, 229.0, 187.0, 209.0, 207.0, 197.0, 200.0, 209.0, 210.0, 219.0, 218.0, 196.0, 212.0, 214.0, 204.0, 184.0, 218.0, 201.0, 212.0, 192.0, 212.0, 196.0, 208.0, 204.0, 217.0, 202.0, 205.0, 200.0, 223.0, 208.0, 192.0, 198.0, 198.0, 209.0, 196.0, 192.0], "FN": [393.0, 412.0, 416.0, 422.0, 443.0, 415.0, 382.0, 380.0, 396.0, 402.0, 369.0, 394.0, 352.0, 395.0, 390.0, 364.0, 372.0, 361.0, 356.0, 371.0, 345.0, 369.0, 349.0, 354.0, 350.0, 347.0, 350.0, 333.0, 328.0, 330.0, 320.0, 312.0, 316.0, 310.0, 295.0, 309.0, 308.0, 281.0, 295.0, 272.0, 274.0, 284.0, 269.0, 268.0, 271.0, 271.0, 264.0, 267.0, 271.0, 247.0, 262.0, 252.0, 273.0, 253.0, 250.0, 249.0, 251.0, 237.0, 259.0, 244.0, 256.0, 241.0, 239.0, 247.0, 239.0, 229.0, 233.0, 241.0, 239.0], "Precision": [0.5557461380958557, 0.5787476301193237, 0.5925197005271912, 0.5807086825370789, 0.6185101866722107, 0.6052104234695435, 0.6046931147575378, 0.597517728805542, 0.601123571395874, 0.625, 0.6170212626457214, 0.6333333253860474, 0.6013179421424866, 0.6168582439422607, 0.6337209343910217, 0.6225749850273132, 0.6365313529968262, 0.6180555820465088, 0.6355633735656738, 0.64552241563797, 0.6380789279937744, 0.6432532072067261, 0.6467486619949341, 0.6540540456771851, 0.6507092118263245, 0.6514084339141846, 0.6588869094848633, 0.656410276889801, 0.6593220233917236, 0.6615384817123413, 0.6551154851913452, 0.6596091389656067, 0.6728187799453735, 0.665032684803009, 0.6482334733009338, 0.6857143044471741, 0.6618123054504395, 0.6780715584754944, 0.6817447543144226, 0.6899224519729614, 0.6794478297233582, 0.6734058856964111, 0.6716641783714294, 0.6731634140014648, 0.6947040557861328, 0.6778115630149841, 0.6791604161262512, 0.6880733966827393, 0.7079365253448486, 0.6831395626068115, 0.6935975551605225, 0.6868537664413452, 0.698113203048706, 0.6863905191421509, 0.7043740749359131, 0.692307710647583, 0.6955223679542542, 0.6886656880378723, 0.6939393877983093, 0.6976401209831238, 0.6974281668663025, 0.6809728145599365, 0.6967930197715759, 0.7099697589874268, 0.7071005702018738, 0.7113702893257141, 0.6984127163887024, 0.7083333134651184, 0.7134328484535217],