{"loss": [0.6901053190231323, 0.6867541074752808, 0.6868541240692139, 0.6854947209358215, 0.6839845776557922, 0.6838040351867676, 0.6829347014427185, 0.6836606860160828, 0.6841322779655457, 0.6824713945388794, 0.682051420211792, 0.6831445097923279, 0.682729959487915, 0.6829309463500977, 0.6819372177124023, 0.6824148893356323, 0.6820735931396484, 0.6813514232635498, 0.6803335547447205, 0.6814036965370178, 0.679786205291748], "accuracy": [0.5439330339431763, 0.5390515923500061, 0.5334727764129639, 0.5390515923500061, 0.5460250973701477, 0.5467224717140198, 0.5641562342643738, 0.5474197864532471, 0.5495118498802185, 0.5474197864532471, 0.5536959767341614, 0.5550906658172607, 0.5425383448600769, 0.5439330339431763, 0.5516039133071899, 0.5453277826309204, 0.5502092242240906, 0.5495118498802185, 0.5543932914733887, 0.5543932914733887, 0.5529986023902893], "benchmark_154": [654.0, 661.0, 669.0, 661.0, 651.0, 650.0, 625.0, 649.0, 646.0, 649.0, 640.0, 638.0, 656.0, 654.0, 643.0, 652.0, 645.0, 646.0, 639.0, 639.0, 641.0], "TP": [340.0, 350.0, 354.0, 345.0, 346.0, 334.0, 354.0, 346.0, 341.0, 309.0, 320.0, 328.0, 308.0, 308.0, 302.0, 296.0, 299.0, 289.0, 310.0, 302.0, 305.0], "TN": [440.0, 423.0, 411.0, 428.0, 437.0, 450.0, 455.0, 439.0, 447.0, 476.0, 474.0, 468.0, 470.0, 472.0, 489.0, 486.0, 490.0, 499.0, 485.0, 493.0, 488.0], "FP": [277.0, 294.0, 306.0, 289.0, 280.0, 267.0, 262.0, 278.0, 270.0, 241.0, 243.0, 249.0, 247.0, 245.0, 228.0, 231.0, 227.0, 218.0, 232.0, 224.0, 229.0], "FN": [377.0, 367.0, 363.0, 372.0, 371.0, 383.0, 363.0, 371.0, 376.0, 408.0, 397.0, 389.0, 409.0, 409.0, 415.0, 421.0, 418.0, 428.0, 407.0, 415.0, 412.0], "Precision": [0.5510534644126892, 0.54347825050354, 0.5363636612892151, 0.5441640615463257, 0.5527156591415405, 0.5557404160499573, 0.5746753215789795, 0.5544871687889099, 0.5581014752388, 0.5618181824684143, 0.5683836340904236, 0.5684575438499451, 0.5549549460411072, 0.5569620132446289, 0.5698113441467285, 0.5616698265075684, 0.5684410929679871, 0.5700197219848633, 0.5719557404518127, 0.5741444826126099, 0.5711610317230225], "Recall": [0.47419804334640503, 0.48814505338668823, 0.4937238395214081, 0.48117154836654663, 0.482566237449646, 0.46582984924316406, 0.4937238395214081, 0.482566237449646, 0.4755927622318268, 0.43096235394477844, 0.446304053068161, 0.4574616551399231, 0.4295676350593567, 0.4295676350593567, 0.4211994409561157, 0.41283124685287476, 0.41701534390449524, 0.40306833386421204, 0.4323570430278778, 0.4211994409561157, 0.4253835380077362], "AUC": [0.5467584729194641, 0.5516350269317627, 0.5458665490150452, 0.5439768433570862, 0.5569706559181213, 0.5580998659133911, 0.562806248664856, 0.5589956045150757, 0.5645102262496948, 0.5651686787605286, 0.5745542049407959, 0.5700180530548096, 0.564139723777771, 0.5660246014595032, 0.5768009424209595, 0.575864315032959, 0.5745999217033386, 0.5830897688865662, 0.5905981659889221, 0.5759080648422241, 0.581692099571228], "val_loss": [0.6927669644355774, 0.6925734281539917, 0.6930891275405884, 0.6941376328468323, 0.6950535178184509, 0.6953185200691223, 0.6966654658317566, 0.6965952515602112, 0.6977344751358032, 0.6978698372840881, 0.6977689266204834, 0.6983379125595093, 0.699768602848053, 0.7004145979881287, 0.7007802128791809, 0.7011789083480835, 0.702614963054657, 0.7013586163520813, 0.7019450664520264, 0.7018223404884338, 0.7021842002868652], "val_accuracy": [0.6254545450210571, 0.6218181848526001, 0.5163636207580566, 0.38181817531585693, 0.3781818151473999, 0.3781818151473999, 0.3781818151473999, 0.3781818151473999, 0.3781818151473999, 0.3781818151473999, 0.3781818151473999, 0.3781818151473999, 0.3781818151473999, 0.3781818151473999, 0.3781818151473999, 0.3781818151473999, 0.3781818151473999, 0.38545453548431396, 0.38545453548431396, 0.389090895652771, 0.39636364579200745], "val_benchmark_154": [103.0, 104.0, 133.0, 170.0, 171.0, 171.0, 171.0, 171.0, 171.0, 171.0, 171.0, 171.0, 171.0, 171.0, 171.0, 171.0, 171.0, 169.0, 169.0, 168.0, 166.0], "val_TP": [171.0, 171.0, 61.0, 1.0, 0.0, 0.0, 0.0, 0.0, 0.0, 0.0, 0.0, 0.0, 0.0, 0.0, 0.0, 0.0, 0.0, 2.0, 2.0, 3.0, 5.0], "val_TN": [1.0, 0.0, 81.0, 104.0, 104.0, 104.0, 104.0, 104.0, 104.0, 104.0, 104.0, 104.0, 104.0, 104.0, 104.0, 104.0, 104.0, 104.0, 104.0, 104.0, 104.0], "val_FP": [103.0, 104.0, 23.0, 0.0, 0.0, 0.0, 0.0, 0.0, 0.0, 0.0, 0.0, 0.0, 0.0, 0.0, 0.0, 0.0, 0.0, 0.0, 0.0, 0.0, 0.0], "val_FN": [0.0, 0.0, 110.0, 170.0, 171.0, 171.0, 171.0, 171.0, 171.0, 171.0, 171.0, 171.0, 171.0, 171.0, 171.0, 171.0, 171.0, 169.0, 169.0, 168.0, 166.0], "val_Precision": [0.6240875720977783, 0.6218181848526001, 0.726190447807312, 1.0, 0.0, 0.0, 0.0, 0.0, 0.0, 0.0, 0.0, 0.0, 0.0, 0.0, 0.0, 0.0, 0.0, 1.0, 1.0, 1.0, 1.0], "val_Recall": [1.0, 1.0, 0.35672515630722046, 0.005847953259944916, 0.0, 0.0, 0.0, 0.0, 0.0, 0.0, 0.0, 0.0, 0.0, 0.0, 0.0, 0.0, 0.0, 0.011695906519889832, 0.011695906519889832, 0.017543859779834747, 0.02923976629972458], "val_AUC": [0.5, 0.5, 0.5, 0.5171221494674683, 0.5244321227073669, 0.5204678177833557, 0.5441408157348633, 0.5434941649436951, 0.5232230424880981, 0.5401203632354736, 0.5321637392044067, 0.5638495683670044, 0.5580015778541565, 0.5607849955558777, 0.5456589460372925, 0.5415260791778564, 0.5543184876441956, 0.5738023519515991, 0.5599696040153503, 0.554712176322937, 0.5417228937149048]}