{"loss": [0.6957220435142517, 0.691235363483429, 0.6920922994613647, 0.6870643496513367, 0.6891583800315857, 0.6853311657905579, 0.6834456920623779, 0.6789552569389343, 0.6809688806533813, 0.6778776049613953, 0.6706231236457825, 0.6678430438041687, 0.6635652184486389, 0.6573998928070068, 0.6530530452728271, 0.6522465944290161, 0.6493099927902222, 0.6473737359046936, 0.6423343420028687, 0.6387379169464111, 0.6388128399848938, 0.6359794735908508, 0.6282210946083069, 0.6263773441314697, 0.623750627040863, 0.6226617097854614, 0.6222512722015381, 0.617557168006897, 0.6151010394096375, 0.6158034205436707, 0.6082494854927063, 0.6076706647872925, 0.6067581176757812, 0.606273353099823, 0.6025207042694092, 0.6017731428146362, 0.6076223850250244, 0.6049113273620605, 0.6020843386650085, 0.60006183385849, 0.594491720199585, 0.593971312046051, 0.5908220410346985, 0.5908641219139099, 0.5858669877052307, 0.5937119722366333, 0.5884653329849243, 0.5804978609085083, 0.5877745747566223, 0.578540563583374, 0.576677680015564, 0.5854631662368774, 0.5746446251869202, 0.5798447728157043, 0.5740293860435486, 0.575933039188385, 0.5745732188224792, 0.5700829029083252, 0.5696848034858704, 0.5640557408332825, 0.5638636946678162, 0.5642907619476318, 0.5592272281646729, 0.5598539710044861, 0.5602038502693176, 0.5685180425643921, 0.5548657774925232, 0.557735025882721, 0.5609340071678162, 0.5584740042686462, 0.5491944551467896, 0.5493295192718506, 0.5488564968109131, 0.5524941086769104], "accuracy": [0.5006973743438721, 0.5223152041435242, 0.5111575722694397, 0.5641562342643738, 0.5327754616737366, 0.5509065389633179, 0.5578800439834595, 0.5634588599205017, 0.5627614855766296, 0.5683403015136719, 0.5913528800010681, 0.5801952481269836, 0.6101813316345215, 0.6241283416748047, 0.6199442148208618, 0.6011157631874084, 0.615760087966919, 0.6192468404769897, 0.6324965357780457, 0.6283124089241028, 0.6380752921104431, 0.6185495257377625, 0.6394700407981873, 0.6345885396003723, 0.650627613067627, 0.6290097832679749, 0.6394700407981873, 0.650627613067627, 0.6436541080474854, 0.6408647298812866, 0.6464434862136841, 0.6548117399215698, 0.6569037437438965, 0.6541143655776978, 0.6617852449417114, 0.65969318151474, 0.6652719378471375, 0.6701534390449524, 0.6610878705978394, 0.6638772487640381, 0.6778242588043213, 0.6792189478874207, 0.6729428172111511, 0.6701534390449524, 0.6847977638244629, 0.6701534390449524, 0.6750348806381226, 0.6896792054176331, 0.6743375062942505, 0.6994421482086182, 0.6827057003974915, 0.6750348806381226, 0.6896792054176331, 0.6820083856582642, 0.6931659579277039, 0.6910738945007324, 0.6841003894805908, 0.7015341520309448, 0.7140864729881287, 0.6924686431884766, 0.7050209045410156, 0.6931659579277039, 0.7175732254981995, 0.7140864729881287, 0.7092050313949585, 0.6903765797615051, 0.7043235898017883, 0.7071129679679871, 0.7050209045410156, 0.7071129679679871, 0.7043235898017883, 0.7015341520309448, 0.7175732254981995, 0.7092050313949585], "benchmark_689": [716.0, 685.0, 701.0, 625.0, 670.0, 644.0, 634.0, 626.0, 627.0, 619.0, 586.0, 602.0, 559.0, 539.0, 545.0, 572.0, 551.0, 546.0, 527.0, 533.0, 519.0, 547.0, 517.0, 524.0, 501.0, 532.0, 517.0, 501.0, 511.0, 515.0, 507.0, 495.0, 492.0, 496.0, 485.0, 488.0, 480.0, 473.0, 486.0, 482.0, 462.0, 460.0, 469.0, 473.0, 452.0, 473.0, 466.0, 445.0, 467.0, 431.0, 455.0, 466.0, 445.0, 456.0, 440.0, 443.0, 453.0, 428.0, 410.0, 441.0, 423.0, 440.0, 405.0, 410.0, 417.0, 444.0, 424.0, 420.0, 423.0, 420.0, 424.0, 428.0, 405.0, 417.0], "TP": [375.0, 351.0, 317.0, 418.0, 392.0, 361.0, 382.0, 376.0, 374.0, 374.0, 403.0, 397.0, 435.0, 434.0, 436.0, 432.0, 453.0, 436.0, 462.0, 445.0, 462.0, 447.0, 459.0, 447.0, 458.0, 451.0, 464.0, 465.0, 459.0, 466.0, 462.0, 463.0, 469.0, 473.0, 471.0, 461.0, 485.0, 480.0, 477.0, 473.0, 482.0, 482.0, 481.0, 473.0, 483.0, 480.0, 478.0, 496.0, 476.0, 495.0, 480.0, 472.0, 494.0, 490.0, 502.0, 493.0, 494.0, 496.0, 518.0, 501.0, 495.0, 503.0, 512.0, 514.0, 516.0, 490.0, 501.0, 504.0, 501.0, 500.0, 500.0, 497.0, 516.0, 514.0], "TN": [343.0, 398.0, 416.0, 391.0, 372.0, 429.0, 418.0, 432.0, 433.0, 441.0, 445.0, 435.0, 440.0, 461.0, 453.0, 430.0, 430.0, 452.0, 445.0, 456.0, 453.0, 440.0, 458.0, 463.0, 475.0, 451.0, 453.0, 468.0, 464.0, 453.0, 465.0, 476.0, 473.0, 465.0, 478.0, 485.0, 469.0, 481.0, 471.0, 479.0, 490.0, 492.0, 484.0, 488.0, 499.0, 481.0, 490.0, 493.0, 491.0, 508.0, 499.0, 496.0, 495.0, 488.0, 492.0, 498.0, 487.0, 510.0, 506.0, 492.0, 516.0, 491.0, 517.0, 510.0, 501.0, 500.0, 509.0, 510.0, 510.0, 514.0, 510.0, 509.0, 513.0, 503.0], "FP": [374.0, 319.0, 301.0, 326.0, 345.0, 288.0, 299.0, 285.0, 284.0, 276.0, 272.0, 282.0, 277.0, 256.0, 264.0, 287.0, 287.0, 265.0, 272.0, 261.0, 264.0, 277.0, 259.0, 254.0, 242.0, 266.0, 264.0, 249.0, 253.0, 264.0, 252.0, 241.0, 244.0, 252.0, 239.0, 232.0, 248.0, 236.0, 246.0, 238.0, 227.0, 225.0, 233.0, 229.0, 218.0, 236.0, 227.0, 224.0, 226.0, 209.0, 218.0, 221.0, 222.0, 229.0, 225.0, 219.0, 230.0, 207.0, 211.0, 225.0, 201.0, 226.0, 200.0, 207.0, 216.0, 217.0, 208.0, 207.0, 207.0, 203.0, 207.0, 208.0, 204.0, 214.0], "FN": [342.0, 366.0, 400.0, 299.0, 325.0, 356.0, 335.0, 341.0, 343.0, 343.0, 314.0, 320.0, 282.0, 283.0, 281.0, 285.0, 264.0, 281.0, 255.0, 272.0, 255.0, 270.0, 258.0, 270.0, 259.0, 266.0, 253.0, 252.0, 258.0, 251.0, 255.0, 254.0, 248.0, 244.0, 246.0, 256.0, 232.0, 237.0, 240.0, 244.0, 235.0, 235.0, 236.0, 244.0, 234.0, 237.0, 239.0, 221.0, 241.0, 222.0, 237.0, 245.0, 223.0, 227.0, 215.0, 224.0, 223.0, 221.0, 199.0, 216.0, 222.0, 214.0, 205.0, 203.0, 201.0, 227.0, 216.0, 213.0, 216.0, 217.0, 217.0, 220.0, 201.0, 203.0], "Precision": [0.5006675720214844, 0.5238806009292603, 0.5129449963569641, 0.5618279576301575, 0.5318860411643982, 0.5562403798103333, 0.5609397888183594, 0.5688350796699524, 0.5683890581130981, 0.5753846168518066, 0.5970370173454285, 0.584683358669281, 0.6109550595283508, 0.6289855241775513, 0.6228571534156799, 0.6008344888687134, 0.612162172794342, 0.6219686269760132, 0.6294277906417847, 0.6303116083145142, 0.6363636255264282, 0.6174033284187317, 0.6392757892608643, 0.6376605033874512, 0.654285728931427, 0.6290097832679749, 0.6373626589775085, 0.651260495185852, 0.6446629166603088, 0.6383561491966248, 0.6470588445663452, 0.6576704382896423, 0.6577839851379395, 0.6524137854576111, 0.6633802652359009, 0.6652236580848694, 0.6616643667221069, 0.6703910827636719, 0.6597510576248169, 0.6652601957321167, 0.6798307299613953, 0.6817538738250732, 0.6736694574356079, 0.6737892031669617, 0.6890156865119934, 0.6703910827636719, 0.6780141592025757, 0.6888889074325562, 0.6780626773834229, 0.703125, 0.68767911195755, 0.6810966730117798, 0.6899441480636597, 0.681502103805542, 0.6905089616775513, 0.692415714263916, 0.6823204159736633, 0.7055476307868958, 0.7105624079704285, 0.6900826692581177, 0.7112069129943848, 0.6899862885475159, 0.7191011309623718, 0.7128987312316895, 0.7049180269241333, 0.6930692791938782, 0.7066290378570557, 0.7088607549667358, 0.7076271176338196, 0.7112375497817993, 0.7072135806083679, 0.7049645185470581, 0.7166666388511658, 0.7060439586639404],