{"loss": [0.1717238873243332, 0.1703159362077713, 0.16868333518505096, 0.16715358197689056, 0.1662067472934723, 0.16513971984386444, 0.1641867309808731, 0.16334311664104462, 0.1619262844324112, 0.16107647120952606, 0.16017644107341766, 0.15947279334068298, 0.1581762433052063, 0.15749865770339966, 0.15681159496307373, 0.15545719861984253, 0.15461832284927368, 0.1533815711736679, 0.15274451673030853, 0.15233322978019714, 0.15123488008975983], "accuracy": [0.5390515923500061, 0.5453277826309204, 0.5481171607971191, 0.5857740640640259, 0.5878661274909973, 0.6059972047805786, 0.6094839572906494, 0.6262203454971313, 0.6492329239845276, 0.6450487971305847, 0.6499302387237549, 0.6457461714744568, 0.6582984924316406, 0.6555090546607971, 0.6694560647010803, 0.6708507537841797, 0.6847977638244629, 0.6743375062942505, 0.6827057003974915, 0.6868898272514343, 0.6820083856582642], "benchmark_1665": [661.0, 652.0, 648.0, 594.0, 591.0, 565.0, 560.0, 536.0, 503.0, 509.0, 502.0, 508.0, 490.0, 494.0, 474.0, 472.0, 452.0, 467.0, 455.0, 449.0, 456.0], "TP": [415.0, 469.0, 442.0, 437.0, 409.0, 427.0, 428.0, 424.0, 439.0, 449.0, 427.0, 448.0, 449.0, 429.0, 448.0, 466.0, 469.0, 454.0, 447.0, 454.0, 462.0], "TN": [358.0, 313.0, 344.0, 403.0, 434.0, 442.0, 446.0, 474.0, 492.0, 476.0, 505.0, 478.0, 495.0, 511.0, 512.0, 496.0, 513.0, 513.0, 532.0, 531.0, 516.0], "FP": [359.0, 404.0, 373.0, 314.0, 283.0, 275.0, 271.0, 243.0, 225.0, 241.0, 212.0, 239.0, 222.0, 206.0, 205.0, 221.0, 204.0, 204.0, 185.0, 186.0, 201.0], "FN": [302.0, 248.0, 275.0, 280.0, 308.0, 290.0, 289.0, 293.0, 278.0, 268.0, 290.0, 269.0, 268.0, 288.0, 269.0, 251.0, 248.0, 263.0, 270.0, 263.0, 255.0], "Precision": [0.5361757278442383, 0.5372279286384583, 0.5423312783241272, 0.5818908214569092, 0.5910404920578003, 0.6082621216773987, 0.6123033165931702, 0.6356821656227112, 0.6611445546150208, 0.6507246494293213, 0.6682316064834595, 0.6521106362342834, 0.6691505312919617, 0.6755905747413635, 0.6860643029212952, 0.6783115267753601, 0.6968796253204346, 0.6899695992469788, 0.7072784900665283, 0.7093750238418579, 0.6968325972557068], "Recall": [0.5788005590438843, 0.6541143655776978, 0.616457462310791, 0.6094839572906494, 0.5704323649406433, 0.5955369472503662, 0.5969316363334656, 0.5913528800010681, 0.6122733354568481, 0.6262203454971313, 0.5955369472503662, 0.624825656414032, 0.6262203454971313, 0.5983263850212097, 0.624825656414032, 0.6499302387237549, 0.6541143655776978, 0.633193850517273, 0.6234309673309326, 0.633193850517273, 0.6443514823913574], "AUC": [0.5670311450958252, 0.5879011750221252, 0.6021438241004944, 0.6240310668945312, 0.6362916231155396, 0.6505352854728699, 0.652831494808197, 0.6666462421417236, 0.6816406846046448, 0.6858764290809631, 0.6909951567649841, 0.6996249556541443, 0.7044247388839722, 0.7111005783081055, 0.7130136489868164, 0.7240867018699646, 0.7245088219642639, 0.731556236743927, 0.7338865399360657, 0.7377370595932007, 0.7431952357292175], "val_loss": [0.17088450491428375, 0.16985706984996796, 0.168857604265213, 0.1680794358253479, 0.16739745438098907, 0.16701848804950714, 0.16674527525901794, 0.16657611727714539, 0.1666610985994339, 0.1669531911611557, 0.167684867978096, 0.16883990168571472, 0.17012764513492584, 0.17285166680812836, 0.1754436194896698, 0.178218275308609, 0.18091394007205963, 0.18311406672000885, 0.1846618354320526, 0.18676450848579407, 0.19185568392276764], "val_accuracy": [0.6218181848526001, 0.6218181848526001, 0.6218181848526001, 0.6218181848526001, 0.6218181848526001, 0.6218181848526001, 0.6218181848526001, 0.6218181848526001, 0.6218181848526001, 0.6218181848526001, 0.6218181848526001, 0.6218181848526001, 0.6218181848526001, 0.6218181848526001, 0.6218181848526001, 0.6218181848526001, 0.6218181848526001, 0.6218181848526001, 0.6218181848526001, 0.6218181848526001, 0.6218181848526001], "val_benchmark_1665": [104.0, 104.0, 104.0, 104.0, 104.0, 104.0, 104.0, 104.0, 104.0, 104.0, 104.0, 104.0, 104.0, 104.0, 104.0, 104.0, 104.0, 104.0, 104.0, 104.0, 104.0], "val_TP": [171.0, 171.0, 171.0, 171.0, 171.0, 171.0, 171.0, 171.0, 171.0, 171.0, 171.0, 171.0, 171.0, 171.0, 171.0, 171.0, 171.0, 171.0, 171.0, 171.0, 171.0], "val_TN": [0.0, 0.0, 0.0, 0.0, 0.0, 0.0, 0.0, 0.0, 0.0, 0.0, 0.0, 0.0, 0.0, 0.0, 0.0, 0.0, 0.0, 0.0, 0.0, 0.0, 0.0], "val_FP": [104.0, 104.0, 104.0, 104.0, 104.0, 104.0, 104.0, 104.0, 104.0, 104.0, 104.0, 104.0, 104.0, 104.0, 104.0, 104.0, 104.0, 104.0, 104.0, 104.0, 104.0], "val_FN": [0.0, 0.0, 0.0, 0.0, 0.0, 0.0, 0.0, 0.0, 0.0, 0.0, 0.0, 0.0, 0.0, 0.0, 0.0, 0.0, 0.0, 0.0, 0.0, 0.0, 0.0], "val_Precision": [0.6218181848526001, 0.6218181848526001, 0.6218181848526001, 0.6218181848526001, 0.6218181848526001, 0.6218181848526001, 0.6218181848526001, 0.6218181848526001, 0.6218181848526001, 0.6218181848526001, 0.6218181848526001, 0.6218181848526001, 0.6218181848526001, 0.6218181848526001, 0.6218181848526001, 0.6218181848526001, 0.6218181848526001, 0.6218181848526001, 0.6218181848526001, 0.6218181848526001, 0.6218181848526001], "val_Recall": [1.0, 1.0, 1.0, 1.0, 1.0, 1.0, 1.0, 1.0, 1.0, 1.0, 1.0, 1.0, 1.0, 1.0, 1.0, 1.0, 1.0, 1.0, 1.0, 1.0, 1.0], "val_AUC": [0.5, 0.5, 0.5, 0.5, 0.5, 0.5, 0.5, 0.5, 0.5, 0.5089687705039978, 0.5, 0.5, 0.5, 0.5, 0.46575573086738586, 0.46862348914146423, 0.4493083953857422, 0.49499550461769104, 0.5233355760574341, 0.5244321227073669, 0.5087719559669495]}