{"loss": [2.4619078636169434, 0.08729121834039688, 0.08648093789815903, 0.08649706095457077, 0.08690802752971649, 0.09047655016183853, 0.08700013160705566, 0.08588118106126785, 0.08535068482160568, 0.0853717178106308, 0.08539766818284988, 0.08565608412027359, 0.08627404272556305, 0.08538223803043365, 0.08619444817304611, 0.08632845431566238, 0.08503369241952896, 0.08512543886899948, 0.08546489477157593, 0.08553214371204376, 0.08532469719648361, 0.08466137200593948, 0.08649313449859619, 0.08608099818229675, 0.0878058522939682, 0.08755519241094589, 0.08625528216362, 0.08575837314128876, 0.08738408237695694, 0.09051325172185898, 0.09189990162849426, 0.08828375488519669, 0.08900315314531326, 0.093723364174366, 0.0881321057677269, 0.08834495395421982, 0.08930763602256775, 0.09004167467355728, 0.09111044555902481, 0.0935046598315239, 0.08932057023048401, 0.08775776624679565], "accuracy": [0.4937238395214081, 0.5397489666938782, 0.5418410301208496, 0.5376569032669067, 0.5404462814331055, 0.5488144755363464, 0.5244072675704956, 0.5467224717140198, 0.5439330339431763, 0.5369595289230347, 0.5446304082870483, 0.5397489666938782, 0.5467224717140198, 0.5439330339431763, 0.5369595289230347, 0.5160390734672546, 0.5697349905967712, 0.5543932914733887, 0.5467224717140198, 0.5376569032669067, 0.555787980556488, 0.5383542776107788, 0.5139470100402832, 0.5488144755363464, 0.5139470100402832, 0.5209205150604248, 0.5418410301208496, 0.5355648398399353, 0.5369595289230347, 0.525801956653595, 0.5383542776107788, 0.526499330997467, 0.5571827292442322, 0.5181310772895813, 0.5397489666938782, 0.543235719203949, 0.543235719203949, 0.5383542776107788, 0.5216178297996521, 0.5355648398399353, 0.5097628831863403, 0.525801956653595], "benchmark_1060": [726.0, 660.0, 657.0, 663.0, 659.0, 647.0, 682.0, 650.0, 654.0, 664.0, 653.0, 660.0, 650.0, 654.0, 664.0, 694.0, 617.0, 639.0, 650.0, 663.0, 637.0, 662.0, 697.0, 647.0, 697.0, 687.0, 657.0, 666.0, 664.0, 680.0, 662.0, 679.0, 635.0, 691.0, 660.0, 655.0, 655.0, 662.0, 686.0, 666.0, 703.0, 680.0], "TP": [331.0, 348.0, 351.0, 332.0, 312.0, 286.0, 299.0, 194.0, 270.0, 261.0, 253.0, 223.0, 270.0, 255.0, 263.0, 255.0, 322.0, 259.0, 266.0, 254.0, 328.0, 321.0, 271.0, 311.0, 306.0, 366.0, 304.0, 291.0, 387.0, 325.0, 345.0, 369.0, 347.0, 322.0, 297.0, 417.0, 404.0, 333.0, 348.0, 388.0, 361.0, 419.0], "TN": [377.0, 426.0, 426.0, 439.0, 463.0, 501.0, 453.0, 590.0, 510.0, 509.0, 528.0, 551.0, 514.0, 525.0, 507.0, 485.0, 495.0, 536.0, 518.0, 517.0, 469.0, 451.0, 466.0, 476.0, 431.0, 381.0, 473.0, 477.0, 383.0, 429.0, 427.0, 386.0, 452.0, 421.0, 477.0, 362.0, 375.0, 439.0, 400.0, 380.0, 370.0, 335.0], "FP": [340.0, 291.0, 291.0, 278.0, 254.0, 216.0, 264.0, 127.0, 207.0, 208.0, 189.0, 166.0, 203.0, 192.0, 210.0, 232.0, 222.0, 181.0, 199.0, 200.0, 248.0, 266.0, 251.0, 241.0, 286.0, 336.0, 244.0, 240.0, 334.0, 288.0, 290.0, 331.0, 265.0, 296.0, 240.0, 355.0, 342.0, 278.0, 317.0, 337.0, 347.0, 382.0], "FN": [386.0, 369.0, 366.0, 385.0, 405.0, 431.0, 418.0, 523.0, 447.0, 456.0, 464.0, 494.0, 447.0, 462.0, 454.0, 462.0, 395.0, 458.0, 451.0, 463.0, 389.0, 396.0, 446.0, 406.0, 411.0, 351.0, 413.0, 426.0, 330.0, 392.0, 372.0, 348.0, 370.0, 395.0, 420.0, 300.0, 313.0, 384.0, 369.0, 329.0, 356.0, 298.0], "Precision": [0.4932935833930969, 0.5446009635925293, 0.5467289686203003, 0.5442622900009155, 0.5512367486953735, 0.5697211027145386, 0.5310834646224976, 0.604361355304718, 0.5660377144813538, 0.556503176689148, 0.5723981857299805, 0.5732647776603699, 0.5708245038986206, 0.5704697966575623, 0.5560253858566284, 0.5236139893531799, 0.591911792755127, 0.5886363387107849, 0.5720430016517639, 0.5594713687896729, 0.5694444179534912, 0.5468483567237854, 0.5191571116447449, 0.5634058117866516, 0.5168918967247009, 0.5213675498962402, 0.55474454164505, 0.5480226278305054, 0.5367544889450073, 0.5301794409751892, 0.5433070659637451, 0.5271428823471069, 0.5669934749603271, 0.5210356116294861, 0.5530726313591003, 0.5401554107666016, 0.5415549874305725, 0.5450081825256348, 0.523308277130127, 0.5351724028587341, 0.5098869800567627, 0.5230961441993713], "Recall": [0.4616457521915436, 0.4853556454181671, 0.4895397424697876, 0.46304044127464294, 0.4351464509963989, 0.39888423681259155, 0.41701534390449524, 0.27057182788848877, 0.3765690326690674, 0.36401674151420593, 0.35285913944244385, 0.3110181391239166, 0.3765690326690674, 0.35564854741096497, 0.36680614948272705, 0.35564854741096497, 0.44909343123435974, 0.3612273335456848, 0.37099024653434753, 0.3542538285255432, 0.4574616551399231, 0.4476987421512604, 0.37796375155448914, 0.4337517321109772, 0.42677825689315796, 0.5104602575302124, 0.42398884892463684, 0.40585774183273315, 0.5397489666938782, 0.4532775580883026, 0.48117154836654663, 0.5146443247795105, 0.48396095633506775, 0.44909343123435974, 0.4142259359359741, 0.581589937210083, 0.5634588599205017, 0.4644351601600647, 0.4853556454181671, 0.5411436557769775, 0.5034867525100708, 0.5843793749809265], "AUC": [0.512065052986145, 0.5417320728302002, 0.557942271232605, 0.5508413910865784, 0.5520201921463013, 0.5657804012298584, 0.5332140922546387, 0.5368428826332092, 0.5599496960639954, 0.542125940322876, 0.5635989308357239, 0.5596287250518799, 0.5701590180397034, 0.5549505949020386, 0.5445399284362793, 0.5401544570922852, 0.5880382657051086, 0.5615758895874023, 0.5577254891395569, 0.5529071688652039, 0.566026508808136, 0.5756561756134033, 0.5313711166381836, 0.557133138179779, 0.5393997430801392, 0.5461767911911011, 0.5629852414131165, 0.5733044147491455, 0.572609007358551, 0.54631108045578, 0.5552491545677185, 0.5501819849014282, 0.5576524138450623, 0.5368710160255432, 0.5416318774223328, 0.5734173059463501, 0.5572381615638733, 0.5513442158699036, 0.5391693115234375, 0.5587106347084045, 0.520566463470459, 0.5448113083839417], "val_loss": [0.09043081104755402, 0.0867692083120346, 0.08304202556610107, 0.08441983163356781, 0.09284530580043793, 0.08810610324144363, 0.08871098607778549, 0.08692726492881775, 0.08509480953216553, 0.09828036278486252, 0.08518163859844208, 0.0853714644908905, 0.09310325980186462, 0.09927015006542206, 0.08700145781040192, 0.08493148535490036, 0.09108222275972366, 0.08270026743412018, 0.08626288920640945, 0.08355104178190231, 0.08719141781330109, 0.08270246535539627, 0.08187761902809143, 0.08406288921833038, 0.0853240117430687, 0.08927173912525177, 0.08944205194711685, 0.08342496305704117, 0.08781681209802628, 0.09994500875473022, 0.08880851417779922, 0.08431880176067352, 0.08257976919412613, 0.08698752522468567, 0.08628794550895691, 0.08113010227680206, 0.14224916696548462, 0.09152471274137497, 0.0803280621767044, 0.08274528384208679, 0.08554626256227493, 0.14636825025081635], "val_accuracy": [0.3781818151473999, 0.5163636207580566, 0.6218181848526001, 0.6218181848526001, 0.3781818151473999, 0.38545453548431396, 0.3781818151473999, 0.38545453548431396, 0.607272744178772, 0.41090908646583557, 0.42181816697120667, 0.4145454466342926, 0.41090908646583557, 0.41090908646583557, 0.4290909171104431, 0.4145454466342926, 0.41090908646583557, 0.6218181848526001, 0.4363636374473572, 0.6218181848526001, 0.4545454680919647, 0.6254545450210571, 0.6218181848526001, 0.4654545485973358, 0.5963636636734009, 0.4545454680919647, 0.4654545485973358, 0.6218181848526001, 0.5490909218788147, 0.4654545485973358, 0.44727271795272827, 0.4618181884288788, 0.5745454430580139, 0.4509090781211853, 0.4872727394104004, 0.6218181848526001, 0.4145454466342926, 0.4509090781211853, 0.6218181848526001, 0.6218181848526001, 0.6218181848526001, 0.4145454466342926], "val_benchmark_1060": [171.0, 133.0, 104.0, 104.0, 171.0, 169.0, 171.0, 169.0, 108.0, 162.0, 159.0, 161.0, 162.0, 162.0, 157.0, 161.0, 162.0, 104.0, 155.0, 104.0, 150.0, 103.0, 104.0, 147.0, 111.0, 150.0, 147.0, 104.0, 124.0, 147.0, 152.0, 148.0, 117.0, 151.0, 141.0, 104.0, 161.0, 151.0, 104.0, 104.0, 104.0, 161.0],