{"loss": [0.693984866142273, 0.6947291493415833, 0.6915327906608582, 0.6922749876976013, 0.6902300715446472, 0.6868813037872314, 0.6871148347854614, 0.6809585094451904, 0.6801546812057495, 0.6779881119728088, 0.6762179732322693, 0.6697553396224976, 0.6653451323509216, 0.6612086892127991, 0.6510001420974731, 0.6475346684455872, 0.6447582244873047, 0.6447832584381104, 0.6364168524742126, 0.6358188986778259, 0.6282883882522583, 0.6272954344749451, 0.6275960803031921, 0.6287128329277039, 0.6220300793647766, 0.6258994340896606, 0.616428017616272, 0.6217381358146667, 0.6191086173057556, 0.613662838935852, 0.6177516579627991, 0.6068205237388611, 0.6050193309783936, 0.6103157997131348, 0.6034787893295288, 0.6044358611106873, 0.5997826457023621, 0.6010635495185852, 0.6008475422859192, 0.6024878025054932, 0.5921106338500977, 0.5971264839172363, 0.5923157334327698, 0.589698851108551, 0.590904712677002, 0.5912734866142273, 0.5896334648132324, 0.5880058407783508, 0.5796185731887817, 0.5843800902366638, 0.5845333933830261, 0.5740561485290527, 0.5787445902824402, 0.5737485289573669, 0.5754032135009766, 0.5714177489280701, 0.5719510912895203, 0.5682052373886108, 0.5696057081222534, 0.564669668674469, 0.5666904449462891, 0.5652753114700317, 0.5661964416503906, 0.5629111528396606, 0.5572106838226318, 0.5525228977203369, 0.550979495048523], "accuracy": [0.5104602575302124, 0.5097628831863403, 0.5160390734672546, 0.5104602575302124, 0.5299860239028931, 0.5278940200805664, 0.5502092242240906, 0.5704323649406433, 0.5822873115539551, 0.5585774183273315, 0.5634588599205017, 0.5878661274909973, 0.6025104522705078, 0.5976290106773376, 0.6276150345802307, 0.6283124089241028, 0.6311017870903015, 0.6143653988838196, 0.6324965357780457, 0.6227335929870605, 0.6373779773712158, 0.6304044723510742, 0.6227335929870605, 0.6304044723510742, 0.6373779773712158, 0.6304044723510742, 0.6478382349014282, 0.6499302387237549, 0.642259418964386, 0.6527196764945984, 0.6485355496406555, 0.6541143655776978, 0.6520223021507263, 0.6492329239845276, 0.651324987411499, 0.6589958071708679, 0.6631799340248108, 0.6624825596809387, 0.6576011180877686, 0.6631799340248108, 0.6659693121910095, 0.6603904962539673, 0.6799163222312927, 0.672245442867279, 0.6799163222312927, 0.672245442867279, 0.6750348806381226, 0.6701534390449524, 0.6834030747413635, 0.6715481281280518, 0.6729428172111511, 0.6882845163345337, 0.6868898272514343, 0.6834030747413635, 0.6889818906784058, 0.6938633322715759, 0.6882845163345337, 0.6882845163345337, 0.6952580213546753, 0.6910738945007324, 0.6917712688446045, 0.6938633322715759, 0.6959553956985474, 0.7029288411140442, 0.698047399520874, 0.7085076570510864, 0.7036262154579163], "benchmark_739": [702.0, 703.0, 694.0, 702.0, 674.0, 677.0, 645.0, 616.0, 599.0, 633.0, 626.0, 591.0, 570.0, 577.0, 534.0, 533.0, 529.0, 553.0, 527.0, 541.0, 520.0, 530.0, 541.0, 530.0, 520.0, 530.0, 505.0, 502.0, 513.0, 498.0, 504.0, 496.0, 499.0, 503.0, 500.0, 489.0, 483.0, 484.0, 491.0, 483.0, 479.0, 487.0, 459.0, 470.0, 459.0, 470.0, 466.0, 473.0, 454.0, 471.0, 469.0, 447.0, 449.0, 454.0, 446.0, 439.0, 447.0, 447.0, 437.0, 443.0, 442.0, 439.0, 436.0, 426.0, 433.0, 418.0, 425.0], "TP": [334.0, 341.0, 335.0, 367.0, 357.0, 400.0, 352.0, 358.0, 411.0, 383.0, 393.0, 394.0, 422.0, 409.0, 447.0, 456.0, 436.0, 447.0, 451.0, 450.0, 457.0, 466.0, 440.0, 456.0, 457.0, 459.0, 461.0, 452.0, 453.0, 461.0, 469.0, 471.0, 452.0, 474.0, 459.0, 475.0, 470.0, 461.0, 465.0, 473.0, 475.0, 470.0, 487.0, 478.0, 495.0, 472.0, 494.0, 482.0, 499.0, 466.0, 477.0, 483.0, 487.0, 484.0, 491.0, 491.0, 494.0, 495.0, 506.0, 502.0, 478.0, 492.0, 498.0, 501.0, 500.0, 510.0, 513.0], "TN": [398.0, 390.0, 405.0, 365.0, 403.0, 357.0, 437.0, 460.0, 424.0, 418.0, 415.0, 449.0, 442.0, 448.0, 453.0, 445.0, 469.0, 434.0, 456.0, 443.0, 457.0, 438.0, 453.0, 448.0, 457.0, 445.0, 468.0, 480.0, 468.0, 475.0, 461.0, 467.0, 483.0, 457.0, 475.0, 470.0, 481.0, 489.0, 478.0, 478.0, 480.0, 477.0, 488.0, 486.0, 480.0, 492.0, 474.0, 479.0, 481.0, 497.0, 488.0, 504.0, 498.0, 496.0, 497.0, 504.0, 493.0, 492.0, 491.0, 489.0, 514.0, 503.0, 500.0, 507.0, 501.0, 506.0, 496.0], "FP": [319.0, 327.0, 312.0, 352.0, 314.0, 360.0, 280.0, 257.0, 293.0, 299.0, 302.0, 268.0, 275.0, 269.0, 264.0, 272.0, 248.0, 283.0, 261.0, 274.0, 260.0, 279.0, 264.0, 269.0, 260.0, 272.0, 249.0, 237.0, 249.0, 242.0, 256.0, 250.0, 234.0, 260.0, 242.0, 247.0, 236.0, 228.0, 239.0, 239.0, 237.0, 240.0, 229.0, 231.0, 237.0, 225.0, 243.0, 238.0, 236.0, 220.0, 229.0, 213.0, 219.0, 221.0, 220.0, 213.0, 224.0, 225.0, 226.0, 228.0, 203.0, 214.0, 217.0, 210.0, 216.0, 211.0, 221.0], "FN": [383.0, 376.0, 382.0, 350.0, 360.0, 317.0, 365.0, 359.0, 306.0, 334.0, 324.0, 323.0, 295.0, 308.0, 270.0, 261.0, 281.0, 270.0, 266.0, 267.0, 260.0, 251.0, 277.0, 261.0, 260.0, 258.0, 256.0, 265.0, 264.0, 256.0, 248.0, 246.0, 265.0, 243.0, 258.0, 242.0, 247.0, 256.0, 252.0, 244.0, 242.0, 247.0, 230.0, 239.0, 222.0, 245.0, 223.0, 235.0, 218.0, 251.0, 240.0, 234.0, 230.0, 233.0, 226.0, 226.0, 223.0, 222.0, 211.0, 215.0, 239.0, 225.0, 219.0, 216.0, 217.0, 207.0, 204.0], "Precision": [0.5114854574203491, 0.5104790329933167, 0.5177743434906006, 0.510431170463562, 0.5320417284965515, 0.5263158082962036, 0.5569620132446289, 0.5821138024330139, 0.5838068127632141, 0.5615835785865784, 0.5654676556587219, 0.5951661467552185, 0.6054519414901733, 0.6032448410987854, 0.6286919713020325, 0.6263736486434937, 0.6374269127845764, 0.6123287677764893, 0.6334269642829895, 0.6215469837188721, 0.6373779773712158, 0.6255033612251282, 0.625, 0.6289654970169067, 0.6373779773712158, 0.6279069781303406, 0.6492957472801208, 0.6560232043266296, 0.6452991366386414, 0.6557610034942627, 0.6468965411186218, 0.6532593369483948, 0.6588921546936035, 0.6457765698432922, 0.6547788977622986, 0.6578947305679321, 0.6657223701477051, 0.6690856218338013, 0.6605113744735718, 0.6643258333206177, 0.6671348214149475, 0.6619718074798584, 0.6801676154136658, 0.6741889715194702, 0.6762295365333557, 0.6771879196166992, 0.6702849268913269, 0.6694444417953491, 0.678911566734314, 0.6793003082275391, 0.6756373643875122, 0.693965494632721, 0.6898016929626465, 0.6865248084068298, 0.6905766725540161, 0.6974431872367859, 0.688022255897522, 0.6875, 0.6912568211555481, 0.6876712441444397, 0.7019089460372925, 0.6968838572502136, 0.6965035200119019, 0.7046413421630859, 0.6983240246772766, 0.7073509097099304, 0.6989100575447083], "Recall": [0.46582984924316406, 0.4755927622318268, 0.4672245383262634, 0.5118549466133118, 0.49790793657302856, 0.5578800439834595, 0.49093446135520935, 0.4993026554584503, 0.573221743106842, 0.5341701507568359, 0.5481171607971191, 0.5495118498802185, 0.5885634422302246, 0.5704323649406433, 0.6234309673309326, 0.6359832882881165, 0.60808926820755, 0.6234309673309326, 0.6290097832679749, 0.6276150345802307, 0.6373779773712158, 0.6499302387237549, 0.6136680841445923, 0.6359832882881165, 0.6373779773712158, 0.6401673555374146, 0.6429567933082581, 0.6304044723510742, 0.6317991614341736, 0.6429567933082581, 0.6541143655776978, 0.6569037437438965, 0.6304044723510742, 0.6610878705978394, 0.6401673555374146, 0.6624825596809387, 0.6555090546607971, 0.6429567933082581, 0.6485355496406555, 0.65969318151474, 0.6624825596809387, 0.6555090546607971, 0.6792189478874207, 0.6666666865348816, 0.6903765797615051, 0.6582984924316406, 0.6889818906784058, 0.672245442867279, 0.6959553956985474, 0.6499302387237549, 0.6652719378471375, 0.6736401915550232, 0.6792189478874207, 0.6750348806381226, 0.6847977638244629, 0.6847977638244629, 0.6889818906784058, 0.6903765797615051, 0.7057182788848877, 0.7001394629478455, 0.6666666865348816, 0.6861924529075623, 0.6945606470108032, 0.6987447738647461, 0.6973500847816467, 0.7112970948219299, 0.715481162071228],