{"loss": [4217.90234375, 344.6141357421875, 57.97117614746094, 0.5349879860877991, 0.1815950572490692, 0.1792202591896057, 0.18268895149230957, 0.18287649750709534, 0.184813991189003, 0.17617976665496826, 0.17396359145641327, 0.1764117330312729, 0.1761624664068222, 0.17438609898090363, 0.17411600053310394, 0.1751595288515091, 0.17375072836875916, 0.17614085972309113, 0.17409858107566833, 0.1743876338005066, 0.1738155484199524], "accuracy": [0.5041841268539429, 0.4888423979282379, 0.4888423979282379, 0.47350069880485535, 0.49860531091690063, 0.5069735050201416, 0.5027893781661987, 0.5027893781661987, 0.5139470100402832, 0.49163180589675903, 0.5209205150604248, 0.5097628831863403, 0.5055788159370422, 0.5209205150604248, 0.5, 0.526499330997467, 0.5181310772895813, 0.49860531091690063, 0.4972105920314789, 0.49442121386528015, 0.5055788159370422], "benchmark": [882.0, 733.0, 733.0, 755.0, 719.0, 707.0, 713.0, 713.0, 697.0, 729.0, 687.0, 703.0, 709.0, 687.0, 717.0, 679.0, 691.0, 719.0, 721.0, 725.0, 709.0], "TP": [336.0, 376.0, 344.0, 346.0, 383.0, 370.0, 383.0, 351.0, 394.0, 327.0, 332.0, 327.0, 369.0, 412.0, 301.0, 464.0, 362.0, 364.0, 251.0, 361.0, 305.0], "TN": [387.0, 325.0, 357.0, 333.0, 332.0, 357.0, 338.0, 370.0, 343.0, 378.0, 415.0, 404.0, 356.0, 335.0, 416.0, 291.0, 381.0, 351.0, 462.0, 348.0, 420.0], "FP": [330.0, 392.0, 360.0, 384.0, 385.0, 360.0, 379.0, 347.0, 374.0, 339.0, 302.0, 313.0, 361.0, 382.0, 301.0, 426.0, 336.0, 366.0, 255.0, 369.0, 297.0], "FN": [381.0, 341.0, 373.0, 371.0, 334.0, 347.0, 334.0, 366.0, 323.0, 390.0, 385.0, 390.0, 348.0, 305.0, 416.0, 253.0, 355.0, 353.0, 466.0, 356.0, 412.0], "Precision": [0.5045045018196106, 0.4895833432674408, 0.4886363744735718, 0.4739725887775421, 0.4986979067325592, 0.5068492889404297, 0.5026246905326843, 0.5028653144836426, 0.5130208134651184, 0.4909909963607788, 0.5236592888832092, 0.510937511920929, 0.5054794549942017, 0.5188916921615601, 0.5, 0.5213482975959778, 0.5186246633529663, 0.4986301362514496, 0.4960474371910095, 0.49452054500579834, 0.5066445469856262], "Recall": [0.4686192572116852, 0.5244072675704956, 0.47977685928344727, 0.482566237449646, 0.5341701507568359, 0.5160390734672546, 0.5341701507568359, 0.4895397424697876, 0.5495118498802185, 0.45606693625450134, 0.46304044127464294, 0.45606693625450134, 0.5146443247795105, 0.5746164321899414, 0.41980475187301636, 0.6471408605575562, 0.5048814415931702, 0.5076708793640137, 0.35006973147392273, 0.5034867525100708, 0.4253835380077362], "AUC": [0.5035305023193359, 0.4853546619415283, 0.4819525182247162, 0.45984548330307007, 0.502528727054596, 0.5060670375823975, 0.4984593987464905, 0.49505144357681274, 0.5169231295585632, 0.49667176604270935, 0.5356844663619995, 0.5153047442436218, 0.5115952491760254, 0.5254449844360352, 0.5006380081176758, 0.5173588991165161, 0.5168141722679138, 0.5063062906265259, 0.498117059469223, 0.49855470657348633, 0.5159661173820496], "val_loss": [142.54513549804688, 126.070556640625, 4.40377140045166, 0.16703768074512482, 0.18417328596115112, 0.1666831225156784, 0.16692563891410828, 0.17386582493782043, 0.1817740797996521, 0.16671283543109894, 0.17108549177646637, 0.19739381968975067, 0.16658717393875122, 0.16911378502845764, 0.16861318051815033, 0.17091618478298187, 0.16706955432891846, 0.16753177344799042, 0.16879677772521973, 0.1689266562461853, 0.16835694015026093], "val_accuracy": [0.6218181848526001, 0.3781818151473999, 0.3781818151473999, 0.6218181848526001, 0.3781818151473999, 0.6218181848526001, 0.6218181848526001, 0.6218181848526001, 0.3781818151473999, 0.6218181848526001, 0.6218181848526001, 0.3781818151473999, 0.6218181848526001, 0.6218181848526001, 0.6218181848526001, 0.6218181848526001, 0.6218181848526001, 0.6218181848526001, 0.6218181848526001, 0.6218181848526001, 0.6218181848526001], "val_benchmark": [104.0, 171.0, 171.0, 104.0, 171.0, 104.0, 104.0, 104.0, 171.0, 104.0, 104.0, 171.0, 104.0, 104.0, 104.0, 104.0, 104.0, 104.0, 104.0, 104.0, 104.0], "val_TP": [171.0, 0.0, 0.0, 171.0, 0.0, 171.0, 171.0, 171.0, 0.0, 171.0, 171.0, 0.0, 171.0, 171.0, 171.0, 171.0, 171.0, 171.0, 171.0, 171.0, 171.0], "val_TN": [0.0, 104.0, 104.0, 0.0, 104.0, 0.0, 0.0, 0.0, 104.0, 0.0, 0.0, 104.0, 0.0, 0.0, 0.0, 0.0, 0.0, 0.0, 0.0, 0.0, 0.0], "val_FP": [104.0, 0.0, 0.0, 104.0, 0.0, 104.0, 104.0, 104.0, 0.0, 104.0, 104.0, 0.0, 104.0, 104.0, 104.0, 104.0, 104.0, 104.0, 104.0, 104.0, 104.0], "val_FN": [0.0, 171.0, 171.0, 0.0, 171.0, 0.0, 0.0, 0.0, 171.0, 0.0, 0.0, 171.0, 0.0, 0.0, 0.0, 0.0, 0.0, 0.0, 0.0, 0.0, 0.0], "val_Precision": [0.6218181848526001, 0.0, 0.0, 0.6218181848526001, 0.0, 0.6218181848526001, 0.6218181848526001, 0.6218181848526001, 0.0, 0.6218181848526001, 0.6218181848526001, 0.0, 0.6218181848526001, 0.6218181848526001, 0.6218181848526001, 0.6218181848526001, 0.6218181848526001, 0.6218181848526001, 0.6218181848526001, 0.6218181848526001, 0.6218181848526001], "val_Recall": [1.0, 0.0, 0.0, 1.0, 0.0, 1.0, 1.0, 1.0, 0.0, 1.0, 1.0, 0.0, 1.0, 1.0, 1.0, 1.0, 1.0, 1.0, 1.0, 1.0, 1.0], "val_AUC": [0.5, 0.5, 0.5, 0.5, 0.5, 0.5, 0.5, 0.5, 0.5, 0.5, 0.5, 0.5, 0.5, 0.5, 0.5, 0.5, 0.5, 0.5, 0.5, 0.5, 0.5]}