{"loss": [0.15792950987815857, 0.02291610836982727, 0.022052811458706856, 0.022312413901090622, 0.025170283392071724, 0.02302383817732334, 0.022315604612231255, 0.022808825597167015, 0.022591382265090942, 0.023978887125849724, 0.024581337347626686, 0.022900892421603203, 0.024177564308047295, 0.02422179840505123, 0.02240898087620735, 0.022740280255675316, 0.023860231041908264, 0.023090895265340805, 0.02278786711394787, 0.02381814830005169, 0.026397086679935455, 0.023102479055523872, 0.02327176369726658, 0.022659707814455032, 0.02565784566104412], "accuracy": [0.4907931983470917, 0.5056657195091248, 0.5014164447784424, 0.5042492747306824, 0.5141643285751343, 0.48016998171806335, 0.49291783571243286, 0.4759206771850586, 0.48158639669418335, 0.4900849759578705, 0.48016998171806335, 0.48300284147262573, 0.5084986090660095, 0.48158639669418335, 0.49433428049087524, 0.4985835552215576, 0.48158639669418335, 0.5056657195091248, 0.5099149942398071, 0.5070821642875671, 0.49150142073631287, 0.49575069546699524, 0.4971671402454376, 0.5, 0.48158639669418335], "benchmark": [901.0, 698.0, 704.0, 700.0, 686.0, 734.0, 716.0, 740.0, 732.0, 720.0, 734.0, 730.0, 694.0, 732.0, 714.0, 708.0, 732.0, 698.0, 692.0, 696.0, 718.0, 712.0, 710.0, 706.0, 732.0], "TP": [355.0, 390.0, 369.0, 307.0, 332.0, 386.0, 365.0, 319.0, 339.0, 315.0, 308.0, 326.0, 390.0, 323.0, 334.0, 335.0, 357.0, 356.0, 343.0, 309.0, 378.0, 367.0, 352.0, 352.0, 357.0], "TN": [338.0, 324.0, 339.0, 405.0, 394.0, 292.0, 331.0, 353.0, 341.0, 377.0, 370.0, 356.0, 328.0, 357.0, 364.0, 369.0, 323.0, 358.0, 377.0, 407.0, 316.0, 333.0, 350.0, 354.0, 323.0], "FP": [368.0, 382.0, 367.0, 301.0, 312.0, 414.0, 375.0, 353.0, 365.0, 329.0, 336.0, 350.0, 378.0, 349.0, 342.0, 337.0, 383.0, 348.0, 329.0, 299.0, 390.0, 373.0, 356.0, 352.0, 383.0], "FN": [351.0, 316.0, 337.0, 399.0, 374.0, 320.0, 341.0, 387.0, 367.0, 391.0, 398.0, 380.0, 316.0, 383.0, 372.0, 371.0, 349.0, 350.0, 363.0, 397.0, 328.0, 339.0, 354.0, 354.0, 349.0], "Precision": [0.4910096824169159, 0.5051813721656799, 0.501358687877655, 0.5049341917037964, 0.5155279636383057, 0.48249998688697815, 0.4932432472705841, 0.474702388048172, 0.48153409361839294, 0.489130437374115, 0.47826087474823, 0.4822485148906708, 0.5078125, 0.480654776096344, 0.49408283829689026, 0.4985119104385376, 0.48243242502212524, 0.5056818127632141, 0.5104166865348816, 0.5082237124443054, 0.4921875, 0.4959459602832794, 0.4971751272678375, 0.5, 0.48243242502212524], "Recall": [0.5028328895568848, 0.5524079203605652, 0.522662878036499, 0.4348441958427429, 0.47025495767593384, 0.5467422008514404, 0.5169971585273743, 0.4518413543701172, 0.48016998171806335, 0.44617563486099243, 0.4362606108188629, 0.4617563784122467, 0.5524079203605652, 0.45750707387924194, 0.4730878174304962, 0.4745042622089386, 0.5056657195091248, 0.5042492747306824, 0.4858357012271881, 0.4376770555973053, 0.5354107618331909, 0.519830048084259, 0.4985835552215576, 0.4985835552215576, 0.5056657195091248], "AUC": [0.4957125782966614, 0.5050999522209167, 0.49051034450531006, 0.5082217454910278, 0.5010232329368591, 0.49317461252212524, 0.49792951345443726, 0.4793514013290405, 0.4816666543483734, 0.4850733280181885, 0.4744199812412262, 0.4925888180732727, 0.5060067772865295, 0.4814700484275818, 0.4905865788459778, 0.4872521162033081, 0.4848606586456299, 0.5148705244064331, 0.5131130218505859, 0.4993499517440796, 0.4856952428817749, 0.49955058097839355, 0.5038881301879883, 0.49104398488998413, 0.47385019063949585], "val_loss": [0.02722008340060711, 0.022061385214328766, 0.02481437474489212, 0.027515994384884834, 0.020345555618405342, 0.025786109268665314, 0.020318998023867607, 0.023275883868336678, 0.030028391629457474, 0.020318742841482162, 0.02033868618309498, 0.02336949296295643, 0.03014371357858181, 0.02121657133102417, 0.022710900753736496, 0.023302583023905754, 0.020364221185445786, 0.03630344569683075, 0.042200468480587006, 0.02034151554107666, 0.020515870302915573, 0.020374586805701256, 0.020551148802042007, 0.020864343270659447, 0.025109170004725456], "val_accuracy": [0.33818182349205017, 0.33818182349205017, 0.33818182349205017, 0.33818182349205017, 0.6618182063102722, 0.33818182349205017, 0.6618182063102722, 0.33818182349205017, 0.33818182349205017, 0.6618182063102722, 0.6618182063102722, 0.6618182063102722, 0.33818182349205017, 0.6618182063102722, 0.33818182349205017, 0.33818182349205017, 0.6618182063102722, 0.33818182349205017, 0.33818182349205017, 0.6618182063102722, 0.6618182063102722, 0.6618182063102722, 0.6618182063102722, 0.6618182063102722, 0.6618182063102722], "val_benchmark": [182.0, 182.0, 182.0, 182.0, 93.0, 182.0, 93.0, 182.0, 182.0, 93.0, 93.0, 93.0, 182.0, 93.0, 182.0, 182.0, 93.0, 182.0, 182.0, 93.0, 93.0, 93.0, 93.0, 93.0, 93.0], "val_TP": [0.0, 0.0, 0.0, 0.0, 182.0, 0.0, 182.0, 0.0, 0.0, 182.0, 182.0, 182.0, 0.0, 182.0, 0.0, 0.0, 182.0, 0.0, 0.0, 182.0, 182.0, 182.0, 182.0, 182.0, 182.0], "val_TN": [93.0, 93.0, 93.0, 93.0, 0.0, 93.0, 0.0, 93.0, 93.0, 0.0, 0.0, 0.0, 93.0, 0.0, 93.0, 93.0, 0.0, 93.0, 93.0, 0.0, 0.0, 0.0, 0.0, 0.0, 0.0], "val_FP": [0.0, 0.0, 0.0, 0.0, 93.0, 0.0, 93.0, 0.0, 0.0, 93.0, 93.0, 93.0, 0.0, 93.0, 0.0, 0.0, 93.0, 0.0, 0.0, 93.0, 93.0, 93.0, 93.0, 93.0, 93.0], "val_FN": [182.0, 182.0, 182.0, 182.0, 0.0, 182.0, 0.0, 182.0, 182.0, 0.0, 0.0, 0.0, 182.0, 0.0, 182.0, 182.0, 0.0, 182.0, 182.0, 0.0, 0.0, 0.0, 0.0, 0.0, 0.0], "val_Precision": [0.0, 0.0, 0.0, 0.0, 0.6618182063102722, 0.0, 0.6618182063102722, 0.0, 0.0, 0.6618182063102722, 0.6618182063102722, 0.6618182063102722, 0.0, 0.6618182063102722, 0.0, 0.0, 0.6618182063102722, 0.0, 0.0, 0.6618182063102722, 0.6618182063102722, 0.6618182063102722, 0.6618182063102722, 0.6618182063102722, 0.6618182063102722], "val_Recall": [0.0, 0.0, 0.0, 0.0, 1.0, 0.0, 1.0, 0.0, 0.0, 1.0, 1.0, 1.0, 0.0, 1.0, 0.0, 0.0, 1.0, 0.0, 0.0, 1.0, 1.0, 1.0, 1.0, 1.0, 1.0], "val_AUC": [0.5, 0.5, 0.5, 0.5, 0.5, 0.5, 0.5, 0.5, 0.5, 0.5, 0.5, 0.5, 0.5, 0.5, 0.5, 0.5, 0.5, 0.5, 0.5, 0.5, 0.5, 0.5, 0.5, 0.5, 0.5]}