{"loss": [0.02186395227909088, 0.01975761353969574, 0.0198187418282032, 0.01969326287508011, 0.01980750262737274], "accuracy": [0.6466302275657654, 0.6657559275627136, 0.6684881448745728, 0.6748633980751038, 0.6602914333343506], "benchmark": [388.0, 367.0, 364.0, 357.0, 373.0], "TP": [626.0, 668.0, 671.0, 666.0, 665.0], "TN": [84.0, 63.0, 63.0, 75.0, 60.0], "FP": [307.0, 328.0, 328.0, 316.0, 331.0], "FN": [81.0, 39.0, 36.0, 41.0, 42.0], "Precision": [0.6709539294242859, 0.6706827282905579, 0.6716716885566711, 0.6782077550888062, 0.6676706671714783], "Recall": [0.8854314088821411, 0.9448373317718506, 0.9490806460380554, 0.9420084953308105, 0.9405940771102905], "AUC": [0.608136773109436, 0.6534635424613953, 0.6541762351989746, 0.6609588861465454, 0.6576579809188843], "val_loss": [0.06383639574050903, 0.10939989984035492, 0.12194568663835526, 0.07657653093338013, 0.03177362680435181], "val_accuracy": [0.3418181836605072, 0.3418181836605072, 0.3418181836605072, 0.34545454382896423, 0.42181816697120667], "val_benchmark": [181.0, 181.0, 181.0, 180.0, 159.0], "val_TP": [0.0, 0.0, 0.0, 1.0, 23.0], "val_TN": [94.0, 94.0, 94.0, 94.0, 93.0], "val_FP": [0.0, 0.0, 0.0, 0.0, 1.0], "val_FN": [181.0, 181.0, 181.0, 180.0, 158.0], "val_Precision": [0.0, 0.0, 0.0, 1.0, 0.9583333134651184], "val_Recall": [0.0, 0.0, 0.0, 0.005524862091988325, 0.1270718276500702], "val_AUC": [0.5143117308616638, 0.5772011280059814, 0.6111438274383545, 0.6438815593719482, 0.6740919351577759]}