{"loss": [0.17334219813346863, 0.17338411509990692, 0.17360875010490417, 0.1731865555047989, 0.17425501346588135, 0.1734757274389267, 0.17300945520401, 0.17386962473392487, 0.173251211643219, 0.17324315011501312, 0.17252467572689056, 0.17332936823368073, 0.17293336987495422, 0.1727050393819809, 0.17289942502975464, 0.1728610098361969, 0.1729021519422531, 0.17270615696907043, 0.1726832538843155, 0.17278404533863068, 0.17255613207817078], "accuracy": [0.5041841268539429, 0.5181310772895813, 0.5, 0.5132496356964111, 0.4888423979282379, 0.49511855840682983, 0.5230125784873962, 0.4965132474899292, 0.5160390734672546, 0.5153416991233826, 0.5362622141838074, 0.5097628831863403, 0.5223152041435242, 0.5278940200805664, 0.5181310772895813, 0.5292887091636658, 0.5223152041435242, 0.5383542776107788, 0.5390515923500061, 0.5383542776107788, 0.5195258259773254], "benchmark_1108": [711.0, 691.0, 717.0, 698.0, 733.0, 724.0, 684.0, 722.0, 694.0, 695.0, 665.0, 703.0, 685.0, 677.0, 691.0, 675.0, 685.0, 662.0, 661.0, 662.0, 689.0], "TP": [345.0, 412.0, 283.0, 403.0, 439.0, 361.0, 356.0, 301.0, 429.0, 308.0, 376.0, 409.0, 347.0, 444.0, 318.0, 425.0, 344.0, 336.0, 408.0, 335.0, 350.0], "TN": [378.0, 331.0, 434.0, 333.0, 262.0, 349.0, 394.0, 411.0, 311.0, 431.0, 393.0, 322.0, 402.0, 313.0, 425.0, 334.0, 405.0, 436.0, 365.0, 437.0, 395.0], "FP": [339.0, 386.0, 283.0, 384.0, 455.0, 368.0, 323.0, 306.0, 406.0, 286.0, 324.0, 395.0, 315.0, 404.0, 292.0, 383.0, 312.0, 281.0, 352.0, 280.0, 322.0], "FN": [372.0, 305.0, 434.0, 314.0, 278.0, 356.0, 361.0, 416.0, 288.0, 409.0, 341.0, 308.0, 370.0, 273.0, 399.0, 292.0, 373.0, 381.0, 309.0, 382.0, 367.0], "Precision": [0.5043859481811523, 0.5162907242774963, 0.5, 0.5120711326599121, 0.49105146527290344, 0.49519890546798706, 0.5243004560470581, 0.4958813786506653, 0.5137724280357361, 0.5185185074806213, 0.5371428728103638, 0.5087064504623413, 0.5241692066192627, 0.5235849022865295, 0.5213114619255066, 0.5259901285171509, 0.5243902206420898, 0.5445705056190491, 0.5368421077728271, 0.5447154641151428, 0.5208333134651184], "Recall": [0.48117154836654663, 0.5746164321899414, 0.39470013976097107, 0.5620641708374023, 0.6122733354568481, 0.5034867525100708, 0.4965132474899292, 0.41980475187301636, 0.5983263850212097, 0.4295676350593567, 0.5244072675704956, 0.5704323649406433, 0.48396095633506775, 0.6192468404769897, 0.4435146450996399, 0.5927475690841675, 0.47977685928344727, 0.4686192572116852, 0.569037675857544, 0.4672245383262634, 0.48814505338668823], "AUC": [0.5067964792251587, 0.523801326751709, 0.49118244647979736, 0.5247408151626587, 0.48497921228408813, 0.5009667277336121, 0.5253282785415649, 0.4980227053165436, 0.5159155130386353, 0.5187487006187439, 0.549440860748291, 0.5178927779197693, 0.5243712067604065, 0.5427173376083374, 0.5316287279129028, 0.535628080368042, 0.5323008298873901, 0.5423584580421448, 0.5444105863571167, 0.5374351143836975, 0.5420179963111877], "val_loss": [0.16696283221244812, 0.17417177557945251, 0.16861505806446075, 0.1669023334980011, 0.17428915202617645, 0.17476582527160645, 0.18436299264431, 0.170521080493927, 0.17733027040958405, 0.16872476041316986, 0.16760441660881042, 0.17006248235702515, 0.1693018227815628, 0.18022885918617249, 0.16819728910923004, 0.17507347464561462, 0.19041933119297028, 0.1776404082775116, 0.1860426962375641, 0.1737567037343979, 0.16929607093334198], "val_accuracy": [0.6218181848526001, 0.3781818151473999, 0.6218181848526001, 0.6218181848526001, 0.3781818151473999, 0.3781818151473999, 0.3781818151473999, 0.6218181848526001, 0.3781818151473999, 0.6218181848526001, 0.6218181848526001, 0.6218181848526001, 0.6218181848526001, 0.3781818151473999, 0.6218181848526001, 0.3781818151473999, 0.3781818151473999, 0.3781818151473999, 0.3781818151473999, 0.44727271795272827, 0.6218181848526001], "val_benchmark_1108": [104.0, 171.0, 104.0, 104.0, 171.0, 171.0, 171.0, 104.0, 171.0, 104.0, 104.0, 104.0, 104.0, 171.0, 104.0, 171.0, 171.0, 171.0, 171.0, 152.0, 104.0], "val_TP": [171.0, 0.0, 171.0, 171.0, 0.0, 0.0, 0.0, 171.0, 0.0, 171.0, 171.0, 171.0, 171.0, 0.0, 171.0, 0.0, 0.0, 0.0, 0.0, 30.0, 171.0], "val_TN": [0.0, 104.0, 0.0, 0.0, 104.0, 104.0, 104.0, 0.0, 104.0, 0.0, 0.0, 0.0, 0.0, 104.0, 0.0, 104.0, 104.0, 104.0, 104.0, 93.0, 0.0], "val_FP": [104.0, 0.0, 104.0, 104.0, 0.0, 0.0, 0.0, 104.0, 0.0, 104.0, 104.0, 104.0, 104.0, 0.0, 104.0, 0.0, 0.0, 0.0, 0.0, 11.0, 104.0], "val_FN": [0.0, 171.0, 0.0, 0.0, 171.0, 171.0, 171.0, 0.0, 171.0, 0.0, 0.0, 0.0, 0.0, 171.0, 0.0, 171.0, 171.0, 171.0, 171.0, 141.0, 0.0], "val_Precision": [0.6218181848526001, 0.0, 0.6218181848526001, 0.6218181848526001, 0.0, 0.0, 0.0, 0.6218181848526001, 0.0, 0.6218181848526001, 0.6218181848526001, 0.6218181848526001, 0.6218181848526001, 0.0, 0.6218181848526001, 0.0, 0.0, 0.0, 0.0, 0.7317073345184326, 0.6218181848526001], "val_Recall": [1.0, 0.0, 1.0, 1.0, 0.0, 0.0, 0.0, 1.0, 0.0, 1.0, 1.0, 1.0, 1.0, 0.0, 1.0, 0.0, 0.0, 0.0, 0.0, 0.17543859779834747, 1.0], "val_AUC": [0.5, 0.5, 0.5, 0.5, 0.5, 0.5, 0.5, 0.5, 0.5, 0.5, 0.49707603454589844, 0.49460190534591675, 0.5, 0.5, 0.5059041976928711, 0.4891475439071655, 0.4891475439071655, 0.5564552545547485, 0.5340193510055542, 0.5384615659713745, 0.554009199142456]}