{"loss": [0.08218605071306229, 0.04829717054963112, 0.04594970867037773, 0.045292049646377563, 0.04484754428267479, 0.04506300762295723, 0.0446443073451519, 0.044046249240636826, 0.04432476684451103, 0.043782226741313934, 0.04456083104014397, 0.04359479248523712, 0.043277814984321594, 0.04314958304166794, 0.04423424229025841, 0.04512709751725197, 0.04398587346076965, 0.04400280863046646, 0.04434417933225632, 0.04348756745457649, 0.04414167255163193, 0.043930165469646454, 0.043353646993637085, 0.04294998198747635, 0.043674957007169724, 0.04286875203251839, 0.04305126145482063, 0.04240896552801132, 0.04261649027466774, 0.0429256409406662, 0.04269557073712349, 0.042404089123010635], "accuracy": [0.5118549466133118, 0.4937238395214081, 0.5209205150604248, 0.517433762550354, 0.5, 0.5076708793640137, 0.5104602575302124, 0.5237098932266235, 0.5118549466133118, 0.5474197864532471, 0.5292887091636658, 0.5502092242240906, 0.560669481754303, 0.5683403015136719, 0.5188284516334534, 0.5299860239028931, 0.5516039133071899, 0.5244072675704956, 0.5453277826309204, 0.5634588599205017, 0.5237098932266235, 0.5474197864532471, 0.5676429271697998, 0.5697349905967712, 0.5592747330665588, 0.5983263850212097, 0.6032078266143799, 0.6004183888435364, 0.5997210741043091, 0.5704323649406433, 0.6032078266143799, 0.5969316363334656], "benchmark_849": [700.0, 726.0, 687.0, 692.0, 717.0, 706.0, 702.0, 683.0, 700.0, 649.0, 675.0, 645.0, 630.0, 619.0, 690.0, 674.0, 643.0, 682.0, 652.0, 626.0, 683.0, 649.0, 620.0, 617.0, 632.0, 576.0, 569.0, 573.0, 574.0, 616.0, 569.0, 578.0], "TP": [393.0, 340.0, 366.0, 412.0, 391.0, 441.0, 394.0, 366.0, 428.0, 367.0, 364.0, 352.0, 389.0, 367.0, 381.0, 381.0, 393.0, 374.0, 403.0, 407.0, 348.0, 377.0, 379.0, 389.0, 367.0, 418.0, 428.0, 393.0, 428.0, 380.0, 408.0, 423.0], "TN": [341.0, 368.0, 381.0, 330.0, 326.0, 287.0, 338.0, 385.0, 306.0, 418.0, 395.0, 437.0, 415.0, 448.0, 363.0, 379.0, 398.0, 378.0, 379.0, 401.0, 403.0, 408.0, 435.0, 428.0, 435.0, 440.0, 437.0, 468.0, 432.0, 438.0, 457.0, 433.0], "FP": [376.0, 349.0, 336.0, 387.0, 391.0, 430.0, 379.0, 332.0, 411.0, 299.0, 322.0, 280.0, 302.0, 269.0, 354.0, 338.0, 319.0, 339.0, 338.0, 316.0, 314.0, 309.0, 282.0, 289.0, 282.0, 277.0, 280.0, 249.0, 285.0, 279.0, 260.0, 284.0], "FN": [324.0, 377.0, 351.0, 305.0, 326.0, 276.0, 323.0, 351.0, 289.0, 350.0, 353.0, 365.0, 328.0, 350.0, 336.0, 336.0, 324.0, 343.0, 314.0, 310.0, 369.0, 340.0, 338.0, 328.0, 350.0, 299.0, 289.0, 324.0, 289.0, 337.0, 309.0, 294.0], "Precision": [0.5110533237457275, 0.4934687912464142, 0.5213675498962402, 0.5156445503234863, 0.5, 0.5063145756721497, 0.5097024440765381, 0.5243552923202515, 0.5101311206817627, 0.5510510802268982, 0.5306122303009033, 0.5569620132446289, 0.5629522204399109, 0.5770440101623535, 0.518367350101471, 0.5299026370048523, 0.5519663095474243, 0.5245441794395447, 0.5438596606254578, 0.5629322528839111, 0.5256797671318054, 0.5495626926422119, 0.5733736753463745, 0.5737463235855103, 0.5654853582382202, 0.6014388203620911, 0.604519784450531, 0.6121495366096497, 0.6002805233001709, 0.5766312479972839, 0.6107784509658813, 0.5983026623725891], "Recall": [0.5481171607971191, 0.47419804334640503, 0.5104602575302124, 0.5746164321899414, 0.5453277826309204, 0.6150627732276917, 0.5495118498802185, 0.5104602575302124, 0.5969316363334656, 0.5118549466133118, 0.5076708793640137, 0.49093446135520935, 0.5425383448600769, 0.5118549466133118, 0.5313807725906372, 0.5313807725906372, 0.5481171607971191, 0.5216178297996521, 0.5620641708374023, 0.5676429271697998, 0.4853556454181671, 0.525801956653595, 0.5285913348197937, 0.5425383448600769, 0.5118549466133118, 0.5829846858978271, 0.5969316363334656, 0.5481171607971191, 0.5969316363334656, 0.5299860239028931, 0.569037675857544, 0.589958131313324], "AUC": [0.5166070461273193, 0.5008286237716675, 0.5307164788246155, 0.5262376666069031, 0.5131280422210693, 0.511114776134491, 0.5128761529922485, 0.5410162210464478, 0.5320634841918945, 0.5605576038360596, 0.5373913645744324, 0.5696436166763306, 0.5906330943107605, 0.6009591817855835, 0.5438921451568604, 0.531868040561676, 0.5540704131126404, 0.5429837703704834, 0.5707290172576904, 0.5882093906402588, 0.5439340472221375, 0.5633742213249207, 0.5936851501464844, 0.608342170715332, 0.5852071046829224, 0.6254004836082458, 0.6310522556304932, 0.6324469447135925, 0.6131934523582458, 0.6130719184875488, 0.628957211971283, 0.6343862414360046], "val_loss": [0.09622175991535187, 0.048636965453624725, 0.043156497180461884, 0.043446727097034454, 0.13633005321025848, 0.05668505281209946, 0.04631626233458519, 0.046632543206214905, 0.04469851404428482, 0.05295419320464134, 0.043073225766420364, 0.04100672900676727, 0.04465688019990921, 0.04533243551850319, 0.14161081612110138, 0.04285070672631264, 0.04142073169350624, 0.041461579501628876, 0.04785386100411415, 0.04089375212788582, 0.04323495551943779, 0.053637485951185226, 0.04594873636960983, 0.04382419213652611, 0.04779932647943497, 0.0409659743309021, 0.04155361279845238, 0.06368011236190796, 0.09057752043008804, 0.06398384273052216, 0.05310266464948654, 0.03945670649409294], "val_accuracy": [0.3781818151473999, 0.3781818151473999, 0.6218181848526001, 0.46909090876579285, 0.3781818151473999, 0.3781818151473999, 0.38181817531585693, 0.4727272689342499, 0.4145454466342926, 0.6218181848526001, 0.5600000023841858, 0.6363636255264282, 0.6218181848526001, 0.6218181848526001, 0.3781818151473999, 0.5199999809265137, 0.578181803226471, 0.6218181848526001, 0.6218181848526001, 0.610909104347229, 0.4909090995788574, 0.614545464515686, 0.6218181848526001, 0.6218181848526001, 0.6218181848526001, 0.5672727227210999, 0.589090883731842, 0.6218181848526001, 0.4254545569419861, 0.41090908646583557, 0.6218181848526001, 0.6363636255264282], "val_benchmark_849": [171.0, 171.0, 104.0, 146.0, 171.0, 171.0, 170.0, 145.0, 161.0, 104.0, 121.0, 100.0, 104.0, 104.0, 171.0, 132.0, 116.0, 104.0, 104.0, 107.0, 140.0, 106.0, 104.0, 104.0, 104.0, 119.0, 113.0, 104.0, 158.0, 162.0, 104.0, 100.0], "val_TP": [0.0, 0.0, 171.0, 53.0, 0.0, 0.0, 2.0, 34.0, 12.0, 171.0, 78.0, 165.0, 171.0, 171.0, 0.0, 53.0, 120.0, 171.0, 171.0, 164.0, 57.0, 169.0, 171.0, 171.0, 171.0, 89.0, 111.0, 171.0, 13.0, 9.0, 171.0, 160.0], "val_TN": [104.0, 104.0, 0.0, 76.0, 104.0, 104.0, 103.0, 96.0, 102.0, 0.0, 76.0, 10.0, 0.0, 0.0, 104.0, 90.0, 39.0, 0.0, 0.0, 4.0, 78.0, 0.0, 0.0, 0.0, 0.0, 67.0, 51.0, 0.0, 104.0, 104.0, 0.0, 15.0], "val_FP": [0.0, 0.0, 104.0, 28.0, 0.0, 0.0, 1.0, 8.0, 2.0, 104.0, 28.0, 94.0, 104.0, 104.0, 0.0, 14.0, 65.0, 104.0, 104.0, 100.0, 26.0, 104.0, 104.0, 104.0, 104.0, 37.0, 53.0, 104.0, 0.0, 0.0, 104.0, 89.0], "val_FN": [171.0, 171.0, 0.0, 118.0, 171.0, 171.0, 169.0, 137.0, 159.0, 0.0, 93.0, 6.0, 0.0, 0.0, 171.0, 118.0, 51.0, 0.0, 0.0, 7.0, 114.0, 2.0, 0.0, 0.0, 0.0, 82.0, 60.0, 0.0, 158.0, 162.0, 0.0, 11.0], "val_Precision": [0.0, 0.0, 0.6218181848526001, 0.654321014881134, 0.0, 0.0, 0.6666666865348816, 0.8095238208770752, 0.8571428656578064, 0.6218181848526001, 0.7358490824699402, 0.6370656490325928, 0.6218181848526001, 0.6218181848526001, 0.0, 0.7910447716712952, 0.6486486196517944, 0.6218181848526001, 0.6218181848526001, 0.6212121248245239, 0.6867470145225525, 0.6190476417541504, 0.6218181848526001, 0.6218181848526001, 0.6218181848526001, 0.7063491940498352, 0.6768292784690857, 0.6218181848526001, 1.0, 1.0, 0.6218181848526001, 0.6425702571868896], "val_Recall": [0.0, 0.0, 1.0, 0.30994153022766113, 0.0, 0.0, 0.011695906519889832, 0.19883041083812714, 0.07017543911933899, 1.0, 0.45614033937454224, 0.9649122953414917, 1.0, 1.0, 0.0, 0.30994153022766113, 0.7017543911933899, 1.0, 1.0, 0.9590643048286438, 0.3333333432674408, 0.988304078578949, 1.0, 1.0, 1.0, 0.5204678177833557, 0.6491228342056274, 1.0, 0.0760233923792839, 0.05263157933950424, 1.0, 0.9356725215911865],