{"loss": [0.6959522366523743, 0.6964540481567383, 0.6931893825531006, 0.692609429359436, 0.6911851167678833, 0.6899392604827881, 0.6902669072151184, 0.6872613430023193, 0.6850879192352295, 0.681935727596283, 0.6786509156227112, 0.6758006811141968, 0.6685748100280762, 0.6653704047203064, 0.664793074131012, 0.656327486038208, 0.6551693677902222, 0.6503603458404541, 0.647843599319458, 0.6422964930534363, 0.6393137574195862, 0.6433059573173523, 0.6369547247886658, 0.6331605315208435, 0.6296930313110352, 0.6229186654090881, 0.6286727786064148, 0.6316681504249573, 0.6263821721076965, 0.6170745491981506, 0.6269152164459229, 0.6202054619789124, 0.6195813417434692, 0.6169275045394897, 0.6113248467445374, 0.6091362237930298, 0.614650309085846, 0.6096245646476746, 0.6061900854110718, 0.6095782518386841, 0.6072656512260437, 0.6059945821762085, 0.6009035110473633], "accuracy": [0.4818688929080963, 0.4783821403980255, 0.5209205150604248, 0.5125523209571838, 0.5299860239028931, 0.5313807725906372, 0.5362622141838074, 0.5341701507568359, 0.5620641708374023, 0.5543932914733887, 0.5808926224708557, 0.5746164321899414, 0.6004183888435364, 0.607391893863678, 0.5941422581672668, 0.6018131375312805, 0.6032078266143799, 0.6199442148208618, 0.6192468404769897, 0.6283124089241028, 0.6317991614341736, 0.6276150345802307, 0.6366806030273438, 0.633891224861145, 0.6415620446205139, 0.6450487971305847, 0.6317991614341736, 0.6290097832679749, 0.6408647298812866, 0.6471408605575562, 0.633891224861145, 0.6415620446205139, 0.6464434862136841, 0.65969318151474, 0.6450487971305847, 0.6562064290046692, 0.6576011180877686, 0.6562064290046692, 0.6548117399215698, 0.6555090546607971, 0.6631799340248108, 0.6638772487640381, 0.6610878705978394], "benchmark_402": [743.0, 748.0, 687.0, 699.0, 674.0, 672.0, 665.0, 668.0, 628.0, 639.0, 601.0, 610.0, 573.0, 563.0, 582.0, 571.0, 569.0, 545.0, 546.0, 533.0, 528.0, 534.0, 521.0, 525.0, 514.0, 509.0, 528.0, 532.0, 515.0, 506.0, 525.0, 514.0, 507.0, 488.0, 509.0, 493.0, 491.0, 493.0, 495.0, 494.0, 483.0, 482.0, 486.0], "TP": [299.0, 370.0, 333.0, 346.0, 338.0, 336.0, 353.0, 364.0, 379.0, 371.0, 389.0, 397.0, 422.0, 422.0, 422.0, 430.0, 428.0, 443.0, 437.0, 434.0, 463.0, 424.0, 450.0, 462.0, 451.0, 438.0, 463.0, 446.0, 464.0, 459.0, 449.0, 455.0, 455.0, 478.0, 456.0, 467.0, 471.0, 461.0, 468.0, 464.0, 469.0, 476.0, 469.0], "TN": [392.0, 316.0, 414.0, 389.0, 422.0, 426.0, 416.0, 402.0, 427.0, 424.0, 444.0, 427.0, 439.0, 449.0, 430.0, 433.0, 437.0, 446.0, 451.0, 467.0, 443.0, 476.0, 463.0, 447.0, 469.0, 487.0, 443.0, 456.0, 455.0, 469.0, 460.0, 465.0, 472.0, 468.0, 469.0, 474.0, 472.0, 480.0, 471.0, 476.0, 482.0, 476.0, 479.0], "FP": [325.0, 401.0, 303.0, 328.0, 295.0, 291.0, 301.0, 315.0, 290.0, 293.0, 273.0, 290.0, 278.0, 268.0, 287.0, 284.0, 280.0, 271.0, 266.0, 250.0, 274.0, 241.0, 254.0, 270.0, 248.0, 230.0, 274.0, 261.0, 262.0, 248.0, 257.0, 252.0, 245.0, 249.0, 248.0, 243.0, 245.0, 237.0, 246.0, 241.0, 235.0, 241.0, 238.0], "FN": [418.0, 347.0, 384.0, 371.0, 379.0, 381.0, 364.0, 353.0, 338.0, 346.0, 328.0, 320.0, 295.0, 295.0, 295.0, 287.0, 289.0, 274.0, 280.0, 283.0, 254.0, 293.0, 267.0, 255.0, 266.0, 279.0, 254.0, 271.0, 253.0, 258.0, 268.0, 262.0, 262.0, 239.0, 261.0, 250.0, 246.0, 256.0, 249.0, 253.0, 248.0, 241.0, 248.0], "Precision": [0.4791666567325592, 0.4798962473869324, 0.5235849022865295, 0.5133531093597412, 0.5339652299880981, 0.5358851552009583, 0.5397553443908691, 0.5360824465751648, 0.566517174243927, 0.5587349534034729, 0.5876132845878601, 0.5778748393058777, 0.6028571724891663, 0.6115942001342773, 0.5952045321464539, 0.6022409200668335, 0.604519784450531, 0.6204481720924377, 0.6216216087341309, 0.6345029473304749, 0.6282225251197815, 0.6375939846038818, 0.6392045617103577, 0.631147563457489, 0.6452074646949768, 0.6556886434555054, 0.6282225251197815, 0.6308345198631287, 0.6391184329986572, 0.6492220759391785, 0.6359773278236389, 0.6435643434524536, 0.6499999761581421, 0.6574965715408325, 0.6477272510528564, 0.6577464938163757, 0.6578212380409241, 0.6604584455490112, 0.6554622054100037, 0.6581560373306274, 0.6661931872367859, 0.6638772487640381, 0.6633663177490234], "Recall": [0.41701534390449524, 0.5160390734672546, 0.4644351601600647, 0.482566237449646, 0.4714086353778839, 0.4686192572116852, 0.4923291504383087, 0.5076708793640137, 0.5285913348197937, 0.517433762550354, 0.5425383448600769, 0.5536959767341614, 0.5885634422302246, 0.5885634422302246, 0.5885634422302246, 0.5997210741043091, 0.5969316363334656, 0.6178521513938904, 0.6094839572906494, 0.6052998900413513, 0.6457461714744568, 0.5913528800010681, 0.6276150345802307, 0.6443514823913574, 0.6290097832679749, 0.6108786463737488, 0.6457461714744568, 0.6220362782478333, 0.6471408605575562, 0.6401673555374146, 0.6262203454971313, 0.6345885396003723, 0.6345885396003723, 0.6666666865348816, 0.6359832882881165, 0.651324987411499, 0.6569037437438965, 0.6429567933082581, 0.6527196764945984, 0.6471408605575562, 0.6541143655776978, 0.6638772487640381, 0.6541143655776978], "AUC": [0.4811267852783203, 0.474076509475708, 0.5137729644775391, 0.5205100774765015, 0.5310131311416626, 0.5413585901260376, 0.5352458357810974, 0.5539789795875549, 0.5745279788970947, 0.5821005702018738, 0.6038477420806885, 0.6113134026527405, 0.6392433643341064, 0.6492776870727539, 0.6417673230171204, 0.6619534492492676, 0.6574630737304688, 0.6678435206413269, 0.671278715133667, 0.6818401217460632, 0.6832426190376282, 0.6756125092506409, 0.6854757070541382, 0.6886541247367859, 0.6966371536254883, 0.7076585292816162, 0.6959719061851501, 0.6916389465332031, 0.7017860412597656, 0.7136040329933167, 0.7013289332389832, 0.7054206728935242, 0.7096145153045654, 0.7138442993164062, 0.7215803265571594, 0.7232210636138916, 0.7196808457374573, 0.7233825325965881, 0.7288417220115662, 0.7228417992591858, 0.7283204197883606, 0.7302033305168152, 0.7352150678634644], "val_loss": [0.6891335844993591, 0.6978017687797546, 0.6934394836425781, 0.6929332613945007, 0.6824305653572083, 0.6758081912994385, 0.6752843856811523, 0.670710563659668, 0.6624447703361511, 0.6566935777664185, 0.6529608368873596, 0.6490010023117065, 0.6542848348617554, 0.6764658689498901, 0.6349766254425049, 0.6230714321136475, 0.6232786178588867, 0.620140552520752, 0.6088636517524719, 0.6456968188285828, 0.6957446336746216, 0.6112385988235474, 0.5962676405906677, 0.7850782871246338, 0.7051191926002502, 0.7761580944061279, 0.5949824452400208, 0.6239031553268433, 0.618157148361206, 0.7237865328788757, 0.6111319661140442, 0.6985479593276978, 0.7142295837402344, 0.605103611946106, 0.6085695624351501, 0.6008936762809753, 0.5873441100120544, 0.6918814182281494, 0.5972738265991211, 0.5868833065032959, 0.6181092262268066, 0.7831550240516663, 0.5731925964355469], "val_accuracy": [0.6218181848526001, 0.3781818151473999, 0.46909090876579285, 0.48363634943962097, 0.6399999856948853, 0.6327272653579712, 0.614545464515686, 0.6545454263687134, 0.6290909051895142, 0.6218181848526001, 0.6218181848526001, 0.6218181848526001, 0.6218181848526001, 0.6218181848526001, 0.6472727060317993, 0.6981818079948425, 0.7018181681632996, 0.6472727060317993, 0.7018181681632996, 0.607272744178772, 0.6218181848526001, 0.6727272868156433, 0.7127272486686707, 0.6218181848526001, 0.6218181848526001, 0.49454545974731445, 0.6618182063102722, 0.614545464515686, 0.6472727060317993, 0.5345454812049866, 0.6399999856948853, 0.6290909051895142, 0.5309090614318848, 0.6472727060317993, 0.6509090662002563, 0.6618182063102722, 0.6800000071525574, 0.6327272653579712, 0.6618182063102722, 0.6909090876579285, 0.6181818246841431, 0.6327272653579712, 0.7127272486686707], "val_benchmark_402": [104.0, 171.0, 146.0, 142.0, 99.0, 101.0, 106.0, 95.0, 102.0, 104.0, 104.0, 104.0, 104.0, 104.0, 97.0, 83.0, 82.0, 97.0, 82.0, 108.0, 104.0, 90.0, 79.0, 104.0, 104.0, 139.0, 93.0, 106.0, 97.0, 128.0, 99.0, 102.0, 129.0, 97.0, 96.0, 93.0, 88.0, 101.0, 93.0, 85.0, 105.0, 101.0, 79.0],