{"loss": [0.6843904256820679, 0.6700584888458252, 0.6572464108467102, 0.6427509784698486, 0.6291951537132263, 0.6172313690185547, 0.6098703145980835, 0.5992950797080994, 0.590107798576355, 0.58940190076828, 0.5815824866294861, 0.5779860019683838, 0.5696799159049988, 0.5665419101715088, 0.5654053688049316, 0.5623750686645508, 0.5557882189750671, 0.5442935228347778, 0.5405960083007812, 0.5464373230934143, 0.5298731923103333], "accuracy": [0.5481586456298828, 0.5736544132232666, 0.6118980050086975, 0.6423512697219849, 0.6515581011772156, 0.6742209792137146, 0.6650141477584839, 0.669263482093811, 0.6770538091659546, 0.6685552597045898, 0.6855524182319641, 0.6770538091659546, 0.6926345825195312, 0.6954674124717712, 0.6905099153518677, 0.7004249095916748, 0.7039660215377808, 0.7124645709991455, 0.7131727933883667, 0.7096317410469055, 0.7294617295265198], "benchmark_2": [638.0, 602.0, 548.0, 505.0, 492.0, 460.0, 473.0, 467.0, 456.0, 468.0, 444.0, 456.0, 434.0, 430.0, 437.0, 423.0, 418.0, 406.0, 405.0, 410.0, 382.0], "TP": [253.0, 363.0, 421.0, 457.0, 480.0, 492.0, 465.0, 460.0, 467.0, 476.0, 487.0, 469.0, 491.0, 484.0, 479.0, 486.0, 486.0, 510.0, 498.0, 492.0, 514.0], "TN": [521.0, 447.0, 443.0, 450.0, 440.0, 460.0, 474.0, 485.0, 489.0, 468.0, 481.0, 487.0, 487.0, 498.0, 496.0, 503.0, 508.0, 496.0, 509.0, 510.0, 516.0], "FP": [185.0, 259.0, 263.0, 256.0, 266.0, 246.0, 232.0, 221.0, 217.0, 238.0, 225.0, 219.0, 219.0, 208.0, 210.0, 203.0, 198.0, 210.0, 197.0, 196.0, 190.0], "FN": [453.0, 343.0, 285.0, 249.0, 226.0, 214.0, 241.0, 246.0, 239.0, 230.0, 219.0, 237.0, 215.0, 222.0, 227.0, 220.0, 220.0, 196.0, 208.0, 214.0, 192.0], "Precision": [0.577625572681427, 0.5836012959480286, 0.6154970526695251, 0.6409537196159363, 0.6434316635131836, 0.6666666865348816, 0.6671448945999146, 0.6754772663116455, 0.682748556137085, 0.6666666865348816, 0.6839887499809265, 0.6816860437393188, 0.6915493011474609, 0.6994219422340393, 0.6952104568481445, 0.7053701281547546, 0.7105262875556946, 0.7083333134651184, 0.7165467739105225, 0.7151162624359131, 0.7301136255264282], "Recall": [0.35835695266723633, 0.5141643285751343, 0.5963172912597656, 0.6473087668418884, 0.6798866987228394, 0.6968838572502136, 0.6586402058601379, 0.6515581011772156, 0.6614730954170227, 0.6742209792137146, 0.6898016929626465, 0.6643059253692627, 0.6954674124717712, 0.6855524182319641, 0.678470253944397, 0.6883852481842041, 0.6883852481842041, 0.7223796248435974, 0.7053824067115784, 0.6968838572502136, 0.7280453443527222], "AUC": [0.5929136276245117, 0.6211178302764893, 0.6645798087120056, 0.6941362619400024, 0.7089134454727173, 0.7272317409515381, 0.7318893671035767, 0.7407009601593018, 0.7510643601417542, 0.7483799457550049, 0.7585196495056152, 0.7595137357711792, 0.7708572745323181, 0.7746952772140503, 0.773826539516449, 0.7785432934761047, 0.78519207239151, 0.7969529032707214, 0.800412654876709, 0.7939023971557617, 0.8110208511352539], "val_loss": [0.6901295185089111, 0.6898368000984192, 0.7003121972084045, 0.7339962124824524, 0.7826295495033264, 0.8669539093971252, 1.017449975013733, 1.2100991010665894, 1.4095276594161987, 1.6436967849731445, 1.8251944780349731, 2.1291754245758057, 2.3110246658325195, 2.622129440307617, 2.719322681427002, 3.0079307556152344, 3.096773862838745, 3.253615617752075, 3.402134895324707, 3.430100679397583, 3.4645986557006836], "val_accuracy": [0.6618182063102722, 0.6618182063102722, 0.33818182349205017, 0.33818182349205017, 0.33818182349205017, 0.33818182349205017, 0.33818182349205017, 0.33818182349205017, 0.33818182349205017, 0.33818182349205017, 0.33818182349205017, 0.33818182349205017, 0.33818182349205017, 0.33818182349205017, 0.33818182349205017, 0.33818182349205017, 0.33818182349205017, 0.33818182349205017, 0.33818182349205017, 0.33818182349205017, 0.33818182349205017], "val_benchmark_2": [93.0, 93.0, 182.0, 182.0, 182.0, 182.0, 182.0, 182.0, 182.0, 182.0, 182.0, 182.0, 182.0, 182.0, 182.0, 182.0, 182.0, 182.0, 182.0, 182.0, 182.0], "val_TP": [182.0, 182.0, 0.0, 0.0, 0.0, 0.0, 0.0, 0.0, 0.0, 0.0, 0.0, 0.0, 0.0, 0.0, 0.0, 0.0, 0.0, 0.0, 0.0, 0.0, 0.0], "val_TN": [0.0, 0.0, 93.0, 93.0, 93.0, 93.0, 93.0, 93.0, 93.0, 93.0, 93.0, 93.0, 93.0, 93.0, 93.0, 93.0, 93.0, 93.0, 93.0, 93.0, 93.0], "val_FP": [93.0, 93.0, 0.0, 0.0, 0.0, 0.0, 0.0, 0.0, 0.0, 0.0, 0.0, 0.0, 0.0, 0.0, 0.0, 0.0, 0.0, 0.0, 0.0, 0.0, 0.0], "val_FN": [0.0, 0.0, 182.0, 182.0, 182.0, 182.0, 182.0, 182.0, 182.0, 182.0, 182.0, 182.0, 182.0, 182.0, 182.0, 182.0, 182.0, 182.0, 182.0, 182.0, 182.0], "val_Precision": [0.6618182063102722, 0.6618182063102722, 0.0, 0.0, 0.0, 0.0, 0.0, 0.0, 0.0, 0.0, 0.0, 0.0, 0.0, 0.0, 0.0, 0.0, 0.0, 0.0, 0.0, 0.0, 0.0], "val_Recall": [1.0, 1.0, 0.0, 0.0, 0.0, 0.0, 0.0, 0.0, 0.0, 0.0, 0.0, 0.0, 0.0, 0.0, 0.0, 0.0, 0.0, 0.0, 0.0, 0.0, 0.0], "val_AUC": [0.5, 0.5109890103340149, 0.5180491209030151, 0.5563629865646362, 0.5372799038887024, 0.5356847047805786, 0.5127909779548645, 0.4854661524295807, 0.5018315315246582, 0.5311946272850037, 0.520087480545044, 0.5265272259712219, 0.5267635583877563, 0.5062035322189331, 0.5053763389587402, 0.499911367893219, 0.5410611033439636, 0.49175822734832764, 0.4812714159488678, 0.48856788873672485, 0.5042242407798767]}