{"loss": [0.6929659843444824, 0.6927921175956726, 0.6930443644523621, 0.6924017667770386, 0.6896872520446777, 0.6917248368263245, 0.6893237233161926, 0.6882660984992981, 0.6878702044487, 0.686245322227478, 0.6820229887962341, 0.6826819181442261, 0.6805081367492676, 0.6773908734321594, 0.6753730177879333, 0.6733275651931763, 0.6715908646583557, 0.6671446561813354, 0.6671978235244751, 0.661970317363739, 0.6586047410964966, 0.6560187339782715, 0.6549109816551208, 0.6488773226737976, 0.6483291387557983, 0.6453747153282166, 0.6449874043464661, 0.6423774361610413, 0.6409912109375, 0.6365270018577576, 0.6320110559463501, 0.6310034394264221, 0.6296090483665466, 0.6248707175254822, 0.6236759424209595, 0.625484049320221, 0.6209816336631775, 0.6181816458702087, 0.6187078356742859, 0.6182100176811218, 0.6124796867370605, 0.6132504940032959, 0.616159200668335, 0.6139646172523499, 0.6126803755760193, 0.6040967106819153, 0.6069321632385254, 0.6064010262489319, 0.6035179495811462, 0.6022087931632996, 0.600997269153595, 0.5967317223548889, 0.596957802772522, 0.5923968553543091], "accuracy": [0.5, 0.5069735050201416, 0.509065568447113, 0.5146443247795105, 0.5439330339431763, 0.5244072675704956, 0.5362622141838074, 0.5341701507568359, 0.5355648398399353, 0.5599721074104309, 0.5788005590438843, 0.5627614855766296, 0.5599721074104309, 0.5774058699607849, 0.5885634422302246, 0.589958131313324, 0.5934448838233948, 0.5983263850212097, 0.6059972047805786, 0.6115760207176208, 0.5955369472503662, 0.6150627732276917, 0.616457462310791, 0.6171548366546631, 0.6199442148208618, 0.625523030757904, 0.624825656414032, 0.6269177198410034, 0.6311017870903015, 0.6345885396003723, 0.6227335929870605, 0.6408647298812866, 0.6478382349014282, 0.6373779773712158, 0.6429567933082581, 0.650627613067627, 0.6555090546607971, 0.6582984924316406, 0.6450487971305847, 0.6492329239845276, 0.6548117399215698, 0.6471408605575562, 0.6471408605575562, 0.6562064290046692, 0.6429567933082581, 0.668061375617981, 0.6666666865348816, 0.6582984924316406, 0.6582984924316406, 0.672245442867279, 0.6617852449417114, 0.6743375062942505, 0.6785216331481934, 0.6736401915550232], "benchmark_691": [717.0, 707.0, 704.0, 696.0, 654.0, 682.0, 665.0, 668.0, 666.0, 631.0, 604.0, 627.0, 631.0, 606.0, 590.0, 588.0, 583.0, 576.0, 565.0, 557.0, 580.0, 552.0, 550.0, 549.0, 545.0, 537.0, 538.0, 535.0, 529.0, 524.0, 541.0, 515.0, 505.0, 520.0, 512.0, 501.0, 494.0, 490.0, 509.0, 503.0, 495.0, 506.0, 506.0, 493.0, 512.0, 476.0, 478.0, 490.0, 490.0, 470.0, 485.0, 467.0, 461.0, 468.0], "TP": [339.0, 359.0, 388.0, 347.0, 406.0, 400.0, 371.0, 371.0, 345.0, 376.0, 380.0, 396.0, 350.0, 386.0, 397.0, 401.0, 414.0, 428.0, 420.0, 437.0, 397.0, 432.0, 439.0, 431.0, 443.0, 434.0, 446.0, 435.0, 442.0, 454.0, 430.0, 451.0, 471.0, 455.0, 452.0, 454.0, 463.0, 459.0, 466.0, 460.0, 448.0, 456.0, 466.0, 458.0, 467.0, 465.0, 471.0, 482.0, 464.0, 473.0, 468.0, 473.0, 482.0, 469.0], "TN": [378.0, 368.0, 342.0, 391.0, 374.0, 352.0, 398.0, 395.0, 423.0, 427.0, 450.0, 411.0, 453.0, 442.0, 447.0, 445.0, 437.0, 430.0, 449.0, 440.0, 457.0, 450.0, 445.0, 454.0, 446.0, 463.0, 450.0, 464.0, 463.0, 456.0, 463.0, 468.0, 458.0, 459.0, 470.0, 479.0, 477.0, 485.0, 459.0, 471.0, 491.0, 472.0, 462.0, 483.0, 455.0, 493.0, 485.0, 462.0, 480.0, 491.0, 481.0, 494.0, 491.0, 497.0], "FP": [339.0, 349.0, 375.0, 326.0, 343.0, 365.0, 319.0, 322.0, 294.0, 290.0, 267.0, 306.0, 264.0, 275.0, 270.0, 272.0, 280.0, 287.0, 268.0, 277.0, 260.0, 267.0, 272.0, 263.0, 271.0, 254.0, 267.0, 253.0, 254.0, 261.0, 254.0, 249.0, 259.0, 258.0, 247.0, 238.0, 240.0, 232.0, 258.0, 246.0, 226.0, 245.0, 255.0, 234.0, 262.0, 224.0, 232.0, 255.0, 237.0, 226.0, 236.0, 223.0, 226.0, 220.0], "FN": [378.0, 358.0, 329.0, 370.0, 311.0, 317.0, 346.0, 346.0, 372.0, 341.0, 337.0, 321.0, 367.0, 331.0, 320.0, 316.0, 303.0, 289.0, 297.0, 280.0, 320.0, 285.0, 278.0, 286.0, 274.0, 283.0, 271.0, 282.0, 275.0, 263.0, 287.0, 266.0, 246.0, 262.0, 265.0, 263.0, 254.0, 258.0, 251.0, 257.0, 269.0, 261.0, 251.0, 259.0, 250.0, 252.0, 246.0, 235.0, 253.0, 244.0, 249.0, 244.0, 235.0, 248.0], "Precision": [0.5, 0.5070621371269226, 0.5085189938545227, 0.5156017541885376, 0.5420560836791992, 0.5228758454322815, 0.5376811623573303, 0.5353535413742065, 0.5399060845375061, 0.56456458568573, 0.5873261094093323, 0.5641025900840759, 0.5700325965881348, 0.5839636921882629, 0.5952023863792419, 0.5958395004272461, 0.5965417623519897, 0.5986014008522034, 0.6104651093482971, 0.6120448112487793, 0.6042618155479431, 0.6180257797241211, 0.6174402236938477, 0.621037483215332, 0.6204481720924377, 0.6308139562606812, 0.625525951385498, 0.632267415523529, 0.6350574493408203, 0.6349650621414185, 0.628654956817627, 0.6442857384681702, 0.6452054977416992, 0.6381486654281616, 0.646638035774231, 0.6560693383216858, 0.6586059927940369, 0.6642547249794006, 0.6436464190483093, 0.6515581011772156, 0.6646884083747864, 0.6504992842674255, 0.6463245749473572, 0.6618497371673584, 0.6406035423278809, 0.6748911738395691, 0.6699857711791992, 0.6540027260780334, 0.6619115471839905, 0.6766809821128845, 0.6647727489471436, 0.6795976758003235, 0.6807909607887268, 0.6806966662406921], "Recall": [0.47280335426330566, 0.5006973743438721, 0.5411436557769775, 0.48396095633506775, 0.5662482380867004, 0.5578800439834595, 0.517433762550354, 0.517433762550354, 0.48117154836654663, 0.5244072675704956, 0.5299860239028931, 0.5523012280464172, 0.48814505338668823, 0.5383542776107788, 0.5536959767341614, 0.5592747330665588, 0.5774058699607849, 0.5969316363334656, 0.5857740640640259, 0.6094839572906494, 0.5536959767341614, 0.6025104522705078, 0.6122733354568481, 0.6011157631874084, 0.6178521513938904, 0.6052998900413513, 0.6220362782478333, 0.6066945791244507, 0.616457462310791, 0.633193850517273, 0.5997210741043091, 0.6290097832679749, 0.6569037437438965, 0.6345885396003723, 0.6304044723510742, 0.633193850517273, 0.6457461714744568, 0.6401673555374146, 0.6499302387237549, 0.6415620446205139, 0.624825656414032, 0.6359832882881165, 0.6499302387237549, 0.6387726664543152, 0.651324987411499, 0.6485355496406555, 0.6569037437438965, 0.672245442867279, 0.6471408605575562, 0.65969318151474, 0.6527196764945984, 0.65969318151474, 0.672245442867279, 0.6541143655776978], "AUC": [0.5131232142448425, 0.5141940116882324, 0.5121642351150513, 0.520038366317749, 0.5512586236000061, 0.5260090827941895, 0.547950804233551, 0.5584324598312378, 0.5514045357704163, 0.5663999319076538, 0.595888078212738, 0.5887336730957031, 0.5916942358016968, 0.6097027659416199, 0.6170828342437744, 0.6214206218719482, 0.6294114589691162, 0.643603503704071, 0.6312398910522461, 0.6498768329620361, 0.6555003523826599, 0.6579328179359436, 0.6604635119438171, 0.6743676662445068, 0.6673513650894165, 0.6756407618522644, 0.6734320521354675, 0.6740759015083313, 0.6790457963943481, 0.6910778284072876, 0.6939460635185242, 0.6981184482574463, 0.7003933191299438, 0.7036835551261902, 0.7043050527572632, 0.7027674913406372, 0.7143033146858215, 0.716701865196228, 0.7106075286865234, 0.7129679918289185, 0.7244651317596436, 0.7196643352508545, 0.7154287099838257, 0.7182102203369141, 0.7185215353965759, 0.7327097654342651, 0.7282357811927795, 0.7308938503265381, 0.7317691445350647, 0.7355934381484985, 0.7333983778953552, 0.74488765001297, 0.7450762391090393, 0.7478812336921692],