{"loss": [0.6875816583633423, 0.6716631054878235, 0.6605800986289978, 0.6508703231811523, 0.644013524055481, 0.6427309513092041, 0.6308535933494568, 0.6282262206077576, 0.6265720725059509, 0.6139751672744751, 0.6178365349769592, 0.6089096665382385, 0.6068288087844849, 0.6019594073295593, 0.6078072190284729, 0.5946565270423889, 0.5989900231361389, 0.587090790271759, 0.5814301371574402, 0.5804488658905029, 0.5803259015083313, 0.5754960775375366, 0.5768232345581055, 0.5585639476776123, 0.5642656087875366, 0.5752465724945068, 0.5576083064079285, 0.555387556552887, 0.5669406652450562, 0.5555717945098877, 0.5521920323371887, 0.5441473126411438, 0.5400489568710327, 0.5411800742149353, 0.5311838984489441, 0.5308402180671692, 0.5294799208641052, 0.5313093066215515, 0.5243849158287048, 0.5247589349746704, 0.5146753191947937, 0.5201523900032043, 0.5168640613555908, 0.5025226473808289], "accuracy": [0.5613667964935303, 0.5781031847000122, 0.5941422581672668, 0.6025104522705078, 0.6032078266143799, 0.5983263850212097, 0.6394700407981873, 0.6317991614341736, 0.6304044723510742, 0.6520223021507263, 0.6485355496406555, 0.6527196764945984, 0.6485355496406555, 0.6610878705978394, 0.651324987411499, 0.6610878705978394, 0.6624825596809387, 0.6729428172111511, 0.6875871419906616, 0.6743375062942505, 0.677126944065094, 0.6764295697212219, 0.6799163222312927, 0.6952580213546753, 0.6994421482086182, 0.6841003894805908, 0.7119944095611572, 0.7092050313949585, 0.706415593624115, 0.6973500847816467, 0.7022315263748169, 0.7161785364151001, 0.7252440452575684, 0.7182705998420715, 0.7133890986442566, 0.7336122989654541, 0.7224546670913696, 0.7273361086845398, 0.7287307977676392, 0.7259414196014404, 0.7510460019111633, 0.7405857443809509, 0.7308228611946106, 0.7419804930686951], "benchmark_1480": [629.0, 605.0, 582.0, 570.0, 569.0, 576.0, 517.0, 528.0, 530.0, 499.0, 504.0, 498.0, 504.0, 486.0, 500.0, 486.0, 484.0, 469.0, 448.0, 467.0, 463.0, 464.0, 459.0, 437.0, 431.0, 453.0, 413.0, 417.0, 421.0, 434.0, 427.0, 407.0, 394.0, 404.0, 411.0, 382.0, 398.0, 391.0, 389.0, 393.0, 357.0, 372.0, 386.0, 370.0], "TP": [419.0, 336.0, 368.0, 421.0, 368.0, 377.0, 427.0, 415.0, 420.0, 438.0, 435.0, 450.0, 432.0, 473.0, 459.0, 429.0, 444.0, 457.0, 473.0, 471.0, 473.0, 469.0, 458.0, 497.0, 476.0, 466.0, 491.0, 492.0, 491.0, 472.0, 479.0, 504.0, 486.0, 503.0, 484.0, 508.0, 516.0, 485.0, 498.0, 503.0, 511.0, 512.0, 510.0, 512.0], "TN": [386.0, 493.0, 484.0, 443.0, 497.0, 481.0, 490.0, 491.0, 484.0, 497.0, 495.0, 486.0, 498.0, 475.0, 475.0, 519.0, 506.0, 508.0, 513.0, 496.0, 498.0, 501.0, 517.0, 500.0, 527.0, 515.0, 530.0, 525.0, 522.0, 528.0, 528.0, 523.0, 554.0, 527.0, 539.0, 544.0, 520.0, 558.0, 547.0, 538.0, 566.0, 550.0, 538.0, 552.0], "FP": [331.0, 224.0, 233.0, 274.0, 220.0, 236.0, 227.0, 226.0, 233.0, 220.0, 222.0, 231.0, 219.0, 242.0, 242.0, 198.0, 211.0, 209.0, 204.0, 221.0, 219.0, 216.0, 200.0, 217.0, 190.0, 202.0, 187.0, 192.0, 195.0, 189.0, 189.0, 194.0, 163.0, 190.0, 178.0, 173.0, 197.0, 159.0, 170.0, 179.0, 151.0, 167.0, 179.0, 165.0], "FN": [298.0, 381.0, 349.0, 296.0, 349.0, 340.0, 290.0, 302.0, 297.0, 279.0, 282.0, 267.0, 285.0, 244.0, 258.0, 288.0, 273.0, 260.0, 244.0, 246.0, 244.0, 248.0, 259.0, 220.0, 241.0, 251.0, 226.0, 225.0, 226.0, 245.0, 238.0, 213.0, 231.0, 214.0, 233.0, 209.0, 201.0, 232.0, 219.0, 214.0, 206.0, 205.0, 207.0, 205.0], "Precision": [0.5586666464805603, 0.6000000238418579, 0.6123127937316895, 0.6057553887367249, 0.6258503198623657, 0.6150081753730774, 0.6529052257537842, 0.6474258899688721, 0.6431853175163269, 0.6656534671783447, 0.6621004343032837, 0.6607929468154907, 0.6635944843292236, 0.6615384817123413, 0.6547788977622986, 0.6842105388641357, 0.6778625845909119, 0.6861861944198608, 0.6986706256866455, 0.6806358098983765, 0.6835260391235352, 0.6846715211868286, 0.6960486173629761, 0.6960784196853638, 0.7147147059440613, 0.697604775428772, 0.7241888046264648, 0.719298243522644, 0.7157434225082397, 0.7140696048736572, 0.7170658707618713, 0.7220630645751953, 0.7488443851470947, 0.7258297204971313, 0.731117844581604, 0.7459618449211121, 0.7237026691436768, 0.7531055808067322, 0.7455089688301086, 0.7375366687774658, 0.7719033360481262, 0.754050076007843, 0.7402032017707825, 0.7562776803970337], "Recall": [0.5843793749809265, 0.4686192572116852, 0.5132496356964111, 0.5871687531471252, 0.5132496356964111, 0.525801956653595, 0.5955369472503662, 0.5788005590438843, 0.5857740640640259, 0.6108786463737488, 0.6066945791244507, 0.6276150345802307, 0.6025104522705078, 0.65969318151474, 0.6401673555374146, 0.5983263850212097, 0.6192468404769897, 0.6373779773712158, 0.65969318151474, 0.6569037437438965, 0.65969318151474, 0.6541143655776978, 0.6387726664543152, 0.6931659579277039, 0.6638772487640381, 0.6499302387237549, 0.6847977638244629, 0.6861924529075623, 0.6847977638244629, 0.6582984924316406, 0.668061375617981, 0.7029288411140442, 0.6778242588043213, 0.7015341520309448, 0.6750348806381226, 0.7085076570510864, 0.7196652889251709, 0.6764295697212219, 0.6945606470108032, 0.7015341520309448, 0.7126917839050293, 0.7140864729881287, 0.7112970948219299, 0.7140864729881287], "AUC": [0.5728181004524231, 0.608611524105072, 0.6397968530654907, 0.6592447757720947, 0.662093460559845, 0.6645201444625854, 0.6935452818870544, 0.6921836137771606, 0.6924433708190918, 0.7177326679229736, 0.7078112363815308, 0.7177833318710327, 0.7181606888771057, 0.7255105376243591, 0.720504641532898, 0.7354874014854431, 0.7304016947746277, 0.7449731230735779, 0.755592942237854, 0.7548440098762512, 0.7551347613334656, 0.7611240744590759, 0.7569982409477234, 0.7787746787071228, 0.7740702629089355, 0.7613905668258667, 0.7850926518440247, 0.784231960773468, 0.7727776765823364, 0.7842552661895752, 0.7863258719444275, 0.7943108677864075, 0.7996951937675476, 0.7961452603340149, 0.8045708537101746, 0.8100406527519226, 0.8061435222625732, 0.8073009252548218, 0.8103781342506409, 0.8112087249755859, 0.8229051232337952, 0.8178107142448425, 0.8180626630783081, 0.8308824896812439], "val_loss": [0.7348148822784424, 0.7770792841911316, 0.8282519578933716, 0.9843936562538147, 0.9975594878196716, 0.9966913461685181, 1.2258638143539429, 1.1340492963790894, 1.0065879821777344, 1.230865240097046, 1.086172103881836, 1.321484923362732, 1.1922084093093872, 1.084829568862915, 0.8713595271110535, 0.7478396892547607, 0.7032508850097656, 0.706454336643219, 0.6473264098167419, 0.5955743193626404, 0.7082057595252991, 0.7549114227294922, 0.6581819653511047, 0.5958763957023621, 0.7579182386398315, 0.766109049320221, 0.7123430967330933, 0.6224455237388611, 1.6620922088623047, 1.1893327236175537, 0.704408586025238, 0.9027610421180725, 0.8626742959022522, 0.7286021709442139, 0.8311614394187927, 1.6537154912948608, 0.9095187187194824, 0.8072071671485901, 0.6883015036582947, 0.7733467221260071, 0.7093176245689392, 0.9367179870605469, 2.8625903129577637, 1.0182729959487915], "val_accuracy": [0.3781818151473999, 0.3781818151473999, 0.3781818151473999, 0.3781818151473999, 0.3781818151473999, 0.3781818151473999, 0.3781818151473999, 0.3781818151473999, 0.3781818151473999, 0.3781818151473999, 0.3781818151473999, 0.3781818151473999, 0.3781818151473999, 0.41090908646583557, 0.4727272689342499, 0.5927272439002991, 0.5672727227210999, 0.6254545450210571, 0.6472727060317993, 0.6800000071525574, 0.6290909051895142, 0.5672727227210999, 0.6363636255264282, 0.7018181681632996, 0.4545454680919647, 0.6254545450210571, 0.6363636255264282, 0.6399999856948853, 0.6327272653579712, 0.6254545450210571, 0.585454523563385, 0.5563636422157288, 0.585454523563385, 0.589090883731842, 0.5745454430580139, 0.6290909051895142, 0.6181818246841431, 0.5709090828895569, 0.6436363458633423, 0.5490909218788147, 0.610909104347229, 0.578181803226471, 0.6218181848526001, 0.6399999856948853],