{"loss": [0.695580244064331, 0.6941083669662476, 0.6920657753944397, 0.6896498799324036, 0.6884964108467102, 0.687160074710846, 0.6874970197677612, 0.6860167980194092, 0.6839112043380737, 0.6815329790115356, 0.6765136122703552, 0.6738443374633789, 0.6722108721733093, 0.6677337288856506, 0.6645952463150024, 0.6602906584739685, 0.6542420387268066, 0.6562511920928955, 0.6512874960899353, 0.6489644050598145, 0.6464810967445374, 0.6436434388160706, 0.6384568214416504, 0.639927864074707, 0.6396713852882385, 0.633703351020813, 0.6293661594390869, 0.6278207302093506, 0.6265925168991089, 0.6301290392875671, 0.6228553652763367, 0.6206603646278381], "accuracy": [0.47001394629478455, 0.5, 0.5055788159370422, 0.534867525100708, 0.5453277826309204, 0.5550906658172607, 0.5634588599205017, 0.5474197864532471, 0.5585774183273315, 0.5697349905967712, 0.5836820006370544, 0.60808926820755, 0.5892608165740967, 0.5934448838233948, 0.6101813316345215, 0.6143653988838196, 0.624825656414032, 0.6011157631874084, 0.6297070980072021, 0.6199442148208618, 0.615760087966919, 0.6220362782478333, 0.624825656414032, 0.6206415891647339, 0.6290097832679749, 0.6457461714744568, 0.6457461714744568, 0.6443514823913574, 0.6415620446205139, 0.6213389039039612, 0.6345885396003723, 0.6394700407981873], "benchmark_179": [760.0, 717.0, 709.0, 667.0, 652.0, 638.0, 626.0, 649.0, 633.0, 617.0, 597.0, 562.0, 589.0, 583.0, 559.0, 553.0, 538.0, 572.0, 531.0, 545.0, 551.0, 542.0, 538.0, 544.0, 532.0, 508.0, 508.0, 510.0, 514.0, 543.0, 524.0, 517.0], "TP": [428.0, 346.0, 375.0, 343.0, 366.0, 394.0, 400.0, 331.0, 425.0, 396.0, 429.0, 398.0, 403.0, 404.0, 418.0, 432.0, 452.0, 421.0, 451.0, 450.0, 436.0, 451.0, 447.0, 434.0, 445.0, 458.0, 464.0, 460.0, 462.0, 427.0, 464.0, 448.0], "TN": [246.0, 371.0, 350.0, 424.0, 416.0, 402.0, 408.0, 454.0, 376.0, 421.0, 408.0, 474.0, 442.0, 447.0, 457.0, 449.0, 444.0, 441.0, 452.0, 439.0, 447.0, 441.0, 449.0, 456.0, 457.0, 468.0, 462.0, 464.0, 458.0, 464.0, 446.0, 469.0], "FP": [471.0, 346.0, 367.0, 293.0, 301.0, 315.0, 309.0, 263.0, 341.0, 296.0, 309.0, 243.0, 275.0, 270.0, 260.0, 268.0, 273.0, 276.0, 265.0, 278.0, 270.0, 276.0, 268.0, 261.0, 260.0, 249.0, 255.0, 253.0, 259.0, 253.0, 271.0, 248.0], "FN": [289.0, 371.0, 342.0, 374.0, 351.0, 323.0, 317.0, 386.0, 292.0, 321.0, 288.0, 319.0, 314.0, 313.0, 299.0, 285.0, 265.0, 296.0, 266.0, 267.0, 281.0, 266.0, 270.0, 283.0, 272.0, 259.0, 253.0, 257.0, 255.0, 290.0, 253.0, 269.0], "Precision": [0.47608453035354614, 0.5, 0.5053908228874207, 0.5393081903457642, 0.5487256646156311, 0.5557122826576233, 0.5641748905181885, 0.5572390556335449, 0.5548303127288818, 0.5722543597221375, 0.5813007950782776, 0.6209048628807068, 0.5943952798843384, 0.5994065403938293, 0.6165191531181335, 0.6171428561210632, 0.6234482526779175, 0.6040171980857849, 0.6298882961273193, 0.6181318759918213, 0.6175637245178223, 0.6203576326370239, 0.6251748204231262, 0.6244604587554932, 0.631205677986145, 0.6478076577186584, 0.6453407406806946, 0.6451612710952759, 0.6407766938209534, 0.6279411911964417, 0.6312925219535828, 0.6436781883239746], "Recall": [0.5969316363334656, 0.482566237449646, 0.5230125784873962, 0.4783821403980255, 0.5104602575302124, 0.5495118498802185, 0.5578800439834595, 0.4616457521915436, 0.5927475690841675, 0.5523012280464172, 0.5983263850212097, 0.5550906658172607, 0.5620641708374023, 0.5634588599205017, 0.5829846858978271, 0.6025104522705078, 0.6304044723510742, 0.5871687531471252, 0.6290097832679749, 0.6276150345802307, 0.60808926820755, 0.6290097832679749, 0.6234309673309326, 0.6052998900413513, 0.6206415891647339, 0.6387726664543152, 0.6471408605575562, 0.6415620446205139, 0.6443514823913574, 0.5955369472503662, 0.6471408605575562, 0.624825656414032], "AUC": [0.4750422239303589, 0.49487733840942383, 0.5237089395523071, 0.5483972430229187, 0.5625990629196167, 0.5762825012207031, 0.5717521905899048, 0.5711491703987122, 0.5842188596725464, 0.599041223526001, 0.6283348202705383, 0.6407519578933716, 0.6348870992660522, 0.641472578048706, 0.6517519354820251, 0.6586213707923889, 0.6767505407333374, 0.6575262546539307, 0.672530472278595, 0.6734349727630615, 0.676246702671051, 0.6840099692344666, 0.6876164078712463, 0.6838436722755432, 0.6826745867729187, 0.7002367973327637, 0.7008466124534607, 0.7028841376304626, 0.7060324549674988, 0.6945460438728333, 0.7080748081207275, 0.7121548652648926], "val_loss": [0.6981232762336731, 0.6973889470100403, 0.6989056468009949, 0.6954981684684753, 0.6940770745277405, 0.6985535025596619, 0.6827452778816223, 0.6665385365486145, 0.663070797920227, 0.6886100172996521, 0.6549959778785706, 0.6520376801490784, 0.6964627504348755, 0.6626029014587402, 0.7378562092781067, 0.728746771812439, 0.6829330921173096, 0.617618978023529, 0.6563563942909241, 0.7865456938743591, 0.6114572286605835, 0.8688637018203735, 0.7591147422790527, 0.6227121353149414, 0.6938151121139526, 0.615273118019104, 0.5940421223640442, 0.915128767490387, 0.7724560499191284, 0.8882402181625366, 0.743245005607605, 0.6921229958534241], "val_accuracy": [0.3781818151473999, 0.3781818151473999, 0.3781818151473999, 0.4254545569419861, 0.4618181884288788, 0.4509090781211853, 0.610909104347229, 0.6363636255264282, 0.6254545450210571, 0.5054545402526855, 0.6218181848526001, 0.6800000071525574, 0.4909090995788574, 0.6218181848526001, 0.4618181884288788, 0.4727272689342499, 0.5272727012634277, 0.6436363458633423, 0.589090883731842, 0.46909090876579285, 0.6545454263687134, 0.43272727727890015, 0.4872727394104004, 0.6472727060317993, 0.5272727012634277, 0.6545454263687134, 0.6800000071525574, 0.4545454680919647, 0.49454545974731445, 0.4654545485973358, 0.5163636207580566, 0.5563636422157288], "val_benchmark_179": [171.0, 171.0, 171.0, 158.0, 148.0, 151.0, 107.0, 100.0, 103.0, 136.0, 104.0, 88.0, 140.0, 104.0, 148.0, 145.0, 130.0, 98.0, 113.0, 146.0, 95.0, 156.0, 141.0, 97.0, 130.0, 95.0, 88.0, 150.0, 139.0, 147.0, 133.0, 122.0], "val_TP": [0.0, 0.0, 0.0, 17.0, 34.0, 26.0, 113.0, 169.0, 171.0, 47.0, 171.0, 153.0, 40.0, 171.0, 26.0, 32.0, 49.0, 167.0, 75.0, 26.0, 168.0, 16.0, 31.0, 169.0, 49.0, 167.0, 133.0, 23.0, 33.0, 25.0, 40.0, 56.0], "val_TN": [104.0, 104.0, 104.0, 100.0, 93.0, 98.0, 55.0, 6.0, 1.0, 92.0, 0.0, 34.0, 95.0, 0.0, 101.0, 98.0, 96.0, 10.0, 87.0, 103.0, 12.0, 103.0, 103.0, 9.0, 96.0, 13.0, 54.0, 102.0, 103.0, 103.0, 102.0, 97.0], "val_FP": [0.0, 0.0, 0.0, 4.0, 11.0, 6.0, 49.0, 98.0, 103.0, 12.0, 104.0, 70.0, 9.0, 104.0, 3.0, 6.0, 8.0, 94.0, 17.0, 1.0, 92.0, 1.0, 1.0, 95.0, 8.0, 91.0, 50.0, 2.0, 1.0, 1.0, 2.0, 7.0], "val_FN": [171.0, 171.0, 171.0, 154.0, 137.0, 145.0, 58.0, 2.0, 0.0, 124.0, 0.0, 18.0, 131.0, 0.0, 145.0, 139.0, 122.0, 4.0, 96.0, 145.0, 3.0, 155.0, 140.0, 2.0, 122.0, 4.0, 38.0, 148.0, 138.0, 146.0, 131.0, 115.0], "val_Precision": [0.0, 0.0, 0.0, 0.8095238208770752, 0.7555555701255798, 0.8125, 0.6975308656692505, 0.6329588294029236, 0.6240875720977783, 0.7966101765632629, 0.6218181848526001, 0.6860986351966858, 0.8163265585899353, 0.6218181848526001, 0.8965517282485962, 0.8421052694320679, 0.859649121761322, 0.6398467421531677, 0.8152173757553101, 0.9629629850387573, 0.6461538672447205, 0.9411764740943909, 0.96875, 0.6401515007019043, 0.859649121761322, 0.6472868323326111, 0.7267759442329407, 0.9200000166893005, 0.970588207244873, 0.9615384340286255, 0.9523809552192688, 0.8888888955116272], "val_Recall": [0.0, 0.0, 0.0, 0.09941520541906357, 0.19883041083812714, 0.1520467847585678, 0.6608186960220337, 0.988304078578949, 1.0, 0.27485379576683044, 1.0, 0.8947368264198303, 0.23391813039779663, 1.0, 0.1520467847585678, 0.1871345043182373, 0.28654971718788147, 0.9766082167625427, 0.4385964870452881, 0.1520467847585678, 0.9824561476707458, 0.09356725215911865, 0.1812865436077118, 0.988304078578949, 0.28654971718788147, 0.9766082167625427, 0.7777777910232544, 0.13450291752815247, 0.19298245012760162, 0.1461988240480423, 0.23391813039779663, 0.3274853825569153],