{"loss": [0.5853882431983948, 0.0935731828212738, 0.09074825048446655, 0.09883970767259598, 0.09335009753704071, 0.09439633041620255, 0.09194961190223694, 0.09306548535823822, 0.09141823649406433, 0.09046272188425064, 0.08891890943050385, 0.09302968531847, 0.08997737616300583, 0.08823373913764954, 0.0931168869137764, 0.09280318021774292, 0.09069168567657471, 0.0888032391667366, 0.09090251475572586, 0.08897189050912857, 0.08968687057495117], "accuracy": [0.5369595289230347, 0.5048814415931702, 0.5223152041435242, 0.49790793657302856, 0.5153416991233826, 0.5069735050201416, 0.5237098932266235, 0.5146443247795105, 0.526499330997467, 0.5132496356964111, 0.5251045823097229, 0.5125523209571838, 0.5041841268539429, 0.5320780873298645, 0.5097628831863403, 0.5167363882064819, 0.5069735050201416, 0.5334727764129639, 0.5195258259773254, 0.5202231407165527, 0.508368194103241], "benchmark_1730": [664.0, 710.0, 685.0, 720.0, 695.0, 707.0, 683.0, 696.0, 679.0, 698.0, 681.0, 699.0, 711.0, 671.0, 703.0, 693.0, 707.0, 669.0, 689.0, 688.0, 705.0], "TP": [403.0, 352.0, 397.0, 365.0, 364.0, 370.0, 396.0, 384.0, 370.0, 411.0, 404.0, 348.0, 343.0, 351.0, 312.0, 337.0, 356.0, 341.0, 287.0, 339.0, 391.0], "TN": [367.0, 372.0, 352.0, 349.0, 375.0, 357.0, 355.0, 354.0, 385.0, 325.0, 349.0, 387.0, 380.0, 412.0, 419.0, 404.0, 371.0, 424.0, 458.0, 407.0, 338.0], "FP": [350.0, 345.0, 365.0, 368.0, 342.0, 360.0, 362.0, 363.0, 332.0, 392.0, 368.0, 330.0, 337.0, 305.0, 298.0, 313.0, 346.0, 293.0, 259.0, 310.0, 379.0], "FN": [314.0, 365.0, 320.0, 352.0, 353.0, 347.0, 321.0, 333.0, 347.0, 306.0, 313.0, 369.0, 374.0, 366.0, 405.0, 380.0, 361.0, 376.0, 430.0, 378.0, 326.0], "Precision": [0.5351925492286682, 0.5050215125083923, 0.5209974050521851, 0.4979536235332489, 0.5155807137489319, 0.5068492889404297, 0.5224274396896362, 0.5140562057495117, 0.5270655155181885, 0.5118306279182434, 0.5233160853385925, 0.5132743120193481, 0.5044117569923401, 0.5350610017776489, 0.5114753842353821, 0.5184615254402161, 0.5071225166320801, 0.5378549098968506, 0.5256410241127014, 0.5223420858383179, 0.5077922344207764], "Recall": [0.5620641708374023, 0.49093446135520935, 0.5536959767341614, 0.509065568447113, 0.5076708793640137, 0.5160390734672546, 0.5523012280464172, 0.5355648398399353, 0.5160390734672546, 0.573221743106842, 0.5634588599205017, 0.4853556454181671, 0.4783821403980255, 0.4895397424697876, 0.4351464509963989, 0.47001394629478455, 0.4965132474899292, 0.4755927622318268, 0.4002789258956909, 0.47280335426330566, 0.5453277826309204], "AUC": [0.5319691300392151, 0.5132914781570435, 0.540743887424469, 0.5143457651138306, 0.5208193063735962, 0.5280243158340454, 0.5235231518745422, 0.5160137414932251, 0.5303196907043457, 0.532021701335907, 0.5288451910018921, 0.5182517170906067, 0.5080550312995911, 0.5385584831237793, 0.5035723447799683, 0.4924653470516205, 0.5062965750694275, 0.5464248657226562, 0.5225904583930969, 0.5356718301773071, 0.5249684453010559], "val_loss": [0.08887803554534912, 0.09540668874979019, 0.08512580394744873, 0.0842343345284462, 0.08719027787446976, 0.09705433249473572, 0.08347342908382416, 0.08789610117673874, 0.08424355089664459, 0.08760018646717072, 0.09763504564762115, 0.12394697964191437, 0.10107717663049698, 0.08324520289897919, 0.08956827223300934, 0.09374663978815079, 0.12611925601959229, 0.09596863389015198, 0.13802701234817505, 0.08512911945581436, 0.10243995487689972], "val_accuracy": [0.6218181848526001, 0.6218181848526001, 0.6218181848526001, 0.6218181848526001, 0.6218181848526001, 0.3781818151473999, 0.6218181848526001, 0.3781818151473999, 0.6218181848526001, 0.3781818151473999, 0.3781818151473999, 0.3781818151473999, 0.3781818151473999, 0.6218181848526001, 0.3781818151473999, 0.3781818151473999, 0.3781818151473999, 0.3781818151473999, 0.3781818151473999, 0.6218181848526001, 0.3781818151473999], "val_benchmark_1730": [104.0, 104.0, 104.0, 104.0, 104.0, 171.0, 104.0, 171.0, 104.0, 171.0, 171.0, 171.0, 171.0, 104.0, 171.0, 171.0, 171.0, 171.0, 171.0, 104.0, 171.0], "val_TP": [171.0, 171.0, 171.0, 171.0, 171.0, 0.0, 171.0, 0.0, 171.0, 0.0, 0.0, 0.0, 0.0, 171.0, 0.0, 0.0, 0.0, 0.0, 0.0, 171.0, 0.0], "val_TN": [0.0, 0.0, 0.0, 0.0, 0.0, 104.0, 0.0, 104.0, 0.0, 104.0, 104.0, 104.0, 104.0, 0.0, 104.0, 104.0, 104.0, 104.0, 104.0, 0.0, 104.0], "val_FP": [104.0, 104.0, 104.0, 104.0, 104.0, 0.0, 104.0, 0.0, 104.0, 0.0, 0.0, 0.0, 0.0, 104.0, 0.0, 0.0, 0.0, 0.0, 0.0, 104.0, 0.0], "val_FN": [0.0, 0.0, 0.0, 0.0, 0.0, 171.0, 0.0, 171.0, 0.0, 171.0, 171.0, 171.0, 171.0, 0.0, 171.0, 171.0, 171.0, 171.0, 171.0, 0.0, 171.0], "val_Precision": [0.6218181848526001, 0.6218181848526001, 0.6218181848526001, 0.6218181848526001, 0.6218181848526001, 0.0, 0.6218181848526001, 0.0, 0.6218181848526001, 0.0, 0.0, 0.0, 0.0, 0.6218181848526001, 0.0, 0.0, 0.0, 0.0, 0.0, 0.6218181848526001, 0.0], "val_Recall": [1.0, 1.0, 1.0, 1.0, 1.0, 0.0, 1.0, 0.0, 1.0, 0.0, 0.0, 0.0, 0.0, 1.0, 0.0, 0.0, 0.0, 0.0, 0.0, 1.0, 0.0], "val_AUC": [0.4503767192363739, 0.4274909794330597, 0.4429543614387512, 0.4347447156906128, 0.5087719559669495, 0.5532782077789307, 0.5, 0.5249662399291992, 0.5204678177833557, 0.5, 0.48245614767074585, 0.5, 0.5, 0.5497919917106628, 0.5496513843536377, 0.4736842215061188, 0.5657332539558411, 0.5486111044883728, 0.5497075915336609, 0.44596269726753235, 0.47525864839553833]}