{"loss": [0.2531401813030243, 0.08633749186992645, 0.08594737201929092, 0.08618681877851486, 0.08566528558731079, 0.08558864891529083, 0.085577592253685, 0.08563552051782608, 0.08573729544878006, 0.08539891242980957, 0.08610420674085617, 0.08643360435962677, 0.08610207587480545, 0.0867810845375061, 0.08556325733661652, 0.0861235111951828, 0.08573596924543381, 0.08531785011291504, 0.0857708528637886, 0.08498596400022507, 0.08496755361557007], "accuracy": [0.508368194103241, 0.5006973743438721, 0.5034867525100708, 0.543235719203949, 0.543235719203949, 0.5404462814331055, 0.5641562342643738, 0.5474197864532471, 0.5488144755363464, 0.5474197864532471, 0.5529986023902893, 0.5390515923500061, 0.5495118498802185, 0.5369595289230347, 0.5390515923500061, 0.5397489666938782, 0.5362622141838074, 0.5383542776107788, 0.5397489666938782, 0.5613667964935303, 0.5536959767341614], "benchmark_356": [705.0, 716.0, 712.0, 655.0, 655.0, 659.0, 625.0, 649.0, 647.0, 649.0, 641.0, 661.0, 646.0, 664.0, 661.0, 660.0, 665.0, 662.0, 660.0, 629.0, 640.0], "TP": [476.0, 688.0, 648.0, 250.0, 253.0, 254.0, 190.0, 237.0, 239.0, 416.0, 182.0, 203.0, 301.0, 262.0, 229.0, 215.0, 236.0, 281.0, 191.0, 258.0, 193.0], "TN": [253.0, 30.0, 74.0, 529.0, 526.0, 521.0, 619.0, 548.0, 548.0, 369.0, 611.0, 570.0, 487.0, 508.0, 544.0, 559.0, 533.0, 491.0, 583.0, 547.0, 601.0], "FP": [464.0, 687.0, 643.0, 188.0, 191.0, 196.0, 98.0, 169.0, 169.0, 348.0, 106.0, 147.0, 230.0, 209.0, 173.0, 158.0, 184.0, 226.0, 134.0, 170.0, 116.0], "FN": [241.0, 29.0, 69.0, 467.0, 464.0, 463.0, 527.0, 480.0, 478.0, 301.0, 535.0, 514.0, 416.0, 455.0, 488.0, 502.0, 481.0, 436.0, 526.0, 459.0, 524.0], "Precision": [0.5063830018043518, 0.5003636479377747, 0.5019364953041077, 0.5707762837409973, 0.5698198080062866, 0.5644444227218628, 0.6597222089767456, 0.5837438702583313, 0.5857843160629272, 0.5445026159286499, 0.6319444179534912, 0.5799999833106995, 0.5668550133705139, 0.556263267993927, 0.56965172290802, 0.5764074921607971, 0.561904788017273, 0.5542406439781189, 0.5876923203468323, 0.6028037667274475, 0.6245954632759094], "Recall": [0.6638772487640381, 0.9595537185668945, 0.9037656784057617, 0.34867504239082336, 0.35285913944244385, 0.3542538285255432, 0.26499301195144653, 0.3305439352989197, 0.3333333432674408, 0.5801952481269836, 0.25383543968200684, 0.2831241190433502, 0.41980475187301636, 0.3654114305973053, 0.3193863332271576, 0.29986053705215454, 0.3291492462158203, 0.39191073179244995, 0.2663877308368683, 0.35983264446258545, 0.2691771388053894], "AUC": [0.514590859413147, 0.5391225814819336, 0.5546461939811707, 0.5542474389076233, 0.5586532950401306, 0.5604749321937561, 0.5772191286087036, 0.5656948685646057, 0.5508705973625183, 0.5757875442504883, 0.5609573125839233, 0.5436577796936035, 0.5565155148506165, 0.5441733002662659, 0.5480452179908752, 0.5401710867881775, 0.5539478063583374, 0.553970217704773, 0.5482290387153625, 0.5745639801025391, 0.5933272242546082], "val_loss": [0.08369390666484833, 0.08526434749364853, 0.08758118003606796, 0.08572119474411011, 0.08663742244243622, 0.0864630937576294, 0.08664653450250626, 0.0860641747713089, 0.08683721721172333, 0.08680021017789841, 0.08816530555486679, 0.08672422170639038, 0.08639947324991226, 0.08730307966470718, 0.0869215577840805, 0.08672662824392319, 0.08735667169094086, 0.08754012733697891, 0.08738487958908081, 0.08821757882833481, 0.08752457797527313], "val_accuracy": [0.6218181848526001, 0.6218181848526001, 0.3781818151473999, 0.610909104347229, 0.5272727012634277, 0.5490909218788147, 0.5054545402526855, 0.578181803226471, 0.4872727394104004, 0.4872727394104004, 0.3781818151473999, 0.44363635778427124, 0.5490909218788147, 0.4000000059604645, 0.4036363661289215, 0.4654545485973358, 0.4145454466342926, 0.389090895652771, 0.4145454466342926, 0.4000000059604645, 0.4145454466342926], "val_benchmark_356": [104.0, 104.0, 171.0, 107.0, 130.0, 124.0, 136.0, 116.0, 141.0, 141.0, 171.0, 153.0, 124.0, 165.0, 164.0, 147.0, 161.0, 168.0, 161.0, 165.0, 161.0], "val_TP": [171.0, 171.0, 0.0, 168.0, 129.0, 142.0, 121.0, 156.0, 84.0, 88.0, 0.0, 23.0, 137.0, 13.0, 20.0, 44.0, 11.0, 3.0, 11.0, 10.0, 11.0], "val_TN": [0.0, 0.0, 104.0, 0.0, 16.0, 9.0, 18.0, 3.0, 50.0, 46.0, 104.0, 99.0, 14.0, 97.0, 91.0, 84.0, 103.0, 104.0, 103.0, 100.0, 103.0], "val_FP": [104.0, 104.0, 0.0, 104.0, 88.0, 95.0, 86.0, 101.0, 54.0, 58.0, 0.0, 5.0, 90.0, 7.0, 13.0, 20.0, 1.0, 0.0, 1.0, 4.0, 1.0], "val_FN": [0.0, 0.0, 171.0, 3.0, 42.0, 29.0, 50.0, 15.0, 87.0, 83.0, 171.0, 148.0, 34.0, 158.0, 151.0, 127.0, 160.0, 168.0, 160.0, 161.0, 160.0], "val_Precision": [0.6218181848526001, 0.6218181848526001, 0.0, 0.6176470518112183, 0.5944700241088867, 0.5991561412811279, 0.5845410823822021, 0.6070038676261902, 0.6086956262588501, 0.6027397513389587, 0.0, 0.8214285969734192, 0.6035242080688477, 0.6499999761581421, 0.6060606241226196, 0.6875, 0.9166666865348816, 1.0, 0.9166666865348816, 0.7142857313156128, 0.9166666865348816], "val_Recall": [1.0, 1.0, 0.0, 0.9824561476707458, 0.7543859481811523, 0.8304093480110168, 0.707602322101593, 0.9122806787490845, 0.4912280738353729, 0.5146198868751526, 0.0, 0.13450291752815247, 0.8011695742607117, 0.0760233923792839, 0.11695906519889832, 0.2573099434375763, 0.06432748585939407, 0.017543859779834747, 0.06432748585939407, 0.05847953259944916, 0.06432748585939407], "val_AUC": [0.5, 0.476411372423172, 0.5058479309082031, 0.4663461446762085, 0.4819219410419464, 0.43845587968826294, 0.4594298303127289, 0.46091991662979126, 0.4392712712287903, 0.4339575171470642, 0.43485718965530396, 0.5146198868751526, 0.46690845489501953, 0.48976612091064453, 0.5295209288597107, 0.5447031259536743, 0.524347722530365, 0.4743589460849762, 0.5305330753326416, 0.4978913366794586, 0.529071033000946]}