{"loss": [0.07989867776632309, 0.04333025589585304, 0.042702075093984604, 0.04280775412917137, 0.04468444362282753, 0.042629461735486984, 0.04098832979798317, 0.040201280266046524, 0.04039661958813667, 0.0357501283288002, 0.03323829919099808, 0.02797623723745346, 0.019257456064224243, 0.010019947774708271, 0.00547795370221138, 0.004207819700241089, 0.0007500988431274891, 0.02748505398631096, 0.004020591266453266, 0.0006900490843690932, 0.00018036446999758482, 6.831964856246486e-05, 2.5989877030951902e-05, 1.3175122148822993e-05, 0.010636772029101849, 0.00040241627721115947, 0.00436391169205308, 0.00010240248229820281, 5.615853297058493e-05, 2.048260830633808e-05, 0.023313008248806, 0.0009640408679842949, 0.00046157711767591536, 7.219774852273986e-05, 3.115531580988318e-05, 1.5439780327142216e-05], "accuracy": [0.4895397424697876, 0.5404462814331055, 0.5529986023902893, 0.5620641708374023, 0.5425383448600769, 0.560669481754303, 0.5955369472503662, 0.6436541080474854, 0.6471408605575562, 0.7224546670913696, 0.7517433762550354, 0.8256624937057495, 0.892608106136322, 0.9435146450996399, 0.9672245383262634, 0.9839609265327454, 0.9958158731460571, 0.9456067085266113, 0.991631805896759, 1.0, 1.0, 1.0, 1.0, 1.0, 0.9728033542633057, 0.9993026256561279, 0.9804741740226746, 1.0, 1.0, 1.0, 0.9246861934661865, 1.0, 0.9986053109169006, 1.0, 1.0, 1.0], "benchmark_1428": [732.0, 659.0, 641.0, 628.0, 656.0, 630.0, 580.0, 511.0, 506.0, 398.0, 356.0, 250.0, 154.0, 81.0, 47.0, 23.0, 6.0, 78.0, 12.0, 0.0, 0.0, 0.0, 0.0, 0.0, 39.0, 1.0, 28.0, 0.0, 0.0, 0.0, 108.0, 0.0, 2.0, 0.0, 0.0, 0.0], "TP": [378.0, 417.0, 301.0, 333.0, 353.0, 227.0, 381.0, 383.0, 447.0, 505.0, 517.0, 579.0, 617.0, 670.0, 693.0, 701.0, 714.0, 675.0, 710.0, 717.0, 717.0, 717.0, 717.0, 717.0, 694.0, 716.0, 704.0, 717.0, 717.0, 717.0, 660.0, 717.0, 716.0, 717.0, 717.0, 717.0], "TN": [324.0, 358.0, 492.0, 473.0, 425.0, 577.0, 473.0, 540.0, 481.0, 531.0, 561.0, 605.0, 663.0, 683.0, 694.0, 710.0, 714.0, 681.0, 712.0, 717.0, 717.0, 717.0, 717.0, 717.0, 701.0, 717.0, 702.0, 717.0, 717.0, 717.0, 666.0, 717.0, 716.0, 717.0, 717.0, 717.0], "FP": [393.0, 359.0, 225.0, 244.0, 292.0, 140.0, 244.0, 177.0, 236.0, 186.0, 156.0, 112.0, 54.0, 34.0, 23.0, 7.0, 3.0, 36.0, 5.0, 0.0, 0.0, 0.0, 0.0, 0.0, 16.0, 0.0, 15.0, 0.0, 0.0, 0.0, 51.0, 0.0, 1.0, 0.0, 0.0, 0.0], "FN": [339.0, 300.0, 416.0, 384.0, 364.0, 490.0, 336.0, 334.0, 270.0, 212.0, 200.0, 138.0, 100.0, 47.0, 24.0, 16.0, 3.0, 42.0, 7.0, 0.0, 0.0, 0.0, 0.0, 0.0, 23.0, 1.0, 13.0, 0.0, 0.0, 0.0, 57.0, 0.0, 1.0, 0.0, 0.0, 0.0], "Precision": [0.4902723729610443, 0.5373711585998535, 0.572243332862854, 0.5771230459213257, 0.5472868084907532, 0.6185286045074463, 0.6096000075340271, 0.6839285492897034, 0.6544656157493591, 0.730824887752533, 0.7682020664215088, 0.8379160761833191, 0.9195231199264526, 0.9517045617103577, 0.9678770899772644, 0.9901130199432373, 0.9958158731460571, 0.949367105960846, 0.9930070042610168, 1.0, 1.0, 1.0, 1.0, 1.0, 0.9774647951126099, 1.0, 0.9791377186775208, 1.0, 1.0, 1.0, 0.9282700419425964, 1.0, 0.9986053109169006, 1.0, 1.0, 1.0], "Recall": [0.5271966457366943, 0.581589937210083, 0.41980475187301636, 0.4644351601600647, 0.4923291504383087, 0.3165969252586365, 0.5313807725906372, 0.5341701507568359, 0.6234309673309326, 0.7043235898017883, 0.7210599780082703, 0.8075313568115234, 0.8605299592018127, 0.9344490766525269, 0.9665272235870361, 0.9776847958564758, 0.9958158731460571, 0.9414225816726685, 0.9902371168136597, 1.0, 1.0, 1.0, 1.0, 1.0, 0.9679219126701355, 0.9986053109169006, 0.9818689227104187, 1.0, 1.0, 1.0, 0.9205020666122437, 1.0, 0.9986053109169006, 1.0, 1.0, 1.0], "AUC": [0.4847506880760193, 0.5485430955886841, 0.5775419473648071, 0.5973323583602905, 0.5623987317085266, 0.5720070004463196, 0.6480706930160522, 0.7008543014526367, 0.6987078189849854, 0.7928004860877991, 0.8360673189163208, 0.8928326964378357, 0.9566757678985596, 0.9882831573486328, 0.996522068977356, 0.9976871609687805, 0.9999718070030212, 0.9822044372558594, 0.9993357062339783, 1.0, 1.0, 0.9999999403953552, 1.0, 1.0, 0.9921832084655762, 1.0, 0.9979332089424133, 1.0, 1.0, 0.9999999403953552, 0.9691960215568542, 1.0, 0.9999940991401672, 0.9999999403953552, 0.9999999403953552, 1.0], "val_loss": [0.044879164546728134, 0.04639758914709091, 0.045965563505887985, 0.04635209962725639, 0.04666817560791969, 0.044592514634132385, 0.04700247198343277, 0.042039044201374054, 0.04227354750037193, 0.041908904910087585, 0.04184640198945999, 0.04152810573577881, 0.041585031896829605, 0.040236905217170715, 0.09454952925443649, 0.039601802825927734, 0.0665784701704979, 0.04013232886791229, 0.04048532620072365, 0.049530528485774994, 0.06264384090900421, 0.0841447040438652, 0.13361182808876038, 0.07883240282535553, 0.06008730083703995, 0.07919422537088394, 0.31447693705558777, 0.4550734758377075, 0.5590609312057495, 0.6587889790534973, 0.06625419110059738, 0.20705658197402954, 0.31068795919418335, 0.46155470609664917, 0.3810555636882782, 0.7389611601829529], "val_accuracy": [0.3781818151473999, 0.3781818151473999, 0.3781818151473999, 0.3781818151473999, 0.3781818151473999, 0.3781818151473999, 0.3781818151473999, 0.6218181848526001, 0.6218181848526001, 0.6218181848526001, 0.6218181848526001, 0.6218181848526001, 0.6218181848526001, 0.6363636255264282, 0.3781818151473999, 0.6399999856948853, 0.6218181848526001, 0.6363636255264282, 0.6327272653579712, 0.4872727394104004, 0.4545454680919647, 0.41818180680274963, 0.42181816697120667, 0.4872727394104004, 0.4654545485973358, 0.6290909051895142, 0.3781818151473999, 0.3781818151473999, 0.3781818151473999, 0.3781818151473999, 0.46909090876579285, 0.38181817531585693, 0.38181817531585693, 0.38181817531585693, 0.38545453548431396, 0.38181817531585693], "val_benchmark_1428": [171.0, 171.0, 171.0, 171.0, 171.0, 171.0, 171.0, 104.0, 104.0, 104.0, 104.0, 104.0, 104.0, 100.0, 171.0, 99.0, 104.0, 100.0, 101.0, 141.0, 150.0, 160.0, 159.0, 141.0, 147.0, 102.0, 171.0, 171.0, 171.0, 171.0, 146.0, 170.0, 170.0, 170.0, 169.0, 170.0], "val_TP": [0.0, 0.0, 0.0, 0.0, 0.0, 0.0, 0.0, 171.0, 171.0, 171.0, 171.0, 171.0, 171.0, 169.0, 0.0, 169.0, 171.0, 160.0, 168.0, 37.0, 23.0, 12.0, 12.0, 32.0, 27.0, 171.0, 0.0, 0.0, 0.0, 0.0, 29.0, 1.0, 1.0, 1.0, 2.0, 1.0], "val_TN": [104.0, 104.0, 104.0, 104.0, 104.0, 104.0, 104.0, 0.0, 0.0, 0.0, 0.0, 0.0, 0.0, 6.0, 104.0, 7.0, 0.0, 15.0, 6.0, 97.0, 102.0, 103.0, 104.0, 102.0, 101.0, 2.0, 104.0, 104.0, 104.0, 104.0, 100.0, 104.0, 104.0, 104.0, 104.0, 104.0], "val_FP": [0.0, 0.0, 0.0, 0.0, 0.0, 0.0, 0.0, 104.0, 104.0, 104.0, 104.0, 104.0, 104.0, 98.0, 0.0, 97.0, 104.0, 89.0, 98.0, 7.0, 2.0, 1.0, 0.0, 2.0, 3.0, 102.0, 0.0, 0.0, 0.0, 0.0, 4.0, 0.0, 0.0, 0.0, 0.0, 0.0], "val_FN": [171.0, 171.0, 171.0, 171.0, 171.0, 171.0, 171.0, 0.0, 0.0, 0.0, 0.0, 0.0, 0.0, 2.0, 171.0, 2.0, 0.0, 11.0, 3.0, 134.0, 148.0, 159.0, 159.0, 139.0, 144.0, 0.0, 171.0, 171.0, 171.0, 171.0, 142.0, 170.0, 170.0, 170.0, 169.0, 170.0], "val_Precision": [0.0, 0.0, 0.0, 0.0, 0.0, 0.0, 0.0, 0.6218181848526001, 0.6218181848526001, 0.6218181848526001, 0.6218181848526001, 0.6218181848526001, 0.6218181848526001, 0.6329588294029236, 0.0, 0.6353383660316467, 0.6218181848526001, 0.6425702571868896, 0.6315789222717285, 0.8409090638160706, 0.9200000166893005, 0.9230769276618958, 1.0, 0.9411764740943909, 0.8999999761581421, 0.6263736486434937, 0.0, 0.0, 0.0, 0.0, 0.8787878751754761, 1.0, 1.0, 1.0, 1.0, 1.0], "val_Recall": [0.0, 0.0, 0.0, 0.0, 0.0, 0.0, 0.0, 1.0, 1.0, 1.0, 1.0, 1.0, 1.0, 0.988304078578949, 0.0, 0.988304078578949, 1.0, 0.9356725215911865, 0.9824561476707458, 0.2163742631673813, 0.13450291752815247, 0.07017543911933899, 0.07017543911933899, 0.1871345043182373, 0.15789473056793213, 1.0, 0.0, 0.0, 0.0, 0.0, 0.16959063708782196, 0.005847953259944916, 0.005847953259944916, 0.005847953259944916, 0.011695906519889832, 0.005847953259944916],