{"loss": [0.680694043636322, 0.6752663850784302, 0.6630109548568726, 0.6464735865592957, 0.636137843132019, 0.6333478689193726, 0.6303938031196594, 0.6167090535163879, 0.6307912468910217, 0.6200770735740662, 0.618699312210083, 0.6089032888412476, 0.6099080443382263, 0.6110596656799316, 0.6102417707443237, 0.6051653623580933, 0.6025606393814087, 0.6081607937812805, 0.608566164970398, 0.5943545699119568, 0.5986453294754028, 0.5913370847702026, 0.5989128947257996, 0.5857384204864502, 0.5848360061645508, 0.5837366580963135, 0.577731192111969, 0.5948798060417175, 0.5869033932685852, 0.5853074789047241, 0.5686695575714111, 0.5731085538864136, 0.5786880850791931, 0.5603790283203125, 0.5632656812667847, 0.5634634494781494, 0.5629333853721619, 0.5532872080802917, 0.5479967594146729, 0.5484923720359802, 0.5480300188064575, 0.5437658429145813, 0.5462395548820496, 0.5374889373779297, 0.5270091891288757, 0.5336402058601379, 0.5434557795524597, 0.5310301184654236, 0.520939290523529, 0.5278514623641968, 0.5245873928070068, 0.5236368775367737, 0.5247947573661804, 0.5202558040618896], "accuracy": [0.5376569032669067, 0.5767084956169128, 0.5948396325111389, 0.5976290106773376, 0.633891224861145, 0.6387726664543152, 0.6380752921104431, 0.6534169912338257, 0.6290097832679749, 0.6492329239845276, 0.6436541080474854, 0.65969318151474, 0.6548117399215698, 0.6666666865348816, 0.6541143655776978, 0.6555090546607971, 0.6645746231079102, 0.6471408605575562, 0.6548117399215698, 0.6708507537841797, 0.668061375617981, 0.677126944065094, 0.6694560647010803, 0.6610878705978394, 0.6708507537841797, 0.6910738945007324, 0.6764295697212219, 0.6841003894805908, 0.6820083856582642, 0.6694560647010803, 0.6931659579277039, 0.6813110113143921, 0.6868898272514343, 0.6875871419906616, 0.6917712688446045, 0.6882845163345337, 0.7126917839050293, 0.7057182788848877, 0.7105997204780579, 0.7057182788848877, 0.7078103423118591, 0.7050209045410156, 0.7078103423118591, 0.7161785364151001, 0.7189679145812988, 0.7119944095611572, 0.7078103423118591, 0.7210599780082703, 0.7182705998420715, 0.7203626036643982, 0.7266387939453125, 0.7224546670913696, 0.7231520414352417, 0.7231520414352417], "benchmark_1648": [663.0, 607.0, 581.0, 577.0, 525.0, 518.0, 519.0, 497.0, 532.0, 503.0, 511.0, 488.0, 495.0, 478.0, 496.0, 494.0, 481.0, 506.0, 495.0, 472.0, 476.0, 463.0, 474.0, 486.0, 472.0, 443.0, 464.0, 453.0, 456.0, 474.0, 440.0, 457.0, 449.0, 448.0, 442.0, 447.0, 412.0, 422.0, 415.0, 422.0, 419.0, 423.0, 419.0, 407.0, 403.0, 413.0, 419.0, 400.0, 404.0, 401.0, 392.0, 398.0, 397.0, 397.0], "TP": [379.0, 417.0, 387.0, 415.0, 430.0, 441.0, 435.0, 455.0, 440.0, 446.0, 445.0, 465.0, 450.0, 449.0, 432.0, 446.0, 448.0, 425.0, 437.0, 461.0, 455.0, 459.0, 447.0, 447.0, 458.0, 470.0, 458.0, 468.0, 469.0, 452.0, 486.0, 466.0, 482.0, 459.0, 481.0, 474.0, 488.0, 491.0, 481.0, 481.0, 489.0, 486.0, 486.0, 488.0, 507.0, 497.0, 488.0, 505.0, 499.0, 509.0, 511.0, 502.0, 510.0, 500.0], "TN": [392.0, 410.0, 466.0, 442.0, 479.0, 475.0, 480.0, 482.0, 462.0, 485.0, 478.0, 481.0, 489.0, 507.0, 506.0, 494.0, 505.0, 503.0, 502.0, 501.0, 503.0, 512.0, 513.0, 501.0, 504.0, 521.0, 512.0, 513.0, 509.0, 508.0, 508.0, 511.0, 503.0, 527.0, 511.0, 513.0, 534.0, 521.0, 538.0, 531.0, 526.0, 525.0, 529.0, 539.0, 524.0, 524.0, 527.0, 529.0, 531.0, 524.0, 531.0, 534.0, 527.0, 537.0], "FP": [325.0, 307.0, 251.0, 275.0, 238.0, 242.0, 237.0, 235.0, 255.0, 232.0, 239.0, 236.0, 228.0, 210.0, 211.0, 223.0, 212.0, 214.0, 215.0, 216.0, 214.0, 205.0, 204.0, 216.0, 213.0, 196.0, 205.0, 204.0, 208.0, 209.0, 209.0, 206.0, 214.0, 190.0, 206.0, 204.0, 183.0, 196.0, 179.0, 186.0, 191.0, 192.0, 188.0, 178.0, 193.0, 193.0, 190.0, 188.0, 186.0, 193.0, 186.0, 183.0, 190.0, 180.0], "FN": [338.0, 300.0, 330.0, 302.0, 287.0, 276.0, 282.0, 262.0, 277.0, 271.0, 272.0, 252.0, 267.0, 268.0, 285.0, 271.0, 269.0, 292.0, 280.0, 256.0, 262.0, 258.0, 270.0, 270.0, 259.0, 247.0, 259.0, 249.0, 248.0, 265.0, 231.0, 251.0, 235.0, 258.0, 236.0, 243.0, 229.0, 226.0, 236.0, 236.0, 228.0, 231.0, 231.0, 229.0, 210.0, 220.0, 229.0, 212.0, 218.0, 208.0, 206.0, 215.0, 207.0, 217.0], "Precision": [0.5383522510528564, 0.5759668350219727, 0.6065830588340759, 0.6014492511749268, 0.64371258020401, 0.645680844783783, 0.6473214030265808, 0.6594203114509583, 0.633093535900116, 0.6578171253204346, 0.6505848169326782, 0.6633380651473999, 0.6637167930603027, 0.6813353300094604, 0.6718506813049316, 0.6666666865348816, 0.678787887096405, 0.6651017069816589, 0.6702454090118408, 0.6809453368186951, 0.6801195740699768, 0.6912650465965271, 0.6866359710693359, 0.6742081642150879, 0.6825633645057678, 0.7057057023048401, 0.6907994151115417, 0.6964285969734192, 0.6927621960639954, 0.6838123798370361, 0.6992805600166321, 0.6934523582458496, 0.6925287246704102, 0.7072418928146362, 0.7001455426216125, 0.6991150379180908, 0.7272727489471436, 0.7147015929222107, 0.728787899017334, 0.7211394309997559, 0.7191176414489746, 0.7168141603469849, 0.721068263053894, 0.7327327132225037, 0.7242857217788696, 0.7202898263931274, 0.719763994216919, 0.728715717792511, 0.7284671664237976, 0.7250712513923645, 0.7331420183181763, 0.732846736907959, 0.7285714149475098, 0.7352941036224365], "Recall": [0.5285913348197937, 0.581589937210083, 0.5397489666938782, 0.5788005590438843, 0.5997210741043091, 0.6150627732276917, 0.6066945791244507, 0.6345885396003723, 0.6136680841445923, 0.6220362782478333, 0.6206415891647339, 0.6485355496406555, 0.6276150345802307, 0.6262203454971313, 0.6025104522705078, 0.6220362782478333, 0.624825656414032, 0.5927475690841675, 0.6094839572906494, 0.6429567933082581, 0.6345885396003723, 0.6401673555374146, 0.6234309673309326, 0.6234309673309326, 0.6387726664543152, 0.6555090546607971, 0.6387726664543152, 0.6527196764945984, 0.6541143655776978, 0.6304044723510742, 0.6778242588043213, 0.6499302387237549, 0.672245442867279, 0.6401673555374146, 0.6708507537841797, 0.6610878705978394, 0.6806136965751648, 0.6847977638244629, 0.6708507537841797, 0.6708507537841797, 0.6820083856582642, 0.6778242588043213, 0.6778242588043213, 0.6806136965751648, 0.7071129679679871, 0.6931659579277039, 0.6806136965751648, 0.7043235898017883, 0.6959553956985474, 0.7099023461341858, 0.7126917839050293, 0.7001394629478455, 0.7112970948219299, 0.6973500847816467], "AUC": [0.5702164769172668, 0.601311206817627, 0.6273855566978455, 0.6584492921829224, 0.6788756251335144, 0.6895031929016113, 0.6927234530448914, 0.7126848697662354, 0.6929675936698914, 0.7041290402412415, 0.7092487215995789, 0.7194046378135681, 0.7181519269943237, 0.718463122844696, 0.7208450436592102, 0.7213613986968994, 0.73293536901474, 0.7194289565086365, 0.7226772904396057, 0.7368451356887817, 0.7315074801445007, 0.7410982847213745, 0.7341569066047668, 0.7464689612388611, 0.7494626641273499, 0.755442202091217, 0.7574048638343811, 0.7453008890151978, 0.7480903267860413, 0.7491047382354736, 0.7649288773536682, 0.7591409683227539, 0.7571820616722107, 0.773438036441803, 0.7721562385559082, 0.7698715329170227, 0.7793338894844055, 0.7847619652748108, 0.7861207127571106, 0.7820299863815308, 0.7883041501045227, 0.7897358536720276, 0.7911821007728577, 0.7976760864257812, 0.8037732839584351, 0.8004305362701416, 0.7916353344917297, 0.8039377331733704, 0.807644248008728, 0.8034387826919556, 0.8099045753479004, 0.8089436292648315, 0.8100999593734741, 0.8099707365036011],