{"loss": [0.6944456696510315, 0.6937509775161743, 0.6935131549835205, 0.6927483081817627, 0.6921955943107605, 0.6919754147529602, 0.6917004585266113, 0.6914051175117493, 0.690895140171051, 0.6904446482658386, 0.690097451210022, 0.6899027824401855, 0.6896145343780518, 0.6885935068130493, 0.689143180847168, 0.6883499026298523, 0.6880242824554443, 0.6873756647109985, 0.6884812116622925, 0.6878252029418945, 0.6872736215591431], "accuracy": [0.4686192572116852, 0.4888423979282379, 0.5104602575302124, 0.5118549466133118, 0.5055788159370422, 0.5237098932266235, 0.5244072675704956, 0.5230125784873962, 0.525801956653595, 0.5223152041435242, 0.525801956653595, 0.5230125784873962, 0.5237098932266235, 0.5383542776107788, 0.5327754616737366, 0.5355648398399353, 0.5418410301208496, 0.5390515923500061, 0.5425383448600769, 0.5390515923500061, 0.5397489666938782], "benchmark_148": [762.0, 733.0, 702.0, 700.0, 709.0, 683.0, 682.0, 684.0, 680.0, 685.0, 680.0, 684.0, 683.0, 662.0, 670.0, 666.0, 657.0, 661.0, 656.0, 661.0, 660.0], "TP": [583.0, 609.0, 638.0, 647.0, 646.0, 648.0, 635.0, 635.0, 606.0, 582.0, 560.0, 551.0, 525.0, 516.0, 507.0, 498.0, 488.0, 485.0, 483.0, 463.0, 459.0], "TN": [89.0, 92.0, 94.0, 87.0, 79.0, 103.0, 117.0, 115.0, 148.0, 167.0, 194.0, 199.0, 226.0, 256.0, 257.0, 270.0, 289.0, 288.0, 295.0, 310.0, 315.0], "FP": [628.0, 625.0, 623.0, 630.0, 638.0, 614.0, 600.0, 602.0, 569.0, 550.0, 523.0, 518.0, 491.0, 461.0, 460.0, 447.0, 428.0, 429.0, 422.0, 407.0, 402.0], "FN": [134.0, 108.0, 79.0, 70.0, 71.0, 69.0, 82.0, 82.0, 111.0, 135.0, 157.0, 166.0, 192.0, 201.0, 210.0, 219.0, 229.0, 232.0, 234.0, 254.0, 258.0], "Precision": [0.4814203083515167, 0.4935170114040375, 0.5059476494789124, 0.5066562294960022, 0.5031152367591858, 0.5134707093238831, 0.5141700506210327, 0.5133387446403503, 0.515744686126709, 0.5141342878341675, 0.517082154750824, 0.515434980392456, 0.5167322754859924, 0.5281473994255066, 0.5243019461631775, 0.5269841551780701, 0.5327510833740234, 0.5306345820426941, 0.5337016582489014, 0.5321838855743408, 0.5331010222434998], "Recall": [0.8131101727485657, 0.849372386932373, 0.8898186683654785, 0.9023709893226624, 0.900976300239563, 0.9037656784057617, 0.8856346011161804, 0.8856346011161804, 0.8451882600784302, 0.8117154836654663, 0.7810320854187012, 0.7684797644615173, 0.73221755027771, 0.7196652889251709, 0.7071129679679871, 0.6945606470108032, 0.6806136965751648, 0.6764295697212219, 0.6736401915550232, 0.6457461714744568, 0.6401673555374146], "AUC": [0.46154943108558655, 0.4753972589969635, 0.48640120029449463, 0.5239375233650208, 0.5412740111351013, 0.5493455529212952, 0.539986252784729, 0.5578256249427795, 0.5651064515113831, 0.5571476221084595, 0.570378839969635, 0.5715848803520203, 0.5742166638374329, 0.5822182297706604, 0.5702320337295532, 0.5774710178375244, 0.569014310836792, 0.5878612995147705, 0.5723931193351746, 0.573594331741333, 0.5743159651756287], "val_loss": [0.6629922389984131, 0.6644706130027771, 0.668822705745697, 0.6851339340209961, 0.6900758147239685, 0.6896494626998901, 0.6887296438217163, 0.6878252029418945, 0.6871019005775452, 0.6865050196647644, 0.6858054399490356, 0.6851124167442322, 0.6844758987426758, 0.6840040683746338, 0.6831879019737244, 0.6827926635742188, 0.6820817589759827, 0.6815438270568848, 0.6811467409133911, 0.6806239485740662, 0.6801460385322571], "val_accuracy": [0.6218181848526001, 0.6218181848526001, 0.6218181848526001, 0.610909104347229, 0.578181803226471, 0.5600000023841858, 0.5636363625526428, 0.5527272820472717, 0.5636363625526428, 0.5600000023841858, 0.5672727227210999, 0.5709090828895569, 0.5745454430580139, 0.5636363625526428, 0.585454523563385, 0.5600000023841858, 0.5563636422157288, 0.5527272820472717, 0.5490909218788147, 0.5527272820472717, 0.5600000023841858], "val_benchmark_148": [104.0, 104.0, 104.0, 107.0, 116.0, 121.0, 120.0, 123.0, 120.0, 121.0, 119.0, 118.0, 117.0, 120.0, 114.0, 121.0, 122.0, 123.0, 124.0, 123.0, 121.0], "val_TP": [171.0, 171.0, 171.0, 168.0, 144.0, 131.0, 134.0, 129.0, 128.0, 122.0, 123.0, 121.0, 121.0, 114.0, 122.0, 111.0, 109.0, 105.0, 103.0, 102.0, 103.0], "val_TN": [0.0, 0.0, 0.0, 0.0, 15.0, 23.0, 21.0, 23.0, 27.0, 32.0, 33.0, 36.0, 37.0, 41.0, 39.0, 43.0, 44.0, 47.0, 48.0, 50.0, 51.0], "val_FP": [104.0, 104.0, 104.0, 104.0, 89.0, 81.0, 83.0, 81.0, 77.0, 72.0, 71.0, 68.0, 67.0, 63.0, 65.0, 61.0, 60.0, 57.0, 56.0, 54.0, 53.0], "val_FN": [0.0, 0.0, 0.0, 3.0, 27.0, 40.0, 37.0, 42.0, 43.0, 49.0, 48.0, 50.0, 50.0, 57.0, 49.0, 60.0, 62.0, 66.0, 68.0, 69.0, 68.0], "val_Precision": [0.6218181848526001, 0.6218181848526001, 0.6218181848526001, 0.6176470518112183, 0.6180257797241211, 0.6179245114326477, 0.617511510848999, 0.6142857074737549, 0.6243902444839478, 0.6288659572601318, 0.6340206265449524, 0.6402116417884827, 0.6436170339584351, 0.6440678238868713, 0.6524063944816589, 0.645348846912384, 0.6449704170227051, 0.6481481194496155, 0.6477987170219421, 0.6538461446762085, 0.6602563858032227], "val_Recall": [1.0, 1.0, 1.0, 0.9824561476707458, 0.8421052694320679, 0.7660818696022034, 0.7836257219314575, 0.7543859481811523, 0.7485380172729492, 0.7134503126144409, 0.719298243522644, 0.707602322101593, 0.707602322101593, 0.6666666865348816, 0.7134503126144409, 0.6491228342056274, 0.6374269127845764, 0.6140350699424744, 0.6023392081260681, 0.5964912176132202, 0.6023392081260681], "val_AUC": [0.5135234594345093, 0.43033063411712646, 0.4406489133834839, 0.4421108663082123, 0.4732062518596649, 0.4920715093612671, 0.5061853528022766, 0.5046952366828918, 0.5079846382141113, 0.5208615064620972, 0.5183591842651367, 0.524910032749176, 0.530364453792572, 0.5419477820396423, 0.545012354850769, 0.5571581125259399, 0.5559210777282715, 0.5722841024398804, 0.5743365287780762, 0.5769792795181274, 0.5802968740463257]}