{"loss": [0.6924470663070679, 0.6908482313156128, 0.6855572462081909, 0.6801699995994568, 0.6740566492080688, 0.6694662570953369, 0.6607944369316101, 0.6544893980026245, 0.6548891663551331, 0.6493132710456848, 0.6379362344741821, 0.633646547794342, 0.6340242028236389, 0.6303747892379761, 0.6230472326278687, 0.6253452897071838, 0.6173359155654907, 0.6124484539031982, 0.6118196845054626, 0.6147652268409729, 0.6071100831031799, 0.6031418442726135, 0.6068568229675293, 0.6035057902336121, 0.5994405746459961, 0.5973629355430603, 0.5986238718032837, 0.5924348831176758, 0.5972784161567688, 0.5957603454589844, 0.58919358253479, 0.5914520025253296, 0.5885060429573059], "accuracy": [0.517433762550354, 0.5376569032669067, 0.573221743106842, 0.5927475690841675, 0.6011157631874084, 0.6227335929870605, 0.6241283416748047, 0.633193850517273, 0.6311017870903015, 0.6192468404769897, 0.6492329239845276, 0.6380752921104431, 0.6589958071708679, 0.6408647298812866, 0.642259418964386, 0.651324987411499, 0.6610878705978394, 0.6582984924316406, 0.672245442867279, 0.65969318151474, 0.6659693121910095, 0.6799163222312927, 0.6666666865348816, 0.6736401915550232, 0.6799163222312927, 0.6834030747413635, 0.6778242588043213, 0.6827057003974915, 0.6841003894805908, 0.6868898272514343, 0.6903765797615051, 0.677126944065094, 0.6861924529075623], "benchmark_105": [692.0, 663.0, 612.0, 584.0, 572.0, 541.0, 539.0, 526.0, 529.0, 546.0, 503.0, 519.0, 489.0, 515.0, 513.0, 500.0, 486.0, 490.0, 470.0, 488.0, 479.0, 459.0, 478.0, 468.0, 459.0, 454.0, 462.0, 455.0, 453.0, 449.0, 444.0, 463.0, 450.0], "TP": [450.0, 379.0, 402.0, 398.0, 400.0, 425.0, 431.0, 450.0, 435.0, 433.0, 462.0, 450.0, 461.0, 460.0, 457.0, 454.0, 478.0, 471.0, 473.0, 463.0, 481.0, 475.0, 485.0, 483.0, 491.0, 486.0, 471.0, 482.0, 486.0, 486.0, 501.0, 483.0, 495.0], "TN": [292.0, 392.0, 420.0, 452.0, 462.0, 468.0, 464.0, 458.0, 470.0, 455.0, 469.0, 465.0, 484.0, 459.0, 464.0, 480.0, 470.0, 473.0, 491.0, 483.0, 474.0, 500.0, 471.0, 483.0, 484.0, 494.0, 501.0, 497.0, 495.0, 499.0, 489.0, 488.0, 489.0], "FP": [425.0, 325.0, 297.0, 265.0, 255.0, 249.0, 253.0, 259.0, 247.0, 262.0, 248.0, 252.0, 233.0, 258.0, 253.0, 237.0, 247.0, 244.0, 226.0, 234.0, 243.0, 217.0, 246.0, 234.0, 233.0, 223.0, 216.0, 220.0, 222.0, 218.0, 228.0, 229.0, 228.0], "FN": [267.0, 338.0, 315.0, 319.0, 317.0, 292.0, 286.0, 267.0, 282.0, 284.0, 255.0, 267.0, 256.0, 257.0, 260.0, 263.0, 239.0, 246.0, 244.0, 254.0, 236.0, 242.0, 232.0, 234.0, 226.0, 231.0, 246.0, 235.0, 231.0, 231.0, 216.0, 234.0, 222.0], "Precision": [0.5142857432365417, 0.5383522510528564, 0.5751072764396667, 0.6003016829490662, 0.6106870174407959, 0.6305637955665588, 0.6301169395446777, 0.6346967816352844, 0.6378298997879028, 0.6230216026306152, 0.6507042050361633, 0.6410256624221802, 0.6642651557922363, 0.640668511390686, 0.6436619758605957, 0.6570188403129578, 0.6593103408813477, 0.6587412357330322, 0.6766809821128845, 0.6642754673957825, 0.6643646359443665, 0.6864162087440491, 0.6634746789932251, 0.6736401915550232, 0.6781768202781677, 0.6854724884033203, 0.6855894923210144, 0.68660968542099, 0.6864407062530518, 0.6903409361839294, 0.6872428059577942, 0.6783707737922668, 0.6846473217010498], "Recall": [0.6276150345802307, 0.5285913348197937, 0.560669481754303, 0.5550906658172607, 0.5578800439834595, 0.5927475690841675, 0.6011157631874084, 0.6276150345802307, 0.6066945791244507, 0.6039051413536072, 0.6443514823913574, 0.6276150345802307, 0.6429567933082581, 0.6415620446205139, 0.6373779773712158, 0.633193850517273, 0.6666666865348816, 0.6569037437438965, 0.65969318151474, 0.6457461714744568, 0.6708507537841797, 0.6624825596809387, 0.6764295697212219, 0.6736401915550232, 0.6847977638244629, 0.6778242588043213, 0.6569037437438965, 0.672245442867279, 0.6778242588043213, 0.6778242588043213, 0.6987447738647461, 0.6736401915550232, 0.6903765797615051], "AUC": [0.5233792066574097, 0.5504270792007446, 0.5936346054077148, 0.6153525710105896, 0.6406604647636414, 0.6461322903633118, 0.668761670589447, 0.6776424050331116, 0.6662173867225647, 0.673526406288147, 0.6974161863327026, 0.6982205510139465, 0.6978946924209595, 0.7022607326507568, 0.7109079957008362, 0.7056443691253662, 0.7195135354995728, 0.7256593108177185, 0.726076602935791, 0.7203003764152527, 0.7311108112335205, 0.7385403513908386, 0.730475664138794, 0.7362480759620667, 0.7405381202697754, 0.7452308535575867, 0.738681435585022, 0.7481467127799988, 0.7440725564956665, 0.7449924945831299, 0.7540815472602844, 0.7497067451477051, 0.7533870339393616], "val_loss": [0.6894292831420898, 0.6832737326622009, 0.672996997833252, 0.6668793559074402, 0.6749365925788879, 0.6505480408668518, 0.7007439136505127, 0.640862762928009, 0.6317458152770996, 0.6408104300498962, 0.6268795132637024, 0.6128721237182617, 0.6022053956985474, 0.6570645570755005, 0.6479346752166748, 0.612749457359314, 0.6642795205116272, 0.6409987807273865, 0.9591920971870422, 0.5956352949142456, 0.5929509401321411, 0.7053911685943604, 0.591758131980896, 0.7025799751281738, 0.7134206891059875, 0.6241157054901123, 0.6182799339294434, 0.5953306555747986, 0.7122207880020142, 0.7001740336418152, 0.9199341535568237, 0.722048819065094, 0.6526472568511963], "val_accuracy": [0.6218181848526001, 0.6218181848526001, 0.6218181848526001, 0.6218181848526001, 0.581818163394928, 0.6399999856948853, 0.5199999809265137, 0.6254545450210571, 0.6436363458633423, 0.6254545450210571, 0.6472727060317993, 0.6690909266471863, 0.6945454478263855, 0.6000000238418579, 0.607272744178772, 0.6690909266471863, 0.6363636255264282, 0.607272744178772, 0.4618181884288788, 0.6800000071525574, 0.6909090876579285, 0.578181803226471, 0.6690909266471863, 0.5709090828895569, 0.5672727227210999, 0.6363636255264282, 0.6472727060317993, 0.6800000071525574, 0.5563636422157288, 0.581818163394928, 0.5018181800842285, 0.5490909218788147, 0.6254545450210571], "val_benchmark_105": [104.0, 104.0, 104.0, 104.0, 115.0, 99.0, 132.0, 103.0, 98.0, 103.0, 97.0, 91.0, 84.0, 110.0, 108.0, 91.0, 100.0, 108.0, 148.0, 88.0, 85.0, 116.0, 91.0, 118.0, 119.0, 100.0, 97.0, 88.0, 122.0, 115.0, 137.0, 124.0, 103.0], "val_TP": [171.0, 171.0, 171.0, 171.0, 99.0, 155.0, 48.0, 170.0, 167.0, 170.0, 108.0, 117.0, 131.0, 73.0, 92.0, 166.0, 168.0, 81.0, 24.0, 118.0, 127.0, 61.0, 132.0, 61.0, 60.0, 95.0, 99.0, 121.0, 55.0, 64.0, 34.0, 52.0, 86.0], "val_TN": [0.0, 0.0, 0.0, 0.0, 61.0, 21.0, 95.0, 2.0, 10.0, 2.0, 70.0, 67.0, 60.0, 92.0, 75.0, 18.0, 7.0, 86.0, 103.0, 69.0, 63.0, 98.0, 52.0, 96.0, 96.0, 80.0, 79.0, 66.0, 98.0, 96.0, 104.0, 99.0, 86.0], "val_FP": [104.0, 104.0, 104.0, 104.0, 43.0, 83.0, 9.0, 102.0, 94.0, 102.0, 34.0, 37.0, 44.0, 12.0, 29.0, 86.0, 97.0, 18.0, 1.0, 35.0, 41.0, 6.0, 52.0, 8.0, 8.0, 24.0, 25.0, 38.0, 6.0, 8.0, 0.0, 5.0, 18.0], "val_FN": [0.0, 0.0, 0.0, 0.0, 72.0, 16.0, 123.0, 1.0, 4.0, 1.0, 63.0, 54.0, 40.0, 98.0, 79.0, 5.0, 3.0, 90.0, 147.0, 53.0, 44.0, 110.0, 39.0, 110.0, 111.0, 76.0, 72.0, 50.0, 116.0, 107.0, 137.0, 119.0, 85.0], "val_Precision": [0.6218181848526001, 0.6218181848526001, 0.6218181848526001, 0.6218181848526001, 0.6971830725669861, 0.651260495185852, 0.8421052694320679, 0.625, 0.6398467421531677, 0.625, 0.7605633735656738, 0.7597402334213257, 0.7485714554786682, 0.8588235378265381, 0.7603305578231812, 0.658730149269104, 0.6339622735977173, 0.8181818127632141, 0.9599999785423279, 0.7712418437004089, 0.7559523582458496, 0.9104477763175964, 0.717391312122345, 0.8840579986572266, 0.8823529481887817, 0.7983193397521973, 0.7983871102333069, 0.7610062956809998, 0.9016393423080444, 0.8888888955116272, 1.0, 0.9122806787490845, 0.8269230723381042],