{"loss": [0.043065331876277924, 0.04265562444925308, 0.042411476373672485, 0.042236123234033585, 0.04200629144906998, 0.041867952793836594, 0.041637491434812546, 0.04159754887223244, 0.041358061134815216, 0.041200120002031326, 0.041116636246442795, 0.04091988503932953, 0.04073471575975418, 0.04061141237616539, 0.040371477603912354, 0.040243830531835556, 0.040065135806798935, 0.03986506164073944, 0.0398581326007843, 0.039597269147634506, 0.039438385516405106], "accuracy": [0.517433762550354, 0.5460250973701477, 0.5536959767341614, 0.5516039133071899, 0.5627614855766296, 0.5934448838233948, 0.5969316363334656, 0.6018131375312805, 0.5969316363334656, 0.6011157631874084, 0.607391893863678, 0.6143653988838196, 0.6108786463737488, 0.6241283416748047, 0.6401673555374146, 0.6345885396003723, 0.6415620446205139, 0.6555090546607971, 0.6499302387237549, 0.6589958071708679, 0.6645746231079102], "benchmark_1": [692.0, 651.0, 640.0, 643.0, 627.0, 583.0, 578.0, 571.0, 578.0, 572.0, 563.0, 553.0, 558.0, 539.0, 516.0, 524.0, 514.0, 494.0, 502.0, 489.0, 481.0], "TP": [341.0, 335.0, 327.0, 308.0, 303.0, 323.0, 312.0, 332.0, 298.0, 315.0, 333.0, 306.0, 319.0, 350.0, 366.0, 379.0, 391.0, 429.0, 398.0, 401.0, 436.0], "TN": [401.0, 448.0, 467.0, 483.0, 504.0, 528.0, 544.0, 531.0, 558.0, 547.0, 538.0, 575.0, 557.0, 545.0, 552.0, 531.0, 529.0, 511.0, 534.0, 544.0, 517.0], "FP": [316.0, 269.0, 250.0, 234.0, 213.0, 189.0, 173.0, 186.0, 159.0, 170.0, 179.0, 142.0, 160.0, 172.0, 165.0, 186.0, 188.0, 206.0, 183.0, 173.0, 200.0], "FN": [376.0, 382.0, 390.0, 409.0, 414.0, 394.0, 405.0, 385.0, 419.0, 402.0, 384.0, 411.0, 398.0, 367.0, 351.0, 338.0, 326.0, 288.0, 319.0, 316.0, 281.0], "Precision": [0.5190258622169495, 0.554635763168335, 0.566724419593811, 0.5682656764984131, 0.5872092843055725, 0.630859375, 0.6432989835739136, 0.6409266591072083, 0.6520787477493286, 0.6494845151901245, 0.650390625, 0.6830357313156128, 0.6659707427024841, 0.6704980731010437, 0.6892655491828918, 0.6707964539527893, 0.675302267074585, 0.6755905747413635, 0.6850258111953735, 0.6986062526702881, 0.6855345964431763], "Recall": [0.4755927622318268, 0.4672245383262634, 0.45606693625450134, 0.4295676350593567, 0.4225941300392151, 0.4504881501197815, 0.4351464509963989, 0.46304044127464294, 0.4156206548213959, 0.4393305480480194, 0.4644351601600647, 0.42677825689315796, 0.44490933418273926, 0.48814505338668823, 0.5104602575302124, 0.5285913348197937, 0.5453277826309204, 0.5983263850212097, 0.5550906658172607, 0.5592747330665588, 0.60808926820755], "AUC": [0.5330730676651001, 0.5639577507972717, 0.5865316390991211, 0.5942813754081726, 0.6142078042030334, 0.6278864145278931, 0.6428799033164978, 0.6529967784881592, 0.6557765603065491, 0.6645444631576538, 0.6708381175994873, 0.6773399710655212, 0.6779506802558899, 0.6858510375022888, 0.69707190990448, 0.6979180574417114, 0.699040412902832, 0.7069359421730042, 0.70252525806427, 0.7140621542930603, 0.7154451608657837], "val_loss": [0.04326804354786873, 0.04338066652417183, 0.043512795120477676, 0.043589115142822266, 0.04360782355070114, 0.043600764125585556, 0.04363306611776352, 0.043729618191719055, 0.043762512505054474, 0.043804749846458435, 0.0439528152346611, 0.044160790741443634, 0.04414227604866028, 0.04448416829109192, 0.044758185744285583, 0.04460733011364937, 0.04500090330839157, 0.0449364148080349, 0.04467371851205826, 0.04450308904051781, 0.04402875155210495], "val_accuracy": [0.6218181848526001, 0.3781818151473999, 0.3781818151473999, 0.3781818151473999, 0.3781818151473999, 0.3781818151473999, 0.3781818151473999, 0.3781818151473999, 0.389090895652771, 0.4036363661289215, 0.4036363661289215, 0.40727272629737854, 0.41090908646583557, 0.39636364579200745, 0.40727272629737854, 0.41090908646583557, 0.41090908646583557, 0.4145454466342926, 0.42181816697120667, 0.4254545569419861, 0.44363635778427124], "val_benchmark_1": [104.0, 171.0, 171.0, 171.0, 171.0, 171.0, 171.0, 171.0, 168.0, 164.0, 164.0, 163.0, 162.0, 166.0, 163.0, 162.0, 162.0, 161.0, 159.0, 158.0, 153.0], "val_TP": [171.0, 0.0, 0.0, 0.0, 0.0, 0.0, 0.0, 0.0, 3.0, 7.0, 7.0, 8.0, 9.0, 5.0, 8.0, 9.0, 9.0, 10.0, 15.0, 19.0, 26.0], "val_TN": [0.0, 104.0, 104.0, 104.0, 104.0, 104.0, 104.0, 104.0, 104.0, 104.0, 104.0, 104.0, 104.0, 104.0, 104.0, 104.0, 104.0, 104.0, 101.0, 98.0, 96.0], "val_FP": [104.0, 0.0, 0.0, 0.0, 0.0, 0.0, 0.0, 0.0, 0.0, 0.0, 0.0, 0.0, 0.0, 0.0, 0.0, 0.0, 0.0, 0.0, 3.0, 6.0, 8.0], "val_FN": [0.0, 171.0, 171.0, 171.0, 171.0, 171.0, 171.0, 171.0, 168.0, 164.0, 164.0, 163.0, 162.0, 166.0, 163.0, 162.0, 162.0, 161.0, 156.0, 152.0, 145.0], "val_Precision": [0.6218181848526001, 0.0, 0.0, 0.0, 0.0, 0.0, 0.0, 0.0, 1.0, 1.0, 1.0, 1.0, 1.0, 1.0, 1.0, 1.0, 1.0, 1.0, 0.8333333134651184, 0.7599999904632568, 0.7647058963775635], "val_Recall": [1.0, 0.0, 0.0, 0.0, 0.0, 0.0, 0.0, 0.0, 0.017543859779834747, 0.04093567281961441, 0.04093567281961441, 0.046783626079559326, 0.05263157933950424, 0.02923976629972458, 0.046783626079559326, 0.05263157933950424, 0.05263157933950424, 0.05847953259944916, 0.08771929889917374, 0.1111111119389534, 0.1520467847585678], "val_AUC": [0.5, 0.5, 0.5, 0.5357062220573425, 0.5669422745704651, 0.5746738910675049, 0.5713562965393066, 0.5404858589172363, 0.525865912437439, 0.5559772849082947, 0.5499887466430664, 0.5719466805458069, 0.5877755284309387, 0.578385055065155, 0.598009467124939, 0.6036043763160706, 0.6030139923095703, 0.607568621635437, 0.6188709139823914, 0.6227507591247559, 0.6336313486099243]}