{"loss": [0.17180873453617096, 0.17099995911121368, 0.16972565650939941, 0.1665002852678299, 0.16566701233386993, 0.16471444070339203, 0.16199062764644623, 0.16059739887714386, 0.16050733625888824, 0.15785455703735352, 0.15641413629055023, 0.1570235788822174, 0.1546487957239151, 0.15507304668426514, 0.15392886102199554, 0.1517125517129898, 0.15177755057811737, 0.15216587483882904, 0.15020892024040222, 0.14949586987495422, 0.14972981810569763, 0.14875780045986176, 0.147300586104393, 0.14668184518814087, 0.1475542038679123, 0.14592871069908142, 0.14668145775794983, 0.14511899650096893, 0.14575226604938507, 0.143430694937706, 0.14302556216716766, 0.1445162445306778, 0.14294840395450592, 0.14138105511665344, 0.14169931411743164, 0.14314106106758118, 0.14184273779392242, 0.1416732221841812, 0.1406537890434265, 0.1408839076757431, 0.13843125104904175, 0.14004211127758026, 0.13837265968322754, 0.1380208283662796, 0.13800571858882904, 0.13696996867656708, 0.13825194537639618, 0.13639789819717407, 0.13615888357162476, 0.13594816625118256, 0.13571493327617645, 0.13416288793087006, 0.1340312510728836, 0.13297082483768463, 0.1323876976966858, 0.13127298653125763, 0.13136665523052216, 0.13090969622135162, 0.1313783824443817, 0.13102948665618896, 0.13098926842212677, 0.1295093297958374, 0.12871946394443512, 0.12844298779964447], "accuracy": [0.5446304082870483, 0.5460250973701477, 0.5753138065338135, 0.5913528800010681, 0.5941422581672668, 0.6046025156974792, 0.6213389039039612, 0.6199442148208618, 0.6276150345802307, 0.6436541080474854, 0.6345885396003723, 0.6359832882881165, 0.6645746231079102, 0.6485355496406555, 0.6645746231079102, 0.6820083856582642, 0.6715481281280518, 0.6715481281280518, 0.6673640012741089, 0.685495138168335, 0.677126944065094, 0.6847977638244629, 0.6896792054176331, 0.6757321953773499, 0.6799163222312927, 0.6875871419906616, 0.6847977638244629, 0.6994421482086182, 0.6994421482086182, 0.698047399520874, 0.7071129679679871, 0.6938633322715759, 0.7008368372917175, 0.7085076570510864, 0.7001394629478455, 0.7029288411140442, 0.7050209045410156, 0.7071129679679871, 0.7092050313949585, 0.7085076570510864, 0.7161785364151001, 0.7161785364151001, 0.7140864729881287, 0.7280334830284119, 0.7196652889251709, 0.7273361086845398, 0.7203626036643982, 0.7182705998420715, 0.7377963662147522, 0.7315202355384827, 0.7364016771316528, 0.732914924621582, 0.7364016771316528, 0.7461645603179932, 0.7419804930686951, 0.7482566237449646, 0.7482566237449646, 0.7468619346618652, 0.7440724968910217, 0.7343096137046814, 0.7440724968910217, 0.7580195069313049, 0.7531380653381348, 0.7594142556190491], "benchmark_1501": [653.0, 651.0, 609.0, 586.0, 582.0, 567.0, 543.0, 545.0, 534.0, 511.0, 524.0, 522.0, 481.0, 504.0, 481.0, 456.0, 471.0, 471.0, 477.0, 451.0, 463.0, 452.0, 445.0, 465.0, 459.0, 448.0, 452.0, 431.0, 431.0, 433.0, 420.0, 439.0, 429.0, 418.0, 430.0, 426.0, 423.0, 420.0, 417.0, 418.0, 407.0, 407.0, 410.0, 390.0, 402.0, 391.0, 401.0, 404.0, 376.0, 385.0, 378.0, 383.0, 378.0, 364.0, 370.0, 361.0, 361.0, 363.0, 367.0, 381.0, 367.0, 347.0, 354.0, 345.0], "TP": [409.0, 376.0, 370.0, 377.0, 389.0, 394.0, 424.0, 405.0, 413.0, 444.0, 439.0, 452.0, 466.0, 457.0, 470.0, 475.0, 478.0, 474.0, 469.0, 492.0, 469.0, 486.0, 487.0, 470.0, 472.0, 502.0, 482.0, 494.0, 493.0, 493.0, 499.0, 493.0, 500.0, 505.0, 504.0, 499.0, 502.0, 501.0, 503.0, 505.0, 506.0, 507.0, 509.0, 510.0, 511.0, 519.0, 511.0, 505.0, 525.0, 525.0, 515.0, 527.0, 522.0, 526.0, 526.0, 537.0, 534.0, 532.0, 527.0, 517.0, 533.0, 533.0, 538.0, 545.0], "TN": [372.0, 407.0, 455.0, 471.0, 463.0, 473.0, 467.0, 484.0, 487.0, 479.0, 471.0, 460.0, 487.0, 473.0, 483.0, 503.0, 485.0, 489.0, 488.0, 491.0, 502.0, 496.0, 502.0, 499.0, 503.0, 484.0, 500.0, 509.0, 510.0, 508.0, 515.0, 502.0, 505.0, 511.0, 500.0, 509.0, 509.0, 513.0, 514.0, 511.0, 521.0, 520.0, 515.0, 534.0, 521.0, 524.0, 522.0, 525.0, 533.0, 524.0, 541.0, 524.0, 534.0, 544.0, 538.0, 536.0, 539.0, 539.0, 540.0, 536.0, 534.0, 554.0, 542.0, 544.0], "FP": [345.0, 310.0, 262.0, 246.0, 254.0, 244.0, 250.0, 233.0, 230.0, 238.0, 246.0, 257.0, 230.0, 244.0, 234.0, 214.0, 232.0, 228.0, 229.0, 226.0, 215.0, 221.0, 215.0, 218.0, 214.0, 233.0, 217.0, 208.0, 207.0, 209.0, 202.0, 215.0, 212.0, 206.0, 217.0, 208.0, 208.0, 204.0, 203.0, 206.0, 196.0, 197.0, 202.0, 183.0, 196.0, 193.0, 195.0, 192.0, 184.0, 193.0, 176.0, 193.0, 183.0, 173.0, 179.0, 181.0, 178.0, 178.0, 177.0, 181.0, 183.0, 163.0, 175.0, 173.0], "FN": [308.0, 341.0, 347.0, 340.0, 328.0, 323.0, 293.0, 312.0, 304.0, 273.0, 278.0, 265.0, 251.0, 260.0, 247.0, 242.0, 239.0, 243.0, 248.0, 225.0, 248.0, 231.0, 230.0, 247.0, 245.0, 215.0, 235.0, 223.0, 224.0, 224.0, 218.0, 224.0, 217.0, 212.0, 213.0, 218.0, 215.0, 216.0, 214.0, 212.0, 211.0, 210.0, 208.0, 207.0, 206.0, 198.0, 206.0, 212.0, 192.0, 192.0, 202.0, 190.0, 195.0, 191.0, 191.0, 180.0, 183.0, 185.0, 190.0, 200.0, 184.0, 184.0, 179.0, 172.0], "Precision": [0.5424402952194214, 0.5481049418449402, 0.5854430198669434, 0.6051364541053772, 0.6049766540527344, 0.6175548434257507, 0.6290801167488098, 0.6347962617874146, 0.6423017382621765, 0.6510263681411743, 0.6408759355545044, 0.6375176310539246, 0.6695402264595032, 0.651925802230835, 0.6676136255264282, 0.6894049644470215, 0.6732394099235535, 0.6752136945724487, 0.6719197630882263, 0.6852367520332336, 0.6856725215911865, 0.6874116063117981, 0.6937322020530701, 0.6831395626068115, 0.6880466341972351, 0.6829931735992432, 0.6895565390586853, 0.7037037014961243, 0.704285740852356, 0.7022792100906372, 0.7118402123451233, 0.6963276863098145, 0.7022472023963928, 0.7102672457695007, 0.6990291476249695, 0.7057991623878479, 0.7070422768592834, 0.7106382846832275, 0.7124645709991455, 0.7102672457695007, 0.7207977175712585, 0.7201704382896423, 0.7158930897712708, 0.7359307408332825, 0.7227723002433777, 0.7289325594902039, 0.723796010017395, 0.72453373670578, 0.7404795289039612, 0.7311977744102478, 0.7452966570854187, 0.7319444417953491, 0.7404255270957947, 0.7525035738945007, 0.7460992932319641, 0.7479108572006226, 0.75, 0.7492957711219788, 0.7485795617103577, 0.7406876683235168, 0.744413435459137, 0.7658045887947083, 0.7545582056045532, 0.7590529322624207], "Recall": [0.5704323649406433, 0.5244072675704956, 0.5160390734672546, 0.525801956653595, 0.5425383448600769, 0.5495118498802185, 0.5913528800010681, 0.5648535490036011, 0.5760111808776855, 0.6192468404769897, 0.6122733354568481, 0.6304044723510742, 0.6499302387237549, 0.6373779773712158, 0.6555090546607971, 0.6624825596809387, 0.6666666865348816, 0.6610878705978394, 0.6541143655776978, 0.6861924529075623, 0.6541143655776978, 0.6778242588043213, 0.6792189478874207, 0.6555090546607971, 0.6582984924316406, 0.7001394629478455, 0.672245442867279, 0.6889818906784058, 0.6875871419906616, 0.6875871419906616, 0.6959553956985474, 0.6875871419906616, 0.6973500847816467, 0.7043235898017883, 0.7029288411140442, 0.6959553956985474, 0.7001394629478455, 0.6987447738647461, 0.7015341520309448, 0.7043235898017883, 0.7057182788848877, 0.7071129679679871, 0.7099023461341858, 0.7112970948219299, 0.7126917839050293, 0.723849356174469, 0.7126917839050293, 0.7043235898017883, 0.73221755027771, 0.73221755027771, 0.7182705998420715, 0.7350069880485535, 0.7280334830284119, 0.7336122989654541, 0.7336122989654541, 0.7489539980888367, 0.7447698712348938, 0.7419804930686951, 0.7350069880485535, 0.7210599780082703, 0.7433751821517944, 0.7433751821517944, 0.750348687171936, 0.7601115703582764],