{"loss": [0.6926830410957336, 0.6917709708213806, 0.6908960938453674, 0.6903373599052429, 0.6884051561355591, 0.6863066554069519, 0.6821209192276001, 0.6809920072555542, 0.6764406561851501, 0.6689305901527405, 0.659839928150177, 0.6530030369758606, 0.6455197930335999, 0.6379663348197937, 0.6320777535438538, 0.6305844783782959, 0.6303181648254395, 0.6247122287750244, 0.6233624219894409, 0.616300106048584, 0.6110836863517761, 0.6147031188011169, 0.6146038770675659, 0.6050430536270142, 0.607485294342041, 0.603939950466156, 0.604738175868988, 0.5990808010101318, 0.5962069630622864, 0.5945550799369812, 0.60422682762146, 0.594887375831604, 0.5945607423782349, 0.598635733127594, 0.5877194404602051, 0.5897179841995239, 0.5890932679176331, 0.5850785374641418, 0.5842241048812866, 0.5816023349761963, 0.5796024799346924, 0.5823304653167725, 0.5816061496734619, 0.5798708200454712, 0.5744186043739319, 0.5750638246536255, 0.5777432918548584, 0.56840580701828, 0.5628058910369873, 0.5677838325500488, 0.5657722353935242, 0.5618965029716492, 0.5601050853729248, 0.5634244680404663, 0.5637679100036621, 0.5666006207466125, 0.5529189705848694, 0.5535896420478821, 0.5526502132415771, 0.550783634185791, 0.540523886680603, 0.5413321256637573, 0.5478990077972412, 0.5474401712417603, 0.5487134456634521], "accuracy": [0.5118549466133118, 0.5278940200805664, 0.5362622141838074, 0.5299860239028931, 0.5425383448600769, 0.5509065389633179, 0.5585774183273315, 0.5550906658172607, 0.5760111808776855, 0.6059972047805786, 0.6345885396003723, 0.6352859139442444, 0.6324965357780457, 0.6492329239845276, 0.6478382349014282, 0.6541143655776978, 0.650627613067627, 0.6589958071708679, 0.6562064290046692, 0.6576011180877686, 0.6806136965751648, 0.6673640012741089, 0.6534169912338257, 0.6715481281280518, 0.6576011180877686, 0.6764295697212219, 0.6694560647010803, 0.6806136965751648, 0.6820083856582642, 0.6743375062942505, 0.672245442867279, 0.6868898272514343, 0.6861924529075623, 0.6673640012741089, 0.6827057003974915, 0.6806136965751648, 0.6875871419906616, 0.6868898272514343, 0.6813110113143921, 0.6938633322715759, 0.6875871419906616, 0.6896792054176331, 0.6924686431884766, 0.6875871419906616, 0.6910738945007324, 0.6861924529075623, 0.6792189478874207, 0.6945606470108032, 0.7078103423118591, 0.7029288411140442, 0.7203626036643982, 0.7140864729881287, 0.706415593624115, 0.7147838473320007, 0.7008368372917175, 0.7119944095611572, 0.715481162071228, 0.7189679145812988, 0.7231520414352417, 0.723849356174469, 0.732914924621582, 0.7370990514755249, 0.715481162071228, 0.7259414196014404, 0.7245467305183411], "benchmark_161": [700.0, 677.0, 665.0, 674.0, 656.0, 644.0, 633.0, 638.0, 608.0, 565.0, 524.0, 523.0, 527.0, 503.0, 505.0, 496.0, 501.0, 489.0, 493.0, 491.0, 458.0, 477.0, 497.0, 471.0, 491.0, 464.0, 474.0, 458.0, 456.0, 467.0, 470.0, 449.0, 450.0, 477.0, 455.0, 458.0, 448.0, 449.0, 457.0, 439.0, 448.0, 445.0, 441.0, 448.0, 443.0, 450.0, 460.0, 438.0, 419.0, 426.0, 401.0, 410.0, 421.0, 409.0, 429.0, 413.0, 408.0, 403.0, 397.0, 396.0, 383.0, 377.0, 408.0, 393.0, 395.0], "TP": [322.0, 386.0, 362.0, 357.0, 355.0, 349.0, 356.0, 340.0, 374.0, 415.0, 440.0, 455.0, 449.0, 464.0, 472.0, 479.0, 474.0, 477.0, 472.0, 473.0, 485.0, 481.0, 473.0, 487.0, 471.0, 496.0, 473.0, 496.0, 488.0, 492.0, 480.0, 494.0, 495.0, 477.0, 494.0, 489.0, 492.0, 490.0, 492.0, 493.0, 493.0, 492.0, 489.0, 493.0, 499.0, 496.0, 491.0, 493.0, 507.0, 495.0, 515.0, 512.0, 496.0, 512.0, 503.0, 517.0, 515.0, 523.0, 515.0, 516.0, 526.0, 529.0, 515.0, 513.0, 521.0], "TN": [412.0, 371.0, 407.0, 403.0, 423.0, 441.0, 445.0, 456.0, 452.0, 454.0, 470.0, 456.0, 458.0, 467.0, 457.0, 459.0, 459.0, 468.0, 469.0, 470.0, 491.0, 476.0, 464.0, 476.0, 472.0, 474.0, 487.0, 480.0, 490.0, 475.0, 484.0, 491.0, 489.0, 480.0, 485.0, 487.0, 494.0, 495.0, 485.0, 502.0, 493.0, 497.0, 504.0, 493.0, 492.0, 488.0, 483.0, 503.0, 508.0, 513.0, 518.0, 512.0, 517.0, 513.0, 502.0, 504.0, 511.0, 508.0, 522.0, 522.0, 525.0, 528.0, 511.0, 528.0, 518.0], "FP": [305.0, 346.0, 310.0, 314.0, 294.0, 276.0, 272.0, 261.0, 265.0, 263.0, 247.0, 261.0, 259.0, 250.0, 260.0, 258.0, 258.0, 249.0, 248.0, 247.0, 226.0, 241.0, 253.0, 241.0, 245.0, 243.0, 230.0, 237.0, 227.0, 242.0, 233.0, 226.0, 228.0, 237.0, 232.0, 230.0, 223.0, 222.0, 232.0, 215.0, 224.0, 220.0, 213.0, 224.0, 225.0, 229.0, 234.0, 214.0, 209.0, 204.0, 199.0, 205.0, 200.0, 204.0, 215.0, 213.0, 206.0, 209.0, 195.0, 195.0, 192.0, 189.0, 206.0, 189.0, 199.0], "FN": [395.0, 331.0, 355.0, 360.0, 362.0, 368.0, 361.0, 377.0, 343.0, 302.0, 277.0, 262.0, 268.0, 253.0, 245.0, 238.0, 243.0, 240.0, 245.0, 244.0, 232.0, 236.0, 244.0, 230.0, 246.0, 221.0, 244.0, 221.0, 229.0, 225.0, 237.0, 223.0, 222.0, 240.0, 223.0, 228.0, 225.0, 227.0, 225.0, 224.0, 224.0, 225.0, 228.0, 224.0, 218.0, 221.0, 226.0, 224.0, 210.0, 222.0, 202.0, 205.0, 221.0, 205.0, 214.0, 200.0, 202.0, 194.0, 202.0, 201.0, 191.0, 188.0, 202.0, 204.0, 196.0], "Precision": [0.5135565996170044, 0.5273224115371704, 0.538690447807312, 0.5320417284965515, 0.5469954013824463, 0.5583999752998352, 0.5668789744377136, 0.5657237768173218, 0.5852895379066467, 0.6120944023132324, 0.6404657959938049, 0.6354748606681824, 0.6341807842254639, 0.6498599648475647, 0.6448087692260742, 0.6499321460723877, 0.6475409865379333, 0.6570248007774353, 0.6555555462837219, 0.6569444537162781, 0.6821378469467163, 0.6662049889564514, 0.6515151262283325, 0.6689560413360596, 0.6578212380409241, 0.6711772680282593, 0.6728307008743286, 0.6766712069511414, 0.6825174689292908, 0.6702997088432312, 0.6732117533683777, 0.6861110925674438, 0.6846473217010498, 0.668067216873169, 0.6804407835006714, 0.680111289024353, 0.6881119012832642, 0.6882022619247437, 0.6795580387115479, 0.6963276863098145, 0.6875871419906616, 0.6910112500190735, 0.6965811848640442, 0.6875871419906616, 0.689226508140564, 0.6841379404067993, 0.6772413849830627, 0.697312593460083, 0.7081005573272705, 0.7081544995307922, 0.7212885022163391, 0.7140864729881287, 0.7126436829566956, 0.7150837779045105, 0.7005571126937866, 0.7082191705703735, 0.7142857313156128, 0.7144808769226074, 0.7253521084785461, 0.7257384061813354, 0.7325905561447144, 0.7367687821388245, 0.7142857313156128, 0.7307692170143127, 0.7236111164093018], "Recall": [0.44909343123435974, 0.5383542776107788, 0.5048814415931702, 0.49790793657302856, 0.49511855840682983, 0.4867503345012665, 0.4965132474899292, 0.47419804334640503, 0.5216178297996521, 0.5788005590438843, 0.6136680841445923, 0.6345885396003723, 0.6262203454971313, 0.6471408605575562, 0.6582984924316406, 0.668061375617981, 0.6610878705978394, 0.6652719378471375, 0.6582984924316406, 0.65969318151474, 0.6764295697212219, 0.6708507537841797, 0.65969318151474, 0.6792189478874207, 0.6569037437438965, 0.6917712688446045, 0.65969318151474, 0.6917712688446045, 0.6806136965751648, 0.6861924529075623, 0.6694560647010803, 0.6889818906784058, 0.6903765797615051, 0.6652719378471375, 0.6889818906784058, 0.6820083856582642, 0.6861924529075623, 0.6834030747413635, 0.6861924529075623, 0.6875871419906616, 0.6875871419906616, 0.6861924529075623, 0.6820083856582642, 0.6875871419906616, 0.6959553956985474, 0.6917712688446045, 0.6847977638244629, 0.6875871419906616, 0.7071129679679871, 0.6903765797615051, 0.7182705998420715, 0.7140864729881287, 0.6917712688446045, 0.7140864729881287, 0.7015341520309448, 0.7210599780082703, 0.7182705998420715, 0.7294281721115112, 0.7182705998420715, 0.7196652889251709, 0.7336122989654541, 0.7377963662147522, 0.7182705998420715, 0.715481162071228, 0.7266387939453125],