{"loss": [0.685470461845398, 0.6632655262947083, 0.6481229662895203, 0.6427122950553894, 0.6382577419281006, 0.6274802088737488, 0.6293150186538696, 0.6271271705627441, 0.6211119890213013, 0.6189541816711426, 0.6080467700958252, 0.6061877012252808, 0.6024137735366821, 0.5999571681022644, 0.5949030518531799, 0.5911679863929749, 0.5847894549369812, 0.5748981833457947, 0.5684604644775391, 0.5710477828979492, 0.5707542896270752, 0.5599597096443176, 0.561488151550293, 0.5576311349868774, 0.5515549778938293, 0.5461005568504333, 0.541054904460907, 0.5507889986038208, 0.5483476519584656, 0.5397024750709534, 0.5289992690086365, 0.5233381986618042, 0.5261011719703674, 0.5283793210983276, 0.5114385485649109, 0.5105241537094116, 0.510592520236969, 0.5030224323272705, 0.4965924918651581, 0.5026013851165771, 0.49498072266578674, 0.4878431558609009, 0.4898327589035034], "accuracy": [0.5362622141838074, 0.5878661274909973, 0.6206415891647339, 0.6101813316345215, 0.6241283416748047, 0.6297070980072021, 0.633193850517273, 0.6359832882881165, 0.6443514823913574, 0.6492329239845276, 0.6610878705978394, 0.6582984924316406, 0.6617852449417114, 0.6708507537841797, 0.6841003894805908, 0.677126944065094, 0.6841003894805908, 0.6861924529075623, 0.6910738945007324, 0.6875871419906616, 0.7015341520309448, 0.7036262154579163, 0.7036262154579163, 0.6987447738647461, 0.7078103423118591, 0.7126917839050293, 0.7168758511543274, 0.7133890986442566, 0.7182705998420715, 0.741283118724823, 0.7370990514755249, 0.7461645603179932, 0.7433751821517944, 0.7384937405586243, 0.7391910552978516, 0.7398884296417236, 0.7398884296417236, 0.7489539980888367, 0.767085075378418, 0.7398884296417236, 0.758716881275177, 0.750348687171936, 0.7642956972122192], "benchmark_1782": [665.0, 591.0, 544.0, 559.0, 539.0, 531.0, 526.0, 522.0, 510.0, 503.0, 486.0, 490.0, 485.0, 472.0, 453.0, 463.0, 453.0, 450.0, 443.0, 448.0, 428.0, 425.0, 425.0, 432.0, 419.0, 412.0, 406.0, 411.0, 404.0, 371.0, 377.0, 364.0, 368.0, 375.0, 374.0, 373.0, 373.0, 360.0, 334.0, 373.0, 346.0, 358.0, 338.0], "TP": [372.0, 402.0, 432.0, 421.0, 432.0, 445.0, 443.0, 457.0, 448.0, 459.0, 473.0, 476.0, 467.0, 477.0, 494.0, 475.0, 490.0, 486.0, 491.0, 485.0, 500.0, 501.0, 505.0, 498.0, 489.0, 516.0, 513.0, 510.0, 508.0, 530.0, 520.0, 527.0, 526.0, 532.0, 521.0, 523.0, 530.0, 529.0, 535.0, 536.0, 543.0, 536.0, 545.0], "TN": [397.0, 441.0, 458.0, 454.0, 463.0, 458.0, 465.0, 455.0, 476.0, 472.0, 475.0, 468.0, 482.0, 485.0, 487.0, 496.0, 491.0, 498.0, 500.0, 501.0, 506.0, 508.0, 504.0, 504.0, 526.0, 506.0, 515.0, 513.0, 522.0, 533.0, 537.0, 543.0, 540.0, 527.0, 539.0, 538.0, 531.0, 545.0, 565.0, 525.0, 545.0, 540.0, 551.0], "FP": [320.0, 276.0, 259.0, 263.0, 254.0, 259.0, 252.0, 262.0, 241.0, 245.0, 242.0, 249.0, 235.0, 232.0, 230.0, 221.0, 226.0, 219.0, 217.0, 216.0, 211.0, 209.0, 213.0, 213.0, 191.0, 211.0, 202.0, 204.0, 195.0, 184.0, 180.0, 174.0, 177.0, 190.0, 178.0, 179.0, 186.0, 172.0, 152.0, 192.0, 172.0, 177.0, 166.0], "FN": [345.0, 315.0, 285.0, 296.0, 285.0, 272.0, 274.0, 260.0, 269.0, 258.0, 244.0, 241.0, 250.0, 240.0, 223.0, 242.0, 227.0, 231.0, 226.0, 232.0, 217.0, 216.0, 212.0, 219.0, 228.0, 201.0, 204.0, 207.0, 209.0, 187.0, 197.0, 190.0, 191.0, 185.0, 196.0, 194.0, 187.0, 188.0, 182.0, 181.0, 174.0, 181.0, 172.0], "Precision": [0.5375722646713257, 0.5929203629493713, 0.6251809000968933, 0.6154970526695251, 0.6297376155853271, 0.6321022510528564, 0.637410044670105, 0.635604977607727, 0.6502177119255066, 0.6519886255264282, 0.6615384817123413, 0.656551718711853, 0.6652421355247498, 0.6727785468101501, 0.6823204159736633, 0.6824712753295898, 0.6843575239181519, 0.6893616914749146, 0.6935028433799744, 0.691868782043457, 0.703234851360321, 0.705633819103241, 0.703342616558075, 0.700421929359436, 0.7191176414489746, 0.709766149520874, 0.7174825072288513, 0.7142857313156128, 0.7226173281669617, 0.7422969341278076, 0.7428571581840515, 0.7517831921577454, 0.7482219338417053, 0.7368420958518982, 0.7453504800796509, 0.7450142502784729, 0.7402234673500061, 0.7546362280845642, 0.7787481546401978, 0.7362637519836426, 0.759440541267395, 0.7517531514167786, 0.7665260434150696], "Recall": [0.5188284516334534, 0.560669481754303, 0.6025104522705078, 0.5871687531471252, 0.6025104522705078, 0.6206415891647339, 0.6178521513938904, 0.6373779773712158, 0.624825656414032, 0.6401673555374146, 0.65969318151474, 0.6638772487640381, 0.651324987411499, 0.6652719378471375, 0.6889818906784058, 0.6624825596809387, 0.6834030747413635, 0.6778242588043213, 0.6847977638244629, 0.6764295697212219, 0.6973500847816467, 0.6987447738647461, 0.7043235898017883, 0.6945606470108032, 0.6820083856582642, 0.7196652889251709, 0.715481162071228, 0.7112970948219299, 0.7085076570510864, 0.7391910552978516, 0.7252440452575684, 0.7350069880485535, 0.7336122989654541, 0.7419804930686951, 0.7266387939453125, 0.7294281721115112, 0.7391910552978516, 0.7377963662147522, 0.7461645603179932, 0.7475592494010925, 0.7573221921920776, 0.7475592494010925, 0.7601115703582764], "AUC": [0.5544254183769226, 0.6323545575141907, 0.6665285229682922, 0.6686313152313232, 0.6770694851875305, 0.6961274743080139, 0.6876105070114136, 0.6944750547409058, 0.7028355002403259, 0.7065975666046143, 0.7262778878211975, 0.7273293137550354, 0.7288154363632202, 0.7328555583953857, 0.7426524758338928, 0.7488576769828796, 0.7558058500289917, 0.7662379741668701, 0.7755038142204285, 0.7725180387496948, 0.7728827595710754, 0.7802326083183289, 0.7822294235229492, 0.7835968136787415, 0.7900606393814087, 0.7968775629997253, 0.7999879717826843, 0.7921419739723206, 0.7936116456985474, 0.8065850734710693, 0.8167856931686401, 0.8191013336181641, 0.8168498277664185, 0.8123952746391296, 0.8282719254493713, 0.8297094702720642, 0.8281152844429016, 0.8357911109924316, 0.8422724008560181, 0.8349051475524902, 0.8420069813728333, 0.8454849123954773, 0.8441874980926514], "val_loss": [0.7857365012168884, 0.9569131731987, 1.162461519241333, 1.2395066022872925, 1.1724812984466553, 1.3908988237380981, 1.5495868921279907, 0.7942710518836975, 0.8093565702438354, 0.6092501878738403, 0.6206496953964233, 0.6908549070358276, 0.7967621684074402, 0.5824464559555054, 0.620932400226593, 0.6141138672828674, 0.6324425935745239, 0.6463643908500671, 1.501219391822815, 0.6743835210800171, 0.7030323147773743, 0.916329562664032, 0.5850404500961304, 0.7568660378456116, 0.9783101081848145, 1.0623353719711304, 0.630475640296936, 0.9676387310028076, 0.6040622591972351, 0.9943161010742188, 0.7319145202636719, 0.8221479654312134, 1.0198686122894287, 0.7507323026657104, 0.8018779158592224, 0.6368863582611084, 0.8798321485519409, 0.6314589977264404, 0.8244889378547668, 0.591357946395874, 1.0169061422348022, 0.818844735622406, 1.7057369947433472], "val_accuracy": [0.3781818151473999, 0.3781818151473999, 0.3781818151473999, 0.3781818151473999, 0.40727272629737854, 0.41090908646583557, 0.4145454466342926, 0.5272727012634277, 0.4909090995788574, 0.6909090876579285, 0.6981818079948425, 0.6036363840103149, 0.5236363410949707, 0.7018181681632996, 0.607272744178772, 0.6763636469841003, 0.6363636255264282, 0.6436363458633423, 0.48363634943962097, 0.610909104347229, 0.5709090828895569, 0.5054545402526855, 0.7054545283317566, 0.6036363840103149, 0.5272727012634277, 0.5163636207580566, 0.6290909051895142, 0.47999998927116394, 0.6436363458633423, 0.5236363410949707, 0.6181818246841431, 0.5709090828895569, 0.5345454812049866, 0.5527272820472717, 0.5636363625526428, 0.6654545664787292, 0.5600000023841858, 0.6690909266471863, 0.6254545450210571, 0.6618182063102722, 0.5454545617103577, 0.6327272653579712, 0.49454545974731445], "val_benchmark_1782": [171.0, 171.0, 171.0, 171.0, 163.0, 162.0, 161.0, 130.0, 140.0, 85.0, 83.0, 109.0, 131.0, 82.0, 108.0, 89.0, 100.0, 98.0, 142.0, 107.0, 118.0, 136.0, 81.0, 109.0, 130.0, 133.0, 102.0, 143.0, 98.0, 131.0, 105.0, 118.0, 128.0, 123.0, 120.0, 92.0, 121.0, 91.0, 103.0, 93.0, 125.0, 101.0, 139.0],