{"loss": [1.1362029314041138, 0.944598376750946, 0.8690300583839417, 0.834988534450531, 0.7242841720581055, 0.7050120830535889, 0.6925152540206909, 0.6729121804237366, 0.6746065020561218, 0.6627167463302612, 0.6629244089126587, 0.6620743870735168, 0.6674766540527344, 0.6674425005912781, 0.6537812352180481, 0.6484576463699341, 0.6530090570449829, 0.6549319624900818, 0.6463097333908081, 0.6472463011741638, 0.6462352871894836, 0.6439192891120911, 0.637487530708313], "accuracy": [0.49860531091690063, 0.49442121386528015, 0.5069735050201416, 0.49093446135520935, 0.5202231407165527, 0.5006973743438721, 0.5306833982467651, 0.5613667964935303, 0.5627614855766296, 0.5850766897201538, 0.5941422581672668, 0.5962343215942383, 0.5753138065338135, 0.569037675857544, 0.6025104522705078, 0.5948396325111389, 0.6059972047805786, 0.590655505657196, 0.6101813316345215, 0.6094839572906494, 0.5997210741043091, 0.6122733354568481, 0.615760087966919], "benchmark_832": [719.0, 725.0, 707.0, 730.0, 688.0, 716.0, 673.0, 629.0, 627.0, 595.0, 582.0, 579.0, 609.0, 618.0, 570.0, 581.0, 565.0, 587.0, 559.0, 560.0, 574.0, 556.0, 551.0], "TP": [356.0, 353.0, 353.0, 306.0, 345.0, 392.0, 392.0, 356.0, 277.0, 279.0, 277.0, 271.0, 252.0, 199.0, 268.0, 250.0, 264.0, 228.0, 258.0, 246.0, 249.0, 256.0, 252.0], "TN": [359.0, 356.0, 374.0, 398.0, 401.0, 326.0, 369.0, 449.0, 530.0, 560.0, 575.0, 584.0, 573.0, 617.0, 596.0, 603.0, 605.0, 619.0, 617.0, 628.0, 611.0, 622.0, 631.0], "FP": [358.0, 361.0, 343.0, 319.0, 316.0, 391.0, 348.0, 268.0, 187.0, 157.0, 142.0, 133.0, 144.0, 100.0, 121.0, 114.0, 112.0, 98.0, 100.0, 89.0, 106.0, 95.0, 86.0], "FN": [361.0, 364.0, 364.0, 411.0, 372.0, 325.0, 325.0, 361.0, 440.0, 438.0, 440.0, 446.0, 465.0, 518.0, 449.0, 467.0, 453.0, 489.0, 459.0, 471.0, 468.0, 461.0, 465.0], "Precision": [0.49859943985939026, 0.49439775943756104, 0.5071839094161987, 0.4896000027656555, 0.5219364762306213, 0.5006385445594788, 0.5297297239303589, 0.5705128312110901, 0.5969827771186829, 0.6399082541465759, 0.6610978245735168, 0.6707921028137207, 0.6363636255264282, 0.6655518412590027, 0.688946008682251, 0.6868131756782532, 0.7021276354789734, 0.699386477470398, 0.7206704020500183, 0.7343283295631409, 0.7014084458351135, 0.7293447256088257, 0.7455621361732483], "Recall": [0.4965132474899292, 0.4923291504383087, 0.4923291504383087, 0.42677825689315796, 0.48117154836654663, 0.5467224717140198, 0.5467224717140198, 0.4965132474899292, 0.3863319456577301, 0.3891213536262512, 0.3863319456577301, 0.37796375155448914, 0.3514644205570221, 0.27754533290863037, 0.37377962470054626, 0.34867504239082336, 0.3682008385658264, 0.3179916441440582, 0.35983264446258545, 0.34309622645378113, 0.3472803235054016, 0.35704323649406433, 0.3514644205570221], "AUC": [0.4898636043071747, 0.5019695162773132, 0.5012167096138, 0.4736669957637787, 0.5247817039489746, 0.5083370804786682, 0.5489001274108887, 0.578131377696991, 0.5732461214065552, 0.5942434072494507, 0.6000118851661682, 0.5893434882164001, 0.5786488056182861, 0.570608377456665, 0.6101453900337219, 0.6080620288848877, 0.622089684009552, 0.6188898086547852, 0.6088313460350037, 0.6012938022613525, 0.6027195453643799, 0.6173269748687744, 0.6207465529441833], "val_loss": [0.977660596370697, 1.3020544052124023, 0.9212398529052734, 0.6700096726417542, 0.6961933374404907, 0.6799883842468262, 0.6700108051300049, 0.9023023247718811, 0.6757290363311768, 0.6815114617347717, 0.6804784536361694, 0.6720073223114014, 0.7058271169662476, 0.6977027058601379, 0.6953648924827576, 0.6910113096237183, 1.2178928852081299, 0.6728410720825195, 0.7263074517250061, 1.1814090013504028, 1.4618757963180542, 0.9780642986297607, 1.2032301425933838], "val_accuracy": [0.3781818151473999, 0.3781818151473999, 0.6218181848526001, 0.5709090828895569, 0.6218181848526001, 0.589090883731842, 0.6218181848526001, 0.41090908646583557, 0.5345454812049866, 0.4909090995788574, 0.4727272689342499, 0.48363634943962097, 0.5490909218788147, 0.5490909218788147, 0.4727272689342499, 0.47999998927116394, 0.6218181848526001, 0.585454523563385, 0.585454523563385, 0.6036363840103149, 0.6218181848526001, 0.6218181848526001, 0.6218181848526001], "val_benchmark_832": [171.0, 171.0, 104.0, 118.0, 104.0, 113.0, 104.0, 162.0, 128.0, 140.0, 145.0, 142.0, 124.0, 124.0, 145.0, 143.0, 104.0, 114.0, 114.0, 109.0, 104.0, 104.0, 104.0], "val_TP": [0.0, 0.0, 171.0, 101.0, 171.0, 160.0, 171.0, 12.0, 93.0, 97.0, 34.0, 49.0, 86.0, 105.0, 33.0, 36.0, 171.0, 93.0, 129.0, 164.0, 171.0, 167.0, 170.0], "val_TN": [104.0, 104.0, 0.0, 56.0, 0.0, 2.0, 0.0, 101.0, 54.0, 38.0, 96.0, 84.0, 65.0, 46.0, 97.0, 96.0, 0.0, 68.0, 32.0, 2.0, 0.0, 4.0, 1.0], "val_FP": [0.0, 0.0, 104.0, 48.0, 104.0, 102.0, 104.0, 3.0, 50.0, 66.0, 8.0, 20.0, 39.0, 58.0, 7.0, 8.0, 104.0, 36.0, 72.0, 102.0, 104.0, 100.0, 103.0], "val_FN": [171.0, 171.0, 0.0, 70.0, 0.0, 11.0, 0.0, 159.0, 78.0, 74.0, 137.0, 122.0, 85.0, 66.0, 138.0, 135.0, 0.0, 78.0, 42.0, 7.0, 0.0, 4.0, 1.0], "val_Precision": [0.0, 0.0, 0.6218181848526001, 0.6778523325920105, 0.6218181848526001, 0.6106870174407959, 0.6218181848526001, 0.800000011920929, 0.6503496766090393, 0.5950919985771179, 0.8095238208770752, 0.7101449370384216, 0.6880000233650208, 0.6441717743873596, 0.824999988079071, 0.8181818127632141, 0.6218181848526001, 0.7209302186965942, 0.641791045665741, 0.61654132604599, 0.6218181848526001, 0.6254681944847107, 0.622710645198822], "val_Recall": [0.0, 0.0, 1.0, 0.5906432867050171, 1.0, 0.9356725215911865, 1.0, 0.07017543911933899, 0.5438596606254578, 0.567251443862915, 0.19883041083812714, 0.28654971718788147, 0.5029239654541016, 0.6140350699424744, 0.19298245012760162, 0.21052631735801697, 1.0, 0.5438596606254578, 0.7543859481811523, 0.9590643048286438, 1.0, 0.9766082167625427, 0.9941520690917969], "val_AUC": [0.5, 0.5, 0.583558201789856, 0.5956477522850037, 0.4809941351413727, 0.45985153317451477, 0.5014901161193848, 0.47759222984313965, 0.5256410241127014, 0.49558591842651367, 0.5653115510940552, 0.5858917832374573, 0.5917397737503052, 0.5725933313369751, 0.6148785948753357, 0.5887876152992249, 0.5359030961990356, 0.6147379875183105, 0.5925832390785217, 0.5539811849594116, 0.5367465019226074, 0.6134728193283081, 0.6143443584442139]}