{"loss": [0.6960425972938538, 0.6958609223365784, 0.6958492398262024, 0.6958090662956238, 0.6956108808517456, 0.6955246925354004, 0.6953744292259216, 0.6952879428863525, 0.6951467394828796, 0.6949067711830139, 0.694905698299408, 0.6947124004364014, 0.6947212815284729, 0.6945807337760925, 0.6945375800132751, 0.6943621039390564, 0.6942776441574097, 0.69423907995224, 0.6941207647323608, 0.6939798593521118, 0.6939270496368408], "accuracy": [0.47071129083633423, 0.4637377858161926, 0.46234309673309326, 0.45606693625450134, 0.45955368876457214, 0.46304044127464294, 0.4609484076499939, 0.4637377858161926, 0.4602510333061218, 0.47280335426330566, 0.45885634422302246, 0.46931660175323486, 0.4637377858161926, 0.4602510333061218, 0.456764280796051, 0.46304044127464294, 0.45536959171295166, 0.4609484076499939, 0.46234309673309326, 0.4532775580883026, 0.4602510333061218], "benchmark_180": [759.0, 769.0, 771.0, 780.0, 775.0, 770.0, 773.0, 769.0, 774.0, 756.0, 776.0, 761.0, 769.0, 774.0, 779.0, 770.0, 781.0, 773.0, 771.0, 784.0, 774.0], "TP": [366.0, 362.0, 362.0, 354.0, 361.0, 368.0, 365.0, 367.0, 366.0, 371.0, 364.0, 368.0, 361.0, 363.0, 356.0, 360.0, 360.0, 374.0, 371.0, 373.0, 384.0], "TN": [309.0, 303.0, 301.0, 300.0, 298.0, 296.0, 296.0, 298.0, 294.0, 307.0, 294.0, 305.0, 304.0, 297.0, 299.0, 304.0, 293.0, 287.0, 292.0, 277.0, 276.0], "FP": [408.0, 414.0, 416.0, 417.0, 419.0, 421.0, 421.0, 419.0, 423.0, 410.0, 423.0, 412.0, 413.0, 420.0, 418.0, 413.0, 424.0, 430.0, 425.0, 440.0, 441.0], "FN": [351.0, 355.0, 355.0, 363.0, 356.0, 349.0, 352.0, 350.0, 351.0, 346.0, 353.0, 349.0, 356.0, 354.0, 361.0, 357.0, 357.0, 343.0, 346.0, 344.0, 333.0], "Precision": [0.4728682041168213, 0.4664948582649231, 0.4652956426143646, 0.4591439664363861, 0.46282050013542175, 0.4664131700992584, 0.4643765985965729, 0.4669211208820343, 0.463878333568573, 0.4750320017337799, 0.4625158905982971, 0.47179487347602844, 0.46640828251838684, 0.4636015295982361, 0.45994833111763, 0.46571797132492065, 0.4591836631298065, 0.46517413854599, 0.4660803973674774, 0.45879459381103516, 0.4654545485973358], "Recall": [0.5104602575302124, 0.5048814415931702, 0.5048814415931702, 0.4937238395214081, 0.5034867525100708, 0.5132496356964111, 0.509065568447113, 0.5118549466133118, 0.5104602575302124, 0.517433762550354, 0.5076708793640137, 0.5132496356964111, 0.5034867525100708, 0.5062761306762695, 0.4965132474899292, 0.5020920634269714, 0.5020920634269714, 0.5216178297996521, 0.517433762550354, 0.5202231407165527, 0.5355648398399353], "AUC": [0.45276397466659546, 0.45811426639556885, 0.450411319732666, 0.45094722509384155, 0.4555913507938385, 0.45228350162506104, 0.44902536273002625, 0.456028014421463, 0.45778751373291016, 0.45754921436309814, 0.455039918422699, 0.4568081200122833, 0.4585937559604645, 0.4522125720977783, 0.45088884234428406, 0.4472436010837555, 0.4530392289161682, 0.4554600417613983, 0.45651042461395264, 0.46140459179878235, 0.45826011896133423], "val_loss": [0.6699715852737427, 0.6710522174835205, 0.6721340417861938, 0.6732033491134644, 0.6742512583732605, 0.6752877235412598, 0.6763229370117188, 0.6773107647895813, 0.6782820820808411, 0.6792253255844116, 0.6801446080207825, 0.6810007691383362, 0.6818060874938965, 0.6826026439666748, 0.6833495497703552, 0.6840254664421082, 0.6846567392349243, 0.6852772235870361, 0.6858722567558289, 0.686387300491333, 0.6868907809257507], "val_accuracy": [0.6218181848526001, 0.6218181848526001, 0.6218181848526001, 0.6218181848526001, 0.6218181848526001, 0.6218181848526001, 0.6218181848526001, 0.6218181848526001, 0.6218181848526001, 0.6218181848526001, 0.6218181848526001, 0.6218181848526001, 0.6218181848526001, 0.6218181848526001, 0.6218181848526001, 0.6218181848526001, 0.6218181848526001, 0.6218181848526001, 0.6218181848526001, 0.6218181848526001, 0.6218181848526001], "val_benchmark_180": [104.0, 104.0, 104.0, 104.0, 104.0, 104.0, 104.0, 104.0, 104.0, 104.0, 104.0, 104.0, 104.0, 104.0, 104.0, 104.0, 104.0, 104.0, 104.0, 104.0, 104.0], "val_TP": [171.0, 171.0, 171.0, 171.0, 171.0, 171.0, 171.0, 171.0, 171.0, 171.0, 171.0, 171.0, 171.0, 171.0, 171.0, 171.0, 171.0, 171.0, 171.0, 171.0, 171.0], "val_TN": [0.0, 0.0, 0.0, 0.0, 0.0, 0.0, 0.0, 0.0, 0.0, 0.0, 0.0, 0.0, 0.0, 0.0, 0.0, 0.0, 0.0, 0.0, 0.0, 0.0, 0.0], "val_FP": [104.0, 104.0, 104.0, 104.0, 104.0, 104.0, 104.0, 104.0, 104.0, 104.0, 104.0, 104.0, 104.0, 104.0, 104.0, 104.0, 104.0, 104.0, 104.0, 104.0, 104.0], "val_FN": [0.0, 0.0, 0.0, 0.0, 0.0, 0.0, 0.0, 0.0, 0.0, 0.0, 0.0, 0.0, 0.0, 0.0, 0.0, 0.0, 0.0, 0.0, 0.0, 0.0, 0.0], "val_Precision": [0.6218181848526001, 0.6218181848526001, 0.6218181848526001, 0.6218181848526001, 0.6218181848526001, 0.6218181848526001, 0.6218181848526001, 0.6218181848526001, 0.6218181848526001, 0.6218181848526001, 0.6218181848526001, 0.6218181848526001, 0.6218181848526001, 0.6218181848526001, 0.6218181848526001, 0.6218181848526001, 0.6218181848526001, 0.6218181848526001, 0.6218181848526001, 0.6218181848526001, 0.6218181848526001], "val_Recall": [1.0, 1.0, 1.0, 1.0, 1.0, 1.0, 1.0, 1.0, 1.0, 1.0, 1.0, 1.0, 1.0, 1.0, 1.0, 1.0, 1.0, 1.0, 1.0, 1.0, 1.0], "val_AUC": [0.5, 0.5, 0.5, 0.4902721047401428, 0.476411372423172, 0.5, 0.4721378982067108, 0.4697199761867523, 0.4951923191547394, 0.4586707055568695, 0.4951923191547394, 0.47140687704086304, 0.46862348914146423, 0.48141586780548096, 0.45962661504745483, 0.4951923191547394, 0.4726439416408539, 0.44703105092048645, 0.46193206310272217, 0.4941520392894745, 0.47933536767959595]}