{"loss": [1.208587408065796, 0.1772356778383255, 0.17352700233459473, 0.17388181388378143, 0.17506493628025055, 0.17404234409332275, 0.17389748990535736, 0.1740729957818985, 0.17361508309841156, 0.17322620749473572, 0.17388591170310974, 0.17391273379325867, 0.1733793467283249, 0.17384421825408936, 0.17415553331375122, 0.1760602444410324, 0.17713673412799835, 0.17865988612174988, 0.17459242045879364, 0.17735211551189423, 0.17834366858005524, 0.18116655945777893, 0.17818360030651093, 0.1812295764684677, 0.1787959784269333, 0.17571423947811127, 0.17427614331245422, 0.1742340475320816, 0.1769215166568756], "accuracy": [0.49442121386528015, 0.5125523209571838, 0.5, 0.49790793657302856, 0.5062761306762695, 0.5048814415931702, 0.5006973743438721, 0.49860531091690063, 0.4867503345012665, 0.5097628831863403, 0.5055788159370422, 0.48814505338668823, 0.5013946890830994, 0.5076708793640137, 0.5034867525100708, 0.5034867525100708, 0.47977685928344727, 0.49093446135520935, 0.5160390734672546, 0.4937238395214081, 0.482566237449646, 0.49511855840682983, 0.5111575722694397, 0.5027893781661987, 0.5048814415931702, 0.5, 0.5062761306762695, 0.5062761306762695, 0.4958159029483795], "benchmark_1": [896.0, 699.0, 717.0, 720.0, 708.0, 710.0, 716.0, 719.0, 736.0, 703.0, 709.0, 734.0, 715.0, 706.0, 712.0, 712.0, 746.0, 730.0, 694.0, 726.0, 742.0, 724.0, 701.0, 713.0, 710.0, 717.0, 708.0, 708.0, 723.0], "TP": [395.0, 272.0, 318.0, 318.0, 339.0, 348.0, 312.0, 349.0, 424.0, 376.0, 347.0, 360.0, 355.0, 271.0, 376.0, 366.0, 328.0, 311.0, 359.0, 377.0, 414.0, 319.0, 320.0, 329.0, 351.0, 359.0, 319.0, 317.0, 390.0], "TN": [314.0, 463.0, 399.0, 396.0, 387.0, 376.0, 406.0, 366.0, 274.0, 355.0, 378.0, 340.0, 364.0, 457.0, 346.0, 356.0, 360.0, 393.0, 381.0, 331.0, 278.0, 391.0, 413.0, 392.0, 373.0, 358.0, 407.0, 409.0, 321.0], "FP": [403.0, 254.0, 318.0, 321.0, 330.0, 341.0, 311.0, 351.0, 443.0, 362.0, 339.0, 377.0, 353.0, 260.0, 371.0, 361.0, 357.0, 324.0, 336.0, 386.0, 439.0, 326.0, 304.0, 325.0, 344.0, 359.0, 310.0, 308.0, 396.0], "FN": [322.0, 445.0, 399.0, 399.0, 378.0, 369.0, 405.0, 368.0, 293.0, 341.0, 370.0, 357.0, 362.0, 446.0, 341.0, 351.0, 389.0, 406.0, 358.0, 340.0, 303.0, 398.0, 397.0, 388.0, 366.0, 358.0, 398.0, 400.0, 327.0], "Precision": [0.49498745799064636, 0.517110288143158, 0.5, 0.4976525902748108, 0.5067264437675476, 0.5050798058509827, 0.5008025765419006, 0.4985714256763458, 0.4890426695346832, 0.5094850659370422, 0.5058308839797974, 0.4884667694568634, 0.5014124512672424, 0.5103577971458435, 0.5033467411994934, 0.5034387707710266, 0.4788321256637573, 0.4897637665271759, 0.5165467858314514, 0.49410223960876465, 0.48534584045410156, 0.4945736527442932, 0.5128205418586731, 0.5030580759048462, 0.5050359964370728, 0.5, 0.5071542263031006, 0.5072000026702881, 0.49618321657180786], "Recall": [0.5509065389633179, 0.3793584406375885, 0.4435146450996399, 0.4435146450996399, 0.47280335426330566, 0.4853556454181671, 0.4351464509963989, 0.4867503345012665, 0.5913528800010681, 0.5244072675704956, 0.48396095633506775, 0.5020920634269714, 0.49511855840682983, 0.37796375155448914, 0.5244072675704956, 0.5104602575302124, 0.4574616551399231, 0.4337517321109772, 0.5006973743438721, 0.525801956653595, 0.5774058699607849, 0.44490933418273926, 0.446304053068161, 0.45885634422302246, 0.4895397424697876, 0.5006973743438721, 0.44490933418273926, 0.4421199560165405, 0.5439330339431763], "AUC": [0.49996206164360046, 0.5019752979278564, 0.5185639262199402, 0.5040586590766907, 0.4972699284553528, 0.5044224262237549, 0.4903450310230255, 0.49206364154815674, 0.4925285577774048, 0.5162413716316223, 0.5089799761772156, 0.49276095628738403, 0.5110029578208923, 0.5136542320251465, 0.510788083076477, 0.5045896768569946, 0.4848547577857971, 0.48459604382514954, 0.5219086408615112, 0.4936674237251282, 0.489271342754364, 0.49685949087142944, 0.5066019296646118, 0.5078468918800354, 0.4988601505756378, 0.49933475255966187, 0.49897390604019165, 0.5052160620689392, 0.4767646789550781], "val_loss": [0.1844397634267807, 0.1680922657251358, 0.17007030546665192, 0.17604635655879974, 0.17974448204040527, 0.17187967896461487, 0.17527276277542114, 0.171047642827034, 0.17072169482707977, 0.17641755938529968, 0.17358046770095825, 0.17453189194202423, 0.18207117915153503, 0.1710769087076187, 0.1688297837972641, 0.19156166911125183, 0.17394112050533295, 0.17216995358467102, 0.20707330107688904, 0.16628491878509521, 0.17489613592624664, 0.17228402197360992, 0.19248072803020477, 0.16531793773174286, 0.1791868805885315, 0.17523504793643951, 0.16649417579174042, 0.16974718868732452, 0.16908782720565796], "val_accuracy": [0.3781818151473999, 0.6218181848526001, 0.6218181848526001, 0.4145454466342926, 0.3781818151473999, 0.581818163394928, 0.4036363661289215, 0.6218181848526001, 0.6254545450210571, 0.4145454466342926, 0.42181816697120667, 0.3781818151473999, 0.38181817531585693, 0.6218181848526001, 0.6218181848526001, 0.3781818151473999, 0.4254545569419861, 0.6181818246841431, 0.3781818151473999, 0.6218181848526001, 0.4145454466342926, 0.5636363625526428, 0.3781818151473999, 0.6218181848526001, 0.3781818151473999, 0.38181817531585693, 0.6218181848526001, 0.6000000238418579, 0.6218181848526001], "val_benchmark_1": [171.0, 104.0, 104.0, 161.0, 171.0, 115.0, 164.0, 104.0, 103.0, 161.0, 159.0, 171.0, 170.0, 104.0, 104.0, 171.0, 158.0, 105.0, 171.0, 104.0, 161.0, 120.0, 171.0, 104.0, 171.0, 170.0, 104.0, 110.0, 104.0], "val_TP": [0.0, 171.0, 164.0, 11.0, 0.0, 125.0, 7.0, 171.0, 167.0, 10.0, 52.0, 0.0, 1.0, 171.0, 171.0, 0.0, 15.0, 159.0, 0.0, 171.0, 10.0, 102.0, 0.0, 171.0, 0.0, 1.0, 171.0, 165.0, 171.0], "val_TN": [104.0, 0.0, 7.0, 103.0, 104.0, 35.0, 104.0, 0.0, 5.0, 104.0, 64.0, 104.0, 104.0, 0.0, 0.0, 104.0, 102.0, 11.0, 104.0, 0.0, 104.0, 53.0, 104.0, 0.0, 104.0, 104.0, 0.0, 0.0, 0.0], "val_FP": [0.0, 104.0, 97.0, 1.0, 0.0, 69.0, 0.0, 104.0, 99.0, 0.0, 40.0, 0.0, 0.0, 104.0, 104.0, 0.0, 2.0, 93.0, 0.0, 104.0, 0.0, 51.0, 0.0, 104.0, 0.0, 0.0, 104.0, 104.0, 104.0], "val_FN": [171.0, 0.0, 7.0, 160.0, 171.0, 46.0, 164.0, 0.0, 4.0, 161.0, 119.0, 171.0, 170.0, 0.0, 0.0, 171.0, 156.0, 12.0, 171.0, 0.0, 161.0, 69.0, 171.0, 0.0, 171.0, 170.0, 0.0, 6.0, 0.0], "val_Precision": [0.0, 0.6218181848526001, 0.6283524632453918, 0.9166666865348816, 0.0, 0.6443299055099487, 1.0, 0.6218181848526001, 0.6278195381164551, 1.0, 0.5652173757553101, 0.0, 1.0, 0.6218181848526001, 0.6218181848526001, 0.0, 0.8823529481887817, 0.6309523582458496, 0.0, 0.6218181848526001, 1.0, 0.6666666865348816, 0.0, 0.6218181848526001, 0.0, 1.0, 0.6218181848526001, 0.613382875919342, 0.6218181848526001], "val_Recall": [0.0, 1.0, 0.9590643048286438, 0.06432748585939407, 0.0, 0.7309941649436951, 0.04093567281961441, 1.0, 0.9766082167625427, 0.05847953259944916, 0.3040935695171356, 0.0, 0.005847953259944916, 1.0, 1.0, 0.0, 0.08771929889917374, 0.9298245906829834, 0.0, 1.0, 0.05847953259944916, 0.5964912176132202, 0.0, 1.0, 0.0, 0.005847953259944916, 1.0, 0.9649122953414917, 1.0], "val_AUC": [0.43974924087524414, 0.5704566240310669, 0.5616284608840942, 0.5734649300575256, 0.5229420065879822, 0.553559422492981, 0.5653958916664124, 0.47660818696022034, 0.5691351890563965, 0.5543466210365295, 0.4736842215061188, 0.4454565942287445, 0.5777384042739868, 0.5526596307754517, 0.44109874963760376, 0.5590137243270874, 0.5474303364753723, 0.5448717474937439, 0.5632029175758362, 0.5662955045700073, 0.5655645728111267, 0.5566239356994629, 0.5, 0.5657613277435303, 0.4739372432231903, 0.5647773742675781, 0.5648335814476013, 0.4308367073535919, 0.573605477809906]}