{"loss": [0.020647764205932617, 0.02061556652188301, 0.020679593086242676, 0.02066000923514366, 0.020797457545995712, 0.02064606361091137, 0.02065727859735489, 0.020625188946723938, 0.020779073238372803, 0.020644651725888252, 0.02078859694302082, 0.020678013563156128, 0.020762573927640915, 0.02064705267548561, 0.02082640305161476, 0.020669253543019295, 0.02075129561126232, 0.02066408284008503, 0.020686423406004906, 0.02068435028195381, 0.020716572180390358], "accuracy": [0.6438980102539062, 0.6438980102539062, 0.6438980102539062, 0.6438980102539062, 0.6438980102539062, 0.6438980102539062, 0.6438980102539062, 0.6438980102539062, 0.6438980102539062, 0.6438980102539062, 0.6438980102539062, 0.6438980102539062, 0.6438980102539062, 0.6438980102539062, 0.6438980102539062, 0.6438980102539062, 0.6438980102539062, 0.6438980102539062, 0.6438980102539062, 0.6438980102539062, 0.6438980102539062], "benchmark_1": [391.0, 391.0, 391.0, 391.0, 391.0, 391.0, 391.0, 391.0, 391.0, 391.0, 391.0, 391.0, 391.0, 391.0, 391.0, 391.0, 391.0, 391.0, 391.0, 391.0, 391.0], "TP": [707.0, 707.0, 707.0, 707.0, 707.0, 707.0, 707.0, 707.0, 707.0, 707.0, 707.0, 707.0, 707.0, 707.0, 707.0, 707.0, 707.0, 707.0, 707.0, 707.0, 707.0], "TN": [0.0, 0.0, 0.0, 0.0, 0.0, 0.0, 0.0, 0.0, 0.0, 0.0, 0.0, 0.0, 0.0, 0.0, 0.0, 0.0, 0.0, 0.0, 0.0, 0.0, 0.0], "FP": [391.0, 391.0, 391.0, 391.0, 391.0, 391.0, 391.0, 391.0, 391.0, 391.0, 391.0, 391.0, 391.0, 391.0, 391.0, 391.0, 391.0, 391.0, 391.0, 391.0, 391.0], "FN": [0.0, 0.0, 0.0, 0.0, 0.0, 0.0, 0.0, 0.0, 0.0, 0.0, 0.0, 0.0, 0.0, 0.0, 0.0, 0.0, 0.0, 0.0, 0.0, 0.0, 0.0], "Precision": [0.6438980102539062, 0.6438980102539062, 0.6438980102539062, 0.6438980102539062, 0.6438980102539062, 0.6438980102539062, 0.6438980102539062, 0.6438980102539062, 0.6438980102539062, 0.6438980102539062, 0.6438980102539062, 0.6438980102539062, 0.6438980102539062, 0.6438980102539062, 0.6438980102539062, 0.6438980102539062, 0.6438980102539062, 0.6438980102539062, 0.6438980102539062, 0.6438980102539062, 0.6438980102539062], "Recall": [1.0, 1.0, 1.0, 1.0, 1.0, 1.0, 1.0, 1.0, 1.0, 1.0, 1.0, 1.0, 1.0, 1.0, 1.0, 1.0, 1.0, 1.0, 1.0, 1.0, 1.0], "AUC": [0.5203428268432617, 0.5303106904029846, 0.4992385506629944, 0.5001989006996155, 0.4769531488418579, 0.48189282417297363, 0.49548181891441345, 0.5143142938613892, 0.4834211766719818, 0.5097707509994507, 0.4818131923675537, 0.47678494453430176, 0.4620383679866791, 0.5273353457450867, 0.47409719228744507, 0.49537691473960876, 0.483271062374115, 0.4988170862197876, 0.49720731377601624, 0.5023242235183716, 0.48221296072006226], "val_loss": [0.02039176970720291, 0.020659158006310463, 0.020395729690790176, 0.020597202703356743, 0.020377162843942642, 0.020389698445796967, 0.020388444885611534, 0.020592108368873596, 0.02037447690963745, 0.020545996725559235, 0.020373784005641937, 0.020512165501713753, 0.02037530019879341, 0.020510422065854073, 0.020373402163386345, 0.020375913009047508, 0.02041810192167759, 0.02040892280638218, 0.020418334752321243, 0.020435433834791183, 0.020409725606441498], "val_accuracy": [0.6581818461418152, 0.6581818461418152, 0.6581818461418152, 0.6581818461418152, 0.6581818461418152, 0.6581818461418152, 0.6581818461418152, 0.6581818461418152, 0.6581818461418152, 0.6581818461418152, 0.6581818461418152, 0.6581818461418152, 0.6581818461418152, 0.6581818461418152, 0.6581818461418152, 0.6581818461418152, 0.6581818461418152, 0.6581818461418152, 0.6581818461418152, 0.6581818461418152, 0.6581818461418152], "val_benchmark_1": [94.0, 94.0, 94.0, 94.0, 94.0, 94.0, 94.0, 94.0, 94.0, 94.0, 94.0, 94.0, 94.0, 94.0, 94.0, 94.0, 94.0, 94.0, 94.0, 94.0, 94.0], "val_TP": [181.0, 181.0, 181.0, 181.0, 181.0, 181.0, 181.0, 181.0, 181.0, 181.0, 181.0, 181.0, 181.0, 181.0, 181.0, 181.0, 181.0, 181.0, 181.0, 181.0, 181.0], "val_TN": [0.0, 0.0, 0.0, 0.0, 0.0, 0.0, 0.0, 0.0, 0.0, 0.0, 0.0, 0.0, 0.0, 0.0, 0.0, 0.0, 0.0, 0.0, 0.0, 0.0, 0.0], "val_FP": [94.0, 94.0, 94.0, 94.0, 94.0, 94.0, 94.0, 94.0, 94.0, 94.0, 94.0, 94.0, 94.0, 94.0, 94.0, 94.0, 94.0, 94.0, 94.0, 94.0, 94.0], "val_FN": [0.0, 0.0, 0.0, 0.0, 0.0, 0.0, 0.0, 0.0, 0.0, 0.0, 0.0, 0.0, 0.0, 0.0, 0.0, 0.0, 0.0, 0.0, 0.0, 0.0, 0.0], "val_Precision": [0.6581818461418152, 0.6581818461418152, 0.6581818461418152, 0.6581818461418152, 0.6581818461418152, 0.6581818461418152, 0.6581818461418152, 0.6581818461418152, 0.6581818461418152, 0.6581818461418152, 0.6581818461418152, 0.6581818461418152, 0.6581818461418152, 0.6581818461418152, 0.6581818461418152, 0.6581818461418152, 0.6581818461418152, 0.6581818461418152, 0.6581818461418152, 0.6581818461418152, 0.6581818461418152], "val_Recall": [1.0, 1.0, 1.0, 1.0, 1.0, 1.0, 1.0, 1.0, 1.0, 1.0, 1.0, 1.0, 1.0, 1.0, 1.0, 1.0, 1.0, 1.0, 1.0, 1.0, 1.0], "val_AUC": [0.48239684104919434, 0.5, 0.5, 0.5, 0.4913012683391571, 0.5, 0.5189549326896667, 0.5, 0.5, 0.5, 0.5, 0.5, 0.5, 0.5, 0.5, 0.5, 0.5, 0.5, 0.5, 0.5, 0.5]}