{"loss": [0.1563938856124878, 0.026291141286492348, 0.03960934653878212, 0.034018758684396744, 0.03655698522925377, 0.035957954823970795, 0.0624060221016407, 0.023609556257724762, 0.02942216768860817, 0.1281868815422058, 0.029636764898896217, 0.02781418338418007, 0.045816339552402496, 0.02545500546693802, 0.0266172606498003, 0.025355452671647072, 0.023508457466959953, 0.02514372579753399, 0.030582666397094727, 0.032848652452230453, 0.033191416412591934], "accuracy": [0.49575069546699524, 0.49645891785621643, 0.49291783571243286, 0.5056657195091248, 0.4730878174304962, 0.5028328895568848, 0.5, 0.5099149942398071, 0.4872521162033081, 0.4730878174304962, 0.5028328895568848, 0.5155807137489319, 0.48300284147262573, 0.5014164447784424, 0.5254957675933838, 0.4971671402454376, 0.5, 0.4858357012271881, 0.49433428049087524, 0.5169971585273743, 0.5283285975456238], "benchmark_1": [805.0, 711.0, 716.0, 698.0, 744.0, 702.0, 706.0, 692.0, 724.0, 744.0, 702.0, 684.0, 730.0, 704.0, 670.0, 710.0, 706.0, 726.0, 714.0, 682.0, 666.0], "TP": [319.0, 381.0, 349.0, 356.0, 335.0, 370.0, 386.0, 361.0, 313.0, 303.0, 356.0, 349.0, 342.0, 305.0, 340.0, 368.0, 322.0, 312.0, 382.0, 348.0, 374.0], "TN": [381.0, 320.0, 347.0, 358.0, 333.0, 340.0, 320.0, 359.0, 375.0, 365.0, 354.0, 379.0, 340.0, 403.0, 402.0, 334.0, 384.0, 374.0, 316.0, 382.0, 372.0], "FP": [325.0, 386.0, 359.0, 348.0, 373.0, 366.0, 386.0, 347.0, 331.0, 341.0, 352.0, 327.0, 366.0, 303.0, 304.0, 372.0, 322.0, 332.0, 390.0, 324.0, 334.0], "FN": [387.0, 325.0, 357.0, 350.0, 371.0, 336.0, 320.0, 345.0, 393.0, 403.0, 350.0, 357.0, 364.0, 401.0, 366.0, 338.0, 384.0, 394.0, 324.0, 358.0, 332.0], "Precision": [0.49534162878990173, 0.49674054980278015, 0.4929378628730774, 0.5056818127632141, 0.4731638431549072, 0.5027173757553101, 0.5, 0.5098869800567627, 0.4860248565673828, 0.47049689292907715, 0.5028248429298401, 0.5162721872329712, 0.4830508530139923, 0.5016447305679321, 0.5279502868652344, 0.4972972869873047, 0.5, 0.48447203636169434, 0.49481865763664246, 0.5178571343421936, 0.5282486081123352], "Recall": [0.4518413543701172, 0.5396600365638733, 0.49433428049087524, 0.5042492747306824, 0.4745042622089386, 0.5240793228149414, 0.5467422008514404, 0.5113314390182495, 0.44334277510643005, 0.42917847633361816, 0.5042492747306824, 0.49433428049087524, 0.4844192564487457, 0.43201133608818054, 0.48158639669418335, 0.5212464332580566, 0.45609065890312195, 0.44192636013031006, 0.5410764813423157, 0.49291783571243286, 0.5297450423240662], "AUC": [0.49990972876548767, 0.49833476543426514, 0.499349981546402, 0.5035871863365173, 0.47774237394332886, 0.49760451912879944, 0.5124188661575317, 0.5025920867919922, 0.5004855394363403, 0.47430363297462463, 0.49572664499282837, 0.5182370543479919, 0.4721047580242157, 0.49623221158981323, 0.5330514311790466, 0.5066287517547607, 0.5029492378234863, 0.4878098964691162, 0.49051833152770996, 0.5186543464660645, 0.5413975119590759], "val_loss": [0.020404204726219177, 0.0482616163790226, 0.040648363530635834, 0.024019204080104828, 0.0262936819344759, 0.0473707877099514, 0.030237330123782158, 0.022003840655088425, 0.04660600796341896, 0.14318408071994781, 0.03043658845126629, 0.036014530807733536, 0.047489091753959656, 0.020724965259432793, 0.03868941590189934, 0.026385944336652756, 0.026679938659071922, 0.020513856783509254, 0.03546889126300812, 0.04065042361617088, 0.021313384175300598], "val_accuracy": [0.6618182063102722, 0.6618182063102722, 0.33818182349205017, 0.33818182349205017, 0.6618182063102722, 0.6618182063102722, 0.33818182349205017, 0.33818182349205017, 0.6618182063102722, 0.33818182349205017, 0.33818182349205017, 0.6618182063102722, 0.33818182349205017, 0.6618182063102722, 0.6618182063102722, 0.33818182349205017, 0.33818182349205017, 0.6618182063102722, 0.33818182349205017, 0.6618182063102722, 0.6618182063102722], "val_benchmark_1": [93.0, 93.0, 182.0, 182.0, 93.0, 93.0, 182.0, 182.0, 93.0, 182.0, 182.0, 93.0, 182.0, 93.0, 93.0, 182.0, 182.0, 93.0, 182.0, 93.0, 93.0], "val_TP": [182.0, 182.0, 0.0, 0.0, 182.0, 182.0, 0.0, 0.0, 182.0, 0.0, 0.0, 182.0, 0.0, 182.0, 182.0, 0.0, 0.0, 182.0, 0.0, 182.0, 182.0], "val_TN": [0.0, 0.0, 93.0, 93.0, 0.0, 0.0, 93.0, 93.0, 0.0, 93.0, 93.0, 0.0, 93.0, 0.0, 0.0, 93.0, 93.0, 0.0, 93.0, 0.0, 0.0], "val_FP": [93.0, 93.0, 0.0, 0.0, 93.0, 93.0, 0.0, 0.0, 93.0, 0.0, 0.0, 93.0, 0.0, 93.0, 93.0, 0.0, 0.0, 93.0, 0.0, 93.0, 93.0], "val_FN": [0.0, 0.0, 182.0, 182.0, 0.0, 0.0, 182.0, 182.0, 0.0, 182.0, 182.0, 0.0, 182.0, 0.0, 0.0, 182.0, 182.0, 0.0, 182.0, 0.0, 0.0], "val_Precision": [0.6618182063102722, 0.6618182063102722, 0.0, 0.0, 0.6618182063102722, 0.6618182063102722, 0.0, 0.0, 0.6618182063102722, 0.0, 0.0, 0.6618182063102722, 0.0, 0.6618182063102722, 0.6618182063102722, 0.0, 0.0, 0.6618182063102722, 0.0, 0.6618182063102722, 0.6618182063102722], "val_Recall": [1.0, 1.0, 0.0, 0.0, 1.0, 1.0, 0.0, 0.0, 1.0, 0.0, 0.0, 1.0, 0.0, 1.0, 1.0, 0.0, 0.0, 1.0, 0.0, 1.0, 1.0], "val_AUC": [0.5, 0.5, 0.5, 0.5, 0.5, 0.5, 0.5, 0.5, 0.5, 0.5, 0.5, 0.5, 0.5, 0.5, 0.5, 0.5, 0.5, 0.5, 0.5, 0.5, 0.5]}