{"loss": [0.04340611770749092, 0.04342348501086235, 0.04337504878640175, 0.04327782616019249, 0.04336179792881012, 0.04327787458896637, 0.043249934911727905, 0.043302468955516815, 0.043273232877254486, 0.0432562530040741, 0.04318754002451897, 0.043232135474681854, 0.043194547295570374, 0.04316222667694092, 0.04310288280248642, 0.04311414808034897, 0.04314352199435234, 0.04312267526984215, 0.04307009279727936, 0.04312698170542717, 0.043040208518505096, 0.04304905980825424, 0.04303060099482536, 0.0430547371506691, 0.04302585870027542, 0.0429154597222805, 0.0429406575858593, 0.04296610504388809, 0.04302682355046272, 0.042928703129291534, 0.042864229530096054, 0.04281747713685036, 0.04282629117369652, 0.042866915464401245], "accuracy": [0.4867503345012665, 0.47698745131492615, 0.4972105920314789, 0.5020920634269714, 0.4993026554584503, 0.5076708793640137, 0.5292887091636658, 0.5146443247795105, 0.5125523209571838, 0.5230125784873962, 0.5020920634269714, 0.5181310772895813, 0.5118549466133118, 0.5362622141838074, 0.5474197864532471, 0.5495118498802185, 0.526499330997467, 0.5390515923500061, 0.5543932914733887, 0.5509065389633179, 0.555787980556488, 0.5516039133071899, 0.5418410301208496, 0.5509065389633179, 0.5641562342643738, 0.5760111808776855, 0.555787980556488, 0.555787980556488, 0.5536959767341614, 0.5655509233474731, 0.5627614855766296, 0.5794979333877563, 0.5794979333877563, 0.573221743106842], "benchmark_1102": [736.0, 750.0, 721.0, 714.0, 718.0, 706.0, 675.0, 696.0, 699.0, 684.0, 714.0, 691.0, 700.0, 665.0, 649.0, 646.0, 679.0, 661.0, 639.0, 644.0, 637.0, 643.0, 657.0, 644.0, 625.0, 608.0, 637.0, 637.0, 640.0, 623.0, 627.0, 603.0, 603.0, 612.0], "TP": [539.0, 491.0, 466.0, 455.0, 412.0, 393.0, 385.0, 380.0, 356.0, 364.0, 353.0, 345.0, 330.0, 375.0, 347.0, 353.0, 320.0, 369.0, 381.0, 347.0, 342.0, 335.0, 338.0, 320.0, 336.0, 354.0, 349.0, 324.0, 327.0, 334.0, 329.0, 341.0, 337.0, 335.0], "TN": [159.0, 193.0, 247.0, 265.0, 304.0, 335.0, 374.0, 358.0, 379.0, 386.0, 367.0, 398.0, 404.0, 394.0, 438.0, 435.0, 435.0, 404.0, 414.0, 443.0, 455.0, 456.0, 439.0, 470.0, 473.0, 472.0, 448.0, 473.0, 467.0, 477.0, 478.0, 490.0, 494.0, 487.0], "FP": [558.0, 524.0, 470.0, 452.0, 413.0, 382.0, 343.0, 359.0, 338.0, 331.0, 350.0, 319.0, 313.0, 323.0, 279.0, 282.0, 282.0, 313.0, 303.0, 274.0, 262.0, 261.0, 278.0, 247.0, 244.0, 245.0, 269.0, 244.0, 250.0, 240.0, 239.0, 227.0, 223.0, 230.0], "FN": [178.0, 226.0, 251.0, 262.0, 305.0, 324.0, 332.0, 337.0, 361.0, 353.0, 364.0, 372.0, 387.0, 342.0, 370.0, 364.0, 397.0, 348.0, 336.0, 370.0, 375.0, 382.0, 379.0, 397.0, 381.0, 363.0, 368.0, 393.0, 390.0, 383.0, 388.0, 376.0, 380.0, 382.0], "Precision": [0.4913400113582611, 0.4837438464164734, 0.497863233089447, 0.501653790473938, 0.49939393997192383, 0.5070967674255371, 0.5288461446762085, 0.5142083764076233, 0.5129683017730713, 0.5237410068511963, 0.5021337270736694, 0.5195783376693726, 0.5132192969322205, 0.5372492671012878, 0.5543131232261658, 0.5559055209159851, 0.5315614342689514, 0.5410557389259338, 0.5570175647735596, 0.5587761402130127, 0.5662251710891724, 0.5620805621147156, 0.548701286315918, 0.5643739104270935, 0.5793103575706482, 0.5909850001335144, 0.5647249221801758, 0.5704225301742554, 0.566724419593811, 0.5818815231323242, 0.5792253613471985, 0.6003521084785461, 0.6017857193946838, 0.5929203629493713], "Recall": [0.7517433762550354, 0.6847977638244629, 0.6499302387237549, 0.6345885396003723, 0.5746164321899414, 0.5481171607971191, 0.5369595289230347, 0.5299860239028931, 0.4965132474899292, 0.5076708793640137, 0.4923291504383087, 0.48117154836654663, 0.4602510333061218, 0.5230125784873962, 0.48396095633506775, 0.4923291504383087, 0.446304053068161, 0.5146443247795105, 0.5313807725906372, 0.48396095633506775, 0.47698745131492615, 0.4672245383262634, 0.4714086353778839, 0.446304053068161, 0.4686192572116852, 0.4937238395214081, 0.4867503345012665, 0.45188283920288086, 0.45606693625450134, 0.46582984924316406, 0.45885634422302246, 0.4755927622318268, 0.47001394629478455, 0.4672245383262634], "AUC": [0.478441447019577, 0.46762722730636597, 0.492518812417984, 0.52568519115448, 0.498886376619339, 0.5145218372344971, 0.5230164527893066, 0.5098903179168701, 0.521405816078186, 0.5186514258384705, 0.5418040156364441, 0.5144702792167664, 0.5376452207565308, 0.5433037877082825, 0.5565709471702576, 0.550192654132843, 0.5381402373313904, 0.5519861578941345, 0.5506877303123474, 0.5470366477966309, 0.559299111366272, 0.5655615925788879, 0.5637030005455017, 0.56528240442276, 0.569485068321228, 0.5980364680290222, 0.5685746669769287, 0.5781246423721313, 0.5747905969619751, 0.5710868835449219, 0.5961886048316956, 0.5905349254608154, 0.5883115530014038, 0.5888757109642029], "val_loss": [0.04333515837788582, 0.04306589812040329, 0.04278403893113136, 0.042516257613897324, 0.042287424206733704, 0.04210682958364487, 0.04199979826807976, 0.04195334389805794, 0.04193790256977081, 0.041964154690504074, 0.042026031762361526, 0.042150579392910004, 0.04231356084346771, 0.042482733726501465, 0.042608894407749176, 0.04273140802979469, 0.04278208687901497, 0.0428176186978817, 0.04284829646348953, 0.04285585507750511, 0.04284188151359558, 0.042831726372241974, 0.042809467762708664, 0.04275479540228844, 0.04276067018508911, 0.042730797082185745, 0.042707283049821854, 0.04270928353071213, 0.04267006739974022, 0.04266650602221489, 0.04267134889960289, 0.04262305051088333, 0.04258408397436142, 0.04250983148813248], "val_accuracy": [0.3781818151473999, 0.6218181848526001, 0.6218181848526001, 0.6218181848526001, 0.6218181848526001, 0.6218181848526001, 0.6218181848526001, 0.6218181848526001, 0.6218181848526001, 0.6218181848526001, 0.6218181848526001, 0.6218181848526001, 0.6218181848526001, 0.6290909051895142, 0.610909104347229, 0.5745454430580139, 0.5600000023841858, 0.5490909218788147, 0.5745454430580139, 0.5600000023841858, 0.5600000023841858, 0.5672727227210999, 0.5709090828895569, 0.5563636422157288, 0.5636363625526428, 0.5600000023841858, 0.5709090828895569, 0.5745454430580139, 0.581818163394928, 0.5709090828895569, 0.5672727227210999, 0.5745454430580139, 0.5709090828895569, 0.5709090828895569], "val_benchmark_1102": [171.0, 104.0, 104.0, 104.0, 104.0, 104.0, 104.0, 104.0, 104.0, 104.0, 104.0, 104.0, 104.0, 102.0, 107.0, 117.0, 121.0, 124.0, 117.0, 121.0, 121.0, 119.0, 118.0, 122.0, 120.0, 121.0, 118.0, 117.0, 115.0, 118.0, 119.0, 117.0, 118.0, 118.0], "val_TP": [0.0, 171.0, 171.0, 171.0, 171.0, 171.0, 171.0, 171.0, 171.0, 171.0, 171.0, 171.0, 171.0, 170.0, 152.0, 121.0, 102.0, 91.0, 88.0, 83.0, 82.0, 82.0, 83.0, 86.0, 83.0, 83.0, 85.0, 82.0, 85.0, 82.0, 78.0, 81.0, 82.0, 87.0], "val_TN": [104.0, 0.0, 0.0, 0.0, 0.0, 0.0, 0.0, 0.0, 0.0, 0.0, 0.0, 0.0, 0.0, 3.0, 16.0, 37.0, 52.0, 60.0, 70.0, 71.0, 72.0, 74.0, 74.0, 67.0, 72.0, 71.0, 72.0, 76.0, 75.0, 75.0, 78.0, 77.0, 75.0, 70.0], "val_FP": [0.0, 104.0, 104.0, 104.0, 104.0, 104.0, 104.0, 104.0, 104.0, 104.0, 104.0, 104.0, 104.0, 101.0, 88.0, 67.0, 52.0, 44.0, 34.0, 33.0, 32.0, 30.0, 30.0, 37.0, 32.0, 33.0, 32.0, 28.0, 29.0, 29.0, 26.0, 27.0, 29.0, 34.0], "val_FN": [171.0, 0.0, 0.0, 0.0, 0.0, 0.0, 0.0, 0.0, 0.0, 0.0, 0.0, 0.0, 0.0, 1.0, 19.0, 50.0, 69.0, 80.0, 83.0, 88.0, 89.0, 89.0, 88.0, 85.0, 88.0, 88.0, 86.0, 89.0, 86.0, 89.0, 93.0, 90.0, 89.0, 84.0], "val_Precision": [0.0, 0.6218181848526001, 0.6218181848526001, 0.6218181848526001, 0.6218181848526001, 0.6218181848526001, 0.6218181848526001, 0.6218181848526001, 0.6218181848526001, 0.6218181848526001, 0.6218181848526001, 0.6218181848526001, 0.6218181848526001, 0.6273062825202942, 0.6333333253860474, 0.6436170339584351, 0.6623376607894897, 0.6740740537643433, 0.7213114500045776, 0.7155172228813171, 0.719298243522644, 0.7321428656578064, 0.7345132827758789, 0.6991869807243347, 0.7217391133308411, 0.7155172228813171, 0.7264957427978516, 0.7454545497894287, 0.7456140518188477, 0.7387387156486511, 0.75, 0.75, 0.7387387156486511, 0.7190082669258118],