{"loss": [0.7894682884216309, 0.7622644901275635, 0.7438808083534241, 0.744581937789917, 0.7219588756561279, 0.7296186685562134, 0.7115711569786072, 0.6838364601135254, 0.6642140746116638, 0.6574804782867432, 0.654789388179779, 0.6321597695350647, 0.6028076410293579, 0.5947449207305908, 0.5834755301475525, 0.5628939270973206, 0.5598781108856201, 0.5157366991043091, 0.49726516008377075, 0.4820720851421356, 0.44455912709236145, 0.4154246747493744, 0.3977396488189697, 0.39691928029060364, 0.3381105363368988, 0.29389387369155884, 0.29157620668411255, 0.24466723203659058, 0.21923118829727173, 0.21009111404418945, 0.17754711210727692, 0.14739078283309937, 0.12552665174007416, 0.0878412052989006, 0.11410816013813019, 0.14658395946025848, 0.10933801531791687, 0.08211541175842285, 0.10127071291208267, 0.12546953558921814, 0.09346301108598709, 0.08404001593589783, 0.08971722424030304, 0.0670282393693924, 0.11941607296466827, 0.08246783167123795, 0.08289364725351334, 0.06126094236969948, 0.06895729154348373, 0.04433553293347359, 0.03505557402968407, 0.02709697000682354, 0.04452737420797348, 0.052434928715229034, 0.03341245278716087, 0.038348838686943054, 0.09374592453241348, 0.03733649477362633, 0.02126295678317547, 0.023873768746852875, 0.02745647169649601, 0.014485430903732777, 0.024903006851673126], "accuracy": [0.5055788159370422, 0.5230125784873962, 0.5202231407165527, 0.5125523209571838, 0.5411436557769775, 0.5299860239028931, 0.5502092242240906, 0.5808926224708557, 0.6094839572906494, 0.6018131375312805, 0.6011157631874084, 0.633193850517273, 0.6673640012741089, 0.677126944065094, 0.6959553956985474, 0.7029288411140442, 0.7112970948219299, 0.7531380653381348, 0.7615062594413757, 0.7705718278884888, 0.7956764101982117, 0.8186889886856079, 0.8158996105194092, 0.827754557132721, 0.8619247078895569, 0.8821478486061096, 0.883542537689209, 0.9002789258956909, 0.9107391834259033, 0.9211994409561157, 0.9316596984863281, 0.9435146450996399, 0.9581589698791504, 0.974198043346405, 0.9609484076499939, 0.9386332035064697, 0.9623430967330933, 0.9714086651802063, 0.9616457223892212, 0.9553695917129517, 0.9644351601600647, 0.9707112908363342, 0.9672245383262634, 0.9748954176902771, 0.956764280796051, 0.9665272235870361, 0.9665272235870361, 0.9804741740226746, 0.9790794849395752, 0.9846583008766174, 0.9895397424697876, 0.9895397424697876, 0.9853556752204895, 0.9860529899597168, 0.9874476790428162, 0.9895397424697876, 0.9679219126701355, 0.9832636117935181, 0.9958158731460571, 0.991631805896759, 0.9923291206359863, 0.9965132474899292, 0.9930264949798584], "benchmark_138": [709.0, 684.0, 688.0, 699.0, 658.0, 674.0, 645.0, 601.0, 560.0, 571.0, 572.0, 526.0, 477.0, 463.0, 436.0, 426.0, 414.0, 354.0, 342.0, 329.0, 293.0, 260.0, 264.0, 247.0, 198.0, 169.0, 167.0, 143.0, 128.0, 113.0, 98.0, 81.0, 60.0, 37.0, 56.0, 88.0, 54.0, 41.0, 55.0, 64.0, 51.0, 42.0, 47.0, 36.0, 62.0, 48.0, 48.0, 28.0, 30.0, 22.0, 15.0, 15.0, 21.0, 20.0, 18.0, 15.0, 46.0, 24.0, 6.0, 12.0, 11.0, 5.0, 10.0], "TP": [357.0, 381.0, 364.0, 365.0, 377.0, 382.0, 406.0, 419.0, 432.0, 425.0, 430.0, 461.0, 474.0, 474.0, 492.0, 500.0, 505.0, 526.0, 541.0, 543.0, 553.0, 578.0, 575.0, 582.0, 606.0, 632.0, 638.0, 642.0, 648.0, 670.0, 666.0, 672.0, 689.0, 696.0, 688.0, 670.0, 686.0, 696.0, 692.0, 680.0, 691.0, 695.0, 692.0, 701.0, 689.0, 692.0, 693.0, 704.0, 702.0, 706.0, 707.0, 709.0, 705.0, 704.0, 709.0, 708.0, 693.0, 702.0, 713.0, 712.0, 711.0, 714.0, 710.0], "TN": [368.0, 369.0, 382.0, 370.0, 399.0, 378.0, 383.0, 414.0, 442.0, 438.0, 432.0, 447.0, 483.0, 497.0, 506.0, 508.0, 515.0, 554.0, 551.0, 562.0, 588.0, 596.0, 595.0, 605.0, 630.0, 633.0, 629.0, 649.0, 658.0, 651.0, 670.0, 681.0, 685.0, 701.0, 690.0, 676.0, 694.0, 697.0, 687.0, 690.0, 692.0, 697.0, 695.0, 697.0, 683.0, 694.0, 693.0, 702.0, 702.0, 706.0, 712.0, 710.0, 708.0, 710.0, 707.0, 711.0, 695.0, 708.0, 715.0, 710.0, 712.0, 715.0, 714.0], "FP": [349.0, 348.0, 335.0, 347.0, 318.0, 339.0, 334.0, 303.0, 275.0, 279.0, 285.0, 270.0, 234.0, 220.0, 211.0, 209.0, 202.0, 163.0, 166.0, 155.0, 129.0, 121.0, 122.0, 112.0, 87.0, 84.0, 88.0, 68.0, 59.0, 66.0, 47.0, 36.0, 32.0, 16.0, 27.0, 41.0, 23.0, 20.0, 30.0, 27.0, 25.0, 20.0, 22.0, 20.0, 34.0, 23.0, 24.0, 15.0, 15.0, 11.0, 5.0, 7.0, 9.0, 7.0, 10.0, 6.0, 22.0, 9.0, 2.0, 7.0, 5.0, 2.0, 3.0], "FN": [360.0, 336.0, 353.0, 352.0, 340.0, 335.0, 311.0, 298.0, 285.0, 292.0, 287.0, 256.0, 243.0, 243.0, 225.0, 217.0, 212.0, 191.0, 176.0, 174.0, 164.0, 139.0, 142.0, 135.0, 111.0, 85.0, 79.0, 75.0, 69.0, 47.0, 51.0, 45.0, 28.0, 21.0, 29.0, 47.0, 31.0, 21.0, 25.0, 37.0, 26.0, 22.0, 25.0, 16.0, 28.0, 25.0, 24.0, 13.0, 15.0, 11.0, 10.0, 8.0, 12.0, 13.0, 8.0, 9.0, 24.0, 15.0, 4.0, 5.0, 6.0, 3.0, 7.0], "Precision": [0.5056657195091248, 0.5226337313652039, 0.5207439064979553, 0.5126404762268066, 0.5424460172653198, 0.529819667339325, 0.5486486554145813, 0.5803323984146118, 0.6110325455665588, 0.6036931872367859, 0.6013985872268677, 0.6306429505348206, 0.6694915294647217, 0.6829971075057983, 0.699857771396637, 0.7052186131477356, 0.7142857313156128, 0.7634252309799194, 0.7652050852775574, 0.7779369354248047, 0.8108504414558411, 0.8268955945968628, 0.8249641060829163, 0.8386167287826538, 0.8744588494300842, 0.8826815485954285, 0.8787878751754761, 0.9042253494262695, 0.9165487885475159, 0.9103260636329651, 0.9340813755989075, 0.9491525292396545, 0.9556171894073486, 0.9775280952453613, 0.9622377753257751, 0.9423347115516663, 0.9675599336624146, 0.9720670580863953, 0.9584487676620483, 0.9618104696273804, 0.9650837779045105, 0.9720279574394226, 0.9691876769065857, 0.9722607731819153, 0.9529737234115601, 0.9678321480751038, 0.9665272235870361, 0.9791377186775208, 0.9790794849395752, 0.9846583008766174, 0.992977499961853, 0.9902234673500061, 0.9873949289321899, 0.9901546835899353, 0.9860917925834656, 0.9915966391563416, 0.9692307710647583, 0.9873417615890503, 0.9972028136253357, 0.9902642369270325, 0.99301677942276, 0.9972066879272461, 0.9957924485206604], "Recall": [0.49790793657302856, 0.5313807725906372, 0.5076708793640137, 0.509065568447113, 0.525801956653595, 0.5327754616737366, 0.5662482380867004, 0.5843793749809265, 0.6025104522705078, 0.5927475690841675, 0.5997210741043091, 0.6429567933082581, 0.6610878705978394, 0.6610878705978394, 0.6861924529075623, 0.6973500847816467, 0.7043235898017883, 0.7336122989654541, 0.7545327544212341, 0.7573221921920776, 0.7712692022323608, 0.8061366677284241, 0.801952600479126, 0.8117154836654663, 0.8451882600784302, 0.8814504742622375, 0.8898186683654785, 0.8953974843025208, 0.9037656784057617, 0.9344490766525269, 0.9288703203201294, 0.9372385144233704, 0.9609484076499939, 0.9707112908363342, 0.9595537185668945, 0.9344490766525269, 0.956764280796051, 0.9707112908363342, 0.965132474899292, 0.9483960866928101, 0.9637377858161926, 0.9693166017532349, 0.965132474899292, 0.9776847958564758, 0.9609484076499939, 0.965132474899292, 0.9665272235870361, 0.9818689227104187, 0.9790794849395752, 0.9846583008766174, 0.9860529899597168, 0.9888424277305603, 0.9832636117935181, 0.9818689227104187, 0.9888424277305603, 0.9874476790428162, 0.9665272235870361, 0.9790794849395752, 0.9944211840629578, 0.9930264949798584, 0.991631805896759, 0.9958158731460571, 0.9902371168136597],