{"loss": [0.737716019153595, 0.6966370344161987, 0.6860790252685547, 0.6802799701690674, 0.6722567677497864, 0.6625971794128418, 0.6530056595802307, 0.6422890424728394, 0.6384226679801941, 0.6316759586334229, 0.6267287135124207, 0.6205649375915527, 0.6185729503631592, 0.6168793439865112, 0.613963782787323, 0.6143062114715576, 0.6056725382804871, 0.6107596755027771, 0.603926956653595, 0.5983641743659973, 0.5966268181800842, 0.5971089601516724, 0.5935679078102112, 0.5873230695724487, 0.5861770510673523, 0.5835739970207214, 0.5832458138465881, 0.5836743712425232, 0.5716497302055359, 0.575506865978241, 0.5677374601364136, 0.5659677386283875, 0.5651593804359436, 0.5572475790977478, 0.5535991787910461, 0.5532227158546448, 0.550128698348999, 0.5471243858337402, 0.5460870862007141, 0.5464905500411987, 0.5433372855186462, 0.542364239692688, 0.5356976389884949, 0.5320193767547607, 0.5345847010612488, 0.5329000353813171, 0.5243213772773743, 0.5233955383300781, 0.5192728638648987, 0.5155854821205139, 0.5141595602035522], "accuracy": [0.5, 0.5027893781661987, 0.560669481754303, 0.5676429271697998, 0.5913528800010681, 0.6004183888435364, 0.6004183888435364, 0.6178521513938904, 0.6101813316345215, 0.6304044723510742, 0.6304044723510742, 0.6443514823913574, 0.6520223021507263, 0.6576011180877686, 0.6701534390449524, 0.6562064290046692, 0.6708507537841797, 0.6631799340248108, 0.6729428172111511, 0.6806136965751648, 0.6868898272514343, 0.6882845163345337, 0.6729428172111511, 0.6861924529075623, 0.7001394629478455, 0.7015341520309448, 0.6931659579277039, 0.6924686431884766, 0.6994421482086182, 0.6966527104377747, 0.7078103423118591, 0.7008368372917175, 0.7015341520309448, 0.7119944095611572, 0.7112970948219299, 0.7168758511543274, 0.7126917839050293, 0.7189679145812988, 0.7092050313949585, 0.7168758511543274, 0.7217572927474976, 0.7343096137046814, 0.7252440452575684, 0.7308228611946106, 0.7273361086845398, 0.7266387939453125, 0.7391910552978516, 0.7419804930686951, 0.7489539980888367, 0.7538354396820068, 0.7461645603179932], "benchmark_1338": [717.0, 713.0, 630.0, 620.0, 586.0, 573.0, 573.0, 548.0, 559.0, 530.0, 530.0, 510.0, 499.0, 491.0, 473.0, 493.0, 472.0, 483.0, 469.0, 458.0, 449.0, 447.0, 469.0, 450.0, 430.0, 428.0, 440.0, 441.0, 431.0, 435.0, 419.0, 429.0, 428.0, 413.0, 414.0, 406.0, 412.0, 403.0, 417.0, 406.0, 399.0, 381.0, 394.0, 386.0, 391.0, 392.0, 374.0, 370.0, 360.0, 353.0, 364.0], "TP": [0.0, 19.0, 223.0, 287.0, 329.0, 355.0, 374.0, 400.0, 400.0, 416.0, 432.0, 417.0, 450.0, 448.0, 458.0, 443.0, 452.0, 456.0, 452.0, 469.0, 474.0, 483.0, 450.0, 472.0, 478.0, 481.0, 472.0, 477.0, 480.0, 478.0, 483.0, 472.0, 477.0, 487.0, 476.0, 481.0, 472.0, 486.0, 472.0, 486.0, 486.0, 487.0, 487.0, 491.0, 485.0, 492.0, 499.0, 487.0, 504.0, 510.0, 507.0], "TN": [717.0, 702.0, 581.0, 527.0, 519.0, 506.0, 487.0, 486.0, 475.0, 488.0, 472.0, 507.0, 485.0, 495.0, 503.0, 498.0, 510.0, 495.0, 513.0, 507.0, 511.0, 504.0, 515.0, 512.0, 526.0, 525.0, 522.0, 516.0, 523.0, 521.0, 532.0, 533.0, 529.0, 534.0, 544.0, 547.0, 550.0, 545.0, 545.0, 542.0, 549.0, 566.0, 553.0, 557.0, 558.0, 550.0, 561.0, 577.0, 570.0, 571.0, 563.0], "FP": [0.0, 15.0, 136.0, 190.0, 198.0, 211.0, 230.0, 231.0, 242.0, 229.0, 245.0, 210.0, 232.0, 222.0, 214.0, 219.0, 207.0, 222.0, 204.0, 210.0, 206.0, 213.0, 202.0, 205.0, 191.0, 192.0, 195.0, 201.0, 194.0, 196.0, 185.0, 184.0, 188.0, 183.0, 173.0, 170.0, 167.0, 172.0, 172.0, 175.0, 168.0, 151.0, 164.0, 160.0, 159.0, 167.0, 156.0, 140.0, 147.0, 146.0, 154.0], "FN": [717.0, 698.0, 494.0, 430.0, 388.0, 362.0, 343.0, 317.0, 317.0, 301.0, 285.0, 300.0, 267.0, 269.0, 259.0, 274.0, 265.0, 261.0, 265.0, 248.0, 243.0, 234.0, 267.0, 245.0, 239.0, 236.0, 245.0, 240.0, 237.0, 239.0, 234.0, 245.0, 240.0, 230.0, 241.0, 236.0, 245.0, 231.0, 245.0, 231.0, 231.0, 230.0, 230.0, 226.0, 232.0, 225.0, 218.0, 230.0, 213.0, 207.0, 210.0], "Precision": [0.0, 0.5588235259056091, 0.621169924736023, 0.6016771197319031, 0.6242884397506714, 0.6272084712982178, 0.6192052960395813, 0.6339144110679626, 0.6230529546737671, 0.6449612379074097, 0.6381093263626099, 0.6650717854499817, 0.6598240733146667, 0.6686567068099976, 0.6815476417541504, 0.6691842675209045, 0.6858876943588257, 0.6725663542747498, 0.6890243887901306, 0.6907216310501099, 0.6970587968826294, 0.693965494632721, 0.6901840567588806, 0.6971935033798218, 0.7144992351531982, 0.7147102355957031, 0.7076461911201477, 0.7035398483276367, 0.7121661901473999, 0.7091988325119019, 0.7230538725852966, 0.7195122241973877, 0.7172932624816895, 0.7268656492233276, 0.7334360480308533, 0.7388632893562317, 0.7386541366577148, 0.738601803779602, 0.7329192757606506, 0.7352496385574341, 0.7431192398071289, 0.7633228898048401, 0.7480798959732056, 0.7542242407798767, 0.7531055808067322, 0.7465857267379761, 0.761832058429718, 0.7767145037651062, 0.774193525314331, 0.7774389982223511, 0.7670196890830994], "Recall": [0.0, 0.026499303057789803, 0.3110181391239166, 0.4002789258956909, 0.45885634422302246, 0.49511855840682983, 0.5216178297996521, 0.5578800439834595, 0.5578800439834595, 0.5801952481269836, 0.6025104522705078, 0.581589937210083, 0.6276150345802307, 0.624825656414032, 0.6387726664543152, 0.6178521513938904, 0.6304044723510742, 0.6359832882881165, 0.6304044723510742, 0.6541143655776978, 0.6610878705978394, 0.6736401915550232, 0.6276150345802307, 0.6582984924316406, 0.6666666865348816, 0.6708507537841797, 0.6582984924316406, 0.6652719378471375, 0.6694560647010803, 0.6666666865348816, 0.6736401915550232, 0.6582984924316406, 0.6652719378471375, 0.6792189478874207, 0.6638772487640381, 0.6708507537841797, 0.6582984924316406, 0.6778242588043213, 0.6582984924316406, 0.6778242588043213, 0.6778242588043213, 0.6792189478874207, 0.6792189478874207, 0.6847977638244629, 0.6764295697212219, 0.6861924529075623, 0.6959553956985474, 0.6792189478874207, 0.7029288411140442, 0.7112970948219299, 0.7071129679679871], "AUC": [0.5071359276771545, 0.5394173264503479, 0.5864596962928772, 0.6064941883087158, 0.6393095254898071, 0.6546717286109924, 0.6679378747940063, 0.677492618560791, 0.6790370345115662, 0.6899067759513855, 0.6963608860969543, 0.7065255045890808, 0.7091923952102661, 0.7125293612480164, 0.7181227207183838, 0.7174331545829773, 0.7277747392654419, 0.7209256887435913, 0.730463981628418, 0.7377613186836243, 0.7395159602165222, 0.7397211194038391, 0.7422090768814087, 0.751236617565155, 0.7513630986213684, 0.7566735148429871, 0.7549422383308411, 0.7550240159034729, 0.7691868543624878, 0.76507568359375, 0.7708052396774292, 0.7730684280395508, 0.7741081714630127, 0.7826029062271118, 0.7859631180763245, 0.7857500910758972, 0.7899137735366821, 0.7922052145004272, 0.792253851890564, 0.7921585440635681, 0.7969340085983276, 0.7990727424621582, 0.8020168542861938, 0.8039969205856323, 0.8025964498519897, 0.8058643937110901, 0.813041090965271, 0.8130411505699158, 0.8182173371315002, 0.8204230666160583, 0.8197696208953857], "val_loss": [0.7526485323905945, 0.7062758803367615, 0.6798133254051208, 0.6632987260818481, 0.694986879825592, 0.8168274760246277, 1.0103034973144531, 1.1489806175231934, 1.1035805940628052, 0.9374973177909851, 0.7531793713569641, 0.6368579268455505, 0.6054887771606445, 0.6059080958366394, 0.6148809194564819, 0.6193829774856567, 0.6273330450057983, 0.6278682351112366, 0.6199203729629517, 0.6216098666191101, 0.6183523535728455, 0.6157257556915283, 0.6189242601394653, 0.6087256669998169, 0.6146634817123413, 0.6130560636520386, 0.6116817593574524, 0.6125767230987549, 0.6083172559738159, 0.6067202091217041, 0.6015720963478088, 0.6008246541023254, 0.6029754281044006, 0.5994367003440857, 0.5972013473510742, 0.5940741896629333, 0.5961442589759827, 0.5950487852096558, 0.5962346196174622, 0.6001774072647095, 0.5922126770019531, 0.5902534127235413, 0.598479688167572, 0.6051982045173645, 0.6023698449134827, 0.5976230502128601, 0.5960333347320557, 0.5988057255744934, 0.5999199151992798, 0.5954689979553223, 0.6003215909004211],