{"loss": [0.9707320928573608, 0.3472215533256531, 0.25013983249664307, 0.19864219427108765, 0.15484736859798431, 0.12173312902450562, 0.08630314469337463, 0.0692809596657753, 0.05542212352156639, 0.0472089946269989, 0.04444710910320282, 0.04560748487710953, 0.04092589020729065, 0.03748849779367447, 0.03738966956734657, 0.03386100381612778, 0.03383142501115799, 0.029939334839582443, 0.0344625785946846, 0.030538449063897133, 0.027182376012206078, 0.02532419003546238, 0.02829017862677574, 0.024277523159980774, 0.022713836282491684, 0.021448533982038498, 0.023144949227571487, 0.020614687353372574, 0.020818660035729408, 0.019887961447238922, 0.02030107192695141, 0.01818722113966942, 0.015772368758916855, 0.015745675191283226], "accuracy": [0.5223152041435242, 0.5160390734672546, 0.508368194103241, 0.5097628831863403, 0.517433762550354, 0.526499330997467, 0.5536959767341614, 0.5592747330665588, 0.6025104522705078, 0.6234309673309326, 0.6450487971305847, 0.6457461714744568, 0.6666666865348816, 0.7022315263748169, 0.7105997204780579, 0.7552301287651062, 0.7433751821517944, 0.7887029051780701, 0.7622036337852478, 0.7991631627082825, 0.8096234202384949, 0.8451882600784302, 0.8124128580093384, 0.8514644503593445, 0.8682008385658264, 0.8709902167320251, 0.8633193969726562, 0.8800557851791382, 0.8877266645431519, 0.8758716583251953, 0.8933054208755493, 0.9002789258956909, 0.9253835678100586, 0.9086471199989319], "benchmark_1365": [685.0, 694.0, 705.0, 703.0, 692.0, 679.0, 640.0, 632.0, 570.0, 540.0, 509.0, 508.0, 478.0, 427.0, 415.0, 351.0, 368.0, 303.0, 341.0, 288.0, 273.0, 222.0, 269.0, 213.0, 189.0, 185.0, 196.0, 172.0, 161.0, 178.0, 153.0, 143.0, 107.0, 131.0], "TP": [393.0, 366.0, 362.0, 372.0, 368.0, 379.0, 393.0, 394.0, 434.0, 450.0, 449.0, 451.0, 475.0, 487.0, 497.0, 516.0, 516.0, 535.0, 522.0, 531.0, 565.0, 589.0, 572.0, 592.0, 605.0, 610.0, 605.0, 619.0, 633.0, 619.0, 625.0, 642.0, 659.0, 649.0], "TN": [356.0, 374.0, 367.0, 359.0, 374.0, 376.0, 401.0, 408.0, 430.0, 444.0, 476.0, 475.0, 481.0, 520.0, 522.0, 567.0, 550.0, 596.0, 571.0, 615.0, 596.0, 623.0, 593.0, 629.0, 640.0, 639.0, 633.0, 643.0, 640.0, 637.0, 656.0, 649.0, 668.0, 654.0], "FP": [361.0, 343.0, 350.0, 358.0, 343.0, 341.0, 316.0, 309.0, 287.0, 273.0, 241.0, 242.0, 236.0, 197.0, 195.0, 150.0, 167.0, 121.0, 146.0, 102.0, 121.0, 94.0, 124.0, 88.0, 77.0, 78.0, 84.0, 74.0, 77.0, 80.0, 61.0, 68.0, 49.0, 63.0], "FN": [324.0, 351.0, 355.0, 345.0, 349.0, 338.0, 324.0, 323.0, 283.0, 267.0, 268.0, 266.0, 242.0, 230.0, 220.0, 201.0, 201.0, 182.0, 195.0, 186.0, 152.0, 128.0, 145.0, 125.0, 112.0, 107.0, 112.0, 98.0, 84.0, 98.0, 92.0, 75.0, 58.0, 68.0], "Precision": [0.5212201476097107, 0.5162200331687927, 0.5084269642829895, 0.5095890164375305, 0.5175808668136597, 0.5263888835906982, 0.5543018579483032, 0.5604552030563354, 0.6019417643547058, 0.6224066615104675, 0.6507246494293213, 0.6507936716079712, 0.6680731177330017, 0.7119883298873901, 0.7182080745697021, 0.7747747898101807, 0.7554904818534851, 0.8155487775802612, 0.78143709897995, 0.8388625383377075, 0.8236151337623596, 0.8623718619346619, 0.8218390941619873, 0.8705882430076599, 0.8870967626571655, 0.8866279125213623, 0.8780841827392578, 0.893217921257019, 0.891549289226532, 0.8855507969856262, 0.911078691482544, 0.9042253494262695, 0.9307909607887268, 0.9115168452262878], "Recall": [0.5481171607971191, 0.5104602575302124, 0.5048814415931702, 0.5188284516334534, 0.5132496356964111, 0.5285913348197937, 0.5481171607971191, 0.5495118498802185, 0.6052998900413513, 0.6276150345802307, 0.6262203454971313, 0.6290097832679749, 0.6624825596809387, 0.6792189478874207, 0.6931659579277039, 0.7196652889251709, 0.7196652889251709, 0.7461645603179932, 0.7280334830284119, 0.7405857443809509, 0.7880055904388428, 0.8214783668518066, 0.7977684736251831, 0.8256624937057495, 0.8437935709953308, 0.8507670760154724, 0.8437935709953308, 0.8633193969726562, 0.8828451633453369, 0.8633193969726562, 0.8716875910758972, 0.8953974843025208, 0.9191073775291443, 0.9051603674888611], "AUC": [0.5184500813484192, 0.5174881815910339, 0.5073168873786926, 0.5188683271408081, 0.5258593559265137, 0.5330867171287537, 0.5820120573043823, 0.5885488986968994, 0.6444069147109985, 0.6646854281425476, 0.7082470059394836, 0.6927176117897034, 0.7304892539978027, 0.773670494556427, 0.7748512029647827, 0.8275152444839478, 0.828981876373291, 0.8627689480781555, 0.838652491569519, 0.8667253851890564, 0.8937363028526306, 0.9117370843887329, 0.8907426595687866, 0.9185101389884949, 0.933246910572052, 0.9401932954788208, 0.9383813738822937, 0.9474176168441772, 0.9503782391548157, 0.9514519572257996, 0.9559969305992126, 0.9669122695922852, 0.973256528377533, 0.9716761112213135], "val_loss": [0.25960952043533325, 0.05051276460289955, 0.07726165652275085, 0.1369457095861435, 0.06162689998745918, 0.044044628739356995, 0.051634714007377625, 0.12096831202507019, 0.08193102478981018, 0.06993526965379715, 0.05187671631574631, 0.1599583625793457, 0.04483215510845184, 0.0394856333732605, 0.04293092340230942, 0.09507912397384644, 0.049811456352472305, 0.06519182026386261, 0.15888682007789612, 0.08090251684188843, 0.058510083705186844, 0.06437135487794876, 0.1611333191394806, 0.13088884949684143, 0.3121282160282135, 0.22334317862987518, 0.12886659801006317, 0.24414251744747162, 0.12086974829435349, 0.3974974453449249, 0.21749289333820343, 0.11397655308246613, 0.1972290277481079, 0.16436466574668884], "val_accuracy": [0.3781818151473999, 0.6218181848526001, 0.6218181848526001, 0.3781818151473999, 0.6218181848526001, 0.4763636291027069, 0.6218181848526001, 0.6218181848526001, 0.6218181848526001, 0.6218181848526001, 0.6254545450210571, 0.6218181848526001, 0.6509090662002563, 0.6581818461418152, 0.614545464515686, 0.6327272653579712, 0.5709090828895569, 0.6472727060317993, 0.6363636255264282, 0.4654545485973358, 0.6290909051895142, 0.5563636422157288, 0.6327272653579712, 0.5090909004211426, 0.4290909171104431, 0.4981818199157715, 0.5199999809265137, 0.45818182826042175, 0.5927272439002991, 0.4290909171104431, 0.607272744178772, 0.614545464515686, 0.5600000023841858, 0.585454523563385], "val_benchmark_1365": [171.0, 104.0, 104.0, 171.0, 104.0, 144.0, 104.0, 104.0, 104.0, 104.0, 103.0, 104.0, 96.0, 94.0, 106.0, 101.0, 118.0, 97.0, 100.0, 147.0, 102.0, 122.0, 101.0, 135.0, 157.0, 138.0, 132.0, 149.0, 112.0, 157.0, 108.0, 106.0, 121.0, 114.0], "val_TP": [0.0, 171.0, 171.0, 0.0, 171.0, 36.0, 171.0, 171.0, 171.0, 171.0, 170.0, 171.0, 162.0, 138.0, 101.0, 170.0, 77.0, 154.0, 170.0, 29.0, 105.0, 66.0, 146.0, 42.0, 14.0, 35.0, 45.0, 23.0, 78.0, 14.0, 142.0, 111.0, 68.0, 95.0], "val_TN": [104.0, 0.0, 0.0, 104.0, 0.0, 95.0, 0.0, 0.0, 0.0, 0.0, 2.0, 0.0, 17.0, 43.0, 68.0, 4.0, 80.0, 24.0, 5.0, 99.0, 68.0, 87.0, 28.0, 98.0, 104.0, 102.0, 98.0, 103.0, 85.0, 104.0, 25.0, 58.0, 86.0, 66.0], "val_FP": [0.0, 104.0, 104.0, 0.0, 104.0, 9.0, 104.0, 104.0, 104.0, 104.0, 102.0, 104.0, 87.0, 61.0, 36.0, 100.0, 24.0, 80.0, 99.0, 5.0, 36.0, 17.0, 76.0, 6.0, 0.0, 2.0, 6.0, 1.0, 19.0, 0.0, 79.0, 46.0, 18.0, 38.0], "val_FN": [171.0, 0.0, 0.0, 171.0, 0.0, 135.0, 0.0, 0.0, 0.0, 0.0, 1.0, 0.0, 9.0, 33.0, 70.0, 1.0, 94.0, 17.0, 1.0, 142.0, 66.0, 105.0, 25.0, 129.0, 157.0, 136.0, 126.0, 148.0, 93.0, 157.0, 29.0, 60.0, 103.0, 76.0], "val_Precision": [0.0, 0.6218181848526001, 0.6218181848526001, 0.0, 0.6218181848526001, 0.800000011920929, 0.6218181848526001, 0.6218181848526001, 0.6218181848526001, 0.6218181848526001, 0.625, 0.6218181848526001, 0.650602400302887, 0.6934673190116882, 0.7372262477874756, 0.6296296119689941, 0.7623762488365173, 0.6581196784973145, 0.6319702863693237, 0.8529411554336548, 0.7446808218955994, 0.7951807379722595, 0.6576576828956604, 0.875, 1.0, 0.9459459185600281, 0.8823529481887817, 0.9583333134651184, 0.8041236996650696, 1.0, 0.6425339579582214, 0.7070063948631287, 0.7906976938247681, 0.7142857313156128],