{"loss": [0.6883554458618164, 0.6777755618095398, 0.66019606590271, 0.6559231281280518, 0.6410492658615112, 0.6406620144844055, 0.6342772841453552, 0.6211292147636414, 0.6270352005958557, 0.607454240322113, 0.6153581142425537, 0.6106024384498596, 0.5964443683624268, 0.6063122749328613, 0.591053307056427, 0.581842839717865, 0.5849300622940063, 0.5854257941246033, 0.5903669595718384, 0.5741674900054932, 0.5751254558563232, 0.5839372277259827, 0.5805139541625977, 0.56898432970047, 0.5671623349189758, 0.5689091086387634, 0.566714346408844, 0.5593213438987732, 0.5771409869194031, 0.5592244267463684, 0.5763674378395081], "accuracy": [0.5564853549003601, 0.5760111808776855, 0.5948396325111389, 0.5934448838233948, 0.6129707098007202, 0.6276150345802307, 0.6394700407981873, 0.6541143655776978, 0.6492329239845276, 0.6652719378471375, 0.6499302387237549, 0.6610878705978394, 0.6799163222312927, 0.6659693121910095, 0.6687586903572083, 0.672245442867279, 0.6820083856582642, 0.6889818906784058, 0.6729428172111511, 0.6938633322715759, 0.6882845163345337, 0.677126944065094, 0.6813110113143921, 0.6945606470108032, 0.6827057003974915, 0.7050209045410156, 0.7008368372917175, 0.698047399520874, 0.6813110113143921, 0.7043235898017883, 0.6924686431884766], "benchmark_437": [636.0, 608.0, 581.0, 583.0, 555.0, 534.0, 517.0, 496.0, 503.0, 480.0, 502.0, 486.0, 459.0, 479.0, 475.0, 470.0, 456.0, 446.0, 469.0, 439.0, 447.0, 463.0, 457.0, 438.0, 455.0, 423.0, 429.0, 433.0, 457.0, 424.0, 441.0], "TP": [423.0, 366.0, 416.0, 439.0, 440.0, 476.0, 458.0, 481.0, 463.0, 490.0, 482.0, 490.0, 484.0, 485.0, 479.0, 485.0, 485.0, 484.0, 453.0, 486.0, 474.0, 469.0, 476.0, 494.0, 457.0, 495.0, 480.0, 469.0, 462.0, 477.0, 448.0], "TN": [375.0, 460.0, 437.0, 412.0, 439.0, 424.0, 459.0, 457.0, 468.0, 464.0, 450.0, 458.0, 491.0, 470.0, 480.0, 479.0, 493.0, 504.0, 512.0, 509.0, 513.0, 502.0, 501.0, 502.0, 522.0, 516.0, 525.0, 532.0, 515.0, 533.0, 545.0], "FP": [342.0, 257.0, 280.0, 305.0, 278.0, 293.0, 258.0, 260.0, 249.0, 253.0, 267.0, 259.0, 226.0, 247.0, 237.0, 238.0, 224.0, 213.0, 205.0, 208.0, 204.0, 215.0, 216.0, 215.0, 195.0, 201.0, 192.0, 185.0, 202.0, 184.0, 172.0], "FN": [294.0, 351.0, 301.0, 278.0, 277.0, 241.0, 259.0, 236.0, 254.0, 227.0, 235.0, 227.0, 233.0, 232.0, 238.0, 232.0, 232.0, 233.0, 264.0, 231.0, 243.0, 248.0, 241.0, 223.0, 260.0, 222.0, 237.0, 248.0, 255.0, 240.0, 269.0], "Precision": [0.5529412031173706, 0.5874799489974976, 0.5977011322975159, 0.5900537371635437, 0.6128133535385132, 0.6189857125282288, 0.6396648287773132, 0.6491228342056274, 0.6502808928489685, 0.6594885587692261, 0.643524706363678, 0.6542056202888489, 0.6816901564598083, 0.6625683307647705, 0.6689944267272949, 0.6708160638809204, 0.6840620636940002, 0.6944046020507812, 0.6884498596191406, 0.7002881765365601, 0.6991150379180908, 0.6856725215911865, 0.6878612637519836, 0.6967560052871704, 0.7009202241897583, 0.7112069129943848, 0.7142857313156128, 0.7171253561973572, 0.6957831382751465, 0.7216339111328125, 0.7225806713104248], "Recall": [0.589958131313324, 0.5104602575302124, 0.5801952481269836, 0.6122733354568481, 0.6136680841445923, 0.6638772487640381, 0.6387726664543152, 0.6708507537841797, 0.6457461714744568, 0.6834030747413635, 0.672245442867279, 0.6834030747413635, 0.6750348806381226, 0.6764295697212219, 0.668061375617981, 0.6764295697212219, 0.6764295697212219, 0.6750348806381226, 0.6317991614341736, 0.6778242588043213, 0.6610878705978394, 0.6541143655776978, 0.6638772487640381, 0.6889818906784058, 0.6373779773712158, 0.6903765797615051, 0.6694560647010803, 0.6541143655776978, 0.6443514823913574, 0.6652719378471375, 0.624825656414032], "AUC": [0.5657784342765808, 0.6045820116996765, 0.6424617767333984, 0.6442950367927551, 0.6722104549407959, 0.6854581832885742, 0.6928051114082336, 0.7118719220161438, 0.7033246755599976, 0.7266611456871033, 0.7141419053077698, 0.7248249053955078, 0.74285489320755, 0.7247781157493591, 0.7438623905181885, 0.7523648738861084, 0.7506034970283508, 0.7516714334487915, 0.7471001744270325, 0.761858344078064, 0.7615470886230469, 0.7557922601699829, 0.7556142807006836, 0.7695486545562744, 0.7696235179901123, 0.7710415720939636, 0.7726415991783142, 0.7747617363929749, 0.7645095586776733, 0.7800195813179016, 0.7597166895866394], "val_loss": [0.7089834213256836, 0.6991339325904846, 0.6776416897773743, 0.6922277808189392, 0.676821231842041, 0.7206628322601318, 0.7025029063224792, 0.7033602595329285, 0.7233470678329468, 0.7131961584091187, 0.682394802570343, 0.7418687343597412, 0.6527774930000305, 0.6828842163085938, 0.691178560256958, 0.6962034702301025, 0.7456648349761963, 0.716514527797699, 0.6902662515640259, 0.8333467245101929, 0.7233993411064148, 0.7670727372169495, 0.8133792281150818, 1.1571866273880005, 0.9181232452392578, 1.6536837816238403, 1.0981900691986084, 0.9928736686706543, 0.715523362159729, 1.0636173486709595, 0.9429662227630615], "val_accuracy": [0.3781818151473999, 0.3781818151473999, 0.6218181848526001, 0.589090883731842, 0.6218181848526001, 0.3781818151473999, 0.3781818151473999, 0.3781818151473999, 0.3781818151473999, 0.3781818151473999, 0.6327272653579712, 0.3781818151473999, 0.6218181848526001, 0.5600000023841858, 0.47999998927116394, 0.46909090876579285, 0.3781818151473999, 0.4145454466342926, 0.46909090876579285, 0.3781818151473999, 0.40727272629737854, 0.38181817531585693, 0.3927272856235504, 0.3781818151473999, 0.3781818151473999, 0.3781818151473999, 0.3781818151473999, 0.3781818151473999, 0.44363635778427124, 0.3781818151473999, 0.3781818151473999], "val_benchmark_437": [171.0, 171.0, 104.0, 113.0, 104.0, 171.0, 171.0, 171.0, 171.0, 171.0, 101.0, 171.0, 104.0, 121.0, 143.0, 146.0, 171.0, 161.0, 146.0, 171.0, 163.0, 170.0, 167.0, 171.0, 171.0, 171.0, 171.0, 171.0, 153.0, 171.0, 171.0], "val_TP": [0.0, 0.0, 171.0, 137.0, 171.0, 0.0, 0.0, 0.0, 0.0, 0.0, 140.0, 0.0, 171.0, 78.0, 36.0, 31.0, 0.0, 10.0, 26.0, 0.0, 8.0, 1.0, 4.0, 0.0, 0.0, 0.0, 0.0, 0.0, 19.0, 0.0, 0.0], "val_TN": [104.0, 104.0, 0.0, 25.0, 0.0, 104.0, 104.0, 104.0, 104.0, 104.0, 34.0, 104.0, 0.0, 76.0, 96.0, 98.0, 104.0, 104.0, 103.0, 104.0, 104.0, 104.0, 104.0, 104.0, 104.0, 104.0, 104.0, 104.0, 103.0, 104.0, 104.0], "val_FP": [0.0, 0.0, 104.0, 79.0, 104.0, 0.0, 0.0, 0.0, 0.0, 0.0, 70.0, 0.0, 104.0, 28.0, 8.0, 6.0, 0.0, 0.0, 1.0, 0.0, 0.0, 0.0, 0.0, 0.0, 0.0, 0.0, 0.0, 0.0, 1.0, 0.0, 0.0], "val_FN": [171.0, 171.0, 0.0, 34.0, 0.0, 171.0, 171.0, 171.0, 171.0, 171.0, 31.0, 171.0, 0.0, 93.0, 135.0, 140.0, 171.0, 161.0, 145.0, 171.0, 163.0, 170.0, 167.0, 171.0, 171.0, 171.0, 171.0, 171.0, 152.0, 171.0, 171.0], "val_Precision": [0.0, 0.0, 0.6218181848526001, 0.6342592835426331, 0.6218181848526001, 0.0, 0.0, 0.0, 0.0, 0.0, 0.6666666865348816, 0.0, 0.6218181848526001, 0.7358490824699402, 0.8181818127632141, 0.837837815284729, 0.0, 1.0, 0.9629629850387573, 0.0, 1.0, 1.0, 1.0, 0.0, 0.0, 0.0, 0.0, 0.0, 0.949999988079071, 0.0, 0.0], "val_Recall": [0.0, 0.0, 1.0, 0.8011695742607117, 1.0, 0.0, 0.0, 0.0, 0.0, 0.0, 0.8187134265899658, 0.0, 1.0, 0.45614033937454224, 0.21052631735801697, 0.1812865436077118, 0.0, 0.05847953259944916, 0.1520467847585678, 0.0, 0.046783626079559326, 0.005847953259944916, 0.023391813039779663, 0.0, 0.0, 0.0, 0.0, 0.0, 0.1111111119389534, 0.0, 0.0], "val_AUC": [0.49811628460884094, 0.5542341470718384, 0.46676790714263916, 0.5308141708374023, 0.4794759154319763, 0.5334570407867432, 0.5817869901657104, 0.6270805597305298, 0.6497413516044617, 0.6389170289039612, 0.6299481987953186, 0.6203048229217529, 0.6429656147956848, 0.6717554926872253, 0.685953676700592, 0.6571356058120728, 0.6320006251335144, 0.6649796962738037, 0.7216598987579346, 0.6699842810630798, 0.6865721940994263, 0.6762820482254028, 0.7003486752510071, 0.6517937779426575, 0.703413188457489, 0.6370895504951477, 0.6349527835845947, 0.6719242334365845, 0.689046323299408, 0.6607344150543213, 0.6925045251846313]}