{"loss": [0.6895551681518555, 0.6758441925048828, 0.6695180535316467, 0.6748040318489075, 0.6667234897613525, 0.6674050688743591, 0.6490605473518372, 0.6299923062324524, 0.6305964589118958, 0.6144348978996277, 0.6009989380836487, 0.594659149646759, 0.574674129486084, 0.5576671361923218, 0.5427532196044922, 0.5321815013885498, 0.5195907354354858, 0.5144971013069153, 0.48023584485054016, 0.4790423512458801, 0.4455736577510834, 0.4307190179824829, 0.413849800825119, 0.396747887134552, 0.43055176734924316, 0.3929499685764313, 0.3872981667518616, 0.3545595109462738, 0.34499287605285645, 0.3314288854598999, 0.31972256302833557, 0.2964748740196228, 0.2919411361217499, 0.2694309651851654, 0.23398041725158691, 0.24651755392551422, 0.23619064688682556, 0.22860771417617798, 0.2276989221572876, 0.2404787540435791, 0.20919695496559143, 0.18998289108276367, 0.16541403532028198], "accuracy": [0.526499330997467, 0.5578800439834595, 0.569037675857544, 0.5669456124305725, 0.5808926224708557, 0.5774058699607849, 0.6108786463737488, 0.6373779773712158, 0.6283124089241028, 0.6582984924316406, 0.6638772487640381, 0.6534169912338257, 0.6820083856582642, 0.7085076570510864, 0.7210599780082703, 0.732914924621582, 0.7294281721115112, 0.7475592494010925, 0.7705718278884888, 0.7622036337852478, 0.7887029051780701, 0.7956764101982117, 0.8026499152183533, 0.822873055934906, 0.7998605370521545, 0.8312413096427917, 0.8110181093215942, 0.8354253768920898, 0.8514644503593445, 0.8563458919525146, 0.8647140860557556, 0.8695955276489258, 0.874476969242096, 0.8800557851791382, 0.9002789258956909, 0.8988842368125916, 0.9058577418327332, 0.9037656784057617, 0.909344494342804, 0.8974895477294922, 0.913528561592102, 0.9260808825492859, 0.9372385144233704], "benchmark_1578": [679.0, 634.0, 618.0, 621.0, 601.0, 606.0, 558.0, 520.0, 533.0, 490.0, 482.0, 497.0, 456.0, 418.0, 400.0, 383.0, 388.0, 362.0, 329.0, 341.0, 303.0, 293.0, 283.0, 254.0, 287.0, 242.0, 271.0, 236.0, 213.0, 206.0, 194.0, 187.0, 180.0, 172.0, 143.0, 145.0, 135.0, 138.0, 130.0, 147.0, 124.0, 106.0, 90.0], "TP": [383.0, 314.0, 280.0, 303.0, 318.0, 327.0, 359.0, 397.0, 384.0, 442.0, 466.0, 447.0, 463.0, 496.0, 503.0, 524.0, 525.0, 527.0, 555.0, 539.0, 573.0, 577.0, 579.0, 599.0, 579.0, 595.0, 582.0, 607.0, 617.0, 611.0, 627.0, 629.0, 631.0, 634.0, 647.0, 644.0, 653.0, 647.0, 649.0, 641.0, 654.0, 663.0, 666.0], "TN": [372.0, 486.0, 536.0, 510.0, 515.0, 501.0, 517.0, 517.0, 517.0, 502.0, 486.0, 490.0, 515.0, 520.0, 531.0, 527.0, 521.0, 545.0, 550.0, 554.0, 558.0, 564.0, 572.0, 581.0, 568.0, 597.0, 581.0, 591.0, 604.0, 617.0, 613.0, 618.0, 623.0, 628.0, 644.0, 645.0, 646.0, 649.0, 655.0, 646.0, 656.0, 665.0, 678.0], "FP": [345.0, 231.0, 181.0, 207.0, 202.0, 216.0, 200.0, 200.0, 200.0, 215.0, 231.0, 227.0, 202.0, 197.0, 186.0, 190.0, 196.0, 172.0, 167.0, 163.0, 159.0, 153.0, 145.0, 136.0, 149.0, 120.0, 136.0, 126.0, 113.0, 100.0, 104.0, 99.0, 94.0, 89.0, 73.0, 72.0, 71.0, 68.0, 62.0, 71.0, 61.0, 52.0, 39.0], "FN": [334.0, 403.0, 437.0, 414.0, 399.0, 390.0, 358.0, 320.0, 333.0, 275.0, 251.0, 270.0, 254.0, 221.0, 214.0, 193.0, 192.0, 190.0, 162.0, 178.0, 144.0, 140.0, 138.0, 118.0, 138.0, 122.0, 135.0, 110.0, 100.0, 106.0, 90.0, 88.0, 86.0, 83.0, 70.0, 73.0, 64.0, 70.0, 68.0, 76.0, 63.0, 54.0, 51.0], "Precision": [0.526098906993866, 0.5761467814445496, 0.6073752641677856, 0.5941176414489746, 0.6115384697914124, 0.6022099256515503, 0.6422182321548462, 0.6649916172027588, 0.6575342416763306, 0.6727549433708191, 0.668579638004303, 0.6632047295570374, 0.6962406039237976, 0.7157287001609802, 0.7300435304641724, 0.7338935732841492, 0.7281553149223328, 0.7539342045783997, 0.7686980366706848, 0.7678062915802002, 0.7827869057655334, 0.7904109358787537, 0.799723744392395, 0.8149659633636475, 0.7953296899795532, 0.8321678042411804, 0.8105849623680115, 0.8281036615371704, 0.8452054858207703, 0.8593530058860779, 0.8577291369438171, 0.8640109896659851, 0.8703448176383972, 0.8769018054008484, 0.8986111283302307, 0.8994413614273071, 0.9019337296485901, 0.9048951268196106, 0.9127988815307617, 0.9002808928489685, 0.9146853089332581, 0.9272727370262146, 0.9446808695793152], "Recall": [0.5341701507568359, 0.43793582916259766, 0.3905160427093506, 0.4225941300392151, 0.4435146450996399, 0.45606693625450134, 0.5006973743438721, 0.5536959767341614, 0.5355648398399353, 0.616457462310791, 0.6499302387237549, 0.6234309673309326, 0.6457461714744568, 0.6917712688446045, 0.7015341520309448, 0.7308228611946106, 0.73221755027771, 0.7350069880485535, 0.7740585803985596, 0.7517433762550354, 0.7991631627082825, 0.8047419786453247, 0.8075313568115234, 0.8354253768920898, 0.8075313568115234, 0.8298465609550476, 0.8117154836654663, 0.8465830087661743, 0.8605299592018127, 0.8521617650985718, 0.874476969242096, 0.8772664070129395, 0.8800557851791382, 0.884239912033081, 0.9023709893226624, 0.8981868624687195, 0.9107391834259033, 0.9023709893226624, 0.9051603674888611, 0.8940027952194214, 0.9121338725090027, 0.9246861934661865, 0.9288703203201294], "AUC": [0.5514793395996094, 0.5736351013183594, 0.5904453992843628, 0.5776927471160889, 0.6117315888404846, 0.6122499704360962, 0.6525503993034363, 0.6852694749832153, 0.6848716735839844, 0.7190408706665039, 0.7299621105194092, 0.733451783657074, 0.7601943016052246, 0.7828527092933655, 0.7957532405853271, 0.8051202893257141, 0.818294107913971, 0.8231891989707947, 0.848657488822937, 0.8484921455383301, 0.8711332082748413, 0.8799371123313904, 0.8895843029022217, 0.8998841047286987, 0.8816119432449341, 0.9061281085014343, 0.9063936471939087, 0.9209153652191162, 0.9260760545730591, 0.9327120184898376, 0.9368854761123657, 0.9466279149055481, 0.947830080986023, 0.9557917714118958, 0.966596245765686, 0.9626932740211487, 0.9654291868209839, 0.9680784344673157, 0.9683060050010681, 0.9644477963447571, 0.9733684062957764, 0.9776109457015991, 0.9827938675880432], "val_loss": [0.6699124574661255, 0.7398089170455933, 0.6753659248352051, 0.702359676361084, 0.6648853421211243, 0.6559826135635376, 0.8598493933677673, 0.7176691889762878, 3.086832046508789, 0.936893880367279, 2.3124277591705322, 5.334233283996582, 1.6650128364562988, 2.5048513412475586, 0.9582005739212036, 0.7535048723220825, 0.8687785863876343, 0.6533309817314148, 0.891565203666687, 1.8029907941818237, 1.1475350856781006, 0.7401184439659119, 0.7283987402915955, 1.3246618509292603, 1.1123312711715698, 0.6333690881729126, 0.6966317296028137, 0.7467392683029175, 0.9104170203208923, 1.0807981491088867, 1.3974783420562744, 1.8762608766555786, 2.1207492351531982, 1.139604091644287, 0.8049505352973938, 1.1584936380386353, 1.810143232345581, 2.0595643520355225, 1.5460408926010132, 0.9288346767425537, 1.1435096263885498, 1.8215367794036865, 1.4114062786102295], "val_accuracy": [0.6218181848526001, 0.6218181848526001, 0.6218181848526001, 0.6218181848526001, 0.6181818246841431, 0.6290909051895142, 0.44363635778427124, 0.5345454812049866, 0.6218181848526001, 0.6436363458633423, 0.6218181848526001, 0.6218181848526001, 0.6218181848526001, 0.6218181848526001, 0.6545454263687134, 0.6436363458633423, 0.6581818461418152, 0.6836363673210144, 0.6618182063102722, 0.6290909051895142, 0.6436363458633423, 0.6472727060317993, 0.6981818079948425, 0.6436363458633423, 0.6545454263687134, 0.6654545664787292, 0.6981818079948425, 0.6800000071525574, 0.6800000071525574, 0.6290909051895142, 0.6363636255264282, 0.6399999856948853, 0.6363636255264282, 0.6509090662002563, 0.6872727274894714, 0.6618182063102722, 0.6654545664787292, 0.6581818461418152, 0.6763636469841003, 0.6399999856948853, 0.6545454263687134, 0.6690909266471863, 0.6763636469841003], "val_benchmark_1578": [104.0, 104.0, 104.0, 104.0, 105.0, 102.0, 153.0, 128.0, 104.0, 98.0, 104.0, 104.0, 104.0, 104.0, 95.0, 98.0, 94.0, 87.0, 93.0, 102.0, 98.0, 97.0, 83.0, 98.0, 95.0, 92.0, 83.0, 88.0, 88.0, 102.0, 100.0, 99.0, 100.0, 96.0, 86.0, 93.0, 92.0, 94.0, 89.0, 99.0, 95.0, 91.0, 89.0],