{"loss": [0.34362345933914185, 0.33887171745300293, 0.3355485200881958, 0.33190497756004333, 0.32940205931663513, 0.32586470246315, 0.3237731158733368, 0.3218825161457062, 0.31985247135162354, 0.31729239225387573, 0.3152308464050293, 0.3136439323425293, 0.3135691285133362, 0.31205663084983826, 0.31186163425445557, 0.3105248212814331, 0.3096145987510681, 0.3095015585422516, 0.3087635040283203, 0.3072053790092468, 0.3057556450366974, 0.3035321831703186, 0.3047764003276825, 0.303655743598938, 0.30470338463783264, 0.30257755517959595, 0.30380746722221375, 0.30178794264793396, 0.30122414231300354, 0.3010723888874054, 0.3028539717197418, 0.30023640394210815, 0.2992328107357025, 0.300645112991333, 0.2995465099811554, 0.2978653609752655, 0.2997264266014099, 0.2981674075126648, 0.2957301735877991, 0.29636701941490173, 0.2966521382331848, 0.29795899987220764, 0.2946155369281769, 0.29569968581199646, 0.2942734360694885, 0.29459822177886963, 0.2926400303840637, 0.28988316655158997, 0.29206210374832153, 0.2916819155216217, 0.29149651527404785, 0.29169946908950806, 0.29284238815307617, 0.29036185145378113, 0.28946059942245483, 0.2890065014362335, 0.28756171464920044, 0.28752318024635315, 0.2890007495880127, 0.2881723940372467, 0.2858051061630249, 0.29008692502975464, 0.2846345603466034, 0.2844689190387726, 0.28655198216438293, 0.2858465909957886, 0.28585749864578247, 0.28470826148986816, 0.28300443291664124, 0.28372129797935486, 0.28410544991493225, 0.28116574883461, 0.2808736562728882, 0.2820521891117096, 0.28128206729888916, 0.2818434238433838], "accuracy": [0.543235719203949, 0.555787980556488, 0.5704323649406433, 0.5871687531471252, 0.6018131375312805, 0.6178521513938904, 0.6185495257377625, 0.6143653988838196, 0.6234309673309326, 0.6241283416748047, 0.6311017870903015, 0.6380752921104431, 0.6366806030273438, 0.633193850517273, 0.6380752921104431, 0.6317991614341736, 0.6492329239845276, 0.6366806030273438, 0.6457461714744568, 0.6499302387237549, 0.6569037437438965, 0.6457461714744568, 0.6520223021507263, 0.6499302387237549, 0.6464434862136841, 0.650627613067627, 0.6562064290046692, 0.6492329239845276, 0.651324987411499, 0.6527196764945984, 0.6638772487640381, 0.6582984924316406, 0.6485355496406555, 0.6541143655776978, 0.668061375617981, 0.6673640012741089, 0.6520223021507263, 0.6645746231079102, 0.668061375617981, 0.6659693121910095, 0.6638772487640381, 0.6610878705978394, 0.6729428172111511, 0.6562064290046692, 0.6673640012741089, 0.6589958071708679, 0.6645746231079102, 0.6841003894805908, 0.6715481281280518, 0.6757321953773499, 0.672245442867279, 0.6589958071708679, 0.6673640012741089, 0.6778242588043213, 0.6785216331481934, 0.6785216331481934, 0.6757321953773499, 0.6945606470108032, 0.6750348806381226, 0.6729428172111511, 0.6799163222312927, 0.6785216331481934, 0.6799163222312927, 0.6778242588043213, 0.6785216331481934, 0.6875871419906616, 0.6973500847816467, 0.6841003894805908, 0.6861924529075623, 0.6917712688446045, 0.6938633322715759, 0.6889818906784058, 0.6966527104377747, 0.6959553956985474, 0.6924686431884766, 0.6868898272514343], "benchmark_1001": [655.0, 637.0, 616.0, 592.0, 571.0, 548.0, 547.0, 553.0, 540.0, 539.0, 529.0, 519.0, 521.0, 526.0, 519.0, 528.0, 503.0, 521.0, 508.0, 502.0, 492.0, 508.0, 499.0, 502.0, 507.0, 501.0, 493.0, 503.0, 500.0, 498.0, 482.0, 490.0, 504.0, 496.0, 476.0, 477.0, 499.0, 481.0, 476.0, 479.0, 482.0, 486.0, 469.0, 493.0, 477.0, 489.0, 481.0, 453.0, 471.0, 465.0, 470.0, 489.0, 477.0, 462.0, 461.0, 461.0, 465.0, 438.0, 466.0, 469.0, 459.0, 461.0, 459.0, 462.0, 461.0, 448.0, 434.0, 453.0, 450.0, 442.0, 439.0, 446.0, 435.0, 436.0, 441.0, 449.0], "TP": [288.0, 382.0, 406.0, 432.0, 469.0, 480.0, 475.0, 475.0, 487.0, 476.0, 482.0, 477.0, 467.0, 482.0, 470.0, 463.0, 473.0, 465.0, 468.0, 468.0, 477.0, 473.0, 467.0, 466.0, 470.0, 464.0, 477.0, 459.0, 469.0, 469.0, 485.0, 467.0, 459.0, 473.0, 473.0, 468.0, 472.0, 469.0, 477.0, 473.0, 475.0, 473.0, 480.0, 466.0, 471.0, 475.0, 471.0, 489.0, 473.0, 486.0, 481.0, 461.0, 477.0, 483.0, 476.0, 481.0, 480.0, 497.0, 474.0, 482.0, 484.0, 475.0, 486.0, 479.0, 483.0, 488.0, 492.0, 488.0, 478.0, 489.0, 494.0, 487.0, 491.0, 491.0, 491.0, 477.0], "TN": [491.0, 415.0, 412.0, 410.0, 394.0, 406.0, 412.0, 406.0, 407.0, 419.0, 423.0, 438.0, 446.0, 426.0, 445.0, 443.0, 458.0, 448.0, 458.0, 464.0, 465.0, 453.0, 468.0, 466.0, 457.0, 469.0, 464.0, 472.0, 465.0, 467.0, 467.0, 477.0, 471.0, 465.0, 485.0, 489.0, 463.0, 484.0, 481.0, 482.0, 477.0, 475.0, 485.0, 475.0, 486.0, 470.0, 482.0, 492.0, 490.0, 483.0, 483.0, 484.0, 480.0, 489.0, 497.0, 492.0, 489.0, 499.0, 494.0, 483.0, 491.0, 498.0, 489.0, 493.0, 490.0, 498.0, 508.0, 493.0, 506.0, 503.0, 501.0, 501.0, 508.0, 507.0, 502.0, 508.0], "FP": [226.0, 302.0, 305.0, 307.0, 323.0, 311.0, 305.0, 311.0, 310.0, 298.0, 294.0, 279.0, 271.0, 291.0, 272.0, 274.0, 259.0, 269.0, 259.0, 253.0, 252.0, 264.0, 249.0, 251.0, 260.0, 248.0, 253.0, 245.0, 252.0, 250.0, 250.0, 240.0, 246.0, 252.0, 232.0, 228.0, 254.0, 233.0, 236.0, 235.0, 240.0, 242.0, 232.0, 242.0, 231.0, 247.0, 235.0, 225.0, 227.0, 234.0, 234.0, 233.0, 237.0, 228.0, 220.0, 225.0, 228.0, 218.0, 223.0, 234.0, 226.0, 219.0, 228.0, 224.0, 227.0, 219.0, 209.0, 224.0, 211.0, 214.0, 216.0, 216.0, 209.0, 210.0, 215.0, 209.0], "FN": [429.0, 335.0, 311.0, 285.0, 248.0, 237.0, 242.0, 242.0, 230.0, 241.0, 235.0, 240.0, 250.0, 235.0, 247.0, 254.0, 244.0, 252.0, 249.0, 249.0, 240.0, 244.0, 250.0, 251.0, 247.0, 253.0, 240.0, 258.0, 248.0, 248.0, 232.0, 250.0, 258.0, 244.0, 244.0, 249.0, 245.0, 248.0, 240.0, 244.0, 242.0, 244.0, 237.0, 251.0, 246.0, 242.0, 246.0, 228.0, 244.0, 231.0, 236.0, 256.0, 240.0, 234.0, 241.0, 236.0, 237.0, 220.0, 243.0, 235.0, 233.0, 242.0, 231.0, 238.0, 234.0, 229.0, 225.0, 229.0, 239.0, 228.0, 223.0, 230.0, 226.0, 226.0, 226.0, 240.0], "Precision": [0.5603112578392029, 0.5584795475006104, 0.5710267424583435, 0.5845737457275391, 0.5921717286109924, 0.6068267822265625, 0.6089743375778198, 0.6043257117271423, 0.6110414266586304, 0.6149870753288269, 0.6211340427398682, 0.6309523582458496, 0.6327913403511047, 0.6235446333885193, 0.6334232091903687, 0.6282225251197815, 0.6461748480796814, 0.6335150003433228, 0.6437414288520813, 0.6490984559059143, 0.654321014881134, 0.641791045665741, 0.6522346138954163, 0.6499302387237549, 0.6438356041908264, 0.6516854166984558, 0.6534246802330017, 0.6519886255264282, 0.6504854559898376, 0.6522948741912842, 0.6598639488220215, 0.6605374813079834, 0.651063859462738, 0.6524137854576111, 0.6709219813346863, 0.6724137663841248, 0.650137722492218, 0.6680911779403687, 0.6690042018890381, 0.6680790781974792, 0.6643356680870056, 0.6615384817123413, 0.6741573214530945, 0.6581920981407166, 0.6709401607513428, 0.6578947305679321, 0.6671388149261475, 0.6848739385604858, 0.6757143139839172, 0.675000011920929, 0.6727272868156433, 0.6642651557922363, 0.668067216873169, 0.6793248653411865, 0.6839080452919006, 0.6813031435012817, 0.6779661178588867, 0.6951048970222473, 0.6800574064254761, 0.673184335231781, 0.6816901564598083, 0.6844380497932434, 0.680672287940979, 0.6813655495643616, 0.6802816987037659, 0.6902404427528381, 0.7018544673919678, 0.6853932738304138, 0.6937590837478638, 0.6955903172492981, 0.6957746744155884, 0.6927453875541687, 0.7014285922050476, 0.7004279494285583, 0.6954674124717712, 0.6953352689743042],