{"loss": [0.6821690201759338, 0.6654766798019409, 0.658800482749939, 0.6461663246154785, 0.6377255916595459, 0.6329167485237122, 0.6267004609107971, 0.6257478594779968, 0.6172293424606323, 0.6198567748069763, 0.623245358467102, 0.6154099702835083, 0.6154546141624451, 0.6103154420852661, 0.6140786409378052, 0.6115530133247375, 0.6145199537277222, 0.6051232218742371, 0.5970025658607483, 0.5995274186134338, 0.6033316850662231, 0.6067174673080444], "accuracy": [0.5662482380867004, 0.5976290106773376, 0.6046025156974792, 0.607391893863678, 0.6408647298812866, 0.6373779773712158, 0.6394700407981873, 0.6429567933082581, 0.6589958071708679, 0.6499302387237549, 0.6464434862136841, 0.650627613067627, 0.6562064290046692, 0.6436541080474854, 0.6527196764945984, 0.6499302387237549, 0.650627613067627, 0.6520223021507263, 0.6624825596809387, 0.6736401915550232, 0.6555090546607971, 0.6589958071708679], "benchmark_1853": [622.0, 577.0, 567.0, 563.0, 515.0, 520.0, 517.0, 512.0, 489.0, 502.0, 507.0, 501.0, 493.0, 511.0, 498.0, 502.0, 501.0, 499.0, 484.0, 468.0, 494.0, 489.0], "TP": [428.0, 422.0, 422.0, 432.0, 466.0, 473.0, 458.0, 466.0, 486.0, 459.0, 454.0, 471.0, 453.0, 460.0, 464.0, 465.0, 460.0, 469.0, 469.0, 473.0, 451.0, 464.0], "TN": [384.0, 435.0, 445.0, 439.0, 453.0, 441.0, 459.0, 456.0, 459.0, 473.0, 473.0, 462.0, 488.0, 463.0, 472.0, 467.0, 473.0, 466.0, 481.0, 493.0, 489.0, 481.0], "FP": [333.0, 282.0, 272.0, 278.0, 264.0, 276.0, 258.0, 261.0, 258.0, 244.0, 244.0, 255.0, 229.0, 254.0, 245.0, 250.0, 244.0, 251.0, 236.0, 224.0, 228.0, 236.0], "FN": [289.0, 295.0, 295.0, 285.0, 251.0, 244.0, 259.0, 251.0, 231.0, 258.0, 263.0, 246.0, 264.0, 257.0, 253.0, 252.0, 257.0, 248.0, 248.0, 244.0, 266.0, 253.0], "Precision": [0.5624178647994995, 0.5994318127632141, 0.6080691814422607, 0.608450710773468, 0.6383561491966248, 0.6315087080001831, 0.6396648287773132, 0.6409903764724731, 0.6532257795333862, 0.6529160737991333, 0.6504297852516174, 0.6487603187561035, 0.6642228960990906, 0.6442577242851257, 0.6544429063796997, 0.6503496766090393, 0.6534090638160706, 0.6513888835906982, 0.6652482151985168, 0.6786226630210876, 0.6642120480537415, 0.6628571152687073], "Recall": [0.5969316363334656, 0.5885634422302246, 0.5885634422302246, 0.6025104522705078, 0.6499302387237549, 0.65969318151474, 0.6387726664543152, 0.6499302387237549, 0.6778242588043213, 0.6401673555374146, 0.633193850517273, 0.6569037437438965, 0.6317991614341736, 0.6415620446205139, 0.6471408605575562, 0.6485355496406555, 0.6415620446205139, 0.6541143655776978, 0.6541143655776978, 0.65969318151474, 0.6290097832679749, 0.6471408605575562], "AUC": [0.5817989706993103, 0.6334224939346313, 0.6528655290603638, 0.664814829826355, 0.6854259967803955, 0.693326473236084, 0.6984617710113525, 0.700559675693512, 0.7150872945785522, 0.707914412021637, 0.7049800753593445, 0.7153984904289246, 0.7148927450180054, 0.7212291955947876, 0.7170304656028748, 0.7211767435073853, 0.7152351140975952, 0.7276454567909241, 0.7390315532684326, 0.7350964546203613, 0.7301391959190369, 0.7260454297065735], "val_loss": [0.6899509429931641, 0.6580848693847656, 0.6600833535194397, 0.7005660533905029, 0.6875591278076172, 0.6472340822219849, 0.8078582882881165, 0.616460919380188, 0.6369490623474121, 0.6494271159172058, 0.60768061876297, 0.6470609307289124, 0.6105475425720215, 0.6692864894866943, 0.6091132760047913, 0.59954833984375, 0.623681902885437, 0.5804014205932617, 0.6100706458091736, 0.6062942147254944, 0.6255322694778442, 0.580963134765625], "val_accuracy": [0.4909090995788574, 0.6981818079948425, 0.5563636422157288, 0.5309090614318848, 0.5418182015419006, 0.607272744178772, 0.5090909004211426, 0.6436363458633423, 0.610909104347229, 0.589090883731842, 0.6327272653579712, 0.607272744178772, 0.6290909051895142, 0.589090883731842, 0.6363636255264282, 0.6290909051895142, 0.6181818246841431, 0.6800000071525574, 0.6327272653579712, 0.6327272653579712, 0.6218181848526001, 0.6618182063102722], "val_benchmark_1853": [140.0, 83.0, 122.0, 129.0, 126.0, 108.0, 135.0, 98.0, 107.0, 113.0, 101.0, 108.0, 102.0, 113.0, 100.0, 102.0, 105.0, 88.0, 101.0, 101.0, 104.0, 93.0], "val_TP": [40.0, 140.0, 58.0, 47.0, 52.0, 77.0, 43.0, 111.0, 82.0, 72.0, 90.0, 79.0, 92.0, 69.0, 96.0, 100.0, 88.0, 115.0, 96.0, 92.0, 83.0, 116.0], "val_TN": [95.0, 52.0, 95.0, 99.0, 97.0, 90.0, 97.0, 66.0, 86.0, 90.0, 84.0, 88.0, 81.0, 93.0, 79.0, 73.0, 82.0, 72.0, 78.0, 82.0, 88.0, 66.0], "val_FP": [9.0, 52.0, 9.0, 5.0, 7.0, 14.0, 7.0, 38.0, 18.0, 14.0, 20.0, 16.0, 23.0, 11.0, 25.0, 31.0, 22.0, 32.0, 26.0, 22.0, 16.0, 38.0], "val_FN": [131.0, 31.0, 113.0, 124.0, 119.0, 94.0, 128.0, 60.0, 89.0, 99.0, 81.0, 92.0, 79.0, 102.0, 75.0, 71.0, 83.0, 56.0, 75.0, 79.0, 88.0, 55.0], "val_Precision": [0.8163265585899353, 0.7291666865348816, 0.8656716346740723, 0.9038461446762085, 0.8813559412956238, 0.8461538553237915, 0.8600000143051147, 0.744966447353363, 0.8199999928474426, 0.8372092843055725, 0.8181818127632141, 0.8315789699554443, 0.800000011920929, 0.862500011920929, 0.7933884263038635, 0.7633587718009949, 0.800000011920929, 0.7823129296302795, 0.7868852615356445, 0.8070175647735596, 0.8383838534355164, 0.7532467246055603], "val_Recall": [0.23391813039779663, 0.8187134265899658, 0.3391812741756439, 0.27485379576683044, 0.3040935695171356, 0.4502924084663391, 0.2514619827270508, 0.6491228342056274, 0.4795321524143219, 0.42105263471603394, 0.5263158082962036, 0.46198830008506775, 0.5380116701126099, 0.4035087823867798, 0.5614035129547119, 0.5847952961921692, 0.5146198868751526, 0.6725146174430847, 0.5614035129547119, 0.5380116701126099, 0.4853801131248474, 0.6783625483512878], "val_AUC": [0.6698155403137207, 0.7329059839248657, 0.7382478713989258, 0.7426057457923889, 0.7428025007247925, 0.7392881512641907, 0.7129160761833191, 0.7122131586074829, 0.7459795475006104, 0.7481162548065186, 0.7616115808486938, 0.7365328669548035, 0.7469353675842285, 0.7430275082588196, 0.7448267936706543, 0.7365890741348267, 0.7378542423248291, 0.7473852634429932, 0.747357189655304, 0.7469635605812073, 0.7494096159934998, 0.7374887466430664]}