{"loss": [0.7147157788276672, 0.7035412192344666, 0.7056206464767456, 0.6970022320747375, 0.6958127617835999, 0.6955515742301941, 0.693108081817627, 0.6947160959243774, 0.6944149136543274, 0.6966680288314819, 0.6924603581428528, 0.6934657096862793, 0.6888809204101562, 0.6763796806335449, 0.679435670375824, 0.679949939250946, 0.6706523299217224, 0.6756588816642761, 0.6643557548522949, 0.670067548751831, 0.6639475226402283, 0.6676129102706909, 0.6659795045852661, 0.66368567943573, 0.6642572283744812, 0.664092481136322, 0.65645831823349, 0.6556809544563293, 0.6606314182281494, 0.6561198830604553, 0.6540216207504272, 0.6580101251602173, 0.64444500207901, 0.6500996351242065, 0.6525481939315796, 0.6510107517242432, 0.6447099447250366, 0.6453517079353333, 0.6455079913139343, 0.6485167741775513, 0.6407058835029602, 0.6322929263114929, 0.6400994062423706, 0.6425907611846924, 0.638612687587738], "accuracy": [0.5055788159370422, 0.49860531091690063, 0.48396095633506775, 0.5188284516334534, 0.4930264949798584, 0.4853556454181671, 0.5041841268539429, 0.49860531091690063, 0.5251045823097229, 0.509065568447113, 0.5237098932266235, 0.5369595289230347, 0.5334727764129639, 0.5585774183273315, 0.560669481754303, 0.5425383448600769, 0.5704323649406433, 0.5592747330665588, 0.5718270540237427, 0.560669481754303, 0.5564853549003601, 0.5676429271697998, 0.555787980556488, 0.5564853549003601, 0.5767084956169128, 0.5550906658172607, 0.5655509233474731, 0.5808926224708557, 0.5767084956169128, 0.569037675857544, 0.586471438407898, 0.5746164321899414, 0.5941422581672668, 0.5704323649406433, 0.5753138065338135, 0.5655509233474731, 0.599023699760437, 0.5871687531471252, 0.5962343215942383, 0.5955369472503662, 0.5969316363334656, 0.6185495257377625, 0.5941422581672668, 0.5857740640640259, 0.6150627732276917], "benchmark_670": [709.0, 719.0, 740.0, 690.0, 727.0, 738.0, 711.0, 719.0, 681.0, 704.0, 683.0, 664.0, 669.0, 633.0, 630.0, 656.0, 616.0, 632.0, 614.0, 630.0, 636.0, 620.0, 637.0, 636.0, 607.0, 638.0, 623.0, 601.0, 607.0, 618.0, 593.0, 610.0, 582.0, 616.0, 609.0, 623.0, 575.0, 592.0, 579.0, 580.0, 578.0, 547.0, 582.0, 594.0, 552.0], "TP": [366.0, 337.0, 351.0, 435.0, 312.0, 308.0, 450.0, 420.0, 313.0, 404.0, 334.0, 356.0, 333.0, 384.0, 404.0, 339.0, 305.0, 351.0, 366.0, 314.0, 287.0, 300.0, 338.0, 327.0, 299.0, 269.0, 245.0, 277.0, 284.0, 275.0, 259.0, 288.0, 280.0, 236.0, 294.0, 241.0, 251.0, 262.0, 301.0, 305.0, 278.0, 354.0, 312.0, 344.0, 341.0], "TN": [359.0, 378.0, 343.0, 309.0, 395.0, 388.0, 273.0, 295.0, 440.0, 326.0, 417.0, 414.0, 432.0, 417.0, 400.0, 439.0, 513.0, 451.0, 454.0, 490.0, 511.0, 514.0, 459.0, 471.0, 528.0, 527.0, 566.0, 556.0, 543.0, 541.0, 582.0, 536.0, 572.0, 582.0, 531.0, 570.0, 608.0, 580.0, 554.0, 549.0, 578.0, 533.0, 540.0, 496.0, 541.0], "FP": [358.0, 339.0, 374.0, 408.0, 322.0, 329.0, 444.0, 422.0, 277.0, 391.0, 300.0, 303.0, 285.0, 300.0, 317.0, 278.0, 204.0, 266.0, 263.0, 227.0, 206.0, 203.0, 258.0, 246.0, 189.0, 190.0, 151.0, 161.0, 174.0, 176.0, 135.0, 181.0, 145.0, 135.0, 186.0, 147.0, 109.0, 137.0, 163.0, 168.0, 139.0, 184.0, 177.0, 221.0, 176.0], "FN": [351.0, 380.0, 366.0, 282.0, 405.0, 409.0, 267.0, 297.0, 404.0, 313.0, 383.0, 361.0, 384.0, 333.0, 313.0, 378.0, 412.0, 366.0, 351.0, 403.0, 430.0, 417.0, 379.0, 390.0, 418.0, 448.0, 472.0, 440.0, 433.0, 442.0, 458.0, 429.0, 437.0, 481.0, 423.0, 476.0, 466.0, 455.0, 416.0, 412.0, 439.0, 363.0, 405.0, 373.0, 376.0], "Precision": [0.5055248737335205, 0.49852070212364197, 0.4841379225254059, 0.5160142183303833, 0.49211356043815613, 0.48351648449897766, 0.5033556818962097, 0.49881234765052795, 0.5305084586143494, 0.5081760883331299, 0.5268138647079468, 0.5402124524116516, 0.5388349294662476, 0.5614035129547119, 0.5603328943252563, 0.5494327545166016, 0.5992141366004944, 0.5688816905021667, 0.5818759799003601, 0.580406665802002, 0.5821501016616821, 0.596421480178833, 0.5671141147613525, 0.5706806182861328, 0.6127049326896667, 0.586056649684906, 0.618686854839325, 0.6324200630187988, 0.6200873255729675, 0.6097561120986938, 0.6573604345321655, 0.6140725016593933, 0.658823549747467, 0.6361185908317566, 0.612500011920929, 0.6211340427398682, 0.6972222328186035, 0.6566416025161743, 0.6487069129943848, 0.6448202729225159, 0.6666666865348816, 0.6579925417900085, 0.6380367875099182, 0.6088495850563049, 0.6595744490623474], "Recall": [0.5104602575302124, 0.47001394629478455, 0.4895397424697876, 0.6066945791244507, 0.4351464509963989, 0.4295676350593567, 0.6276150345802307, 0.5857740640640259, 0.4365411400794983, 0.5634588599205017, 0.46582984924316406, 0.4965132474899292, 0.4644351601600647, 0.5355648398399353, 0.5634588599205017, 0.47280335426330566, 0.4253835380077362, 0.4895397424697876, 0.5104602575302124, 0.43793582916259766, 0.4002789258956909, 0.4184100329875946, 0.4714086353778839, 0.45606693625450134, 0.41701534390449524, 0.375174343585968, 0.34170153737068176, 0.3863319456577301, 0.39609482884407043, 0.383542537689209, 0.3612273335456848, 0.40167364478111267, 0.3905160427093506, 0.3291492462158203, 0.41004183888435364, 0.3361227214336395, 0.35006973147392273, 0.3654114305973053, 0.41980475187301636, 0.4253835380077362, 0.38772663474082947, 0.4937238395214081, 0.4351464509963989, 0.47977685928344727, 0.4755927622318268], "AUC": [0.5059747099876404, 0.5077486634254456, 0.4863505959510803, 0.5178577899932861, 0.5004298686981201, 0.48089438676834106, 0.5198049545288086, 0.5068908333778381, 0.5257532596588135, 0.5248410701751709, 0.5351903438568115, 0.5438494086265564, 0.5537950992584229, 0.5853646397590637, 0.5871162414550781, 0.5608755946159363, 0.5954300165176392, 0.5713719129562378, 0.6032185554504395, 0.5785476565361023, 0.5898034572601318, 0.5864499807357788, 0.5650383830070496, 0.5746601819992065, 0.5914997458457947, 0.5628898739814758, 0.586328387260437, 0.6014853715896606, 0.5870423316955566, 0.5819157361984253, 0.6020290851593018, 0.5834583044052124, 0.6223971247673035, 0.5908063054084778, 0.6001665592193604, 0.5984334349632263, 0.6246963143348694, 0.6275508403778076, 0.6245144605636597, 0.6349484920501709, 0.6351380944252014, 0.6513842344284058, 0.6331209540367126, 0.6334185004234314, 0.6546755433082581], "val_loss": [0.6932586431503296, 0.6950650811195374, 0.6943700313568115, 0.6936060786247253, 0.6943653225898743, 0.6973191499710083, 0.6895647048950195, 0.6970179080963135, 0.6657178401947021, 0.8004230260848999, 0.7777875065803528, 0.8114768862724304, 2.9843013286590576, 2.569175958633423, 4.254662036895752, 0.731708288192749, 4.87535285949707, 4.14735221862793, 4.812912464141846, 3.1522819995880127, 0.6688675284385681, 1.2300240993499756, 0.6968986392021179, 0.701384961605072, 1.1683844327926636, 0.724296510219574, 0.7217951416969299, 4.321814060211182, 0.7188019156455994, 0.6836004257202148, 0.696483850479126, 0.7211055159568787, 4.494879245758057, 0.919267475605011, 0.7128005623817444, 1.957179307937622, 0.7599434852600098, 0.7194547653198242, 2.329291582107544, 0.6849130392074585, 0.7051998376846313, 0.7238959670066833, 0.6893105506896973, 0.721221387386322, 13.56247329711914], "val_accuracy": [0.3781818151473999, 0.3781818151473999, 0.3781818151473999, 0.3781818151473999, 0.3781818151473999, 0.3781818151473999, 0.6218181848526001, 0.3781818151473999, 0.6218181848526001, 0.6218181848526001, 0.3781818151473999, 0.3781818151473999, 0.6218181848526001, 0.6218181848526001, 0.6218181848526001, 0.3781818151473999, 0.6218181848526001, 0.6218181848526001, 0.6218181848526001, 0.6218181848526001, 0.589090883731842, 0.6218181848526001, 0.41090908646583557, 0.3781818151473999, 0.6363636255264282, 0.3781818151473999, 0.38181817531585693, 0.6218181848526001, 0.3781818151473999, 0.5963636636734009, 0.40727272629737854, 0.3781818151473999, 0.6218181848526001, 0.5963636636734009, 0.3781818151473999, 0.6363636255264282, 0.3781818151473999, 0.39636364579200745, 0.6218181848526001, 0.6036363840103149, 0.4399999976158142, 0.6218181848526001, 0.5236363410949707, 0.3563636243343353, 0.6218181848526001],