{"loss": [0.16863836348056793, 0.16133131086826324, 0.15176551043987274, 0.1446678787469864, 0.13916999101638794, 0.12914934754371643, 0.12381752580404282, 0.11868688464164734, 0.11179786175489426, 0.09551005065441132, 0.0900440588593483, 0.07877074927091599, 0.06501363962888718, 0.05980457738041878, 0.04613792896270752, 0.03316761180758476, 0.029726743698120117, 0.030474726110696793, 0.023957399651408195, 0.012754335068166256, 0.014314002357423306, 0.01654576137661934, 0.011579843237996101, 0.009241311810910702, 0.009095055982470512, 0.014921884052455425, 0.012398318387567997, 0.01731749437749386, 0.018613314256072044, 0.01023120991885662, 0.011104126460850239, 0.004773277789354324, 0.0038739298470318317, 0.003638763912022114, 0.0027728104032576084, 0.003594048321247101, 0.0015468404162675142, 0.0026118047535419464, 0.05234513804316521, 0.044984348118305206, 0.009384192526340485, 0.004009517375379801, 0.0022047271486371756, 0.0026047660503536463, 0.002948170527815819], "accuracy": [0.5634588599205017, 0.633891224861145, 0.6708507537841797, 0.7112970948219299, 0.732914924621582, 0.7608089447021484, 0.76778244972229, 0.7873082160949707, 0.7991631627082825, 0.8354253768920898, 0.8458856344223022, 0.866806149482727, 0.9072524309158325, 0.9170153141021729, 0.9344490766525269, 0.9602510333061218, 0.9637377858161926, 0.9609484076499939, 0.9686192274093628, 0.9874476790428162, 0.9867503643035889, 0.9748954176902771, 0.9867503643035889, 0.990934431552887, 0.9902371168136597, 0.9797768592834473, 0.982566237449646, 0.9721059799194336, 0.9755927324295044, 0.9874476790428162, 0.9818689227104187, 0.9979079365730286, 0.9972106218338013, 0.9979079365730286, 0.9965132474899292, 0.9972106218338013, 0.9993026256561279, 0.9965132474899292, 0.9407252669334412, 0.9372385144233704, 0.9881450533866882, 0.9986053109169006, 1.0, 0.9986053109169006, 0.9965132474899292], "benchmark_596": [626.0, 525.0, 472.0, 414.0, 383.0, 343.0, 333.0, 305.0, 288.0, 236.0, 221.0, 191.0, 133.0, 119.0, 94.0, 57.0, 52.0, 56.0, 45.0, 18.0, 19.0, 36.0, 19.0, 13.0, 14.0, 29.0, 25.0, 40.0, 35.0, 18.0, 26.0, 3.0, 4.0, 3.0, 5.0, 4.0, 1.0, 5.0, 85.0, 90.0, 17.0, 2.0, 0.0, 2.0, 5.0], "TP": [367.0, 435.0, 484.0, 491.0, 521.0, 537.0, 550.0, 569.0, 572.0, 581.0, 603.0, 614.0, 636.0, 656.0, 669.0, 682.0, 683.0, 684.0, 689.0, 705.0, 706.0, 700.0, 704.0, 708.0, 710.0, 700.0, 701.0, 693.0, 701.0, 708.0, 705.0, 714.0, 715.0, 714.0, 713.0, 715.0, 717.0, 717.0, 676.0, 672.0, 708.0, 716.0, 717.0, 715.0, 713.0], "TN": [441.0, 474.0, 478.0, 529.0, 530.0, 554.0, 551.0, 560.0, 574.0, 617.0, 610.0, 629.0, 665.0, 659.0, 671.0, 695.0, 699.0, 694.0, 700.0, 711.0, 709.0, 698.0, 711.0, 713.0, 710.0, 705.0, 708.0, 701.0, 698.0, 708.0, 703.0, 717.0, 715.0, 717.0, 716.0, 715.0, 716.0, 712.0, 673.0, 672.0, 709.0, 716.0, 717.0, 717.0, 716.0], "FP": [276.0, 243.0, 239.0, 188.0, 187.0, 163.0, 166.0, 157.0, 143.0, 100.0, 107.0, 88.0, 52.0, 58.0, 46.0, 22.0, 18.0, 23.0, 17.0, 6.0, 8.0, 19.0, 6.0, 4.0, 7.0, 12.0, 9.0, 16.0, 19.0, 9.0, 14.0, 0.0, 2.0, 0.0, 1.0, 2.0, 1.0, 5.0, 44.0, 45.0, 8.0, 1.0, 0.0, 0.0, 1.0], "FN": [350.0, 282.0, 233.0, 226.0, 196.0, 180.0, 167.0, 148.0, 145.0, 136.0, 114.0, 103.0, 81.0, 61.0, 48.0, 35.0, 34.0, 33.0, 28.0, 12.0, 11.0, 17.0, 13.0, 9.0, 7.0, 17.0, 16.0, 24.0, 16.0, 9.0, 12.0, 3.0, 2.0, 3.0, 4.0, 2.0, 0.0, 0.0, 41.0, 45.0, 9.0, 1.0, 0.0, 2.0, 4.0], "Precision": [0.570762038230896, 0.6415929198265076, 0.6694329380989075, 0.723122239112854, 0.7358757257461548, 0.7671428322792053, 0.7681564092636108, 0.7837465405464172, 0.800000011920929, 0.853157103061676, 0.8492957949638367, 0.874643862247467, 0.9244186282157898, 0.918767511844635, 0.9356643557548523, 0.96875, 0.9743223786354065, 0.9674682021141052, 0.9759206771850586, 0.9915611743927002, 0.9887955188751221, 0.9735743999481201, 0.9915493130683899, 0.9943820238113403, 0.9902371168136597, 0.983146071434021, 0.9873239398002625, 0.9774330258369446, 0.9736111164093018, 0.9874476790428162, 0.9805285334587097, 1.0, 0.9972106218338013, 1.0, 0.9985994100570679, 0.9972106218338013, 0.9986072182655334, 0.9930747747421265, 0.9388889074325562, 0.9372385144233704, 0.9888268113136292, 0.9986053109169006, 1.0, 1.0, 0.9985994100570679], "Recall": [0.5118549466133118, 0.6066945791244507, 0.6750348806381226, 0.6847977638244629, 0.7266387939453125, 0.7489539980888367, 0.767085075378418, 0.793584406375885, 0.7977684736251831, 0.8103207945823669, 0.8410041928291321, 0.8563458919525146, 0.8870292901992798, 0.9149233102798462, 0.9330543875694275, 0.9511855244636536, 0.9525802135467529, 0.9539749026298523, 0.9609484076499939, 0.9832636117935181, 0.9846583008766174, 0.9762901067733765, 0.9818689227104187, 0.9874476790428162, 0.9902371168136597, 0.9762901067733765, 0.9776847958564758, 0.9665272235870361, 0.9776847958564758, 0.9874476790428162, 0.9832636117935181, 0.9958158731460571, 0.9972106218338013, 0.9958158731460571, 0.9944211840629578, 0.9972106218338013, 1.0, 1.0, 0.9428172707557678, 0.9372385144233704, 0.9874476790428162, 0.9986053109169006, 1.0, 0.9972106218338013, 0.9944211840629578], "AUC": [0.596753716468811, 0.679774284362793, 0.7370162606239319, 0.7791404128074646, 0.802797794342041, 0.8348486423492432, 0.8500443696975708, 0.8647676110267639, 0.8836961984634399, 0.919396162033081, 0.9284802675247192, 0.9475839138031006, 0.9664658904075623, 0.9710896015167236, 0.9853206276893616, 0.9933697581291199, 0.9948598146438599, 0.9928562641143799, 0.9960667490959167, 0.9994621276855469, 0.9988601803779602, 0.9981316328048706, 0.9993084669113159, 0.9995127320289612, 0.999488353729248, 0.9982735514640808, 0.9987600445747375, 0.9975355267524719, 0.9970082640647888, 0.9989622235298157, 0.99901282787323, 0.9999961256980896, 0.9999475479125977, 0.9999786019325256, 0.9999591708183289, 0.9999562501907349, 1.0, 0.9999592304229736, 0.9854286909103394, 0.9847710728645325, 0.9995710253715515, 0.9999980926513672, 1.0000001192092896, 1.0, 0.9999882578849792], "val_loss": [0.1878136694431305, 0.24490584433078766, 0.419253945350647, 0.6045171618461609, 0.847489595413208, 1.2291208505630493, 1.430348515510559, 1.3679782152175903, 1.243172287940979, 1.6441727876663208, 1.3747965097427368, 1.341933012008667, 1.1898115873336792, 1.0110892057418823, 0.6490916013717651, 0.8087785243988037, 0.47706544399261475, 0.3776591718196869, 0.450795441865921, 0.541120707988739, 0.6567013263702393, 0.5833938717842102, 0.5192976593971252, 0.6139442324638367, 0.5871433615684509, 0.911914587020874, 0.7754279971122742, 0.5598742961883545, 1.1069746017456055, 1.2395060062408447, 0.6265678405761719, 0.5884072780609131, 0.5954610705375671, 0.608235239982605, 0.6515007019042969, 0.9165298938751221, 0.7156891822814941, 0.668396532535553, 1.079572319984436, 0.38065800070762634, 0.539485514163971, 0.49966076016426086, 0.5153270959854126, 0.5159883499145508, 0.6166155338287354], "val_accuracy": [0.3781818151473999, 0.3781818151473999, 0.3781818151473999, 0.3781818151473999, 0.3781818151473999, 0.3781818151473999, 0.3781818151473999, 0.3781818151473999, 0.3781818151473999, 0.3781818151473999, 0.38181817531585693, 0.38545453548431396, 0.38545453548431396, 0.4254545569419861, 0.47999998927116394, 0.46909090876579285, 0.589090883731842, 0.6399999856948853, 0.6181818246841431, 0.6036363840103149, 0.6290909051895142, 0.6327272653579712, 0.607272744178772, 0.5927272439002991, 0.6909090876579285, 0.607272744178772, 0.589090883731842, 0.6036363840103149, 0.6436363458633423, 0.6509090662002563, 0.6254545450210571, 0.6509090662002563, 0.6472727060317993, 0.6654545664787292, 0.6399999856948853, 0.6581818461418152, 0.6218181848526001, 0.6218181848526001, 0.6545454263687134, 0.6290909051895142, 0.6836363673210144, 0.6581818461418152, 0.6654545664787292, 0.6618182063102722, 0.610909104347229],