{"loss": [0.13856393098831177, 0.15101733803749084, 0.13908076286315918, 0.1333206593990326, 0.15099556744098663, 0.14347709715366364, 0.14876258373260498, 0.13329072296619415, 0.1477392613887787, 0.12842340767383575, 0.13655979931354523, 0.1440885365009308, 0.14526288211345673, 0.14392028748989105, 0.14204496145248413, 0.1323724389076233, 0.14209814369678497, 0.1380416601896286, 0.13767845928668976, 0.1474640816450119, 0.14563320577144623], "accuracy": [0.5013946890830994, 0.4965132474899292, 0.509065568447113, 0.5013946890830994, 0.5013946890830994, 0.5062761306762695, 0.4993026554584503, 0.5020920634269714, 0.4937238395214081, 0.5125523209571838, 0.49860531091690063, 0.4958159029483795, 0.5041841268539429, 0.5041841268539429, 0.5153416991233826, 0.5104602575302124, 0.4965132474899292, 0.5111575722694397, 0.48396095633506775, 0.48117154836654663, 0.4867503345012665], "benchmark_1115": [715.0, 722.0, 704.0, 715.0, 715.0, 708.0, 718.0, 714.0, 726.0, 699.0, 719.0, 723.0, 711.0, 711.0, 695.0, 702.0, 722.0, 701.0, 740.0, 744.0, 736.0], "TP": [543.0, 554.0, 546.0, 535.0, 550.0, 542.0, 537.0, 538.0, 548.0, 546.0, 533.0, 542.0, 555.0, 539.0, 550.0, 547.0, 540.0, 535.0, 531.0, 508.0, 527.0], "TN": [176.0, 158.0, 184.0, 184.0, 169.0, 184.0, 179.0, 182.0, 160.0, 189.0, 182.0, 169.0, 168.0, 184.0, 189.0, 185.0, 172.0, 198.0, 163.0, 182.0, 171.0], "FP": [541.0, 559.0, 533.0, 533.0, 548.0, 533.0, 538.0, 535.0, 557.0, 528.0, 535.0, 548.0, 549.0, 533.0, 528.0, 532.0, 545.0, 519.0, 554.0, 535.0, 546.0], "FN": [174.0, 163.0, 171.0, 182.0, 167.0, 175.0, 180.0, 179.0, 169.0, 171.0, 184.0, 175.0, 162.0, 178.0, 167.0, 170.0, 177.0, 182.0, 186.0, 209.0, 190.0], "Precision": [0.5009225010871887, 0.4977538287639618, 0.5060241222381592, 0.5009363293647766, 0.500910758972168, 0.5041860342025757, 0.49953487515449524, 0.501397967338562, 0.4959276020526886, 0.5083798766136169, 0.4990636706352234, 0.49724769592285156, 0.5027173757553101, 0.5027984976768494, 0.5102040767669678, 0.506950855255127, 0.4976958632469177, 0.507590115070343, 0.4894009232521057, 0.48705655336380005, 0.4911463260650635], "Recall": [0.7573221921920776, 0.7726638913154602, 0.7615062594413757, 0.7461645603179932, 0.767085075378418, 0.7559275031089783, 0.7489539980888367, 0.750348687171936, 0.7642956972122192, 0.7615062594413757, 0.7433751821517944, 0.7559275031089783, 0.7740585803985596, 0.7517433762550354, 0.767085075378418, 0.7629009485244751, 0.7531380653381348, 0.7461645603179932, 0.7405857443809509, 0.7085076570510864, 0.7350069880485535], "AUC": [0.5017039775848389, 0.4962029755115509, 0.5027349591255188, 0.5019228458404541, 0.48597031831741333, 0.4975587725639343, 0.4736485481262207, 0.5179249048233032, 0.47599443793296814, 0.5296271443367004, 0.49206751585006714, 0.49081191420555115, 0.5074004530906677, 0.4880419671535492, 0.5094059705734253, 0.5140705108642578, 0.4841253161430359, 0.5048726797103882, 0.49434635043144226, 0.4775116443634033, 0.47581350803375244], "val_loss": [0.04186813905835152, 0.04178275913000107, 0.041791882365942, 0.04182782024145126, 0.0419219471514225, 0.042150624096393585, 0.042566508054733276, 0.043151017278432846, 0.04387583211064339, 0.04472383111715317, 0.045679349452257156, 0.04674983769655228, 0.047816503793001175, 0.048821959644556046, 0.049672290682792664, 0.05032699555158615, 0.05079321190714836, 0.05114351212978363, 0.05134255066514015, 0.051507674157619476, 0.05168576166033745], "val_accuracy": [0.6218181848526001, 0.6218181848526001, 0.6218181848526001, 0.6218181848526001, 0.6218181848526001, 0.6218181848526001, 0.6218181848526001, 0.6218181848526001, 0.6218181848526001, 0.6218181848526001, 0.6218181848526001, 0.6218181848526001, 0.6218181848526001, 0.6218181848526001, 0.6218181848526001, 0.6218181848526001, 0.6218181848526001, 0.6218181848526001, 0.6218181848526001, 0.6218181848526001, 0.6218181848526001], "val_benchmark_1115": [104.0, 104.0, 104.0, 104.0, 104.0, 104.0, 104.0, 104.0, 104.0, 104.0, 104.0, 104.0, 104.0, 104.0, 104.0, 104.0, 104.0, 104.0, 104.0, 104.0, 104.0], "val_TP": [171.0, 171.0, 171.0, 171.0, 171.0, 171.0, 171.0, 171.0, 171.0, 171.0, 171.0, 171.0, 171.0, 171.0, 171.0, 171.0, 171.0, 171.0, 171.0, 171.0, 171.0], "val_TN": [0.0, 0.0, 0.0, 0.0, 0.0, 0.0, 0.0, 0.0, 0.0, 0.0, 0.0, 0.0, 0.0, 0.0, 0.0, 0.0, 0.0, 0.0, 0.0, 0.0, 0.0], "val_FP": [104.0, 104.0, 104.0, 104.0, 104.0, 104.0, 104.0, 104.0, 104.0, 104.0, 104.0, 104.0, 104.0, 104.0, 104.0, 104.0, 104.0, 104.0, 104.0, 104.0, 104.0], "val_FN": [0.0, 0.0, 0.0, 0.0, 0.0, 0.0, 0.0, 0.0, 0.0, 0.0, 0.0, 0.0, 0.0, 0.0, 0.0, 0.0, 0.0, 0.0, 0.0, 0.0, 0.0], "val_Precision": [0.6218181848526001, 0.6218181848526001, 0.6218181848526001, 0.6218181848526001, 0.6218181848526001, 0.6218181848526001, 0.6218181848526001, 0.6218181848526001, 0.6218181848526001, 0.6218181848526001, 0.6218181848526001, 0.6218181848526001, 0.6218181848526001, 0.6218181848526001, 0.6218181848526001, 0.6218181848526001, 0.6218181848526001, 0.6218181848526001, 0.6218181848526001, 0.6218181848526001, 0.6218181848526001], "val_Recall": [1.0, 1.0, 1.0, 1.0, 1.0, 1.0, 1.0, 1.0, 1.0, 1.0, 1.0, 1.0, 1.0, 1.0, 1.0, 1.0, 1.0, 1.0, 1.0, 1.0, 1.0], "val_AUC": [0.5, 0.5, 0.5, 0.5, 0.5, 0.5, 0.5, 0.4794759154319763, 0.45951417088508606, 0.47660818696022034, 0.4853801131248474, 0.4768331050872803, 0.4634222090244293, 0.42338621616363525, 0.4337325394153595, 0.39698606729507446, 0.44424766302108765, 0.4267881512641907, 0.3974640369415283, 0.39113810658454895, 0.37685561180114746]}