{"loss": [0.2787793278694153, 0.2646890878677368, 0.2552144229412079, 0.2466423213481903, 0.23897162079811096, 0.23345570266246796, 0.22802193462848663, 0.22264239192008972, 0.2180202603340149, 0.21446223556995392, 0.21060506999492645, 0.20683439075946808, 0.20273388922214508, 0.20096157491207123, 0.19654951989650726, 0.19263297319412231, 0.18962031602859497, 0.18746979534626007, 0.18491590023040771, 0.18237820267677307, 0.17974881827831268], "accuracy": [0.5, 0.5, 0.5, 0.5, 0.5, 0.5, 0.5, 0.5, 0.5, 0.5, 0.5, 0.5, 0.5, 0.5, 0.5, 0.5, 0.5, 0.5, 0.5, 0.5, 0.5], "benchmark_1715": [717.0, 717.0, 717.0, 717.0, 717.0, 717.0, 717.0, 717.0, 717.0, 717.0, 717.0, 717.0, 717.0, 717.0, 717.0, 717.0, 717.0, 717.0, 717.0, 717.0, 717.0], "TP": [0.0, 0.0, 0.0, 0.0, 0.0, 0.0, 0.0, 0.0, 0.0, 0.0, 0.0, 0.0, 0.0, 0.0, 0.0, 0.0, 0.0, 0.0, 0.0, 0.0, 0.0], "TN": [717.0, 717.0, 717.0, 717.0, 717.0, 717.0, 717.0, 717.0, 717.0, 717.0, 717.0, 717.0, 717.0, 717.0, 717.0, 717.0, 717.0, 717.0, 717.0, 717.0, 717.0], "FP": [0.0, 0.0, 0.0, 0.0, 0.0, 0.0, 0.0, 0.0, 0.0, 0.0, 0.0, 0.0, 0.0, 0.0, 0.0, 0.0, 0.0, 0.0, 0.0, 0.0, 0.0], "FN": [717.0, 717.0, 717.0, 717.0, 717.0, 717.0, 717.0, 717.0, 717.0, 717.0, 717.0, 717.0, 717.0, 717.0, 717.0, 717.0, 717.0, 717.0, 717.0, 717.0, 717.0], "Precision": [0.0, 0.0, 0.0, 0.0, 0.0, 0.0, 0.0, 0.0, 0.0, 0.0, 0.0, 0.0, 0.0, 0.0, 0.0, 0.0, 0.0, 0.0, 0.0, 0.0, 0.0], "Recall": [0.0, 0.0, 0.0, 0.0, 0.0, 0.0, 0.0, 0.0, 0.0, 0.0, 0.0, 0.0, 0.0, 0.0, 0.0, 0.0, 0.0, 0.0, 0.0, 0.0, 0.0], "AUC": [0.5114124417304993, 0.5091093182563782, 0.493883341550827, 0.49692076444625854, 0.509222149848938, 0.5016971826553345, 0.5062771439552307, 0.4919469356536865, 0.5028740167617798, 0.4791514575481415, 0.504852294921875, 0.4777606427669525, 0.5040799975395203, 0.44453102350234985, 0.4882889688014984, 0.5216178894042969, 0.5196765661239624, 0.5297672152519226, 0.48857298493385315, 0.5063452124595642, 0.5162374973297119], "val_loss": [0.3344443440437317, 0.3199501931667328, 0.3088665306568146, 0.2996648848056793, 0.29159051179885864, 0.2844143807888031, 0.27787134051322937, 0.27184897661209106, 0.266211599111557, 0.26097747683525085, 0.2560165822505951, 0.2513512074947357, 0.24693089723587036, 0.2427610605955124, 0.23876672983169556, 0.23497430980205536, 0.23136696219444275, 0.22786332666873932, 0.2244929075241089, 0.22127650678157806, 0.21817806363105774], "val_accuracy": [0.3781818151473999, 0.3781818151473999, 0.3781818151473999, 0.3781818151473999, 0.3781818151473999, 0.3781818151473999, 0.3781818151473999, 0.3781818151473999, 0.3781818151473999, 0.3781818151473999, 0.3781818151473999, 0.3781818151473999, 0.3781818151473999, 0.3781818151473999, 0.3781818151473999, 0.3781818151473999, 0.3781818151473999, 0.3781818151473999, 0.3781818151473999, 0.3781818151473999, 0.3781818151473999], "val_benchmark_1715": [171.0, 171.0, 171.0, 171.0, 171.0, 171.0, 171.0, 171.0, 171.0, 171.0, 171.0, 171.0, 171.0, 171.0, 171.0, 171.0, 171.0, 171.0, 171.0, 171.0, 171.0], "val_TP": [0.0, 0.0, 0.0, 0.0, 0.0, 0.0, 0.0, 0.0, 0.0, 0.0, 0.0, 0.0, 0.0, 0.0, 0.0, 0.0, 0.0, 0.0, 0.0, 0.0, 0.0], "val_TN": [104.0, 104.0, 104.0, 104.0, 104.0, 104.0, 104.0, 104.0, 104.0, 104.0, 104.0, 104.0, 104.0, 104.0, 104.0, 104.0, 104.0, 104.0, 104.0, 104.0, 104.0], "val_FP": [0.0, 0.0, 0.0, 0.0, 0.0, 0.0, 0.0, 0.0, 0.0, 0.0, 0.0, 0.0, 0.0, 0.0, 0.0, 0.0, 0.0, 0.0, 0.0, 0.0, 0.0], "val_FN": [171.0, 171.0, 171.0, 171.0, 171.0, 171.0, 171.0, 171.0, 171.0, 171.0, 171.0, 171.0, 171.0, 171.0, 171.0, 171.0, 171.0, 171.0, 171.0, 171.0, 171.0], "val_Precision": [0.0, 0.0, 0.0, 0.0, 0.0, 0.0, 0.0, 0.0, 0.0, 0.0, 0.0, 0.0, 0.0, 0.0, 0.0, 0.0, 0.0, 0.0, 0.0, 0.0, 0.0], "val_Recall": [0.0, 0.0, 0.0, 0.0, 0.0, 0.0, 0.0, 0.0, 0.0, 0.0, 0.0, 0.0, 0.0, 0.0, 0.0, 0.0, 0.0, 0.0, 0.0, 0.0, 0.0], "val_AUC": [0.5, 0.5, 0.5, 0.5, 0.5, 0.5, 0.5, 0.5, 0.5, 0.5, 0.5, 0.5, 0.5, 0.5, 0.5, 0.5, 0.5, 0.5, 0.5, 0.5, 0.5263158082962036]}