{"loss": [0.6946213841438293, 0.6922651529312134, 0.6931313872337341, 0.6894062161445618, 0.6910662651062012, 0.6874818205833435, 0.6879787445068359, 0.6855956315994263, 0.6834434270858765, 0.6840493679046631, 0.6790292859077454, 0.675845205783844, 0.674572229385376, 0.6721843481063843, 0.6695079803466797, 0.6604577898979187, 0.65996915102005, 0.6559701561927795, 0.652660608291626, 0.6529033780097961, 0.6436576247215271, 0.6432778835296631, 0.637421727180481, 0.6396377682685852, 0.6377198100090027, 0.6320816278457642, 0.6321947574615479, 0.6331108808517456, 0.6284152269363403, 0.6256325840950012, 0.6220638751983643, 0.6246542930603027, 0.6181386709213257, 0.6220446228981018, 0.6222108602523804, 0.6157840490341187, 0.616286039352417, 0.6079621911048889, 0.6105604767799377, 0.6117359399795532, 0.6092478036880493, 0.6135327816009521, 0.6092747449874878, 0.6034034490585327, 0.6048446297645569, 0.5969280004501343, 0.6018473505973816, 0.604076623916626, 0.598336935043335, 0.5935748815536499, 0.5914894938468933, 0.5907893776893616, 0.5931636095046997, 0.5884578227996826, 0.5866506695747375, 0.5894748568534851, 0.5847119688987732], "accuracy": [0.5118549466133118, 0.5223152041435242, 0.5188284516334534, 0.5362622141838074, 0.543235719203949, 0.5474197864532471, 0.5334727764129639, 0.5641562342643738, 0.560669481754303, 0.5599721074104309, 0.5753138065338135, 0.5578800439834595, 0.5885634422302246, 0.5948396325111389, 0.5739191174507141, 0.6115760207176208, 0.6059972047805786, 0.6011157631874084, 0.6150627732276917, 0.6025104522705078, 0.6192468404769897, 0.6241283416748047, 0.6220362782478333, 0.6311017870903015, 0.6408647298812866, 0.6366806030273438, 0.6401673555374146, 0.6311017870903015, 0.6345885396003723, 0.6324965357780457, 0.6429567933082581, 0.6471408605575562, 0.6464434862136841, 0.6464434862136841, 0.651324987411499, 0.6485355496406555, 0.6520223021507263, 0.6610878705978394, 0.6499302387237549, 0.6582984924316406, 0.6569037437438965, 0.6436541080474854, 0.6485355496406555, 0.6659693121910095, 0.651324987411499, 0.6659693121910095, 0.65969318151474, 0.6666666865348816, 0.6757321953773499, 0.668061375617981, 0.6743375062942505, 0.6799163222312927, 0.6617852449417114, 0.6764295697212219, 0.6799163222312927, 0.6861924529075623, 0.6910738945007324], "benchmark_490": [700.0, 685.0, 690.0, 665.0, 655.0, 649.0, 669.0, 625.0, 630.0, 631.0, 609.0, 634.0, 590.0, 581.0, 611.0, 557.0, 565.0, 572.0, 552.0, 570.0, 546.0, 539.0, 542.0, 529.0, 515.0, 521.0, 516.0, 529.0, 524.0, 527.0, 512.0, 506.0, 507.0, 507.0, 500.0, 504.0, 499.0, 486.0, 502.0, 490.0, 492.0, 511.0, 504.0, 479.0, 500.0, 479.0, 488.0, 478.0, 465.0, 476.0, 467.0, 459.0, 485.0, 464.0, 459.0, 450.0, 443.0], "TP": [398.0, 397.0, 360.0, 409.0, 418.0, 401.0, 355.0, 398.0, 406.0, 392.0, 410.0, 396.0, 415.0, 416.0, 403.0, 450.0, 421.0, 438.0, 443.0, 439.0, 447.0, 444.0, 464.0, 446.0, 453.0, 448.0, 463.0, 452.0, 457.0, 471.0, 464.0, 468.0, 462.0, 463.0, 459.0, 470.0, 472.0, 477.0, 477.0, 465.0, 472.0, 469.0, 456.0, 471.0, 464.0, 475.0, 467.0, 486.0, 474.0, 479.0, 473.0, 486.0, 478.0, 491.0, 479.0, 490.0, 496.0], "TN": [336.0, 352.0, 384.0, 360.0, 361.0, 384.0, 410.0, 411.0, 398.0, 411.0, 415.0, 404.0, 429.0, 437.0, 420.0, 427.0, 448.0, 424.0, 439.0, 425.0, 441.0, 451.0, 428.0, 459.0, 466.0, 465.0, 455.0, 453.0, 453.0, 436.0, 458.0, 460.0, 465.0, 464.0, 475.0, 460.0, 463.0, 471.0, 455.0, 479.0, 470.0, 454.0, 474.0, 484.0, 470.0, 480.0, 479.0, 470.0, 495.0, 479.0, 494.0, 489.0, 471.0, 479.0, 496.0, 494.0, 495.0], "FP": [381.0, 365.0, 333.0, 357.0, 356.0, 333.0, 307.0, 306.0, 319.0, 306.0, 302.0, 313.0, 288.0, 280.0, 297.0, 290.0, 269.0, 293.0, 278.0, 292.0, 276.0, 266.0, 289.0, 258.0, 251.0, 252.0, 262.0, 264.0, 264.0, 281.0, 259.0, 257.0, 252.0, 253.0, 242.0, 257.0, 254.0, 246.0, 262.0, 238.0, 247.0, 263.0, 243.0, 233.0, 247.0, 237.0, 238.0, 247.0, 222.0, 238.0, 223.0, 228.0, 246.0, 238.0, 221.0, 223.0, 222.0], "FN": [319.0, 320.0, 357.0, 308.0, 299.0, 316.0, 362.0, 319.0, 311.0, 325.0, 307.0, 321.0, 302.0, 301.0, 314.0, 267.0, 296.0, 279.0, 274.0, 278.0, 270.0, 273.0, 253.0, 271.0, 264.0, 269.0, 254.0, 265.0, 260.0, 246.0, 253.0, 249.0, 255.0, 254.0, 258.0, 247.0, 245.0, 240.0, 240.0, 252.0, 245.0, 248.0, 261.0, 246.0, 253.0, 242.0, 250.0, 231.0, 243.0, 238.0, 244.0, 231.0, 239.0, 226.0, 238.0, 227.0, 221.0], "Precision": [0.5109114050865173, 0.5209974050521851, 0.5194805264472961, 0.5339425802230835, 0.5400516986846924, 0.5463215112686157, 0.5362537503242493, 0.5653409361839294, 0.5600000023841858, 0.5616045594215393, 0.5758426785469055, 0.5585331320762634, 0.5903271436691284, 0.5977011322975159, 0.5757142901420593, 0.6081081032752991, 0.6101449131965637, 0.599179208278656, 0.6144244074821472, 0.600547194480896, 0.6182572841644287, 0.6253520846366882, 0.6162018775939941, 0.6335227489471436, 0.6434659361839294, 0.6399999856948853, 0.6386206746101379, 0.6312848925590515, 0.633841872215271, 0.626329779624939, 0.6417704224586487, 0.6455172300338745, 0.6470588445663452, 0.6466480493545532, 0.6547788977622986, 0.6464924216270447, 0.650137722492218, 0.6597510576248169, 0.6454668641090393, 0.6614509224891663, 0.6564673185348511, 0.6407103538513184, 0.6523604989051819, 0.6690340638160706, 0.652601957321167, 0.6671348214149475, 0.6624113321304321, 0.6630286574363708, 0.681034505367279, 0.668061375617981, 0.6795976758003235, 0.680672287940979, 0.6602209806442261, 0.6735253930091858, 0.6842857003211975, 0.687237024307251, 0.6908078193664551], "Recall": [0.5550906658172607, 0.5536959767341614, 0.5020920634269714, 0.5704323649406433, 0.5829846858978271, 0.5592747330665588, 0.49511855840682983, 0.5550906658172607, 0.5662482380867004, 0.5467224717140198, 0.5718270540237427, 0.5523012280464172, 0.5788005590438843, 0.5801952481269836, 0.5620641708374023, 0.6276150345802307, 0.5871687531471252, 0.6108786463737488, 0.6178521513938904, 0.6122733354568481, 0.6234309673309326, 0.6192468404769897, 0.6471408605575562, 0.6220362782478333, 0.6317991614341736, 0.624825656414032, 0.6457461714744568, 0.6304044723510742, 0.6373779773712158, 0.6569037437438965, 0.6471408605575562, 0.6527196764945984, 0.6443514823913574, 0.6457461714744568, 0.6401673555374146, 0.6555090546607971, 0.6582984924316406, 0.6652719378471375, 0.6652719378471375, 0.6485355496406555, 0.6582984924316406, 0.6541143655776978, 0.6359832882881165, 0.6569037437438965, 0.6471408605575562, 0.6624825596809387, 0.651324987411499, 0.6778242588043213, 0.6610878705978394, 0.668061375617981, 0.65969318151474, 0.6778242588043213, 0.6666666865348816, 0.6847977638244629, 0.668061375617981, 0.6834030747413635, 0.6917712688446045], "AUC": [0.5056877732276917, 0.5261170864105225, 0.5213494300842285, 0.5514336824417114, 0.5396847724914551, 0.560748279094696, 0.5582671165466309, 0.5710606575012207, 0.582373857498169, 0.5713514685630798, 0.6037816405296326, 0.614326536655426, 0.6176819801330566, 0.6223581433296204, 0.6292626857757568, 0.6563348174095154, 0.6525241732597351, 0.6576137542724609, 0.6642584800720215, 0.6630904078483582, 0.6817963123321533, 0.6775334477424622, 0.6891141533851624, 0.6831589341163635, 0.6859473586082458, 0.6945353746414185, 0.6952619552612305, 0.6908200979232788, 0.6983693838119507, 0.7041407227516174, 0.708411455154419, 0.7039695978164673, 0.7135905027389526, 0.7077646255493164, 0.7081809043884277, 0.7161717414855957, 0.7164362668991089, 0.7291286587715149, 0.7244037985801697, 0.7217884659767151, 0.7255591750144958, 0.7167368531227112, 0.7258898615837097, 0.732024073600769, 0.7298492789268494, 0.7410536408424377, 0.7319754362106323, 0.7339011430740356, 0.7399438619613647, 0.7429044842720032, 0.7461490631103516, 0.7501707077026367, 0.7457541823387146, 0.7518396377563477, 0.7564448714256287, 0.7508019208908081, 0.7573689222335815],