{"loss": [0.6931011080741882, 0.6908343434333801, 0.6897939443588257, 0.6889345645904541, 0.6874628663063049, 0.6873528361320496, 0.6861076354980469, 0.6859802007675171, 0.6844552159309387, 0.6840400099754333, 0.6835585236549377, 0.6827202439308167, 0.6829310059547424, 0.682158887386322, 0.6809133887290955, 0.6795055270195007, 0.6791396141052246, 0.6781467795372009, 0.6775314211845398, 0.6766327023506165, 0.6757686734199524, 0.6749770045280457, 0.6733960509300232, 0.672709584236145], "accuracy": [0.49790793657302856, 0.5397489666938782, 0.5516039133071899, 0.5362622141838074, 0.5474197864532471, 0.5453277826309204, 0.5453277826309204, 0.5564853549003601, 0.5599721074104309, 0.5550906658172607, 0.5488144755363464, 0.5529986023902893, 0.555787980556488, 0.5599721074104309, 0.5564853549003601, 0.5634588599205017, 0.5592747330665588, 0.5676429271697998, 0.5592747330665588, 0.5739191174507141, 0.5836820006370544, 0.581589937210083, 0.5774058699607849, 0.5850766897201538], "benchmark_173": [720.0, 660.0, 643.0, 665.0, 649.0, 652.0, 652.0, 636.0, 631.0, 638.0, 647.0, 641.0, 637.0, 631.0, 636.0, 626.0, 632.0, 620.0, 632.0, 611.0, 597.0, 600.0, 606.0, 595.0], "TP": [610.0, 354.0, 260.0, 313.0, 349.0, 338.0, 300.0, 311.0, 331.0, 308.0, 314.0, 308.0, 312.0, 307.0, 318.0, 333.0, 271.0, 309.0, 316.0, 323.0, 348.0, 382.0, 300.0, 349.0], "TN": [104.0, 420.0, 531.0, 456.0, 436.0, 444.0, 482.0, 487.0, 472.0, 488.0, 473.0, 485.0, 485.0, 496.0, 480.0, 475.0, 531.0, 505.0, 486.0, 500.0, 489.0, 452.0, 528.0, 490.0], "FP": [613.0, 297.0, 186.0, 261.0, 281.0, 273.0, 235.0, 230.0, 245.0, 229.0, 244.0, 232.0, 232.0, 221.0, 237.0, 242.0, 186.0, 212.0, 231.0, 217.0, 228.0, 265.0, 189.0, 227.0], "FN": [107.0, 363.0, 457.0, 404.0, 368.0, 379.0, 417.0, 406.0, 386.0, 409.0, 403.0, 409.0, 405.0, 410.0, 399.0, 384.0, 446.0, 408.0, 401.0, 394.0, 369.0, 335.0, 417.0, 368.0], "Precision": [0.4987735152244568, 0.5437787771224976, 0.5829596519470215, 0.5452961921691895, 0.5539682507514954, 0.5531914830207825, 0.5607476830482483, 0.5748613476753235, 0.5746527910232544, 0.5735567808151245, 0.5627239942550659, 0.5703703761100769, 0.5735294222831726, 0.5814393758773804, 0.5729729533195496, 0.5791304111480713, 0.5929977893829346, 0.5930902361869812, 0.5776965022087097, 0.5981481671333313, 0.6041666865348816, 0.5904173254966736, 0.6134969592094421, 0.6059027910232544], "Recall": [0.8507670760154724, 0.4937238395214081, 0.3626220226287842, 0.4365411400794983, 0.4867503345012665, 0.4714086353778839, 0.4184100329875946, 0.4337517321109772, 0.4616457521915436, 0.4295676350593567, 0.43793582916259766, 0.4295676350593567, 0.4351464509963989, 0.4281729459762573, 0.4435146450996399, 0.4644351601600647, 0.37796375155448914, 0.43096235394477844, 0.4407252371311188, 0.4504881501197815, 0.4853556454181671, 0.5327754616737366, 0.4184100329875946, 0.4867503345012665], "AUC": [0.5133002400398254, 0.5423448085784912, 0.5518646240234375, 0.5507820248603821, 0.5648875832557678, 0.5583226084709167, 0.5634627342224121, 0.5672179460525513, 0.5775653123855591, 0.5787354111671448, 0.5774117112159729, 0.5830653309822083, 0.5820432305335999, 0.5874634385108948, 0.5945896506309509, 0.5940722227096558, 0.5976260900497437, 0.6057239174842834, 0.6054291725158691, 0.6085609793663025, 0.6111558079719543, 0.6168309450149536, 0.6217570900917053, 0.6210724115371704], "val_loss": [0.6931614875793457, 0.692761242389679, 0.6921055912971497, 0.690951406955719, 0.6888206601142883, 0.686086893081665, 0.6829630136489868, 0.6792882680892944, 0.6751906871795654, 0.6714313626289368, 0.6681214570999146, 0.6653008460998535, 0.6630762219429016, 0.6611955165863037, 0.6596081256866455, 0.6582013964653015, 0.6565514206886292, 0.6555604934692383, 0.6547725200653076, 0.6540337204933167, 0.6534319519996643, 0.6528132557868958, 0.6520134806632996, 0.6512322425842285], "val_accuracy": [0.4509090781211853, 0.6181818246841431, 0.6218181848526001, 0.6254545450210571, 0.6218181848526001, 0.6218181848526001, 0.6218181848526001, 0.6218181848526001, 0.6218181848526001, 0.6218181848526001, 0.6218181848526001, 0.6218181848526001, 0.6218181848526001, 0.6218181848526001, 0.6218181848526001, 0.6218181848526001, 0.6218181848526001, 0.6218181848526001, 0.6181818246841431, 0.614545464515686, 0.614545464515686, 0.614545464515686, 0.610909104347229, 0.607272744178772], "val_benchmark_173": [151.0, 105.0, 104.0, 103.0, 104.0, 104.0, 104.0, 104.0, 104.0, 104.0, 104.0, 104.0, 104.0, 104.0, 104.0, 104.0, 104.0, 104.0, 105.0, 106.0, 106.0, 106.0, 107.0, 108.0], "val_TP": [33.0, 148.0, 168.0, 171.0, 171.0, 171.0, 171.0, 171.0, 171.0, 171.0, 171.0, 171.0, 171.0, 171.0, 171.0, 171.0, 171.0, 171.0, 170.0, 169.0, 169.0, 168.0, 167.0, 166.0], "val_TN": [91.0, 22.0, 3.0, 1.0, 0.0, 0.0, 0.0, 0.0, 0.0, 0.0, 0.0, 0.0, 0.0, 0.0, 0.0, 0.0, 0.0, 0.0, 0.0, 0.0, 0.0, 1.0, 1.0, 1.0], "val_FP": [13.0, 82.0, 101.0, 103.0, 104.0, 104.0, 104.0, 104.0, 104.0, 104.0, 104.0, 104.0, 104.0, 104.0, 104.0, 104.0, 104.0, 104.0, 104.0, 104.0, 104.0, 103.0, 103.0, 103.0], "val_FN": [138.0, 23.0, 3.0, 0.0, 0.0, 0.0, 0.0, 0.0, 0.0, 0.0, 0.0, 0.0, 0.0, 0.0, 0.0, 0.0, 0.0, 0.0, 1.0, 2.0, 2.0, 3.0, 4.0, 5.0], "val_Precision": [0.717391312122345, 0.643478274345398, 0.624535322189331, 0.6240875720977783, 0.6218181848526001, 0.6218181848526001, 0.6218181848526001, 0.6218181848526001, 0.6218181848526001, 0.6218181848526001, 0.6218181848526001, 0.6218181848526001, 0.6218181848526001, 0.6218181848526001, 0.6218181848526001, 0.6218181848526001, 0.6218181848526001, 0.6218181848526001, 0.6204379796981812, 0.6190476417541504, 0.6190476417541504, 0.6199262142181396, 0.6185185313224792, 0.6171003580093384], "val_Recall": [0.19298245012760162, 0.8654970526695251, 0.9824561476707458, 1.0, 1.0, 1.0, 1.0, 1.0, 1.0, 1.0, 1.0, 1.0, 1.0, 1.0, 1.0, 1.0, 1.0, 1.0, 0.9941520690917969, 0.988304078578949, 0.988304078578949, 0.9824561476707458, 0.9766082167625427, 0.9707602262496948], "val_AUC": [0.5, 0.5, 0.524375855922699, 0.5262033343315125, 0.5591824054718018, 0.5467274188995361, 0.5697255730628967, 0.563118577003479, 0.5633434057235718, 0.5663799047470093, 0.5706252455711365, 0.5729588270187378, 0.570990800857544, 0.5721716284751892, 0.575179934501648, 0.5758265852928162, 0.577850878238678, 0.5782163739204407, 0.5813933610916138, 0.5806342959403992, 0.5853294730186462, 0.5863416194915771, 0.588956356048584, 0.5934547781944275]}