{"loss": [0.1721154749393463, 0.16886791586875916, 0.16733373701572418, 0.16482020914554596, 0.1631815880537033, 0.16164520382881165, 0.16002964973449707, 0.159315288066864, 0.1583743393421173, 0.15710335969924927, 0.15685249865055084, 0.15493609011173248, 0.15395011007785797, 0.15294072031974792, 0.15203002095222473, 0.15150752663612366, 0.15210475027561188, 0.15083567798137665, 0.1498410850763321, 0.14910699427127838, 0.1482698917388916, 0.14616653323173523, 0.14630235731601715, 0.14644919335842133, 0.1445758044719696, 0.14346760511398315, 0.143112450838089, 0.14307232201099396, 0.1422046720981598, 0.14040659368038177, 0.13937313854694366, 0.139023095369339, 0.13798558712005615, 0.13694298267364502, 0.13651809096336365, 0.1359958052635193, 0.13417711853981018, 0.1338270902633667, 0.13187699019908905, 0.13279762864112854, 0.13117274641990662, 0.1309642791748047, 0.1299985945224762, 0.12854500114917755, 0.12838147580623627, 0.12543536722660065, 0.12704028189182281, 0.12373879551887512, 0.12293698638677597, 0.12187206745147705, 0.12212387472391129, 0.11806286126375198, 0.12060116976499557, 0.11797675490379333, 0.11715799570083618, 0.11627659946680069], "accuracy": [0.5341701507568359, 0.5788005590438843, 0.5871687531471252, 0.6032078266143799, 0.6199442148208618, 0.6311017870903015, 0.6345885396003723, 0.6380752921104431, 0.6457461714744568, 0.6471408605575562, 0.6499302387237549, 0.6569037437438965, 0.6631799340248108, 0.6673640012741089, 0.6694560647010803, 0.672245442867279, 0.6736401915550232, 0.6757321953773499, 0.6785216331481934, 0.685495138168335, 0.6889818906784058, 0.6945606470108032, 0.6910738945007324, 0.6841003894805908, 0.7015341520309448, 0.7092050313949585, 0.7057182788848877, 0.6966527104377747, 0.7078103423118591, 0.7092050313949585, 0.7119944095611572, 0.7140864729881287, 0.7133890986442566, 0.7050209045410156, 0.7147838473320007, 0.7231520414352417, 0.7301255464553833, 0.7370990514755249, 0.7391910552978516, 0.73221755027771, 0.7343096137046814, 0.7419804930686951, 0.7440724968910217, 0.7419804930686951, 0.7398884296417236, 0.7531380653381348, 0.7573221921920776, 0.7510460019111633, 0.7566248178482056, 0.7663877010345459, 0.7775453329086304, 0.7754532694816589, 0.7635983228683472, 0.776150643825531, 0.7880055904388428, 0.7768479585647583], "benchmark_167": [668.0, 604.0, 592.0, 569.0, 545.0, 529.0, 524.0, 519.0, 508.0, 506.0, 502.0, 492.0, 483.0, 477.0, 474.0, 470.0, 468.0, 465.0, 461.0, 451.0, 446.0, 438.0, 443.0, 453.0, 428.0, 417.0, 422.0, 435.0, 419.0, 417.0, 413.0, 410.0, 411.0, 423.0, 409.0, 397.0, 387.0, 377.0, 374.0, 384.0, 381.0, 370.0, 367.0, 370.0, 373.0, 354.0, 348.0, 357.0, 349.0, 335.0, 319.0, 322.0, 339.0, 321.0, 304.0, 320.0], "TP": [386.0, 358.0, 364.0, 369.0, 382.0, 393.0, 394.0, 400.0, 426.0, 432.0, 444.0, 455.0, 470.0, 482.0, 472.0, 478.0, 478.0, 487.0, 486.0, 488.0, 496.0, 497.0, 509.0, 495.0, 502.0, 515.0, 512.0, 502.0, 504.0, 509.0, 528.0, 526.0, 511.0, 497.0, 512.0, 512.0, 524.0, 530.0, 525.0, 525.0, 524.0, 527.0, 542.0, 536.0, 527.0, 533.0, 534.0, 534.0, 548.0, 551.0, 551.0, 561.0, 548.0, 564.0, 568.0, 555.0], "TN": [380.0, 472.0, 478.0, 496.0, 507.0, 512.0, 516.0, 515.0, 500.0, 496.0, 488.0, 487.0, 481.0, 475.0, 488.0, 486.0, 488.0, 482.0, 487.0, 495.0, 492.0, 499.0, 482.0, 486.0, 504.0, 502.0, 500.0, 497.0, 511.0, 508.0, 493.0, 498.0, 512.0, 514.0, 513.0, 525.0, 523.0, 527.0, 535.0, 525.0, 529.0, 537.0, 525.0, 528.0, 534.0, 547.0, 552.0, 543.0, 537.0, 548.0, 564.0, 551.0, 547.0, 549.0, 562.0, 559.0], "FP": [337.0, 245.0, 239.0, 221.0, 210.0, 205.0, 201.0, 202.0, 217.0, 221.0, 229.0, 230.0, 236.0, 242.0, 229.0, 231.0, 229.0, 235.0, 230.0, 222.0, 225.0, 218.0, 235.0, 231.0, 213.0, 215.0, 217.0, 220.0, 206.0, 209.0, 224.0, 219.0, 205.0, 203.0, 204.0, 192.0, 194.0, 190.0, 182.0, 192.0, 188.0, 180.0, 192.0, 189.0, 183.0, 170.0, 165.0, 174.0, 180.0, 169.0, 153.0, 166.0, 170.0, 168.0, 155.0, 158.0], "FN": [331.0, 359.0, 353.0, 348.0, 335.0, 324.0, 323.0, 317.0, 291.0, 285.0, 273.0, 262.0, 247.0, 235.0, 245.0, 239.0, 239.0, 230.0, 231.0, 229.0, 221.0, 220.0, 208.0, 222.0, 215.0, 202.0, 205.0, 215.0, 213.0, 208.0, 189.0, 191.0, 206.0, 220.0, 205.0, 205.0, 193.0, 187.0, 192.0, 192.0, 193.0, 190.0, 175.0, 181.0, 190.0, 184.0, 183.0, 183.0, 169.0, 166.0, 166.0, 156.0, 169.0, 153.0, 149.0, 162.0], "Precision": [0.5338866114616394, 0.5936982035636902, 0.6036484241485596, 0.6254237294197083, 0.6452702879905701, 0.6571906208992004, 0.6621848940849304, 0.6644518375396729, 0.6625194549560547, 0.6615620255470276, 0.6597325205802917, 0.6642335653305054, 0.6657223701477051, 0.6657458543777466, 0.6733238101005554, 0.6741889715194702, 0.6760962009429932, 0.6745152473449707, 0.6787709593772888, 0.6873239278793335, 0.6879334449768066, 0.6951048970222473, 0.6841397881507874, 0.6818181872367859, 0.7020978927612305, 0.7054794430732727, 0.7023319602012634, 0.6952908635139465, 0.7098591327667236, 0.7089136242866516, 0.7021276354789734, 0.7060402631759644, 0.7136871218681335, 0.7099999785423279, 0.7150837779045105, 0.7272727489471436, 0.7298049926757812, 0.7361111044883728, 0.7425742745399475, 0.73221755027771, 0.7359550595283508, 0.7454031109809875, 0.7384195923805237, 0.7393103241920471, 0.7422535419464111, 0.758179247379303, 0.7639485001564026, 0.7542372941970825, 0.7527472376823425, 0.7652778029441833, 0.7826704382896423, 0.7716643810272217, 0.7632312178611755, 0.7704917788505554, 0.7856155037879944, 0.7784011363983154], "Recall": [0.5383542776107788, 0.4993026554584503, 0.5076708793640137, 0.5146443247795105, 0.5327754616737366, 0.5481171607971191, 0.5495118498802185, 0.5578800439834595, 0.5941422581672668, 0.6025104522705078, 0.6192468404769897, 0.6345885396003723, 0.6555090546607971, 0.672245442867279, 0.6582984924316406, 0.6666666865348816, 0.6666666865348816, 0.6792189478874207, 0.6778242588043213, 0.6806136965751648, 0.6917712688446045, 0.6931659579277039, 0.7099023461341858, 0.6903765797615051, 0.7001394629478455, 0.7182705998420715, 0.7140864729881287, 0.7001394629478455, 0.7029288411140442, 0.7099023461341858, 0.7364016771316528, 0.7336122989654541, 0.7126917839050293, 0.6931659579277039, 0.7140864729881287, 0.7140864729881287, 0.7308228611946106, 0.7391910552978516, 0.73221755027771, 0.73221755027771, 0.7308228611946106, 0.7350069880485535, 0.7559275031089783, 0.7475592494010925, 0.7350069880485535, 0.7433751821517944, 0.7447698712348938, 0.7447698712348938, 0.7642956972122192, 0.7684797644615173, 0.7684797644615173, 0.7824267745018005, 0.7642956972122192, 0.7866109013557434, 0.7921896576881409, 0.7740585803985596], "AUC": [0.5494165420532227, 0.6114194393157959, 0.6228688359260559, 0.6441423892974854, 0.6720811128616333, 0.677849531173706, 0.6923072338104248, 0.6932885646820068, 0.7001424431800842, 0.7108798027038574, 0.7067492008209229, 0.7215491533279419, 0.7243123650550842, 0.7298210859298706, 0.7336063981056213, 0.7413560152053833, 0.7356586456298828, 0.7423646450042725, 0.7472072839736938, 0.7524329423904419, 0.755340039730072, 0.7657195925712585, 0.7634202837944031, 0.761443018913269, 0.7697519063949585, 0.7764472365379333, 0.7803581357002258, 0.7761350274085999, 0.7789254188537598, 0.7890394926071167, 0.7905829548835754, 0.7938499450683594, 0.7975078821182251, 0.802091658115387, 0.8025322556495667, 0.8065938353538513, 0.8134874701499939, 0.8157401084899902, 0.8248843550682068, 0.818128764629364, 0.826448380947113, 0.8260321021080017, 0.8290421962738037, 0.8333196640014648, 0.8344635367393494, 0.8468669652938843, 0.8389219641685486, 0.850393533706665, 0.8552682995796204, 0.8570860028266907, 0.8580060601234436, 0.8668012022972107, 0.8580878376960754, 0.8664229512214661, 0.8701480031013489, 0.8710028529167175],