{"loss": [0.6948832273483276, 0.6957275867462158, 0.6966124773025513, 0.6936435699462891, 0.6908535957336426, 0.6886554956436157, 0.6882291436195374, 0.684977650642395, 0.6865711212158203, 0.6828017234802246, 0.6805383563041687, 0.6783353686332703, 0.6770966053009033, 0.6716879606246948, 0.6682366132736206, 0.6652990579605103, 0.6648887991905212, 0.6595123410224915, 0.6543048620223999, 0.6527986526489258, 0.6509016752243042, 0.6456521153450012, 0.6424954533576965, 0.643001139163971, 0.6421969532966614, 0.6341811418533325, 0.6386256814002991, 0.6322282552719116, 0.6280841827392578, 0.6255432963371277, 0.625659704208374, 0.6261996626853943, 0.6227339506149292, 0.6220753788948059, 0.6156368851661682, 0.615531861782074, 0.6217382550239563, 0.616277277469635, 0.6126209497451782, 0.6091110110282898, 0.6146863102912903, 0.6064116954803467, 0.6105003356933594, 0.6084790229797363, 0.6038388609886169, 0.6069456934928894, 0.5991071462631226, 0.6035014390945435, 0.5982936024665833, 0.5978729724884033, 0.5906398296356201, 0.5947071313858032], "accuracy": [0.5034867525100708, 0.4972105920314789, 0.49093446135520935, 0.517433762550354, 0.508368194103241, 0.5453277826309204, 0.5509065389633179, 0.5460250973701477, 0.5411436557769775, 0.560669481754303, 0.5578800439834595, 0.5648535490036011, 0.5662482380867004, 0.5934448838233948, 0.5976290106773376, 0.5927475690841675, 0.5927475690841675, 0.5941422581672668, 0.6178521513938904, 0.607391893863678, 0.6150627732276917, 0.624825656414032, 0.6220362782478333, 0.6220362782478333, 0.60808926820755, 0.6276150345802307, 0.6206415891647339, 0.642259418964386, 0.6373779773712158, 0.6380752921104431, 0.6436541080474854, 0.6324965357780457, 0.6227335929870605, 0.6471408605575562, 0.6485355496406555, 0.651324987411499, 0.6394700407981873, 0.6562064290046692, 0.6394700407981873, 0.6576011180877686, 0.6499302387237549, 0.6673640012741089, 0.6541143655776978, 0.6541143655776978, 0.6582984924316406, 0.6527196764945984, 0.6582984924316406, 0.65969318151474, 0.6555090546607971, 0.672245442867279, 0.6645746231079102, 0.6736401915550232], "benchmark_567": [712.0, 721.0, 730.0, 692.0, 705.0, 652.0, 644.0, 651.0, 658.0, 630.0, 634.0, 624.0, 622.0, 583.0, 577.0, 584.0, 584.0, 582.0, 548.0, 563.0, 552.0, 538.0, 542.0, 542.0, 562.0, 534.0, 544.0, 513.0, 520.0, 519.0, 511.0, 527.0, 541.0, 506.0, 504.0, 500.0, 517.0, 493.0, 517.0, 491.0, 502.0, 477.0, 496.0, 496.0, 490.0, 498.0, 490.0, 488.0, 494.0, 470.0, 481.0, 468.0], "TP": [346.0, 351.0, 332.0, 388.0, 333.0, 376.0, 379.0, 375.0, 382.0, 357.0, 382.0, 389.0, 395.0, 386.0, 410.0, 414.0, 402.0, 410.0, 425.0, 442.0, 439.0, 446.0, 431.0, 443.0, 421.0, 444.0, 437.0, 444.0, 445.0, 460.0, 448.0, 456.0, 432.0, 446.0, 455.0, 447.0, 448.0, 463.0, 447.0, 455.0, 466.0, 471.0, 454.0, 474.0, 465.0, 460.0, 460.0, 464.0, 466.0, 480.0, 477.0, 475.0], "TN": [376.0, 362.0, 372.0, 354.0, 396.0, 406.0, 411.0, 408.0, 394.0, 447.0, 418.0, 421.0, 417.0, 465.0, 447.0, 436.0, 448.0, 442.0, 461.0, 429.0, 443.0, 450.0, 461.0, 449.0, 451.0, 456.0, 453.0, 477.0, 469.0, 455.0, 475.0, 451.0, 461.0, 482.0, 475.0, 487.0, 469.0, 478.0, 470.0, 488.0, 466.0, 486.0, 484.0, 464.0, 479.0, 476.0, 484.0, 482.0, 474.0, 484.0, 476.0, 491.0], "FP": [341.0, 355.0, 345.0, 363.0, 321.0, 311.0, 306.0, 309.0, 323.0, 270.0, 299.0, 296.0, 300.0, 252.0, 270.0, 281.0, 269.0, 275.0, 256.0, 288.0, 274.0, 267.0, 256.0, 268.0, 266.0, 261.0, 264.0, 240.0, 248.0, 262.0, 242.0, 266.0, 256.0, 235.0, 242.0, 230.0, 248.0, 239.0, 247.0, 229.0, 251.0, 231.0, 233.0, 253.0, 238.0, 241.0, 233.0, 235.0, 243.0, 233.0, 241.0, 226.0], "FN": [371.0, 366.0, 385.0, 329.0, 384.0, 341.0, 338.0, 342.0, 335.0, 360.0, 335.0, 328.0, 322.0, 331.0, 307.0, 303.0, 315.0, 307.0, 292.0, 275.0, 278.0, 271.0, 286.0, 274.0, 296.0, 273.0, 280.0, 273.0, 272.0, 257.0, 269.0, 261.0, 285.0, 271.0, 262.0, 270.0, 269.0, 254.0, 270.0, 262.0, 251.0, 246.0, 263.0, 243.0, 252.0, 257.0, 257.0, 253.0, 251.0, 237.0, 240.0, 242.0], "Precision": [0.5036389827728271, 0.4971671402454376, 0.4903988242149353, 0.5166444778442383, 0.5091742873191833, 0.5473071336746216, 0.5532846450805664, 0.5482456088066101, 0.5418439507484436, 0.5693780183792114, 0.5609397888183594, 0.5678831934928894, 0.568345308303833, 0.6050156950950623, 0.6029411554336548, 0.5956834554672241, 0.5991058349609375, 0.5985401272773743, 0.6240822076797485, 0.6054794788360596, 0.6157082915306091, 0.625525951385498, 0.6273653507232666, 0.6230661273002625, 0.6128093004226685, 0.6297872066497803, 0.6233951449394226, 0.6491228342056274, 0.6421356201171875, 0.6371191143989563, 0.6492753624916077, 0.6315789222717285, 0.6279069781303406, 0.6549192070960999, 0.6527976989746094, 0.6602658629417419, 0.6436781883239746, 0.6595441699028015, 0.6440922021865845, 0.6652047038078308, 0.6499302387237549, 0.6709401607513428, 0.6608442664146423, 0.651994526386261, 0.6614509224891663, 0.656205415725708, 0.663780689239502, 0.6638054251670837, 0.6572637557983398, 0.6732117533683777, 0.664345383644104, 0.6776034235954285], "Recall": [0.482566237449646, 0.4895397424697876, 0.46304044127464294, 0.5411436557769775, 0.4644351601600647, 0.5244072675704956, 0.5285913348197937, 0.5230125784873962, 0.5327754616737366, 0.49790793657302856, 0.5327754616737366, 0.5425383448600769, 0.5509065389633179, 0.5383542776107788, 0.5718270540237427, 0.5774058699607849, 0.560669481754303, 0.5718270540237427, 0.5927475690841675, 0.616457462310791, 0.6122733354568481, 0.6220362782478333, 0.6011157631874084, 0.6178521513938904, 0.5871687531471252, 0.6192468404769897, 0.6094839572906494, 0.6192468404769897, 0.6206415891647339, 0.6415620446205139, 0.624825656414032, 0.6359832882881165, 0.6025104522705078, 0.6220362782478333, 0.6345885396003723, 0.6234309673309326, 0.624825656414032, 0.6457461714744568, 0.6234309673309326, 0.6345885396003723, 0.6499302387237549, 0.6569037437438965, 0.633193850517273, 0.6610878705978394, 0.6485355496406555, 0.6415620446205139, 0.6415620446205139, 0.6471408605575562, 0.6499302387237549, 0.6694560647010803, 0.6652719378471375, 0.6624825596809387], "AUC": [0.5011826753616333, 0.49225714802742004, 0.4814341366291046, 0.5145431756973267, 0.5308293104171753, 0.5519521236419678, 0.551200270652771, 0.5701406002044678, 0.5585715770721436, 0.5806601643562317, 0.5837247967720032, 0.5969229340553284, 0.6008182168006897, 0.6236186623573303, 0.6359657049179077, 0.6314636468887329, 0.629425048828125, 0.6469365954399109, 0.66390061378479, 0.6601347327232361, 0.6652379035949707, 0.6758255958557129, 0.6772659420967102, 0.6747479438781738, 0.6734388470649719, 0.6915427446365356, 0.6816251277923584, 0.6916652321815491, 0.7019144296646118, 0.7044597864151001, 0.7038674354553223, 0.6996902227401733, 0.704028844833374, 0.7065390944480896, 0.7179681658744812, 0.7190437912940979, 0.706795871257782, 0.7192908525466919, 0.7153548002243042, 0.7288320660591125, 0.7200144529342651, 0.7327826619148254, 0.7226919531822205, 0.7250446677207947, 0.7328400611877441, 0.7282512784004211, 0.7373936772346497, 0.7322223782539368, 0.7380161881446838, 0.7441979646682739, 0.7461548447608948, 0.7433616518974304],