{"loss": [0.1994447559118271, 0.1840478479862213, 0.17814236879348755, 0.17561517655849457, 0.1745394617319107, 0.17398817837238312, 0.17367418110370636, 0.1734856218099594, 0.17340052127838135, 0.17335860431194305, 0.173346146941185, 0.17332690954208374, 0.17329612374305725, 0.17330874502658844, 0.17328764498233795, 0.173284113407135, 0.17328763008117676, 0.1732839196920395, 0.17325682938098907, 0.17324432730674744, 0.17323727905750275, 0.17322233319282532, 0.17324413359165192, 0.17320340871810913, 0.17320093512535095, 0.1731930524110794, 0.1731828898191452, 0.1731855720281601, 0.17315958440303802], "accuracy": [0.5, 0.5, 0.5, 0.5, 0.5, 0.5, 0.5, 0.5, 0.5, 0.4993026554584503, 0.4972105920314789, 0.5055788159370422, 0.5111575722694397, 0.5104602575302124, 0.5041841268539429, 0.5132496356964111, 0.5027893781661987, 0.5104602575302124, 0.5111575722694397, 0.5271966457366943, 0.5139470100402832, 0.5481171607971191, 0.5160390734672546, 0.5362622141838074, 0.5334727764129639, 0.5278940200805664, 0.5299860239028931, 0.5195258259773254, 0.5509065389633179], "benchmark_212": [717.0, 717.0, 717.0, 717.0, 717.0, 717.0, 717.0, 717.0, 717.0, 718.0, 721.0, 709.0, 701.0, 702.0, 711.0, 698.0, 713.0, 702.0, 701.0, 678.0, 697.0, 648.0, 694.0, 665.0, 669.0, 677.0, 674.0, 689.0, 644.0], "TP": [0.0, 0.0, 0.0, 0.0, 0.0, 0.0, 0.0, 0.0, 0.0, 0.0, 16.0, 57.0, 48.0, 84.0, 304.0, 229.0, 64.0, 330.0, 294.0, 232.0, 35.0, 316.0, 253.0, 191.0, 483.0, 382.0, 600.0, 627.0, 287.0], "TN": [717.0, 717.0, 717.0, 717.0, 717.0, 717.0, 717.0, 717.0, 717.0, 716.0, 697.0, 668.0, 685.0, 648.0, 419.0, 507.0, 657.0, 402.0, 439.0, 524.0, 702.0, 470.0, 487.0, 578.0, 282.0, 375.0, 160.0, 118.0, 503.0], "FP": [0.0, 0.0, 0.0, 0.0, 0.0, 0.0, 0.0, 0.0, 0.0, 1.0, 20.0, 49.0, 32.0, 69.0, 298.0, 210.0, 60.0, 315.0, 278.0, 193.0, 15.0, 247.0, 230.0, 139.0, 435.0, 342.0, 557.0, 599.0, 214.0], "FN": [717.0, 717.0, 717.0, 717.0, 717.0, 717.0, 717.0, 717.0, 717.0, 717.0, 701.0, 660.0, 669.0, 633.0, 413.0, 488.0, 653.0, 387.0, 423.0, 485.0, 682.0, 401.0, 464.0, 526.0, 234.0, 335.0, 117.0, 90.0, 430.0], "Precision": [0.0, 0.0, 0.0, 0.0, 0.0, 0.0, 0.0, 0.0, 0.0, 0.0, 0.4444444477558136, 0.5377358198165894, 0.6000000238418579, 0.5490196347236633, 0.5049833655357361, 0.5216400623321533, 0.5161290168762207, 0.5116279125213623, 0.5139859914779663, 0.5458823442459106, 0.699999988079071, 0.5612788796424866, 0.523809552192688, 0.5787878632545471, 0.5261437892913818, 0.5276243090629578, 0.5185825228691101, 0.5114192366600037, 0.5728542804718018], "Recall": [0.0, 0.0, 0.0, 0.0, 0.0, 0.0, 0.0, 0.0, 0.0, 0.0, 0.02231520228087902, 0.07949791103601456, 0.06694560497999191, 0.1171548143029213, 0.42398884892463684, 0.3193863332271576, 0.08926080912351608, 0.4602510333061218, 0.41004183888435364, 0.3235704302787781, 0.04881450533866882, 0.4407252371311188, 0.35285913944244385, 0.2663877308368683, 0.6736401915550232, 0.5327754616737366, 0.8368200659751892, 0.874476969242096, 0.4002789258956909], "AUC": [0.4976317286491394, 0.5042521953582764, 0.47442758083343506, 0.45673999190330505, 0.4681066870689392, 0.4650673270225525, 0.48931312561035156, 0.48117154836654663, 0.5014102458953857, 0.4892197251319885, 0.4748953580856323, 0.47977685928344727, 0.4958159029483795, 0.4937238395214081, 0.49860531091690063, 0.49790793657302856, 0.49721062183380127, 0.49860531091690063, 0.4993026554584503, 0.4993026554584503, 0.5132496356964111, 0.4993046522140503, 0.500709056854248, 0.49860531091690063, 0.5020921230316162, 0.505583643913269, 0.5132496356964111, 0.508368194103241, 0.5041725039482117], "val_loss": [0.20582161843776703, 0.19093702733516693, 0.18355874717235565, 0.17982304096221924, 0.17742575705051422, 0.1757950782775879, 0.17437833547592163, 0.17369487881660461, 0.1731475293636322, 0.17289617657661438, 0.17287293076515198, 0.17258064448833466, 0.17254628241062164, 0.1724303811788559, 0.1724519282579422, 0.1724984049797058, 0.17238247394561768, 0.1724511981010437, 0.17247377336025238, 0.17252500355243683, 0.1723618060350418, 0.1723148673772812, 0.1723759025335312, 0.17226265370845795, 0.17219091951847076, 0.17213763296604156, 0.17222534120082855, 0.17244592308998108, 0.1724366992712021], "val_accuracy": [0.3781818151473999, 0.3781818151473999, 0.3781818151473999, 0.3781818151473999, 0.3781818151473999, 0.3781818151473999, 0.3781818151473999, 0.3781818151473999, 0.6218181848526001, 0.6218181848526001, 0.6218181848526001, 0.6218181848526001, 0.6218181848526001, 0.6218181848526001, 0.6218181848526001, 0.6218181848526001, 0.6218181848526001, 0.6218181848526001, 0.6218181848526001, 0.6218181848526001, 0.6218181848526001, 0.6218181848526001, 0.6218181848526001, 0.6218181848526001, 0.6218181848526001, 0.6218181848526001, 0.6218181848526001, 0.6218181848526001, 0.6218181848526001], "val_benchmark_212": [171.0, 171.0, 171.0, 171.0, 171.0, 171.0, 171.0, 171.0, 104.0, 104.0, 104.0, 104.0, 104.0, 104.0, 104.0, 104.0, 104.0, 104.0, 104.0, 104.0, 104.0, 104.0, 104.0, 104.0, 104.0, 104.0, 104.0, 104.0, 104.0], "val_TP": [0.0, 0.0, 0.0, 0.0, 0.0, 0.0, 0.0, 0.0, 171.0, 171.0, 171.0, 171.0, 171.0, 171.0, 171.0, 171.0, 171.0, 171.0, 171.0, 171.0, 171.0, 171.0, 171.0, 171.0, 171.0, 171.0, 171.0, 171.0, 171.0], "val_TN": [104.0, 104.0, 104.0, 104.0, 104.0, 104.0, 104.0, 104.0, 0.0, 0.0, 0.0, 0.0, 0.0, 0.0, 0.0, 0.0, 0.0, 0.0, 0.0, 0.0, 0.0, 0.0, 0.0, 0.0, 0.0, 0.0, 0.0, 0.0, 0.0], "val_FP": [0.0, 0.0, 0.0, 0.0, 0.0, 0.0, 0.0, 0.0, 104.0, 104.0, 104.0, 104.0, 104.0, 104.0, 104.0, 104.0, 104.0, 104.0, 104.0, 104.0, 104.0, 104.0, 104.0, 104.0, 104.0, 104.0, 104.0, 104.0, 104.0], "val_FN": [171.0, 171.0, 171.0, 171.0, 171.0, 171.0, 171.0, 171.0, 0.0, 0.0, 0.0, 0.0, 0.0, 0.0, 0.0, 0.0, 0.0, 0.0, 0.0, 0.0, 0.0, 0.0, 0.0, 0.0, 0.0, 0.0, 0.0, 0.0, 0.0], "val_Precision": [0.0, 0.0, 0.0, 0.0, 0.0, 0.0, 0.0, 0.0, 0.6218181848526001, 0.6218181848526001, 0.6218181848526001, 0.6218181848526001, 0.6218181848526001, 0.6218181848526001, 0.6218181848526001, 0.6218181848526001, 0.6218181848526001, 0.6218181848526001, 0.6218181848526001, 0.6218181848526001, 0.6218181848526001, 0.6218181848526001, 0.6218181848526001, 0.6218181848526001, 0.6218181848526001, 0.6218181848526001, 0.6218181848526001, 0.6218181848526001, 0.6218181848526001], "val_Recall": [0.0, 0.0, 0.0, 0.0, 0.0, 0.0, 0.0, 0.0, 1.0, 1.0, 1.0, 1.0, 1.0, 1.0, 1.0, 1.0, 1.0, 1.0, 1.0, 1.0, 1.0, 1.0, 1.0, 1.0, 1.0, 1.0, 1.0, 1.0, 1.0], "val_AUC": [0.5, 0.5, 0.5, 0.5, 0.5114991068840027, 0.5, 0.5, 0.5, 0.5, 0.5, 0.5, 0.524966299533844, 0.5546277761459351, 0.5, 0.504807710647583, 0.5545715093612671, 0.5, 0.5104588866233826, 0.5602226853370667, 0.5342161655426025, 0.504807710647583, 0.504807710647583, 0.5085750818252563, 0.5, 0.5, 0.5, 0.504807710647583, 0.5479925870895386, 0.5392206907272339]}