{"loss": [0.689558744430542, 0.6778562068939209, 0.6647431254386902, 0.6508675813674927, 0.6277809143066406, 0.6122724413871765, 0.5917307138442993, 0.5655607581138611, 0.5478418469429016, 0.5223121643066406, 0.4932386875152588, 0.4753834307193756, 0.4394996166229248, 0.40599143505096436, 0.3833009600639343, 0.3322504460811615, 0.2931467592716217, 0.24982528388500214, 0.2327866554260254, 0.18920469284057617, 0.17429004609584808, 0.13555169105529785, 0.11739224940538406, 0.10385019332170486, 0.09237901866436005, 0.120294950902462, 0.061964403837919235, 0.04615526273846626, 0.03739666938781738, 0.033352285623550415, 0.07114166766405106, 0.03022974729537964, 0.03829854354262352, 0.041392117738723755, 0.019602539017796516, 0.01521705649793148, 0.014890068210661411, 0.014721793122589588, 0.0121622858569026, 0.014848453924059868, 0.013079075142741203, 0.008456465788185596, 0.017750198021531105, 0.010084460489451885, 0.010074153542518616, 0.009585347026586533, 0.010733630508184433, 0.009126572869718075, 0.008545281365513802, 0.007039372809231281, 0.0188639797270298, 0.008164765313267708], "accuracy": [0.5502092242240906, 0.6185495257377625, 0.6408647298812866, 0.6485355496406555, 0.6743375062942505, 0.6861924529075623, 0.7071129679679871, 0.7231520414352417, 0.7301255464553833, 0.7517433762550354, 0.7740585803985596, 0.7824267745018005, 0.8172942996025085, 0.8312413096427917, 0.8472803235054016, 0.8856346011161804, 0.9002789258956909, 0.9239888191223145, 0.9232915043830872, 0.9476987719535828, 0.9476987719535828, 0.9665272235870361, 0.9762901067733765, 0.9748954176902771, 0.9783821702003479, 0.9609484076499939, 0.9923291206359863, 0.9958158731460571, 0.9993026256561279, 0.9993026256561279, 0.9818689227104187, 0.9986053109169006, 0.9951185584068298, 0.9951185584068298, 1.0, 0.9993026256561279, 1.0, 0.9993026256561279, 1.0, 1.0, 1.0, 1.0, 0.9972106218338013, 1.0, 0.9993026256561279, 1.0, 1.0, 0.9993026256561279, 1.0, 1.0, 0.9972106218338013, 0.9993026256561279], "benchmark_560": [645.0, 547.0, 515.0, 504.0, 467.0, 450.0, 420.0, 397.0, 387.0, 356.0, 324.0, 312.0, 262.0, 242.0, 219.0, 164.0, 143.0, 109.0, 110.0, 75.0, 75.0, 48.0, 34.0, 36.0, 31.0, 56.0, 11.0, 6.0, 1.0, 1.0, 26.0, 2.0, 7.0, 7.0, 0.0, 1.0, 0.0, 1.0, 0.0, 0.0, 0.0, 0.0, 4.0, 0.0, 1.0, 0.0, 0.0, 1.0, 0.0, 0.0, 4.0, 1.0], "TP": [282.0, 413.0, 452.0, 462.0, 482.0, 479.0, 492.0, 515.0, 506.0, 529.0, 543.0, 548.0, 571.0, 579.0, 591.0, 625.0, 632.0, 646.0, 653.0, 672.0, 672.0, 688.0, 693.0, 697.0, 698.0, 687.0, 707.0, 715.0, 716.0, 716.0, 704.0, 717.0, 712.0, 711.0, 717.0, 717.0, 717.0, 717.0, 717.0, 717.0, 717.0, 717.0, 715.0, 717.0, 716.0, 717.0, 717.0, 717.0, 717.0, 717.0, 715.0, 716.0], "TN": [507.0, 474.0, 467.0, 468.0, 485.0, 505.0, 522.0, 522.0, 541.0, 549.0, 567.0, 574.0, 601.0, 613.0, 624.0, 645.0, 659.0, 679.0, 671.0, 687.0, 687.0, 698.0, 707.0, 701.0, 705.0, 691.0, 716.0, 713.0, 717.0, 717.0, 704.0, 715.0, 715.0, 716.0, 717.0, 716.0, 717.0, 716.0, 717.0, 717.0, 717.0, 717.0, 715.0, 717.0, 717.0, 717.0, 717.0, 716.0, 717.0, 717.0, 715.0, 717.0], "FP": [210.0, 243.0, 250.0, 249.0, 232.0, 212.0, 195.0, 195.0, 176.0, 168.0, 150.0, 143.0, 116.0, 104.0, 93.0, 72.0, 58.0, 38.0, 46.0, 30.0, 30.0, 19.0, 10.0, 16.0, 12.0, 26.0, 1.0, 4.0, 0.0, 0.0, 13.0, 2.0, 2.0, 1.0, 0.0, 1.0, 0.0, 1.0, 0.0, 0.0, 0.0, 0.0, 2.0, 0.0, 0.0, 0.0, 0.0, 1.0, 0.0, 0.0, 2.0, 0.0], "FN": [435.0, 304.0, 265.0, 255.0, 235.0, 238.0, 225.0, 202.0, 211.0, 188.0, 174.0, 169.0, 146.0, 138.0, 126.0, 92.0, 85.0, 71.0, 64.0, 45.0, 45.0, 29.0, 24.0, 20.0, 19.0, 30.0, 10.0, 2.0, 1.0, 1.0, 13.0, 0.0, 5.0, 6.0, 0.0, 0.0, 0.0, 0.0, 0.0, 0.0, 0.0, 0.0, 2.0, 0.0, 1.0, 0.0, 0.0, 0.0, 0.0, 0.0, 2.0, 1.0], "Precision": [0.5731707215309143, 0.6295731663703918, 0.6438746452331543, 0.649789035320282, 0.67507004737854, 0.6931982636451721, 0.7161571979522705, 0.7253521084785461, 0.7419354915618896, 0.7589669823646545, 0.7835497856140137, 0.7930535674095154, 0.8311499357223511, 0.8477305769920349, 0.8640350699424744, 0.8967001438140869, 0.9159420132637024, 0.9444444179534912, 0.9341917037963867, 0.9572649598121643, 0.9572649598121643, 0.9731258749961853, 0.9857752323150635, 0.9775596261024475, 0.983098566532135, 0.9635343551635742, 0.9985875487327576, 0.9944367408752441, 1.0, 1.0, 0.9818689227104187, 0.9972183704376221, 0.9971988797187805, 0.9985954761505127, 1.0, 0.9986072182655334, 1.0, 0.9986072182655334, 1.0, 1.0, 1.0, 1.0, 0.9972106218338013, 1.0, 1.0, 1.0, 1.0, 0.9986072182655334, 1.0, 1.0, 0.9972106218338013, 1.0], "Recall": [0.3933054506778717, 0.5760111808776855, 0.6304044723510742, 0.6443514823913574, 0.672245442867279, 0.668061375617981, 0.6861924529075623, 0.7182705998420715, 0.7057182788848877, 0.7377963662147522, 0.7573221921920776, 0.7642956972122192, 0.7963737845420837, 0.8075313568115234, 0.8242678046226501, 0.8716875910758972, 0.8814504742622375, 0.900976300239563, 0.9107391834259033, 0.9372385144233704, 0.9372385144233704, 0.9595537185668945, 0.9665272235870361, 0.9721059799194336, 0.973500669002533, 0.9581589698791504, 0.9860529899597168, 0.9972106218338013, 0.9986053109169006, 0.9986053109169006, 0.9818689227104187, 1.0, 0.9930264949798584, 0.991631805896759, 1.0, 1.0, 1.0, 1.0, 1.0, 1.0, 1.0, 1.0, 0.9972106218338013, 1.0, 0.9986053109169006, 1.0, 1.0, 1.0, 1.0, 1.0, 0.9972106218338013, 0.9986053109169006], "AUC": [0.5672228336334229, 0.6582119464874268, 0.6835586428642273, 0.6946122050285339, 0.7316262722015381, 0.7441415786743164, 0.7693365812301636, 0.7977782487869263, 0.8092655539512634, 0.8315145969390869, 0.8554733991622925, 0.8663908243179321, 0.8907902836799622, 0.9113159775733948, 0.9196102619171143, 0.9455852508544922, 0.9590946435928345, 0.972552478313446, 0.9745529890060425, 0.9860578775405884, 0.988437831401825, 0.9940769076347351, 0.9935234189033508, 0.9966785907745361, 0.9974021911621094, 0.9941468834877014, 0.9998113512992859, 0.9999494552612305, 0.9999980330467224, 0.9999999403953552, 0.9973944425582886, 0.9999999403953552, 0.9995721578598022, 0.9997208714485168, 1.0, 1.0, 1.0, 0.9999999403953552, 0.9999999403953552, 0.9999999403953552, 1.0, 1.0, 0.9998327493667603, 1.0, 0.9999999403953552, 1.0, 0.9999999403953552, 0.9999999403953552, 0.9999999403953552, 1.0, 0.9999707937240601, 0.9999999403953552], "val_loss": [0.7273669242858887, 0.7738316655158997, 0.8310865759849548, 0.9283804893493652, 1.0219863653182983, 1.1210381984710693, 1.2969609498977661, 1.4752177000045776, 1.3363410234451294, 0.7089847326278687, 0.7646217346191406, 0.6643503904342651, 0.9810420274734497, 0.6448791027069092, 0.7222430109977722, 0.6675045490264893, 0.8224264979362488, 0.8630596399307251, 0.9518969655036926, 1.1013667583465576, 1.2642278671264648, 0.903857946395874, 1.0796594619750977, 0.98195880651474, 1.1927095651626587, 0.9401004314422607, 0.9932173490524292, 0.9902747869491577, 0.9750164151191711, 0.9992086291313171, 1.2428135871887207, 0.9978801012039185, 1.0644649267196655, 1.126916766166687, 1.0702532529830933, 1.166072964668274, 1.1313449144363403, 1.098984718322754, 1.147710919380188, 1.1987043619155884, 1.2583132982254028, 1.1870640516281128, 1.22023344039917, 1.284759759902954, 1.2127771377563477, 1.2404494285583496, 1.238470435142517, 1.312360405921936, 1.2718207836151123, 1.4842430353164673, 1.3251358270645142, 1.3128018379211426],