{"loss": [1.0576602220535278, 1.1112360954284668, 1.0525861978530884, 1.024080753326416, 0.9831499457359314, 0.9730857014656067, 1.0006635189056396, 0.9385244250297546, 0.9312358498573303, 0.931094229221344, 0.8741735219955444, 0.8258251547813416, 0.8298450708389282, 0.8543438911437988, 0.7794749736785889, 0.814938485622406, 0.7684391736984253, 0.774823009967804, 0.8046058416366577, 0.7607502937316895, 0.7534599304199219, 0.7155877351760864, 0.704230010509491, 0.7258669137954712, 0.6785697340965271, 0.6449301242828369, 0.6264379024505615, 0.6254048347473145, 0.6314551830291748, 0.6292455792427063, 0.6196852326393127, 0.6023906469345093, 0.5581008791923523, 0.5632899403572083, 0.5630707740783691, 0.5318205952644348, 0.5031512379646301, 0.519989550113678, 0.5132359862327576, 0.48433345556259155, 0.47648826241493225, 0.45709607005119324, 0.4392566680908203], "accuracy": [0.5320780873298645, 0.47001394629478455, 0.5139470100402832, 0.5104602575302124, 0.5278940200805664, 0.5564853549003601, 0.5244072675704956, 0.5641562342643738, 0.5599721074104309, 0.5655509233474731, 0.5857740640640259, 0.6324965357780457, 0.6115760207176208, 0.6178521513938904, 0.6324965357780457, 0.6220362782478333, 0.6415620446205139, 0.6262203454971313, 0.6171548366546631, 0.6499302387237549, 0.6471408605575562, 0.6645746231079102, 0.6576011180877686, 0.6708507537841797, 0.6715481281280518, 0.6924686431884766, 0.7050209045410156, 0.6994421482086182, 0.7140864729881287, 0.7071129679679871, 0.715481162071228, 0.7161785364151001, 0.7489539980888367, 0.7364016771316528, 0.7447698712348938, 0.7545327544212341, 0.7740585803985596, 0.7684797644615173, 0.7482566237449646, 0.7789400219917297, 0.7914923429489136, 0.8047419786453247, 0.8012552261352539], "benchmark_1511": [671.0, 760.0, 697.0, 702.0, 677.0, 636.0, 682.0, 625.0, 631.0, 623.0, 594.0, 527.0, 557.0, 548.0, 527.0, 542.0, 514.0, 536.0, 549.0, 502.0, 506.0, 481.0, 491.0, 472.0, 471.0, 441.0, 423.0, 431.0, 410.0, 420.0, 408.0, 407.0, 360.0, 378.0, 366.0, 352.0, 324.0, 332.0, 361.0, 317.0, 299.0, 280.0, 285.0], "TP": [418.0, 338.0, 365.0, 365.0, 374.0, 403.0, 374.0, 406.0, 399.0, 412.0, 414.0, 462.0, 435.0, 447.0, 457.0, 455.0, 454.0, 452.0, 450.0, 462.0, 467.0, 485.0, 463.0, 479.0, 493.0, 496.0, 510.0, 504.0, 513.0, 511.0, 521.0, 517.0, 535.0, 529.0, 537.0, 535.0, 545.0, 553.0, 535.0, 560.0, 566.0, 573.0, 571.0], "TN": [345.0, 336.0, 372.0, 367.0, 383.0, 395.0, 378.0, 403.0, 404.0, 399.0, 426.0, 445.0, 442.0, 439.0, 450.0, 437.0, 466.0, 446.0, 435.0, 470.0, 461.0, 468.0, 480.0, 483.0, 470.0, 497.0, 501.0, 499.0, 511.0, 503.0, 505.0, 510.0, 539.0, 527.0, 531.0, 547.0, 565.0, 549.0, 538.0, 557.0, 569.0, 581.0, 578.0], "FP": [372.0, 381.0, 345.0, 350.0, 334.0, 322.0, 339.0, 314.0, 313.0, 318.0, 291.0, 272.0, 275.0, 278.0, 267.0, 280.0, 251.0, 271.0, 282.0, 247.0, 256.0, 249.0, 237.0, 234.0, 247.0, 220.0, 216.0, 218.0, 206.0, 214.0, 212.0, 207.0, 178.0, 190.0, 186.0, 170.0, 152.0, 168.0, 179.0, 160.0, 148.0, 136.0, 139.0], "FN": [299.0, 379.0, 352.0, 352.0, 343.0, 314.0, 343.0, 311.0, 318.0, 305.0, 303.0, 255.0, 282.0, 270.0, 260.0, 262.0, 263.0, 265.0, 267.0, 255.0, 250.0, 232.0, 254.0, 238.0, 224.0, 221.0, 207.0, 213.0, 204.0, 206.0, 196.0, 200.0, 182.0, 188.0, 180.0, 182.0, 172.0, 164.0, 182.0, 157.0, 151.0, 144.0, 146.0], "Precision": [0.5291139483451843, 0.4700973629951477, 0.51408451795578, 0.5104895234107971, 0.5282486081123352, 0.5558620691299438, 0.5245441794395447, 0.5638889074325562, 0.5603932738304138, 0.5643835663795471, 0.5872340202331543, 0.6294277906417847, 0.6126760840415955, 0.6165516972541809, 0.6312154531478882, 0.6190476417541504, 0.6439716219902039, 0.6251729130744934, 0.6147540807723999, 0.6516219973564148, 0.6459197998046875, 0.6607629656791687, 0.6614285707473755, 0.6718092560768127, 0.6662161946296692, 0.6927374005317688, 0.702479362487793, 0.698060929775238, 0.7134909629821777, 0.704827606678009, 0.7107776403427124, 0.7140883803367615, 0.7503506541252136, 0.7357441186904907, 0.7427386045455933, 0.758865237236023, 0.7819225192070007, 0.7669903039932251, 0.7492997050285339, 0.7777777910232544, 0.7927170991897583, 0.8081805109977722, 0.8042253255844116], "Recall": [0.5829846858978271, 0.4714086353778839, 0.509065568447113, 0.509065568447113, 0.5216178297996521, 0.5620641708374023, 0.5216178297996521, 0.5662482380867004, 0.5564853549003601, 0.5746164321899414, 0.5774058699607849, 0.6443514823913574, 0.6066945791244507, 0.6234309673309326, 0.6373779773712158, 0.6345885396003723, 0.633193850517273, 0.6304044723510742, 0.6276150345802307, 0.6443514823913574, 0.651324987411499, 0.6764295697212219, 0.6457461714744568, 0.668061375617981, 0.6875871419906616, 0.6917712688446045, 0.7112970948219299, 0.7029288411140442, 0.715481162071228, 0.7126917839050293, 0.7266387939453125, 0.7210599780082703, 0.7461645603179932, 0.7377963662147522, 0.7489539980888367, 0.7461645603179932, 0.7601115703582764, 0.7712692022323608, 0.7461645603179932, 0.7810320854187012, 0.7894002795219421, 0.7991631627082825, 0.7963737845420837], "AUC": [0.5272696018218994, 0.47867971658706665, 0.5118695497512817, 0.5283151268959045, 0.5454697608947754, 0.5653446912765503, 0.5423078536987305, 0.5731244683265686, 0.5744141340255737, 0.5939303040504456, 0.6202574372291565, 0.6590035557746887, 0.652961790561676, 0.6437951922416687, 0.6796138286590576, 0.6665168404579163, 0.6958979368209839, 0.6807070374488831, 0.6746350526809692, 0.6999673247337341, 0.6960749626159668, 0.7249066233634949, 0.7271590828895569, 0.7212797403335571, 0.7435201406478882, 0.7638143301010132, 0.7764754295349121, 0.7768722772598267, 0.7796908617019653, 0.7841063737869263, 0.7885025143623352, 0.7953924536705017, 0.8192005753517151, 0.8152246475219727, 0.8196653723716736, 0.8375533819198608, 0.8511046171188354, 0.8427693843841553, 0.8466092944145203, 0.8632805347442627, 0.8655952215194702, 0.8791620135307312, 0.8850287199020386], "val_loss": [0.6939263939857483, 0.6900500655174255, 0.6607863306999207, 0.6493406891822815, 0.6271392703056335, 0.6162476539611816, 0.5997727513313293, 0.606031596660614, 0.565531313419342, 0.5660083293914795, 0.6155632138252258, 0.5706794261932373, 0.948098361492157, 0.8263217210769653, 0.576572835445404, 0.6087860465049744, 0.5828297138214111, 0.5574601888656616, 0.5577589273452759, 0.7424618005752563, 0.6160929799079895, 0.825492799282074, 0.571327805519104, 0.6350231766700745, 0.7722078561782837, 0.6236567497253418, 0.6754055023193359, 0.7524895071983337, 0.7026578187942505, 0.7650656700134277, 1.1786359548568726, 1.2552096843719482, 0.9029379487037659, 1.4475477933883667, 0.6641591787338257, 0.8574678897857666, 0.7275816202163696, 0.7706677913665771, 1.1387426853179932, 0.7414182424545288, 1.5116993188858032, 1.3249152898788452, 0.9813323616981506], "val_accuracy": [0.3781818151473999, 0.6218181848526001, 0.6218181848526001, 0.6218181848526001, 0.6254545450210571, 0.7018181681632996, 0.7127272486686707, 0.6472727060317993, 0.6800000071525574, 0.6981818079948425, 0.6654545664787292, 0.7018181681632996, 0.6254545450210571, 0.6218181848526001, 0.6945454478263855, 0.6981818079948425, 0.7018181681632996, 0.7272727489471436, 0.7090908885002136, 0.6000000238418579, 0.7018181681632996, 0.6327272653579712, 0.7454545497894287, 0.6872727274894714, 0.6581818461418152, 0.7018181681632996, 0.6690909266471863, 0.6763636469841003, 0.6800000071525574, 0.6509090662002563, 0.6399999856948853, 0.6327272653579712, 0.6399999856948853, 0.614545464515686, 0.7054545283317566, 0.6436363458633423, 0.6945454478263855, 0.6872727274894714, 0.6509090662002563, 0.6800000071525574, 0.6254545450210571, 0.6363636255264282, 0.6690909266471863], "val_benchmark_1511": [171.0, 104.0, 104.0, 104.0, 103.0, 82.0, 79.0, 97.0, 88.0, 83.0, 92.0, 82.0, 103.0, 104.0, 84.0, 83.0, 82.0, 75.0, 80.0, 110.0, 82.0, 101.0, 70.0, 86.0, 94.0, 82.0, 91.0, 89.0, 88.0, 96.0, 99.0, 101.0, 99.0, 106.0, 81.0, 98.0, 84.0, 86.0, 96.0, 88.0, 103.0, 100.0, 91.0],