{"loss": [0.1721401959657669, 0.1708712875843048, 0.16956979036331177, 0.16697117686271667, 0.167510524392128, 0.16521593928337097, 0.16451600193977356, 0.16370661556720734, 0.16290053725242615, 0.1620439738035202, 0.1614381968975067, 0.1594986468553543, 0.16037096083164215, 0.15849654376506805, 0.1573050618171692, 0.15671895444393158, 0.15613994002342224, 0.155279740691185, 0.15276163816452026, 0.15310004353523254, 0.15232497453689575, 0.15085086226463318, 0.14991985261440277, 0.14931277930736542, 0.14751332998275757, 0.14772939682006836, 0.14703403413295746, 0.14621801674365997, 0.14498601853847504, 0.14470762014389038, 0.1436527967453003, 0.14349551498889923, 0.14469444751739502, 0.1412496268749237, 0.14119122922420502, 0.1403290033340454, 0.13792432844638824, 0.1383877843618393, 0.13611595332622528, 0.13792425394058228, 0.13514681160449982, 0.1352020800113678, 0.13252323865890503, 0.13331317901611328, 0.13373368978500366, 0.13054679334163666, 0.12999066710472107, 0.129177063703537, 0.1296476572751999, 0.1283421814441681, 0.12681835889816284, 0.12512704730033875, 0.12394636869430542, 0.12275981158018112, 0.1250760555267334, 0.12298072129487991, 0.1194813922047615, 0.1209404394030571, 0.12096760421991348, 0.1180371418595314, 0.1161893829703331], "accuracy": [0.5327754616737366, 0.5536959767341614, 0.5516039133071899, 0.5774058699607849, 0.5871687531471252, 0.5955369472503662, 0.5871687531471252, 0.6039051413536072, 0.6004183888435364, 0.6011157631874084, 0.6066945791244507, 0.6059972047805786, 0.615760087966919, 0.624825656414032, 0.6401673555374146, 0.6304044723510742, 0.6373779773712158, 0.6380752921104431, 0.6624825596809387, 0.6527196764945984, 0.6589958071708679, 0.6499302387237549, 0.65969318151474, 0.6806136965751648, 0.6847977638244629, 0.685495138168335, 0.6750348806381226, 0.6785216331481934, 0.6875871419906616, 0.6924686431884766, 0.6966527104377747, 0.6924686431884766, 0.6931659579277039, 0.706415593624115, 0.7140864729881287, 0.7071129679679871, 0.7092050313949585, 0.7161785364151001, 0.7350069880485535, 0.7287307977676392, 0.7203626036643982, 0.7259414196014404, 0.7440724968910217, 0.7336122989654541, 0.7336122989654541, 0.7308228611946106, 0.7489539980888367, 0.7419804930686951, 0.7538354396820068, 0.7517433762550354, 0.7447698712348938, 0.7580195069313049, 0.76778244972229, 0.7733612060546875, 0.7573221921920776, 0.7740585803985596, 0.7733612060546875, 0.7726638913154602, 0.7719665169715881, 0.7803347110748291, 0.7921896576881409], "benchmark_131": [670.0, 640.0, 643.0, 606.0, 592.0, 580.0, 592.0, 568.0, 573.0, 572.0, 564.0, 565.0, 551.0, 538.0, 516.0, 530.0, 520.0, 519.0, 484.0, 498.0, 489.0, 502.0, 488.0, 458.0, 452.0, 451.0, 466.0, 461.0, 448.0, 441.0, 435.0, 441.0, 440.0, 421.0, 410.0, 420.0, 417.0, 407.0, 380.0, 389.0, 401.0, 393.0, 367.0, 382.0, 382.0, 386.0, 360.0, 370.0, 353.0, 356.0, 366.0, 347.0, 333.0, 325.0, 348.0, 324.0, 325.0, 326.0, 327.0, 315.0, 298.0], "TP": [436.0, 334.0, 291.0, 302.0, 298.0, 312.0, 314.0, 299.0, 345.0, 334.0, 337.0, 329.0, 362.0, 365.0, 375.0, 370.0, 412.0, 390.0, 420.0, 419.0, 415.0, 426.0, 428.0, 441.0, 469.0, 447.0, 447.0, 448.0, 471.0, 465.0, 480.0, 475.0, 470.0, 466.0, 484.0, 474.0, 492.0, 489.0, 502.0, 507.0, 498.0, 508.0, 513.0, 505.0, 503.0, 498.0, 520.0, 515.0, 530.0, 520.0, 519.0, 530.0, 538.0, 542.0, 520.0, 533.0, 542.0, 544.0, 528.0, 548.0, 559.0], "TN": [328.0, 460.0, 500.0, 526.0, 544.0, 542.0, 528.0, 567.0, 516.0, 528.0, 533.0, 540.0, 521.0, 531.0, 543.0, 534.0, 502.0, 525.0, 530.0, 517.0, 530.0, 506.0, 518.0, 535.0, 513.0, 536.0, 521.0, 525.0, 515.0, 528.0, 519.0, 518.0, 524.0, 547.0, 540.0, 540.0, 525.0, 538.0, 552.0, 538.0, 535.0, 533.0, 554.0, 547.0, 549.0, 550.0, 554.0, 549.0, 551.0, 558.0, 549.0, 557.0, 563.0, 567.0, 566.0, 577.0, 567.0, 564.0, 579.0, 571.0, 577.0], "FP": [389.0, 257.0, 217.0, 191.0, 173.0, 175.0, 189.0, 150.0, 201.0, 189.0, 184.0, 177.0, 196.0, 186.0, 174.0, 183.0, 215.0, 192.0, 187.0, 200.0, 187.0, 211.0, 199.0, 182.0, 204.0, 181.0, 196.0, 192.0, 202.0, 189.0, 198.0, 199.0, 193.0, 170.0, 177.0, 177.0, 192.0, 179.0, 165.0, 179.0, 182.0, 184.0, 163.0, 170.0, 168.0, 167.0, 163.0, 168.0, 166.0, 159.0, 168.0, 160.0, 154.0, 150.0, 151.0, 140.0, 150.0, 153.0, 138.0, 146.0, 140.0], "FN": [281.0, 383.0, 426.0, 415.0, 419.0, 405.0, 403.0, 418.0, 372.0, 383.0, 380.0, 388.0, 355.0, 352.0, 342.0, 347.0, 305.0, 327.0, 297.0, 298.0, 302.0, 291.0, 289.0, 276.0, 248.0, 270.0, 270.0, 269.0, 246.0, 252.0, 237.0, 242.0, 247.0, 251.0, 233.0, 243.0, 225.0, 228.0, 215.0, 210.0, 219.0, 209.0, 204.0, 212.0, 214.0, 219.0, 197.0, 202.0, 187.0, 197.0, 198.0, 187.0, 179.0, 175.0, 197.0, 184.0, 175.0, 173.0, 189.0, 169.0, 158.0], "Precision": [0.5284848213195801, 0.5651438236236572, 0.5728346705436707, 0.6125760674476624, 0.6326963901519775, 0.6406570672988892, 0.6242544651031494, 0.6659242510795593, 0.6318681240081787, 0.6386232972145081, 0.6468330025672913, 0.6501976251602173, 0.6487455368041992, 0.6624319553375244, 0.6830601096153259, 0.6690777540206909, 0.6570972800254822, 0.6701030731201172, 0.6919274926185608, 0.6768982410430908, 0.6893687844276428, 0.668759822845459, 0.6826156377792358, 0.7078651785850525, 0.6968796253204346, 0.7117834687232971, 0.6951788663864136, 0.699999988079071, 0.699851393699646, 0.71100914478302, 0.7079645991325378, 0.7047477960586548, 0.7088989615440369, 0.7327044010162354, 0.7322239279747009, 0.7281106114387512, 0.719298243522644, 0.7320359349250793, 0.7526236772537231, 0.7390670776367188, 0.7323529124259949, 0.7341040372848511, 0.7588757276535034, 0.7481481432914734, 0.749627411365509, 0.7488721609115601, 0.7613469958305359, 0.7540263533592224, 0.7614942789077759, 0.7658321261405945, 0.7554585337638855, 0.7681159377098083, 0.7774566411972046, 0.7832369804382324, 0.7749627232551575, 0.7919762134552002, 0.7832369804382324, 0.7804877758026123, 0.792792797088623, 0.789625346660614, 0.7997138500213623], "Recall": [0.60808926820755, 0.46582984924316406, 0.40585774183273315, 0.4211994409561157, 0.4156206548213959, 0.4351464509963989, 0.43793582916259766, 0.41701534390449524, 0.48117154836654663, 0.46582984924316406, 0.47001394629478455, 0.45885634422302246, 0.5048814415931702, 0.509065568447113, 0.5230125784873962, 0.5160390734672546, 0.5746164321899414, 0.5439330339431763, 0.5857740640640259, 0.5843793749809265, 0.5788005590438843, 0.5941422581672668, 0.5969316363334656, 0.6150627732276917, 0.6541143655776978, 0.6234309673309326, 0.6234309673309326, 0.624825656414032, 0.6569037437438965, 0.6485355496406555, 0.6694560647010803, 0.6624825596809387, 0.6555090546607971, 0.6499302387237549, 0.6750348806381226, 0.6610878705978394, 0.6861924529075623, 0.6820083856582642, 0.7001394629478455, 0.7071129679679871, 0.6945606470108032, 0.7085076570510864, 0.715481162071228, 0.7043235898017883, 0.7015341520309448, 0.6945606470108032, 0.7252440452575684, 0.7182705998420715, 0.7391910552978516, 0.7252440452575684, 0.723849356174469, 0.7391910552978516, 0.750348687171936, 0.7559275031089783, 0.7252440452575684, 0.7433751821517944, 0.7559275031089783, 0.758716881275177, 0.7364016771316528, 0.7642956972122192, 0.7796373963356018],