{"loss": [0.05583009496331215, 0.055245403200387955, 0.054784394800662994, 0.0543782003223896, 0.055708736181259155, 0.05539660155773163, 0.05378417670726776, 0.054526228457689285, 0.056246764957904816, 0.05635279417037964, 0.05316906049847603, 0.05503549054265022, 0.054700322449207306, 0.05617183819413185, 0.05678199604153633, 0.05441465601325035, 0.05461324378848076, 0.05608393996953964, 0.05386754125356674, 0.05700519680976868, 0.055578846484422684], "accuracy": [0.508368194103241, 0.49790793657302856, 0.5160390734672546, 0.5195258259773254, 0.4902370870113373, 0.5020920634269714, 0.5202231407165527, 0.5195258259773254, 0.49860531091690063, 0.5062761306762695, 0.5118549466133118, 0.48465830087661743, 0.508368194103241, 0.5, 0.5041841268539429, 0.5146443247795105, 0.526499330997467, 0.5006973743438721, 0.5062761306762695, 0.4993026554584503, 0.4972105920314789], "benchmark_77": [705.0, 720.0, 694.0, 689.0, 731.0, 714.0, 688.0, 689.0, 719.0, 708.0, 700.0, 739.0, 705.0, 717.0, 711.0, 696.0, 679.0, 716.0, 708.0, 718.0, 721.0], "TP": [372.0, 370.0, 382.0, 382.0, 384.0, 378.0, 377.0, 376.0, 361.0, 379.0, 396.0, 352.0, 373.0, 375.0, 360.0, 383.0, 401.0, 373.0, 367.0, 368.0, 361.0], "TN": [357.0, 344.0, 358.0, 363.0, 319.0, 342.0, 369.0, 369.0, 354.0, 347.0, 338.0, 343.0, 356.0, 342.0, 363.0, 355.0, 354.0, 345.0, 359.0, 348.0, 352.0], "FP": [360.0, 373.0, 359.0, 354.0, 398.0, 375.0, 348.0, 348.0, 363.0, 370.0, 379.0, 374.0, 361.0, 375.0, 354.0, 362.0, 363.0, 372.0, 358.0, 369.0, 365.0], "FN": [345.0, 347.0, 335.0, 335.0, 333.0, 339.0, 340.0, 341.0, 356.0, 338.0, 321.0, 365.0, 344.0, 342.0, 357.0, 334.0, 316.0, 344.0, 350.0, 349.0, 356.0], "Precision": [0.5081967115402222, 0.49798116087913513, 0.5155195593833923, 0.51902174949646, 0.4910486042499542, 0.5019920468330383, 0.5199999809265137, 0.519336998462677, 0.4986187815666199, 0.5060080289840698, 0.5109677314758301, 0.4848484992980957, 0.5081743597984314, 0.5, 0.5042017102241516, 0.5140939354896545, 0.5248690843582153, 0.5006711483001709, 0.5062068700790405, 0.4993215799331665, 0.497245192527771], "Recall": [0.5188284516334534, 0.5160390734672546, 0.5327754616737366, 0.5327754616737366, 0.5355648398399353, 0.5271966457366943, 0.525801956653595, 0.5244072675704956, 0.5034867525100708, 0.5285913348197937, 0.5523012280464172, 0.49093446135520935, 0.5202231407165527, 0.5230125784873962, 0.5020920634269714, 0.5341701507568359, 0.5592747330665588, 0.5202231407165527, 0.5118549466133118, 0.5132496356964111, 0.5034867525100708], "AUC": [0.5214807391166687, 0.5037270188331604, 0.5258379578590393, 0.5231837630271912, 0.5039691925048828, 0.5105944275856018, 0.521713137626648, 0.5262619256973267, 0.508980929851532, 0.5063841342926025, 0.5202931761741638, 0.500220775604248, 0.5181330442428589, 0.502854585647583, 0.5024101138114929, 0.5188012719154358, 0.5338297486305237, 0.5074957609176636, 0.5143584609031677, 0.5022087693214417, 0.50473552942276], "val_loss": [0.042305074632167816, 0.042312584817409515, 0.04235007241368294, 0.04242571443319321, 0.0424589179456234, 0.042444802820682526, 0.04244321957230568, 0.04243996739387512, 0.042491596192121506, 0.042557843029499054, 0.04266960918903351, 0.042740050703287125, 0.04286433011293411, 0.04300030320882797, 0.043137483298778534, 0.04322536662220955, 0.043307624757289886, 0.043418727815151215, 0.04347323253750801, 0.04345870390534401, 0.04342878982424736], "val_accuracy": [0.6218181848526001, 0.6218181848526001, 0.6218181848526001, 0.6218181848526001, 0.6218181848526001, 0.6218181848526001, 0.6218181848526001, 0.6218181848526001, 0.6218181848526001, 0.6218181848526001, 0.6218181848526001, 0.6218181848526001, 0.6218181848526001, 0.6218181848526001, 0.6218181848526001, 0.589090883731842, 0.5199999809265137, 0.42181816697120667, 0.4290909171104431, 0.44727271795272827, 0.4654545485973358], "val_benchmark_77": [104.0, 104.0, 104.0, 104.0, 104.0, 104.0, 104.0, 104.0, 104.0, 104.0, 104.0, 104.0, 104.0, 104.0, 104.0, 113.0, 132.0, 159.0, 157.0, 152.0, 147.0], "val_TP": [171.0, 171.0, 171.0, 171.0, 171.0, 171.0, 171.0, 171.0, 171.0, 171.0, 171.0, 171.0, 171.0, 171.0, 171.0, 139.0, 59.0, 15.0, 17.0, 26.0, 33.0], "val_TN": [0.0, 0.0, 0.0, 0.0, 0.0, 0.0, 0.0, 0.0, 0.0, 0.0, 0.0, 0.0, 0.0, 0.0, 0.0, 23.0, 84.0, 101.0, 101.0, 97.0, 95.0], "val_FP": [104.0, 104.0, 104.0, 104.0, 104.0, 104.0, 104.0, 104.0, 104.0, 104.0, 104.0, 104.0, 104.0, 104.0, 104.0, 81.0, 20.0, 3.0, 3.0, 7.0, 9.0], "val_FN": [0.0, 0.0, 0.0, 0.0, 0.0, 0.0, 0.0, 0.0, 0.0, 0.0, 0.0, 0.0, 0.0, 0.0, 0.0, 32.0, 112.0, 156.0, 154.0, 145.0, 138.0], "val_Precision": [0.6218181848526001, 0.6218181848526001, 0.6218181848526001, 0.6218181848526001, 0.6218181848526001, 0.6218181848526001, 0.6218181848526001, 0.6218181848526001, 0.6218181848526001, 0.6218181848526001, 0.6218181848526001, 0.6218181848526001, 0.6218181848526001, 0.6218181848526001, 0.6218181848526001, 0.6318181753158569, 0.746835470199585, 0.8333333134651184, 0.8500000238418579, 0.7878788113594055, 0.7857142686843872], "val_Recall": [1.0, 1.0, 1.0, 1.0, 1.0, 1.0, 1.0, 1.0, 1.0, 1.0, 1.0, 1.0, 1.0, 1.0, 1.0, 0.8128654956817627, 0.34502923488616943, 0.08771929889917374, 0.09941520541906357, 0.1520467847585678, 0.19298245012760162], "val_AUC": [0.5, 0.5, 0.5, 0.5, 0.5, 0.5, 0.5, 0.5, 0.5, 0.4982287287712097, 0.5, 0.5, 0.5, 0.5493702292442322, 0.5, 0.5, 0.5, 0.5252193212509155, 0.5263158082962036, 0.5378711223602295, 0.5334570407867432]}