{"loss": [0.5771416425704956, 0.17771828174591064, 0.1734134703874588, 0.17201116681098938, 0.18451254069805145, 0.1680363565683365, 0.1687910556793213, 0.17089593410491943, 0.1730954945087433, 0.17370373010635376, 0.16909676790237427, 0.1645486056804657, 0.17039743065834045, 0.16916516423225403, 0.16903211176395416, 0.16651032865047455, 0.166238933801651, 0.16673453152179718, 0.16471774876117706, 0.16273042559623718, 0.16194753348827362], "accuracy": [0.5139470100402832, 0.5404462814331055, 0.5613667964935303, 0.5746164321899414, 0.5327754616737366, 0.5718270540237427, 0.5446304082870483, 0.5509065389633179, 0.5390515923500061, 0.517433762550354, 0.5509065389633179, 0.5718270540237427, 0.555787980556488, 0.5425383448600769, 0.5460250973701477, 0.5516039133071899, 0.5746164321899414, 0.5676429271697998, 0.5718270540237427, 0.5920501947402954, 0.5843793749809265], "benchmark_1445": [697.0, 659.0, 629.0, 610.0, 670.0, 614.0, 653.0, 644.0, 661.0, 692.0, 644.0, 614.0, 637.0, 656.0, 651.0, 643.0, 610.0, 620.0, 614.0, 585.0, 596.0], "TP": [389.0, 293.0, 278.0, 301.0, 285.0, 238.0, 265.0, 300.0, 303.0, 226.0, 237.0, 212.0, 222.0, 287.0, 231.0, 235.0, 330.0, 191.0, 346.0, 295.0, 249.0], "TN": [348.0, 482.0, 527.0, 523.0, 479.0, 582.0, 516.0, 490.0, 470.0, 516.0, 553.0, 608.0, 575.0, 491.0, 552.0, 556.0, 494.0, 623.0, 474.0, 554.0, 589.0], "FP": [369.0, 235.0, 190.0, 194.0, 238.0, 135.0, 201.0, 227.0, 247.0, 201.0, 164.0, 109.0, 142.0, 226.0, 165.0, 161.0, 223.0, 94.0, 243.0, 163.0, 128.0], "FN": [328.0, 424.0, 439.0, 416.0, 432.0, 479.0, 452.0, 417.0, 414.0, 491.0, 480.0, 505.0, 495.0, 430.0, 486.0, 482.0, 387.0, 526.0, 371.0, 422.0, 468.0], "Precision": [0.5131925940513611, 0.5549242496490479, 0.5940170884132385, 0.6080808043479919, 0.5449330806732178, 0.6380696892738342, 0.5686695575714111, 0.5692599415779114, 0.5509091019630432, 0.5292739868164062, 0.5910224318504333, 0.6604361534118652, 0.6098901033401489, 0.5594542026519775, 0.5833333134651184, 0.5934343338012695, 0.5967450141906738, 0.6701754331588745, 0.587436318397522, 0.6441047787666321, 0.6604774594306946], "Recall": [0.5425383448600769, 0.4086471498012543, 0.38772663474082947, 0.41980475187301636, 0.3974895477294922, 0.33193862438201904, 0.3695955276489258, 0.4184100329875946, 0.4225941300392151, 0.3152022361755371, 0.3305439352989197, 0.29567644000053406, 0.3096234202384949, 0.4002789258956909, 0.3221757411956787, 0.32775452733039856, 0.4602510333061218, 0.2663877308368683, 0.482566237449646, 0.411436527967453, 0.3472803235054016], "AUC": [0.5216994881629944, 0.544072151184082, 0.5757514834403992, 0.5782957673072815, 0.5292556285858154, 0.5680971741676331, 0.5613375902175903, 0.5746427178382874, 0.5576543807983398, 0.5384067893028259, 0.5492424964904785, 0.5923371315002441, 0.5412846803665161, 0.5491704940795898, 0.5716703534126282, 0.5812466740608215, 0.5839251279830933, 0.5736360549926758, 0.5990247130393982, 0.6125621795654297, 0.6181779503822327], "val_loss": [0.16528108716011047, 0.42249637842178345, 0.22640685737133026, 0.23778337240219116, 0.1671810746192932, 0.1692088097333908, 0.3195829391479492, 0.24133525788784027, 0.17810961604118347, 0.16765353083610535, 0.17726720869541168, 0.17226038873195648, 0.17190863192081451, 0.17966888844966888, 0.17744259536266327, 0.2051645964384079, 0.23148295283317566, 0.2430560290813446, 0.18111547827720642, 0.22636198997497559, 0.16405969858169556], "val_accuracy": [0.6254545450210571, 0.6218181848526001, 0.3781818151473999, 0.6218181848526001, 0.6218181848526001, 0.6218181848526001, 0.3781818151473999, 0.3781818151473999, 0.3781818151473999, 0.6218181848526001, 0.3781818151473999, 0.4254545569419861, 0.610909104347229, 0.3781818151473999, 0.3781818151473999, 0.38181817531585693, 0.4036363661289215, 0.4036363661289215, 0.42181816697120667, 0.41818180680274963, 0.6218181848526001], "val_benchmark_1445": [103.0, 104.0, 171.0, 104.0, 104.0, 104.0, 171.0, 171.0, 171.0, 104.0, 171.0, 158.0, 107.0, 171.0, 171.0, 170.0, 164.0, 164.0, 159.0, 160.0, 104.0], "val_TP": [155.0, 171.0, 0.0, 171.0, 171.0, 171.0, 0.0, 0.0, 0.0, 171.0, 0.0, 18.0, 153.0, 0.0, 0.0, 1.0, 7.0, 7.0, 19.0, 13.0, 171.0], "val_TN": [17.0, 0.0, 104.0, 0.0, 0.0, 0.0, 104.0, 104.0, 104.0, 0.0, 104.0, 99.0, 15.0, 104.0, 104.0, 104.0, 104.0, 104.0, 97.0, 102.0, 0.0], "val_FP": [87.0, 104.0, 0.0, 104.0, 104.0, 104.0, 0.0, 0.0, 0.0, 104.0, 0.0, 5.0, 89.0, 0.0, 0.0, 0.0, 0.0, 0.0, 7.0, 2.0, 104.0], "val_FN": [16.0, 0.0, 171.0, 0.0, 0.0, 0.0, 171.0, 171.0, 171.0, 0.0, 171.0, 153.0, 18.0, 171.0, 171.0, 170.0, 164.0, 164.0, 152.0, 158.0, 0.0], "val_Precision": [0.6404958963394165, 0.6218181848526001, 0.0, 0.6218181848526001, 0.6218181848526001, 0.6218181848526001, 0.0, 0.0, 0.0, 0.6218181848526001, 0.0, 0.782608687877655, 0.6322314143180847, 0.0, 0.0, 1.0, 1.0, 1.0, 0.7307692170143127, 0.8666666746139526, 0.6218181848526001], "val_Recall": [0.9064327478408813, 1.0, 0.0, 1.0, 1.0, 1.0, 0.0, 0.0, 0.0, 1.0, 0.0, 0.10526315867900848, 0.8947368264198303, 0.0, 0.0, 0.005847953259944916, 0.04093567281961441, 0.04093567281961441, 0.1111111119389534, 0.0760233923792839, 1.0], "val_AUC": [0.5976439714431763, 0.4401990473270416, 0.43210187554359436, 0.5509165525436401, 0.5, 0.5, 0.47725483775138855, 0.49811628460884094, 0.5029239654541016, 0.5166441798210144, 0.4941520392894745, 0.5343567728996277, 0.5157445073127747, 0.5279183387756348, 0.5457152724266052, 0.39257195591926575, 0.43735939264297485, 0.43654412031173706, 0.4920715391635895, 0.5038236379623413, 0.6654296517372131]}