{"loss": [0.04263705015182495, 0.04190874472260475, 0.04115172475576401, 0.040676772594451904, 0.0401376448571682, 0.03961047902703285, 0.03890281170606613, 0.038995951414108276, 0.03844251483678818, 0.03757518157362938, 0.03692857548594475, 0.03729702904820442, 0.03641017898917198, 0.0364343523979187, 0.0365266427397728, 0.03571539744734764, 0.035542089492082596, 0.035559460520744324, 0.03518112003803253, 0.03475380316376686, 0.03467301279306412, 0.034458041191101074, 0.034247636795043945, 0.03398226574063301, 0.03302612900733948, 0.03282548487186432, 0.03328779712319374, 0.03276816010475159, 0.03183475881814957], "accuracy": [0.5251045823097229, 0.5641562342643738, 0.6011157631874084, 0.6178521513938904, 0.633193850517273, 0.6345885396003723, 0.6659693121910095, 0.6534169912338257, 0.6757321953773499, 0.6861924529075623, 0.6966527104377747, 0.6882845163345337, 0.7085076570510864, 0.7126917839050293, 0.7029288411140442, 0.7210599780082703, 0.7133890986442566, 0.7168758511543274, 0.7182705998420715, 0.7224546670913696, 0.723849356174469, 0.7196652889251709, 0.7161785364151001, 0.7364016771316528, 0.7510460019111633, 0.7468619346618652, 0.7370990514755249, 0.7524407505989075, 0.776150643825531], "benchmark_1444": [681.0, 625.0, 572.0, 548.0, 526.0, 524.0, 479.0, 497.0, 465.0, 450.0, 435.0, 447.0, 418.0, 412.0, 426.0, 400.0, 411.0, 406.0, 404.0, 398.0, 396.0, 402.0, 407.0, 378.0, 357.0, 363.0, 377.0, 355.0, 321.0], "TP": [426.0, 368.0, 380.0, 428.0, 416.0, 440.0, 471.0, 446.0, 465.0, 480.0, 497.0, 488.0, 494.0, 514.0, 503.0, 514.0, 502.0, 508.0, 501.0, 499.0, 513.0, 500.0, 509.0, 521.0, 534.0, 525.0, 520.0, 528.0, 544.0], "TN": [327.0, 441.0, 482.0, 458.0, 492.0, 470.0, 484.0, 491.0, 504.0, 504.0, 502.0, 499.0, 522.0, 508.0, 505.0, 520.0, 521.0, 520.0, 529.0, 537.0, 525.0, 532.0, 518.0, 535.0, 543.0, 546.0, 537.0, 551.0, 569.0], "FP": [390.0, 276.0, 235.0, 259.0, 225.0, 247.0, 233.0, 226.0, 213.0, 213.0, 215.0, 218.0, 195.0, 209.0, 212.0, 197.0, 196.0, 197.0, 188.0, 180.0, 192.0, 185.0, 199.0, 182.0, 174.0, 171.0, 180.0, 166.0, 148.0], "FN": [291.0, 349.0, 337.0, 289.0, 301.0, 277.0, 246.0, 271.0, 252.0, 237.0, 220.0, 229.0, 223.0, 203.0, 214.0, 203.0, 215.0, 209.0, 216.0, 218.0, 204.0, 217.0, 208.0, 196.0, 183.0, 192.0, 197.0, 189.0, 173.0], "Precision": [0.5220588445663452, 0.5714285969734192, 0.6178861856460571, 0.6229985356330872, 0.6489859819412231, 0.6404657959938049, 0.6690340638160706, 0.663690447807312, 0.6858407258987427, 0.6926407217979431, 0.6980336904525757, 0.6912181377410889, 0.7169811129570007, 0.7109267115592957, 0.703496515750885, 0.7229254841804504, 0.719197690486908, 0.7205674052238464, 0.7271407842636108, 0.7349042892456055, 0.7276595830917358, 0.7299270033836365, 0.7189265489578247, 0.7411095499992371, 0.7542372941970825, 0.7543103694915771, 0.7428571581840515, 0.7608069181442261, 0.7861271500587463], "Recall": [0.5941422581672668, 0.5132496356964111, 0.5299860239028931, 0.5969316363334656, 0.5801952481269836, 0.6136680841445923, 0.6569037437438965, 0.6220362782478333, 0.6485355496406555, 0.6694560647010803, 0.6931659579277039, 0.6806136965751648, 0.6889818906784058, 0.7168758511543274, 0.7015341520309448, 0.7168758511543274, 0.7001394629478455, 0.7085076570510864, 0.6987447738647461, 0.6959553956985474, 0.715481162071228, 0.6973500847816467, 0.7099023461341858, 0.7266387939453125, 0.7447698712348938, 0.73221755027771, 0.7252440452575684, 0.7364016771316528, 0.758716881275177], "AUC": [0.5560000538825989, 0.6089937686920166, 0.6395663022994995, 0.6629805564880371, 0.6864832639694214, 0.7017510533332825, 0.7217738628387451, 0.7172424793243408, 0.739557683467865, 0.7520662546157837, 0.764797568321228, 0.7614051103591919, 0.7783700823783875, 0.7777485847473145, 0.7710007429122925, 0.7912530899047852, 0.7883936166763306, 0.7892271876335144, 0.7977325320243835, 0.8039833903312683, 0.806911826133728, 0.8054354786872864, 0.8078873157501221, 0.8163343071937561, 0.8304681181907654, 0.833602786064148, 0.8240479230880737, 0.8315389156341553, 0.8487577438354492], "val_loss": [0.04230828955769539, 0.0417642705142498, 0.042298056185245514, 0.0418655127286911, 0.04122079163789749, 0.04749085381627083, 0.04594788700342178, 0.04752948507666588, 0.03749902918934822, 0.0371614508330822, 0.03938274458050728, 0.04888283833861351, 0.04659956321120262, 0.039801109582185745, 0.039142169058322906, 0.03841797634959221, 0.048029184341430664, 0.03841065242886543, 0.039439041167497635, 0.05241522192955017, 0.07908139377832413, 0.04738972708582878, 0.042494989931583405, 0.07100233435630798, 0.03919100761413574, 0.07210342586040497, 0.040550872683525085, 0.044616226106882095, 0.06991532444953918], "val_accuracy": [0.6218181848526001, 0.6218181848526001, 0.6218181848526001, 0.6218181848526001, 0.6218181848526001, 0.6218181848526001, 0.6218181848526001, 0.6218181848526001, 0.6836363673210144, 0.6727272868156433, 0.6181818246841431, 0.6254545450210571, 0.5745454430580139, 0.6290909051895142, 0.6327272653579712, 0.6545454263687134, 0.6290909051895142, 0.6399999856948853, 0.6509090662002563, 0.5418182015419006, 0.4763636291027069, 0.5745454430580139, 0.589090883731842, 0.4981818199157715, 0.6836363673210144, 0.48363634943962097, 0.6581818461418152, 0.607272744178772, 0.5199999809265137], "val_benchmark_1444": [104.0, 104.0, 104.0, 104.0, 104.0, 104.0, 104.0, 104.0, 87.0, 90.0, 105.0, 103.0, 117.0, 102.0, 101.0, 95.0, 102.0, 99.0, 96.0, 126.0, 144.0, 117.0, 113.0, 138.0, 87.0, 142.0, 94.0, 108.0, 132.0], "val_TP": [171.0, 171.0, 171.0, 171.0, 171.0, 171.0, 171.0, 171.0, 149.0, 152.0, 96.0, 170.0, 63.0, 90.0, 94.0, 121.0, 168.0, 106.0, 103.0, 57.0, 30.0, 66.0, 87.0, 37.0, 130.0, 34.0, 107.0, 81.0, 44.0], "val_TN": [0.0, 0.0, 0.0, 0.0, 0.0, 0.0, 0.0, 0.0, 39.0, 33.0, 74.0, 2.0, 95.0, 83.0, 80.0, 59.0, 5.0, 70.0, 76.0, 92.0, 101.0, 92.0, 75.0, 100.0, 58.0, 99.0, 74.0, 86.0, 99.0], "val_FP": [104.0, 104.0, 104.0, 104.0, 104.0, 104.0, 104.0, 104.0, 65.0, 71.0, 30.0, 102.0, 9.0, 21.0, 24.0, 45.0, 99.0, 34.0, 28.0, 12.0, 3.0, 12.0, 29.0, 4.0, 46.0, 5.0, 30.0, 18.0, 5.0], "val_FN": [0.0, 0.0, 0.0, 0.0, 0.0, 0.0, 0.0, 0.0, 22.0, 19.0, 75.0, 1.0, 108.0, 81.0, 77.0, 50.0, 3.0, 65.0, 68.0, 114.0, 141.0, 105.0, 84.0, 134.0, 41.0, 137.0, 64.0, 90.0, 127.0], "val_Precision": [0.6218181848526001, 0.6218181848526001, 0.6218181848526001, 0.6218181848526001, 0.6218181848526001, 0.6218181848526001, 0.6218181848526001, 0.6218181848526001, 0.6962617039680481, 0.681614339351654, 0.761904776096344, 0.625, 0.875, 0.8108108043670654, 0.7966101765632629, 0.7289156913757324, 0.6292135119438171, 0.7571428418159485, 0.7862595319747925, 0.8260869383811951, 0.9090909361839294, 0.8461538553237915, 0.75, 0.9024389982223511, 0.7386363744735718, 0.8717948794364929, 0.7810218930244446, 0.8181818127632141, 0.8979591727256775], "val_Recall": [1.0, 1.0, 1.0, 1.0, 1.0, 1.0, 1.0, 1.0, 0.871345043182373, 0.8888888955116272, 0.5614035129547119, 0.9941520690917969, 0.3684210479259491, 0.5263158082962036, 0.5497075915336609, 0.707602322101593, 0.9824561476707458, 0.6198830604553223, 0.6023392081260681, 0.3333333432674408, 0.17543859779834747, 0.38596490025520325, 0.5087719559669495, 0.2163742631673813, 0.7602339386940002, 0.19883041083812714, 0.6257309913635254, 0.4736842215061188, 0.2573099434375763], "val_AUC": [0.5, 0.5, 0.509615421295166, 0.5888439416885376, 0.6535651087760925, 0.6824674010276794, 0.6973121762275696, 0.7134503126144409, 0.7130848169326782, 0.7307129502296448, 0.7173582911491394, 0.7173864245414734, 0.7256803512573242, 0.7282107472419739, 0.7290542125701904, 0.7159806489944458, 0.7179206013679504, 0.7284356951713562, 0.7226721048355103, 0.7163461446762085, 0.7143780589103699, 0.7268050312995911, 0.714631199836731, 0.7207320332527161, 0.7204509973526001, 0.7323998212814331, 0.7261021137237549, 0.73054438829422, 0.7253430485725403]}