{"loss": [0.6963180899620056, 0.6935970187187195, 0.6930234432220459, 0.690293550491333, 0.6895340085029602, 0.6862962245941162, 0.686248242855072, 0.683464527130127, 0.6796242594718933, 0.6778600811958313, 0.6741045117378235, 0.6670441031455994, 0.6612118482589722, 0.6594061851501465, 0.6490582823753357, 0.650595486164093, 0.6451333165168762, 0.6400277018547058, 0.6397836804389954, 0.633569598197937, 0.6390874981880188, 0.6309177875518799, 0.6301295757293701, 0.6280132532119751, 0.6253604888916016, 0.6226552724838257, 0.619637131690979, 0.6164554357528687, 0.6132318377494812, 0.6122612953186035, 0.6146658062934875, 0.6062895059585571, 0.612710177898407, 0.605299711227417, 0.6125433444976807, 0.6067349314689636, 0.6060399413108826, 0.6047932505607605, 0.6040281057357788, 0.5943741202354431, 0.5980430841445923, 0.5914804935455322, 0.5977904200553894, 0.5979509353637695, 0.5861302018165588, 0.5867987871170044, 0.5919727683067322, 0.5813599228858948, 0.5870396494865417], "accuracy": [0.48326361179351807, 0.5146443247795105, 0.509065568447113, 0.5341701507568359, 0.5278940200805664, 0.5446304082870483, 0.5474197864532471, 0.5641562342643738, 0.5578800439834595, 0.573221743106842, 0.6011157631874084, 0.6066945791244507, 0.6046025156974792, 0.5920501947402954, 0.6087865829467773, 0.6276150345802307, 0.6234309673309326, 0.625523030757904, 0.624825656414032, 0.6429567933082581, 0.616457462310791, 0.6394700407981873, 0.6366806030273438, 0.6262203454971313, 0.6603904962539673, 0.6429567933082581, 0.6548117399215698, 0.6520223021507263, 0.651324987411499, 0.6589958071708679, 0.650627613067627, 0.6610878705978394, 0.6541143655776978, 0.6659693121910095, 0.6520223021507263, 0.6548117399215698, 0.6652719378471375, 0.6750348806381226, 0.6799163222312927, 0.6743375062942505, 0.6659693121910095, 0.6813110113143921, 0.6743375062942505, 0.6708507537841797, 0.6841003894805908, 0.6757321953773499, 0.6743375062942505, 0.6875871419906616, 0.6792189478874207], "benchmark_542": [741.0, 696.0, 704.0, 668.0, 677.0, 653.0, 649.0, 625.0, 634.0, 612.0, 572.0, 564.0, 567.0, 585.0, 561.0, 534.0, 540.0, 537.0, 538.0, 512.0, 550.0, 517.0, 521.0, 536.0, 487.0, 512.0, 495.0, 499.0, 500.0, 489.0, 501.0, 486.0, 496.0, 479.0, 499.0, 495.0, 480.0, 466.0, 459.0, 467.0, 479.0, 457.0, 467.0, 472.0, 453.0, 465.0, 467.0, 448.0, 460.0], "TP": [323.0, 329.0, 362.0, 373.0, 379.0, 395.0, 411.0, 399.0, 417.0, 424.0, 418.0, 424.0, 433.0, 432.0, 434.0, 467.0, 437.0, 443.0, 447.0, 465.0, 434.0, 459.0, 457.0, 457.0, 466.0, 459.0, 463.0, 459.0, 466.0, 464.0, 466.0, 463.0, 454.0, 475.0, 460.0, 463.0, 487.0, 474.0, 484.0, 485.0, 468.0, 486.0, 475.0, 474.0, 493.0, 475.0, 473.0, 494.0, 478.0], "TN": [370.0, 409.0, 368.0, 393.0, 378.0, 386.0, 374.0, 410.0, 383.0, 398.0, 444.0, 446.0, 434.0, 417.0, 439.0, 433.0, 457.0, 454.0, 449.0, 457.0, 450.0, 458.0, 456.0, 441.0, 481.0, 463.0, 476.0, 476.0, 468.0, 481.0, 467.0, 485.0, 484.0, 480.0, 475.0, 476.0, 467.0, 494.0, 491.0, 482.0, 487.0, 491.0, 492.0, 488.0, 488.0, 494.0, 494.0, 492.0, 496.0], "FP": [347.0, 308.0, 349.0, 324.0, 339.0, 331.0, 343.0, 307.0, 334.0, 319.0, 273.0, 271.0, 283.0, 300.0, 278.0, 284.0, 260.0, 263.0, 268.0, 260.0, 267.0, 259.0, 261.0, 276.0, 236.0, 254.0, 241.0, 241.0, 249.0, 236.0, 250.0, 232.0, 233.0, 237.0, 242.0, 241.0, 250.0, 223.0, 226.0, 235.0, 230.0, 226.0, 225.0, 229.0, 229.0, 223.0, 223.0, 225.0, 221.0], "FN": [394.0, 388.0, 355.0, 344.0, 338.0, 322.0, 306.0, 318.0, 300.0, 293.0, 299.0, 293.0, 284.0, 285.0, 283.0, 250.0, 280.0, 274.0, 270.0, 252.0, 283.0, 258.0, 260.0, 260.0, 251.0, 258.0, 254.0, 258.0, 251.0, 253.0, 251.0, 254.0, 263.0, 242.0, 257.0, 254.0, 230.0, 243.0, 233.0, 232.0, 249.0, 231.0, 242.0, 243.0, 224.0, 242.0, 244.0, 223.0, 239.0], "Precision": [0.4820895493030548, 0.5164835453033447, 0.5091420412063599, 0.5351506471633911, 0.5278551578521729, 0.5440771579742432, 0.5450928211212158, 0.5651558041572571, 0.555259644985199, 0.5706595182418823, 0.6049203872680664, 0.6100719571113586, 0.6047486066818237, 0.5901639461517334, 0.6095505356788635, 0.6218375563621521, 0.6269727349281311, 0.6274787783622742, 0.6251748204231262, 0.6413792967796326, 0.6191155314445496, 0.6392757892608643, 0.6364902257919312, 0.6234652400016785, 0.6638176441192627, 0.6437587738037109, 0.6576704382896423, 0.6557142734527588, 0.6517482399940491, 0.6628571152687073, 0.6508380174636841, 0.666187047958374, 0.6608442664146423, 0.6671348214149475, 0.6552706360816956, 0.6576704382896423, 0.6607869863510132, 0.6800574064254761, 0.6816901564598083, 0.6736111044883728, 0.670487105846405, 0.682584285736084, 0.6785714030265808, 0.6742532253265381, 0.68282550573349, 0.6805157661437988, 0.6795976758003235, 0.6870653629302979, 0.6838340759277344], "Recall": [0.4504881501197815, 0.45885634422302246, 0.5048814415931702, 0.5202231407165527, 0.5285913348197937, 0.5509065389633179, 0.573221743106842, 0.5564853549003601, 0.581589937210083, 0.5913528800010681, 0.5829846858978271, 0.5913528800010681, 0.6039051413536072, 0.6025104522705078, 0.6052998900413513, 0.651324987411499, 0.6094839572906494, 0.6178521513938904, 0.6234309673309326, 0.6485355496406555, 0.6052998900413513, 0.6401673555374146, 0.6373779773712158, 0.6373779773712158, 0.6499302387237549, 0.6401673555374146, 0.6457461714744568, 0.6401673555374146, 0.6499302387237549, 0.6471408605575562, 0.6499302387237549, 0.6457461714744568, 0.633193850517273, 0.6624825596809387, 0.6415620446205139, 0.6457461714744568, 0.6792189478874207, 0.6610878705978394, 0.6750348806381226, 0.6764295697212219, 0.6527196764945984, 0.6778242588043213, 0.6624825596809387, 0.6610878705978394, 0.6875871419906616, 0.6624825596809387, 0.65969318151474, 0.6889818906784058, 0.6666666865348816], "AUC": [0.4887062609195709, 0.5181349515914917, 0.5217589139938354, 0.5383017063140869, 0.5465298891067505, 0.564873993396759, 0.5683850049972534, 0.5875188708305359, 0.5990597009658813, 0.6081884503364563, 0.6264945864677429, 0.6479179859161377, 0.6556150913238525, 0.6496550440788269, 0.6763401031494141, 0.6684231758117676, 0.6797383427619934, 0.6869229078292847, 0.6839419007301331, 0.6961362957954407, 0.6805669069290161, 0.6970738172531128, 0.6969260573387146, 0.6980726718902588, 0.7084006667137146, 0.7072685956954956, 0.7131507992744446, 0.7168126106262207, 0.7180905938148499, 0.723248302936554, 0.7152925133705139, 0.7269567847251892, 0.7224021553993225, 0.7323498129844666, 0.7199385762214661, 0.7257235646247864, 0.7305175065994263, 0.7347054481506348, 0.7380707263946533, 0.7478626370429993, 0.739677369594574, 0.7482935786247253, 0.74286949634552, 0.739314615726471, 0.7575556635856628, 0.7538354396820068, 0.7471925616264343, 0.7606464624404907, 0.7536633610725403], "val_loss": [0.6873804330825806, 0.6796137094497681, 0.6789235472679138, 0.6740095615386963, 0.6735796928405762, 0.673635721206665, 0.6662775278091431, 0.6662472486495972, 0.6494427919387817, 0.6504508852958679, 0.6404905915260315, 0.6668299436569214, 0.6237767934799194, 0.6970275044441223, 0.612399697303772, 0.6765033006668091, 0.6187321543693542, 0.7184615135192871, 0.5937207341194153, 0.5905912518501282, 0.5938869118690491, 0.5907394886016846, 0.6265167593955994, 0.5983400344848633, 0.5881385207176208, 0.5892395377159119, 0.6057418584823608, 0.5815795063972473, 0.572234570980072, 0.5962797403335571, 0.5756356716156006, 0.6036698222160339, 0.5668229460716248, 0.5879045724868774, 0.5696372985839844, 0.5867201089859009, 0.574918270111084, 0.5762132406234741, 0.5702096223831177, 0.600806474685669, 0.5689035058021545, 0.5661545395851135, 0.5652855634689331, 0.564946174621582, 0.5687566995620728, 0.5700836777687073, 0.5677440166473389, 0.5942397713661194, 0.5685728192329407],