{"loss": [0.6918041110038757, 0.6917176246643066, 0.6915987730026245, 0.6916291117668152, 0.6915620565414429, 0.6914464831352234, 0.6912949681282043, 0.6912699341773987, 0.6912455558776855, 0.6910510659217834, 0.6911271810531616, 0.6910310983657837, 0.6909630298614502, 0.6908864974975586, 0.6907505393028259, 0.6909002065658569, 0.690741240978241, 0.6907827258110046, 0.6905744671821594, 0.6904979348182678, 0.6903635263442993], "accuracy": [0.5111575722694397, 0.517433762550354, 0.5167363882064819, 0.509065568447113, 0.5069735050201416, 0.5216178297996521, 0.5146443247795105, 0.5188284516334534, 0.5132496356964111, 0.5223152041435242, 0.5181310772895813, 0.5153416991233826, 0.5153416991233826, 0.5285913348197937, 0.5188284516334534, 0.509065568447113, 0.5216178297996521, 0.5188284516334534, 0.5160390734672546, 0.5146443247795105, 0.5202231407165527], "benchmark_17": [701.0, 692.0, 693.0, 704.0, 707.0, 686.0, 696.0, 690.0, 698.0, 685.0, 691.0, 695.0, 695.0, 676.0, 690.0, 704.0, 686.0, 690.0, 694.0, 696.0, 688.0], "TP": [421.0, 416.0, 421.0, 413.0, 407.0, 418.0, 414.0, 417.0, 412.0, 413.0, 414.0, 408.0, 410.0, 421.0, 407.0, 399.0, 406.0, 402.0, 399.0, 394.0, 399.0], "TN": [312.0, 326.0, 320.0, 317.0, 320.0, 330.0, 324.0, 327.0, 324.0, 336.0, 329.0, 331.0, 329.0, 337.0, 337.0, 331.0, 342.0, 342.0, 341.0, 344.0, 347.0], "FP": [405.0, 391.0, 397.0, 400.0, 397.0, 387.0, 393.0, 390.0, 393.0, 381.0, 388.0, 386.0, 388.0, 380.0, 380.0, 386.0, 375.0, 375.0, 376.0, 373.0, 370.0], "FN": [296.0, 301.0, 296.0, 304.0, 310.0, 299.0, 303.0, 300.0, 305.0, 304.0, 303.0, 309.0, 307.0, 296.0, 310.0, 318.0, 311.0, 315.0, 318.0, 323.0, 318.0], "Precision": [0.509685218334198, 0.5154894590377808, 0.5146699547767639, 0.507995069026947, 0.5062189102172852, 0.5192546844482422, 0.5130111575126648, 0.5167286396026611, 0.5118012428283691, 0.5201511383056641, 0.5162094831466675, 0.513853907585144, 0.5137844681739807, 0.5255929827690125, 0.5171537399291992, 0.5082802772521973, 0.5198463797569275, 0.5173745155334473, 0.514838695526123, 0.5136896967887878, 0.518855631351471], "Recall": [0.5871687531471252, 0.5801952481269836, 0.5871687531471252, 0.5760111808776855, 0.5676429271697998, 0.5829846858978271, 0.5774058699607849, 0.581589937210083, 0.5746164321899414, 0.5760111808776855, 0.5774058699607849, 0.569037675857544, 0.5718270540237427, 0.5871687531471252, 0.5676429271697998, 0.5564853549003601, 0.5662482380867004, 0.560669481754303, 0.5564853549003601, 0.5495118498802185, 0.5564853549003601], "AUC": [0.5331965088844299, 0.5294365286827087, 0.5349248647689819, 0.5314955115318298, 0.5306056141853333, 0.5284853577613831, 0.534092366695404, 0.5345981121063232, 0.5353460311889648, 0.538865864276886, 0.5363721251487732, 0.5360725522041321, 0.5378844738006592, 0.535108745098114, 0.5402022004127502, 0.5411796569824219, 0.5374030470848083, 0.5356854200363159, 0.5387200117111206, 0.5419538617134094, 0.5435313582420349], "val_loss": [0.692596971988678, 0.6926005482673645, 0.692595899105072, 0.6925684809684753, 0.692535400390625, 0.6924797892570496, 0.6924077868461609, 0.6923369765281677, 0.6922433376312256, 0.6921436190605164, 0.6920313835144043, 0.6919000744819641, 0.6917593479156494, 0.6915977597236633, 0.6914089322090149, 0.691227376461029, 0.6910251975059509, 0.6908006072044373, 0.6905535459518433, 0.6903042793273926, 0.6900509595870972], "val_accuracy": [0.6000000238418579, 0.5672727227210999, 0.5490909218788147, 0.5418182015419006, 0.5309090614318848, 0.5381818413734436, 0.5418182015419006, 0.5381818413734436, 0.5345454812049866, 0.5418182015419006, 0.5418182015419006, 0.5381818413734436, 0.5454545617103577, 0.5454545617103577, 0.5454545617103577, 0.5454545617103577, 0.5454545617103577, 0.5454545617103577, 0.5454545617103577, 0.5454545617103577, 0.5454545617103577], "val_benchmark_17": [110.0, 119.0, 124.0, 126.0, 129.0, 127.0, 126.0, 127.0, 128.0, 126.0, 126.0, 127.0, 125.0, 125.0, 125.0, 125.0, 125.0, 125.0, 125.0, 125.0, 125.0], "val_TP": [141.0, 126.0, 114.0, 107.0, 102.0, 100.0, 99.0, 96.0, 95.0, 95.0, 95.0, 94.0, 94.0, 94.0, 94.0, 94.0, 94.0, 94.0, 94.0, 94.0, 94.0], "val_TN": [24.0, 30.0, 37.0, 42.0, 44.0, 48.0, 50.0, 52.0, 52.0, 54.0, 54.0, 54.0, 56.0, 56.0, 56.0, 56.0, 56.0, 56.0, 56.0, 56.0, 56.0], "val_FP": [80.0, 74.0, 67.0, 62.0, 60.0, 56.0, 54.0, 52.0, 52.0, 50.0, 50.0, 50.0, 48.0, 48.0, 48.0, 48.0, 48.0, 48.0, 48.0, 48.0, 48.0], "val_FN": [30.0, 45.0, 57.0, 64.0, 69.0, 71.0, 72.0, 75.0, 76.0, 76.0, 76.0, 77.0, 77.0, 77.0, 77.0, 77.0, 77.0, 77.0, 77.0, 77.0, 77.0], "val_Precision": [0.6380090713500977, 0.6299999952316284, 0.6298342347145081, 0.6331360936164856, 0.6296296119689941, 0.6410256624221802, 0.6470588445663452, 0.6486486196517944, 0.646258533000946, 0.6551724076271057, 0.6551724076271057, 0.6527777910232544, 0.6619718074798584, 0.6619718074798584, 0.6619718074798584, 0.6619718074798584, 0.6619718074798584, 0.6619718074798584, 0.6619718074798584, 0.6619718074798584, 0.6619718074798584], "val_Recall": [0.8245614171028137, 0.7368420958518982, 0.6666666865348816, 0.6257309913635254, 0.5964912176132202, 0.5847952961921692, 0.5789473652839661, 0.5614035129547119, 0.5555555820465088, 0.5555555820465088, 0.5555555820465088, 0.5497075915336609, 0.5497075915336609, 0.5497075915336609, 0.5497075915336609, 0.5497075915336609, 0.5497075915336609, 0.5497075915336609, 0.5497075915336609, 0.5497075915336609, 0.5497075915336609], "val_AUC": [0.523391842842102, 0.5321637392044067, 0.5273560881614685, 0.5332039594650269, 0.5401484370231628, 0.5382366180419922, 0.560953676700592, 0.5525190830230713, 0.5495389103889465, 0.5477114319801331, 0.5630342364311218, 0.5798189640045166, 0.5771199464797974, 0.5693882703781128, 0.5767825245857239, 0.5697255730628967, 0.5609817504882812, 0.5610660910606384, 0.5619939565658569, 0.560419499874115, 0.5638776421546936]}