{"loss": [0.04808981344103813, 0.048092227429151535, 0.04809755086898804, 0.048061441630125046, 0.04804472252726555, 0.048025161027908325, 0.048052623867988586, 0.048020489513874054, 0.04800485819578171, 0.04797794297337532, 0.04801041632890701, 0.047982532531023026, 0.047991733998060226, 0.047949910163879395, 0.047943416982889175, 0.04792981967329979, 0.04793376103043556, 0.0479193851351738, 0.04789324849843979, 0.04790347442030907, 0.04786967858672142], "accuracy": [0.4965132474899292, 0.4972105920314789, 0.4972105920314789, 0.4965132474899292, 0.4972105920314789, 0.4972105920314789, 0.4965132474899292, 0.4965132474899292, 0.4965132474899292, 0.4965132474899292, 0.49860531091690063, 0.4965132474899292, 0.4972105920314789, 0.4965132474899292, 0.49790793657302856, 0.4965132474899292, 0.49790793657302856, 0.4972105920314789, 0.4972105920314789, 0.4965132474899292, 0.49790793657302856], "benchmark_1193": [722.0, 721.0, 721.0, 722.0, 721.0, 721.0, 722.0, 722.0, 722.0, 722.0, 719.0, 722.0, 721.0, 722.0, 720.0, 722.0, 720.0, 721.0, 721.0, 722.0, 720.0], "TP": [2.0, 3.0, 3.0, 2.0, 2.0, 3.0, 2.0, 2.0, 2.0, 2.0, 4.0, 2.0, 2.0, 2.0, 4.0, 2.0, 3.0, 3.0, 2.0, 2.0, 4.0], "TN": [710.0, 710.0, 710.0, 710.0, 711.0, 710.0, 710.0, 710.0, 710.0, 710.0, 711.0, 710.0, 711.0, 710.0, 710.0, 710.0, 711.0, 710.0, 711.0, 710.0, 710.0], "FP": [7.0, 7.0, 7.0, 7.0, 6.0, 7.0, 7.0, 7.0, 7.0, 7.0, 6.0, 7.0, 6.0, 7.0, 7.0, 7.0, 6.0, 7.0, 6.0, 7.0, 7.0], "FN": [715.0, 714.0, 714.0, 715.0, 715.0, 714.0, 715.0, 715.0, 715.0, 715.0, 713.0, 715.0, 715.0, 715.0, 713.0, 715.0, 714.0, 714.0, 715.0, 715.0, 713.0], "Precision": [0.2222222238779068, 0.30000001192092896, 0.30000001192092896, 0.2222222238779068, 0.25, 0.30000001192092896, 0.2222222238779068, 0.2222222238779068, 0.2222222238779068, 0.2222222238779068, 0.4000000059604645, 0.2222222238779068, 0.25, 0.2222222238779068, 0.3636363744735718, 0.2222222238779068, 0.3333333432674408, 0.30000001192092896, 0.25, 0.2222222238779068, 0.3636363744735718], "Recall": [0.0027894002851098776, 0.0041841003112494946, 0.0041841003112494946, 0.0027894002851098776, 0.0027894002851098776, 0.0041841003112494946, 0.0027894002851098776, 0.0027894002851098776, 0.0027894002851098776, 0.0027894002851098776, 0.005578800570219755, 0.0027894002851098776, 0.0027894002851098776, 0.0027894002851098776, 0.005578800570219755, 0.0027894002851098776, 0.0041841003112494946, 0.0041841003112494946, 0.0027894002851098776, 0.0027894002851098776, 0.005578800570219755], "AUC": [0.4840504229068756, 0.4808700382709503, 0.48289695382118225, 0.4846874475479126, 0.48429548740386963, 0.483688622713089, 0.48526424169540405, 0.484542578458786, 0.4869020879268646, 0.4831809401512146, 0.4811880886554718, 0.4846884310245514, 0.4837469756603241, 0.48782700300216675, 0.48484018445014954, 0.48439866304397583, 0.48226961493492126, 0.4832606613636017, 0.4871267080307007, 0.4851524233818054, 0.4862270653247833], "val_loss": [0.04496975988149643, 0.04718123376369476, 0.04987717792391777, 0.052918288856744766, 0.056221675127744675, 0.05963277816772461, 0.06292148679494858, 0.0659300684928894, 0.0686631128191948, 0.07122030109167099, 0.07369018346071243, 0.07592980563640594, 0.07788863033056259, 0.07943399250507355, 0.08049136400222778, 0.08105576038360596, 0.08117930591106415, 0.08096195012331009, 0.08048266172409058, 0.07983646541833878, 0.0791136622428894], "val_accuracy": [0.3781818151473999, 0.3781818151473999, 0.3781818151473999, 0.3781818151473999, 0.3781818151473999, 0.3781818151473999, 0.3781818151473999, 0.3781818151473999, 0.3781818151473999, 0.3781818151473999, 0.3781818151473999, 0.3781818151473999, 0.3781818151473999, 0.3781818151473999, 0.3781818151473999, 0.3781818151473999, 0.3781818151473999, 0.3781818151473999, 0.3781818151473999, 0.3781818151473999, 0.3781818151473999], "val_benchmark_1193": [171.0, 171.0, 171.0, 171.0, 171.0, 171.0, 171.0, 171.0, 171.0, 171.0, 171.0, 171.0, 171.0, 171.0, 171.0, 171.0, 171.0, 171.0, 171.0, 171.0, 171.0], "val_TP": [0.0, 0.0, 0.0, 0.0, 0.0, 0.0, 0.0, 0.0, 0.0, 0.0, 0.0, 0.0, 0.0, 0.0, 0.0, 0.0, 0.0, 0.0, 0.0, 0.0, 0.0], "val_TN": [104.0, 104.0, 104.0, 104.0, 104.0, 104.0, 104.0, 104.0, 104.0, 104.0, 104.0, 104.0, 104.0, 104.0, 104.0, 104.0, 104.0, 104.0, 104.0, 104.0, 104.0], "val_FP": [0.0, 0.0, 0.0, 0.0, 0.0, 0.0, 0.0, 0.0, 0.0, 0.0, 0.0, 0.0, 0.0, 0.0, 0.0, 0.0, 0.0, 0.0, 0.0, 0.0, 0.0], "val_FN": [171.0, 171.0, 171.0, 171.0, 171.0, 171.0, 171.0, 171.0, 171.0, 171.0, 171.0, 171.0, 171.0, 171.0, 171.0, 171.0, 171.0, 171.0, 171.0, 171.0, 171.0], "val_Precision": [0.0, 0.0, 0.0, 0.0, 0.0, 0.0, 0.0, 0.0, 0.0, 0.0, 0.0, 0.0, 0.0, 0.0, 0.0, 0.0, 0.0, 0.0, 0.0, 0.0, 0.0], "val_Recall": [0.0, 0.0, 0.0, 0.0, 0.0, 0.0, 0.0, 0.0, 0.0, 0.0, 0.0, 0.0, 0.0, 0.0, 0.0, 0.0, 0.0, 0.0, 0.0, 0.0, 0.0], "val_AUC": [0.5, 0.5, 0.5, 0.5, 0.5, 0.5696693658828735, 0.5, 0.509024977684021, 0.5299988985061646, 0.5122019648551941, 0.5046108961105347, 0.5146198868751526, 0.551928699016571, 0.523391842842102, 0.5595479011535645, 0.5262032747268677, 0.5248819589614868, 0.5331478118896484, 0.5422009229660034, 0.5496795177459717, 0.5603914260864258]}