{"loss": [2.1920840740203857, 0.705161988735199, 0.7290218472480774, 0.6954106688499451, 0.7112041711807251, 0.6946101188659668, 0.6959061026573181, 0.6942514777183533, 0.7046610713005066, 0.6935911774635315, 0.6939775943756104, 0.7188655138015747, 0.6932342648506165, 0.694197416305542, 0.7048499584197998, 0.699904203414917, 0.7029742002487183, 0.6986547112464905, 0.6942821741104126, 0.695134162902832, 0.6982357501983643, 0.6968767642974854, 0.7078000903129578, 0.7034091949462891], "accuracy": [0.4888423979282379, 0.49442121386528015, 0.4923291504383087, 0.49163180589675903, 0.5055788159370422, 0.4783821403980255, 0.49860531091690063, 0.5, 0.4930264949798584, 0.5, 0.5118549466133118, 0.4888423979282379, 0.5160390734672546, 0.4923291504383087, 0.4972105920314789, 0.5069735050201416, 0.5, 0.49790793657302856, 0.49511855840682983, 0.48326361179351807, 0.4930264949798584, 0.48814505338668823, 0.482566237449646, 0.4993026554584503], "benchmark_1113": [733.0, 725.0, 728.0, 729.0, 709.0, 748.0, 719.0, 717.0, 727.0, 717.0, 700.0, 733.0, 694.0, 728.0, 721.0, 707.0, 717.0, 720.0, 724.0, 741.0, 727.0, 734.0, 742.0, 718.0], "TP": [442.0, 372.0, 397.0, 216.0, 425.0, 496.0, 167.0, 317.0, 399.0, 0.0, 261.0, 340.0, 365.0, 247.0, 412.0, 308.0, 258.0, 281.0, 144.0, 392.0, 348.0, 153.0, 341.0, 60.0], "TN": [259.0, 337.0, 309.0, 489.0, 300.0, 190.0, 548.0, 400.0, 308.0, 717.0, 473.0, 361.0, 375.0, 459.0, 301.0, 419.0, 459.0, 433.0, 566.0, 301.0, 359.0, 547.0, 351.0, 656.0], "FP": [458.0, 380.0, 408.0, 228.0, 417.0, 527.0, 169.0, 317.0, 409.0, 0.0, 244.0, 356.0, 342.0, 258.0, 416.0, 298.0, 258.0, 284.0, 151.0, 416.0, 358.0, 170.0, 366.0, 61.0], "FN": [275.0, 345.0, 320.0, 501.0, 292.0, 221.0, 550.0, 400.0, 318.0, 717.0, 456.0, 377.0, 352.0, 470.0, 305.0, 409.0, 459.0, 436.0, 573.0, 325.0, 369.0, 564.0, 376.0, 657.0], "Precision": [0.4911110997200012, 0.49468085169792175, 0.4931676983833313, 0.4864864945411682, 0.5047506093978882, 0.4848484992980957, 0.4970238208770752, 0.5, 0.49381187558174133, 0.0, 0.5168316960334778, 0.4885057508945465, 0.5162659287452698, 0.4891089200973511, 0.4975845515727997, 0.5082508325576782, 0.5, 0.49734511971473694, 0.48813560605049133, 0.48514851927757263, 0.49291783571243286, 0.4736842215061188, 0.4823196530342102, 0.4958677589893341], "Recall": [0.616457462310791, 0.5188284516334534, 0.5536959767341614, 0.3012552261352539, 0.5927475690841675, 0.6917712688446045, 0.23291492462158203, 0.4421199560165405, 0.5564853549003601, 0.0, 0.36401674151420593, 0.47419804334640503, 0.509065568447113, 0.3444909453392029, 0.5746164321899414, 0.4295676350593567, 0.35983264446258545, 0.39191073179244995, 0.20083682239055634, 0.5467224717140198, 0.4853556454181671, 0.21338912844657898, 0.4755927622318268, 0.08368200808763504], "AUC": [0.4876898527145386, 0.4976472854614258, 0.48272183537483215, 0.5005825757980347, 0.4959530234336853, 0.4843003749847412, 0.4857437014579773, 0.4857388734817505, 0.48606565594673157, 0.49375203251838684, 0.5048298835754395, 0.47191736102104187, 0.518319845199585, 0.49169307947158813, 0.4925236701965332, 0.4958869218826294, 0.517047643661499, 0.5054455995559692, 0.48494911193847656, 0.4938318133354187, 0.5010640025138855, 0.4841788411140442, 0.4683002233505249, 0.5042201280593872], "val_loss": [0.7433635592460632, 0.9166203737258911, 0.6981446743011475, 0.6632315516471863, 0.6739915609359741, 0.691658616065979, 0.6982018947601318, 0.6959690451622009, 0.6954024434089661, 0.6873209476470947, 2.899232864379883, 2.463801145553589, 1.198509931564331, 0.974369466304779, 1.0984339714050293, 1.875322937965393, 0.9586360454559326, 0.7014719843864441, 0.6921080946922302, 0.8971431851387024, 0.8110330104827881, 0.6633653044700623, 0.7246670722961426, 0.6864141821861267], "val_accuracy": [0.3781818151473999, 0.3781818151473999, 0.3781818151473999, 0.6218181848526001, 0.6218181848526001, 0.6218181848526001, 0.3781818151473999, 0.3781818151473999, 0.3781818151473999, 0.6218181848526001, 0.3781818151473999, 0.6218181848526001, 0.6218181848526001, 0.3781818151473999, 0.3781818151473999, 0.3781818151473999, 0.6218181848526001, 0.3781818151473999, 0.6218181848526001, 0.3781818151473999, 0.3781818151473999, 0.6218181848526001, 0.3781818151473999, 0.6218181848526001], "val_benchmark_1113": [171.0, 171.0, 171.0, 104.0, 104.0, 104.0, 171.0, 171.0, 171.0, 104.0, 171.0, 104.0, 104.0, 171.0, 171.0, 171.0, 104.0, 171.0, 104.0, 171.0, 171.0, 104.0, 171.0, 104.0], "val_TP": [0.0, 0.0, 0.0, 171.0, 171.0, 171.0, 0.0, 0.0, 0.0, 171.0, 0.0, 171.0, 171.0, 0.0, 0.0, 0.0, 171.0, 0.0, 171.0, 0.0, 0.0, 171.0, 0.0, 171.0], "val_TN": [104.0, 104.0, 104.0, 0.0, 0.0, 0.0, 104.0, 104.0, 104.0, 0.0, 104.0, 0.0, 0.0, 104.0, 104.0, 104.0, 0.0, 104.0, 0.0, 104.0, 104.0, 0.0, 104.0, 0.0], "val_FP": [0.0, 0.0, 0.0, 104.0, 104.0, 104.0, 0.0, 0.0, 0.0, 104.0, 0.0, 104.0, 104.0, 0.0, 0.0, 0.0, 104.0, 0.0, 104.0, 0.0, 0.0, 104.0, 0.0, 104.0], "val_FN": [171.0, 171.0, 171.0, 0.0, 0.0, 0.0, 171.0, 171.0, 171.0, 0.0, 171.0, 0.0, 0.0, 171.0, 171.0, 171.0, 0.0, 171.0, 0.0, 171.0, 171.0, 0.0, 171.0, 0.0], "val_Precision": [0.0, 0.0, 0.0, 0.6218181848526001, 0.6218181848526001, 0.6218181848526001, 0.0, 0.0, 0.0, 0.6218181848526001, 0.0, 0.6218181848526001, 0.6218181848526001, 0.0, 0.0, 0.0, 0.6218181848526001, 0.0, 0.6218181848526001, 0.0, 0.0, 0.6218181848526001, 0.0, 0.6218181848526001], "val_Recall": [0.0, 0.0, 0.0, 1.0, 1.0, 1.0, 0.0, 0.0, 0.0, 1.0, 0.0, 1.0, 1.0, 0.0, 0.0, 0.0, 1.0, 0.0, 1.0, 0.0, 0.0, 1.0, 0.0, 1.0], "val_AUC": [0.5, 0.5, 0.5, 0.5, 0.5, 0.5, 0.5, 0.5, 0.5, 0.5, 0.5, 0.5, 0.45914870500564575, 0.5319107174873352, 0.5395861268043518, 0.5, 0.3766025900840759, 0.5, 0.5110492706298828, 0.5447031259536743, 0.49811628460884094, 0.49148109555244446, 0.54290372133255, 0.5]}