{"loss": [0.7180476188659668, 0.7018303871154785, 0.712261974811554, 0.7117560505867004, 0.7124947309494019, 0.7105035781860352, 0.7133591175079346, 0.7116615176200867, 0.7200482487678528, 0.7128353118896484, 0.7099300026893616, 0.7087650895118713, 0.7097357511520386, 0.7173314690589905, 0.712738573551178, 0.7159712314605713, 0.7119172811508179, 0.7107319235801697, 0.7152421474456787, 0.7110399007797241, 0.7166430354118347], "accuracy": [0.4937238395214081, 0.5160390734672546, 0.49163180589675903, 0.4972105920314789, 0.482566237449646, 0.5181310772895813, 0.48326361179351807, 0.4860529899597168, 0.48744770884513855, 0.4902370870113373, 0.49860531091690063, 0.5104602575302124, 0.5, 0.47698745131492615, 0.49860531091690063, 0.49163180589675903, 0.49790793657302856, 0.49163180589675903, 0.48396095633506775, 0.4930264949798584, 0.47629010677337646], "benchmark_1057": [726.0, 694.0, 729.0, 721.0, 742.0, 691.0, 741.0, 737.0, 735.0, 731.0, 719.0, 702.0, 717.0, 750.0, 719.0, 729.0, 720.0, 729.0, 740.0, 727.0, 751.0], "TP": [456.0, 487.0, 444.0, 461.0, 446.0, 457.0, 445.0, 424.0, 434.0, 437.0, 420.0, 433.0, 422.0, 404.0, 420.0, 419.0, 409.0, 409.0, 399.0, 389.0, 379.0], "TN": [252.0, 253.0, 261.0, 252.0, 246.0, 286.0, 248.0, 273.0, 265.0, 266.0, 295.0, 299.0, 295.0, 280.0, 295.0, 286.0, 305.0, 296.0, 295.0, 318.0, 304.0], "FP": [465.0, 464.0, 456.0, 465.0, 471.0, 431.0, 469.0, 444.0, 452.0, 451.0, 422.0, 418.0, 422.0, 437.0, 422.0, 431.0, 412.0, 421.0, 422.0, 399.0, 413.0], "FN": [261.0, 230.0, 273.0, 256.0, 271.0, 260.0, 272.0, 293.0, 283.0, 280.0, 297.0, 284.0, 295.0, 313.0, 297.0, 298.0, 308.0, 308.0, 318.0, 328.0, 338.0], "Precision": [0.4951139986515045, 0.5120925307273865, 0.4933333396911621, 0.49784016609191895, 0.4863685965538025, 0.5146396160125732, 0.4868708848953247, 0.48847925662994385, 0.4898419976234436, 0.49211710691452026, 0.49881234765052795, 0.5088131427764893, 0.5, 0.48038050532341003, 0.49881234765052795, 0.4929411709308624, 0.49817296862602234, 0.49277108907699585, 0.4859926998615265, 0.4936548173427582, 0.47853535413742065], "Recall": [0.6359832882881165, 0.6792189478874207, 0.6192468404769897, 0.6429567933082581, 0.6220362782478333, 0.6373779773712158, 0.6206415891647339, 0.5913528800010681, 0.6052998900413513, 0.6094839572906494, 0.5857740640640259, 0.6039051413536072, 0.5885634422302246, 0.5634588599205017, 0.5857740640640259, 0.5843793749809265, 0.5704323649406433, 0.5704323649406433, 0.5564853549003601, 0.5425383448600769, 0.5285913348197937], "AUC": [0.4861794412136078, 0.5347712635993958, 0.49212878942489624, 0.4959734380245209, 0.4889269769191742, 0.5027154684066772, 0.4868086874485016, 0.49001824855804443, 0.47830531001091003, 0.4907233715057373, 0.500723659992218, 0.5090169310569763, 0.4981316924095154, 0.4757716655731201, 0.4984389841556549, 0.48309630155563354, 0.49323657155036926, 0.4950310289859772, 0.48396581411361694, 0.49574199318885803, 0.4761918783187866], "val_loss": [0.6786583065986633, 0.6789421439170837, 0.6804308891296387, 0.6834527850151062, 0.68727707862854, 0.6905858516693115, 0.6926023960113525, 0.6926778554916382, 0.6913048624992371, 0.6893642544746399, 0.6877996325492859, 0.6870711445808411, 0.6869205832481384, 0.6869451403617859, 0.6871954202651978, 0.6875520348548889, 0.6878088116645813, 0.6880139112472534, 0.6883886456489563, 0.6886008381843567, 0.6888465285301208], "val_accuracy": [0.6218181848526001, 0.6218181848526001, 0.6218181848526001, 0.6218181848526001, 0.6218181848526001, 0.614545464515686, 0.5454545617103577, 0.5345454812049866, 0.5563636422157288, 0.5745454430580139, 0.585454523563385, 0.585454523563385, 0.589090883731842, 0.589090883731842, 0.589090883731842, 0.585454523563385, 0.589090883731842, 0.589090883731842, 0.5927272439002991, 0.5927272439002991, 0.589090883731842], "val_benchmark_1057": [104.0, 104.0, 104.0, 104.0, 104.0, 106.0, 125.0, 128.0, 122.0, 117.0, 114.0, 114.0, 113.0, 113.0, 113.0, 114.0, 113.0, 113.0, 112.0, 112.0, 113.0], "val_TP": [171.0, 171.0, 171.0, 171.0, 171.0, 169.0, 141.0, 136.0, 146.0, 154.0, 159.0, 159.0, 160.0, 160.0, 160.0, 159.0, 159.0, 159.0, 159.0, 159.0, 158.0], "val_TN": [0.0, 0.0, 0.0, 0.0, 0.0, 0.0, 9.0, 11.0, 7.0, 4.0, 2.0, 2.0, 2.0, 2.0, 2.0, 2.0, 3.0, 3.0, 4.0, 4.0, 4.0], "val_FP": [104.0, 104.0, 104.0, 104.0, 104.0, 104.0, 95.0, 93.0, 97.0, 100.0, 102.0, 102.0, 102.0, 102.0, 102.0, 102.0, 101.0, 101.0, 100.0, 100.0, 100.0], "val_FN": [0.0, 0.0, 0.0, 0.0, 0.0, 2.0, 30.0, 35.0, 25.0, 17.0, 12.0, 12.0, 11.0, 11.0, 11.0, 12.0, 12.0, 12.0, 12.0, 12.0, 13.0], "val_Precision": [0.6218181848526001, 0.6218181848526001, 0.6218181848526001, 0.6218181848526001, 0.6218181848526001, 0.6190476417541504, 0.5974576473236084, 0.5938864350318909, 0.6008230447769165, 0.6062992215156555, 0.6091954112052917, 0.6091954112052917, 0.6106870174407959, 0.6106870174407959, 0.6106870174407959, 0.6091954112052917, 0.6115384697914124, 0.6115384697914124, 0.6138995885848999, 0.6138995885848999, 0.6124030947685242], "val_Recall": [1.0, 1.0, 1.0, 1.0, 1.0, 0.988304078578949, 0.8245614171028137, 0.7953216433525085, 0.8538011908531189, 0.9005848169326782, 0.9298245906829834, 0.9298245906829834, 0.9356725215911865, 0.9356725215911865, 0.9356725215911865, 0.9298245906829834, 0.9298245906829834, 0.9298245906829834, 0.9298245906829834, 0.9298245906829834, 0.9239766001701355], "val_AUC": [0.5, 0.5, 0.5, 0.47174426913261414, 0.44950515031814575, 0.42130568623542786, 0.406854510307312, 0.39600202441215515, 0.4045771658420563, 0.4090474545955658, 0.4109874367713928, 0.3899010419845581, 0.4100596010684967, 0.4073886573314667, 0.42377981543540955, 0.4223178029060364, 0.40050041675567627, 0.40606725215911865, 0.4160481095314026, 0.4000224471092224, 0.41863471269607544]}