{"loss": [0.3464127779006958, 0.34261849522590637, 0.3423829674720764, 0.34097903966903687, 0.3412940502166748, 0.34064027667045593, 0.3404730558395386, 0.34007081389427185, 0.3402479588985443, 0.3395058512687683, 0.3380391597747803, 0.33791714906692505, 0.33865904808044434, 0.33844193816185, 0.338314414024353, 0.33795639872550964, 0.337194561958313, 0.33774012327194214, 0.3344384729862213, 0.3366938829421997, 0.33398380875587463, 0.33566585183143616, 0.33460986614227295, 0.3345223665237427, 0.3344042897224426, 0.33358436822891235, 0.3329937160015106, 0.3330802619457245, 0.3316490650177002, 0.33212271332740784, 0.3317238688468933, 0.33062806725502014, 0.3303584158420563, 0.3292349874973297, 0.3286792039871216, 0.32782018184661865, 0.326762318611145, 0.3285028338432312, 0.328939825296402, 0.3264588415622711, 0.3246172070503235, 0.3249087333679199, 0.32335469126701355, 0.3240845203399658, 0.32388171553611755, 0.3231220841407776, 0.32242551445961, 0.32174551486968994, 0.3209507167339325, 0.3209826648235321, 0.3199906647205353, 0.3204095959663391, 0.3178826570510864, 0.3180418312549591, 0.31824105978012085, 0.3177812695503235, 0.31567513942718506, 0.315381795167923, 0.3166039288043976, 0.3140643835067749, 0.31571558117866516, 0.31340816617012024, 0.31113192439079285, 0.3128735423088074, 0.31345391273498535], "accuracy": [0.517433762550354, 0.5585774183273315, 0.5453277826309204, 0.5516039133071899, 0.5523012280464172, 0.5474197864532471, 0.5585774183273315, 0.5613667964935303, 0.5571827292442322, 0.5516039133071899, 0.5683403015136719, 0.5704323649406433, 0.5718270540237427, 0.5697349905967712, 0.569037675857544, 0.5634588599205017, 0.5648535490036011, 0.5641562342643738, 0.5843793749809265, 0.5704323649406433, 0.5843793749809265, 0.5725244283676147, 0.5543932914733887, 0.5836820006370544, 0.5746164321899414, 0.5725244283676147, 0.5739191174507141, 0.5781031847000122, 0.5808926224708557, 0.5774058699607849, 0.5836820006370544, 0.5739191174507141, 0.5976290106773376, 0.5955369472503662, 0.5983263850212097, 0.5969316363334656, 0.5948396325111389, 0.5913528800010681, 0.6004183888435364, 0.5920501947402954, 0.6087865829467773, 0.6066945791244507, 0.6087865829467773, 0.6143653988838196, 0.5976290106773376, 0.6066945791244507, 0.6108786463737488, 0.624825656414032, 0.6241283416748047, 0.6143653988838196, 0.6178521513938904, 0.60808926820755, 0.6178521513938904, 0.6262203454971313, 0.6150627732276917, 0.6262203454971313, 0.6359832882881165, 0.6359832882881165, 0.6241283416748047, 0.6324965357780457, 0.6178521513938904, 0.625523030757904, 0.6304044723510742, 0.6394700407981873, 0.6304044723510742], "benchmark_398": [692.0, 633.0, 652.0, 643.0, 642.0, 649.0, 633.0, 629.0, 635.0, 643.0, 619.0, 616.0, 614.0, 617.0, 618.0, 626.0, 624.0, 625.0, 596.0, 616.0, 596.0, 613.0, 639.0, 597.0, 610.0, 613.0, 611.0, 605.0, 601.0, 606.0, 597.0, 611.0, 577.0, 580.0, 576.0, 578.0, 581.0, 586.0, 573.0, 585.0, 561.0, 564.0, 561.0, 553.0, 577.0, 564.0, 558.0, 538.0, 539.0, 553.0, 548.0, 562.0, 548.0, 536.0, 552.0, 536.0, 522.0, 522.0, 539.0, 527.0, 548.0, 537.0, 530.0, 517.0, 530.0], "TP": [192.0, 288.0, 303.0, 285.0, 272.0, 277.0, 262.0, 281.0, 247.0, 256.0, 295.0, 282.0, 303.0, 277.0, 272.0, 264.0, 276.0, 244.0, 274.0, 289.0, 319.0, 289.0, 255.0, 269.0, 292.0, 282.0, 292.0, 313.0, 281.0, 296.0, 313.0, 292.0, 309.0, 335.0, 330.0, 343.0, 333.0, 327.0, 342.0, 343.0, 395.0, 341.0, 377.0, 381.0, 364.0, 368.0, 390.0, 380.0, 378.0, 397.0, 400.0, 396.0, 382.0, 400.0, 408.0, 400.0, 413.0, 419.0, 398.0, 413.0, 417.0, 404.0, 406.0, 427.0, 424.0], "TN": [550.0, 513.0, 479.0, 506.0, 520.0, 508.0, 539.0, 524.0, 552.0, 535.0, 520.0, 536.0, 517.0, 540.0, 544.0, 544.0, 534.0, 565.0, 564.0, 529.0, 519.0, 532.0, 540.0, 568.0, 532.0, 539.0, 531.0, 516.0, 552.0, 532.0, 524.0, 531.0, 548.0, 519.0, 528.0, 513.0, 520.0, 521.0, 519.0, 506.0, 478.0, 529.0, 496.0, 500.0, 493.0, 502.0, 486.0, 516.0, 517.0, 484.0, 486.0, 476.0, 504.0, 498.0, 474.0, 498.0, 499.0, 493.0, 497.0, 494.0, 469.0, 493.0, 498.0, 490.0, 480.0], "FP": [167.0, 204.0, 238.0, 211.0, 197.0, 209.0, 178.0, 193.0, 165.0, 182.0, 197.0, 181.0, 200.0, 177.0, 173.0, 173.0, 183.0, 152.0, 153.0, 188.0, 198.0, 185.0, 177.0, 149.0, 185.0, 178.0, 186.0, 201.0, 165.0, 185.0, 193.0, 186.0, 169.0, 198.0, 189.0, 204.0, 197.0, 196.0, 198.0, 211.0, 239.0, 188.0, 221.0, 217.0, 224.0, 215.0, 231.0, 201.0, 200.0, 233.0, 231.0, 241.0, 213.0, 219.0, 243.0, 219.0, 218.0, 224.0, 220.0, 223.0, 248.0, 224.0, 219.0, 227.0, 237.0], "FN": [525.0, 429.0, 414.0, 432.0, 445.0, 440.0, 455.0, 436.0, 470.0, 461.0, 422.0, 435.0, 414.0, 440.0, 445.0, 453.0, 441.0, 473.0, 443.0, 428.0, 398.0, 428.0, 462.0, 448.0, 425.0, 435.0, 425.0, 404.0, 436.0, 421.0, 404.0, 425.0, 408.0, 382.0, 387.0, 374.0, 384.0, 390.0, 375.0, 374.0, 322.0, 376.0, 340.0, 336.0, 353.0, 349.0, 327.0, 337.0, 339.0, 320.0, 317.0, 321.0, 335.0, 317.0, 309.0, 317.0, 304.0, 298.0, 319.0, 304.0, 300.0, 313.0, 311.0, 290.0, 293.0], "Precision": [0.5348189473152161, 0.5853658318519592, 0.5600739121437073, 0.5745967626571655, 0.5799573659896851, 0.5699588656425476, 0.5954545736312866, 0.5928270220756531, 0.5995145440101624, 0.5844748616218567, 0.5995935201644897, 0.6090712547302246, 0.6023856997489929, 0.6101321578025818, 0.6112359762191772, 0.6041190028190613, 0.601307213306427, 0.6161616444587708, 0.641686201095581, 0.6058700084686279, 0.6170212626457214, 0.6097046136856079, 0.5902777910232544, 0.6435406804084778, 0.6121593117713928, 0.613043487071991, 0.6108786463737488, 0.6089494228363037, 0.6300448179244995, 0.6153846383094788, 0.6185770630836487, 0.6108786463737488, 0.6464434862136841, 0.6285178065299988, 0.6358381509780884, 0.6270566582679749, 0.6283018589019775, 0.6252390146255493, 0.6333333253860474, 0.6191335916519165, 0.6230283975601196, 0.6446124911308289, 0.6304348111152649, 0.6371237635612488, 0.6190476417541504, 0.6312178373336792, 0.6280193328857422, 0.6540447473526001, 0.6539792418479919, 0.6301587224006653, 0.6339144110679626, 0.6216640472412109, 0.6420168280601501, 0.6462035775184631, 0.6267281174659729, 0.6462035775184631, 0.6545166373252869, 0.6516329646110535, 0.6440129280090332, 0.6493710875511169, 0.6270676851272583, 0.6433120965957642, 0.6496000289916992, 0.6529052257537842, 0.6414523720741272], "Recall": [0.26778241991996765, 0.40167364478111267, 0.4225941300392151, 0.3974895477294922, 0.3793584406375885, 0.3863319456577301, 0.3654114305973053, 0.39191073179244995, 0.3444909453392029, 0.35704323649406433, 0.411436527967453, 0.3933054506778717, 0.4225941300392151, 0.3863319456577301, 0.3793584406375885, 0.3682008385658264, 0.38493722677230835, 0.3403068482875824, 0.3821478486061096, 0.40306833386421204, 0.44490933418273926, 0.40306833386421204, 0.35564854741096497, 0.375174343585968, 0.4072524309158325, 0.3933054506778717, 0.4072524309158325, 0.4365411400794983, 0.39191073179244995, 0.41283124685287476, 0.4365411400794983, 0.4072524309158325, 0.43096235394477844, 0.4672245383262634, 0.4602510333061218, 0.4783821403980255, 0.4644351601600647, 0.45606693625450134, 0.47698745131492615, 0.4783821403980255, 0.5509065389633179, 0.4755927622318268, 0.525801956653595, 0.5313807725906372, 0.5076708793640137, 0.5132496356964111, 0.5439330339431763, 0.5299860239028931, 0.5271966457366943, 0.5536959767341614, 0.5578800439834595, 0.5523012280464172, 0.5327754616737366, 0.5578800439834595, 0.569037675857544, 0.5578800439834595, 0.5760111808776855, 0.5843793749809265, 0.5550906658172607, 0.5760111808776855, 0.581589937210083, 0.5634588599205017, 0.5662482380867004, 0.5955369472503662, 0.5913528800010681],