{"loss": [1.1116751432418823, 1.0516103506088257, 0.9750832915306091, 0.9627732634544373, 0.9599869251251221, 0.9067521691322327, 0.8727926015853882, 0.8707016706466675, 0.8687756061553955, 0.8150723576545715, 0.811233401298523, 0.8423635363578796, 0.797621488571167, 0.7937917709350586, 0.7983913421630859, 0.8027130961418152, 0.8034685254096985, 0.781342089176178, 0.7856952548027039, 0.783574640750885, 0.7814683318138123, 0.7926734685897827, 0.7765994071960449, 0.7816014885902405, 0.804099977016449, 0.79819256067276, 0.7669015526771545, 0.7806103825569153, 0.7721372842788696, 0.7886056900024414, 0.776330828666687], "accuracy": [0.49442121386528015, 0.5020920634269714, 0.5006973743438721, 0.49860531091690063, 0.48814505338668823, 0.49511855840682983, 0.4902370870113373, 0.4930264949798584, 0.48814505338668823, 0.5097628831863403, 0.508368194103241, 0.48047420382499695, 0.5062761306762695, 0.49790793657302856, 0.4965132474899292, 0.4895397424697876, 0.49163180589675903, 0.49860531091690063, 0.5244072675704956, 0.5216178297996521, 0.5055788159370422, 0.5160390734672546, 0.508368194103241, 0.5013946890830994, 0.5020920634269714, 0.4818688929080963, 0.509065568447113, 0.4993026554584503, 0.5062761306762695, 0.4958159029483795, 0.5167363882064819], "benchmark_1898": [725.0, 714.0, 716.0, 719.0, 734.0, 724.0, 731.0, 727.0, 734.0, 703.0, 705.0, 745.0, 708.0, 720.0, 722.0, 732.0, 729.0, 719.0, 682.0, 686.0, 709.0, 694.0, 705.0, 715.0, 714.0, 743.0, 704.0, 718.0, 708.0, 723.0, 693.0], "TP": [356.0, 356.0, 366.0, 357.0, 359.0, 359.0, 352.0, 349.0, 350.0, 367.0, 365.0, 348.0, 366.0, 357.0, 363.0, 354.0, 336.0, 366.0, 375.0, 374.0, 362.0, 365.0, 363.0, 352.0, 363.0, 339.0, 366.0, 356.0, 354.0, 358.0, 369.0], "TN": [353.0, 364.0, 352.0, 358.0, 341.0, 351.0, 351.0, 358.0, 350.0, 364.0, 364.0, 341.0, 360.0, 357.0, 349.0, 348.0, 369.0, 349.0, 377.0, 374.0, 363.0, 375.0, 366.0, 367.0, 357.0, 352.0, 364.0, 360.0, 372.0, 353.0, 372.0], "FP": [364.0, 353.0, 365.0, 359.0, 376.0, 366.0, 366.0, 359.0, 367.0, 353.0, 353.0, 376.0, 357.0, 360.0, 368.0, 369.0, 348.0, 368.0, 340.0, 343.0, 354.0, 342.0, 351.0, 350.0, 360.0, 365.0, 353.0, 357.0, 345.0, 364.0, 345.0], "FN": [361.0, 361.0, 351.0, 360.0, 358.0, 358.0, 365.0, 368.0, 367.0, 350.0, 352.0, 369.0, 351.0, 360.0, 354.0, 363.0, 381.0, 351.0, 342.0, 343.0, 355.0, 352.0, 354.0, 365.0, 354.0, 378.0, 351.0, 361.0, 363.0, 359.0, 348.0], "Precision": [0.49444442987442017, 0.5021156668663025, 0.5006840229034424, 0.49860334396362305, 0.48843538761138916, 0.4951724112033844, 0.49025070667266846, 0.4929378628730774, 0.48814505338668823, 0.5097222328186035, 0.5083565711975098, 0.4806629717350006, 0.5062240958213806, 0.49790793657302856, 0.4965800344944, 0.48962655663490295, 0.4912280738353729, 0.4986376166343689, 0.5244755148887634, 0.5216178297996521, 0.505586564540863, 0.5162659287452698, 0.5084033608436584, 0.5014244914054871, 0.5020747184753418, 0.48153409361839294, 0.509040355682373, 0.49929875135421753, 0.5064377784729004, 0.49584487080574036, 0.5168067216873169], "Recall": [0.4965132474899292, 0.4965132474899292, 0.5104602575302124, 0.49790793657302856, 0.5006973743438721, 0.5006973743438721, 0.49093446135520935, 0.4867503345012665, 0.48814505338668823, 0.5118549466133118, 0.509065568447113, 0.4853556454181671, 0.5104602575302124, 0.49790793657302856, 0.5062761306762695, 0.4937238395214081, 0.4686192572116852, 0.5104602575302124, 0.5230125784873962, 0.5216178297996521, 0.5048814415931702, 0.509065568447113, 0.5062761306762695, 0.49093446135520935, 0.5062761306762695, 0.47280335426330566, 0.5104602575302124, 0.4965132474899292, 0.4937238395214081, 0.4993026554584503, 0.5146443247795105], "AUC": [0.5002276301383972, 0.4975792169570923, 0.5158630609512329, 0.49594226479530334, 0.48071929812431335, 0.49543365836143494, 0.5008530020713806, 0.48221614956855774, 0.4724843502044678, 0.50821453332901, 0.5052568912506104, 0.4678820073604584, 0.5079694390296936, 0.5077856779098511, 0.49403703212738037, 0.4894113838672638, 0.48732224106788635, 0.5087329745292664, 0.5176029801368713, 0.5228132009506226, 0.5078974366188049, 0.49673983454704285, 0.5145801305770874, 0.5115407705307007, 0.48883363604545593, 0.4851134717464447, 0.5212872624397278, 0.5097094178199768, 0.5188926458358765, 0.5015143156051636, 0.5109377503395081], "val_loss": [0.7401359677314758, 0.7117124199867249, 0.7392342686653137, 0.7286990284919739, 0.7799662947654724, 0.7074814438819885, 0.7200460433959961, 0.7404443621635437, 0.7182899117469788, 0.7491936087608337, 0.6889663934707642, 0.746076762676239, 0.7925493717193604, 0.7140033841133118, 0.7478330135345459, 0.8409309983253479, 0.7264725565910339, 0.7650504112243652, 0.7144594192504883, 0.7000241279602051, 0.7431091070175171, 0.7096344828605652, 0.711206316947937, 0.7430891990661621, 0.7015122175216675, 0.717336893081665, 0.8241076469421387, 0.7771217823028564, 0.7571513652801514, 0.7060486078262329, 0.7022885680198669], "val_accuracy": [0.3781818151473999, 0.38545453548431396, 0.3781818151473999, 0.3781818151473999, 0.3781818151473999, 0.41090908646583557, 0.3781818151473999, 0.3781818151473999, 0.389090895652771, 0.3781818151473999, 0.5381818413734436, 0.3781818151473999, 0.3781818151473999, 0.38181817531585693, 0.3781818151473999, 0.3781818151473999, 0.3781818151473999, 0.3781818151473999, 0.38545453548431396, 0.43272727727890015, 0.3781818151473999, 0.39636364579200745, 0.389090895652771, 0.3781818151473999, 0.4290909171104431, 0.38545453548431396, 0.3781818151473999, 0.3781818151473999, 0.3781818151473999, 0.41818180680274963, 0.43272727727890015], "val_benchmark_1898": [171.0, 169.0, 171.0, 171.0, 171.0, 162.0, 171.0, 171.0, 168.0, 171.0, 127.0, 171.0, 171.0, 170.0, 171.0, 171.0, 171.0, 171.0, 169.0, 156.0, 171.0, 166.0, 168.0, 171.0, 157.0, 169.0, 171.0, 171.0, 171.0, 160.0, 156.0], "val_TP": [0.0, 2.0, 0.0, 0.0, 0.0, 9.0, 0.0, 0.0, 3.0, 0.0, 75.0, 0.0, 0.0, 1.0, 0.0, 0.0, 0.0, 0.0, 2.0, 19.0, 0.0, 5.0, 3.0, 0.0, 19.0, 2.0, 0.0, 0.0, 0.0, 12.0, 18.0], "val_TN": [104.0, 104.0, 104.0, 104.0, 104.0, 104.0, 104.0, 104.0, 104.0, 104.0, 73.0, 104.0, 104.0, 104.0, 104.0, 104.0, 104.0, 104.0, 104.0, 100.0, 104.0, 104.0, 104.0, 104.0, 99.0, 104.0, 104.0, 104.0, 104.0, 103.0, 101.0], "val_FP": [0.0, 0.0, 0.0, 0.0, 0.0, 0.0, 0.0, 0.0, 0.0, 0.0, 31.0, 0.0, 0.0, 0.0, 0.0, 0.0, 0.0, 0.0, 0.0, 4.0, 0.0, 0.0, 0.0, 0.0, 5.0, 0.0, 0.0, 0.0, 0.0, 1.0, 3.0], "val_FN": [171.0, 169.0, 171.0, 171.0, 171.0, 162.0, 171.0, 171.0, 168.0, 171.0, 96.0, 171.0, 171.0, 170.0, 171.0, 171.0, 171.0, 171.0, 169.0, 152.0, 171.0, 166.0, 168.0, 171.0, 152.0, 169.0, 171.0, 171.0, 171.0, 159.0, 153.0], "val_Precision": [0.0, 1.0, 0.0, 0.0, 0.0, 1.0, 0.0, 0.0, 1.0, 0.0, 0.7075471878051758, 0.0, 0.0, 1.0, 0.0, 0.0, 0.0, 0.0, 1.0, 0.8260869383811951, 0.0, 1.0, 1.0, 0.0, 0.7916666865348816, 1.0, 0.0, 0.0, 0.0, 0.9230769276618958, 0.8571428656578064], "val_Recall": [0.0, 0.011695906519889832, 0.0, 0.0, 0.0, 0.05263157933950424, 0.0, 0.0, 0.017543859779834747, 0.0, 0.4385964870452881, 0.0, 0.0, 0.005847953259944916, 0.0, 0.0, 0.0, 0.0, 0.011695906519889832, 0.1111111119389534, 0.0, 0.02923976629972458, 0.017543859779834747, 0.0, 0.1111111119389534, 0.011695906519889832, 0.0, 0.0, 0.0, 0.07017543911933899, 0.10526315867900848], "val_AUC": [0.5771761536598206, 0.583164632320404, 0.5996963977813721, 0.6065002083778381, 0.587410032749176, 0.5901090502738953, 0.5904746055603027, 0.598543643951416, 0.588394045829773, 0.5911774635314941, 0.5874943733215332, 0.6055161952972412, 0.6042228937149048, 0.6133884191513062, 0.606950044631958, 0.6163405776023865, 0.6018331050872803, 0.6077373623847961, 0.60273277759552, 0.5946637988090515, 0.606415867805481, 0.6085526347160339, 0.5919085144996643, 0.5958164930343628, 0.5879442691802979, 0.5927519202232361, 0.5924145579338074, 0.6077373027801514, 0.6050944924354553, 0.6092274188995361, 0.6071468591690063]}