{"loss": [0.6938035488128662, 0.6910266280174255, 0.6923977136611938, 0.6919882893562317, 0.6884095072746277, 0.6882147789001465, 0.6866083145141602, 0.68556147813797, 0.6833885312080383, 0.6782363057136536, 0.6755930781364441, 0.6739830374717712, 0.6712949872016907, 0.6666842103004456, 0.6633985638618469, 0.6603033542633057, 0.654919445514679, 0.6508078575134277, 0.6498681902885437, 0.643485426902771, 0.64283287525177, 0.6396230459213257, 0.6341620087623596, 0.6385941505432129, 0.6332714557647705, 0.630559504032135, 0.6297847032546997, 0.6254705786705017, 0.6201613545417786, 0.6198608875274658, 0.6207335591316223, 0.6189586520195007, 0.6213764548301697, 0.6139441132545471, 0.6127092242240906, 0.6118902564048767, 0.6158681511878967, 0.6070769429206848, 0.6090900897979736, 0.6108225584030151, 0.6043756008148193, 0.601039469242096, 0.6009312272071838, 0.6000370979309082, 0.5979148745536804, 0.6017503142356873, 0.595105767250061, 0.5937662720680237, 0.5931047201156616], "accuracy": [0.5111575722694397, 0.5299860239028931, 0.509065568447113, 0.5216178297996521, 0.5271966457366943, 0.5397489666938782, 0.5397489666938782, 0.5467224717140198, 0.5390515923500061, 0.5585774183273315, 0.5774058699607849, 0.5711296796798706, 0.5892608165740967, 0.5822873115539551, 0.5997210741043091, 0.5962343215942383, 0.5997210741043091, 0.607391893863678, 0.6143653988838196, 0.633193850517273, 0.6311017870903015, 0.6220362782478333, 0.633193850517273, 0.6304044723510742, 0.6352859139442444, 0.6387726664543152, 0.6317991614341736, 0.6345885396003723, 0.651324987411499, 0.6471408605575562, 0.6401673555374146, 0.6408647298812866, 0.6471408605575562, 0.6464434862136841, 0.6562064290046692, 0.6589958071708679, 0.642259418964386, 0.6659693121910095, 0.6610878705978394, 0.6603904962539673, 0.6527196764945984, 0.6701534390449524, 0.6610878705978394, 0.6708507537841797, 0.6645746231079102, 0.672245442867279, 0.6631799340248108, 0.6743375062942505, 0.6827057003974915], "benchmark_502": [701.0, 674.0, 704.0, 686.0, 678.0, 660.0, 660.0, 650.0, 661.0, 633.0, 606.0, 615.0, 589.0, 599.0, 574.0, 579.0, 574.0, 563.0, 553.0, 526.0, 529.0, 542.0, 526.0, 530.0, 523.0, 518.0, 528.0, 524.0, 500.0, 506.0, 516.0, 515.0, 506.0, 507.0, 493.0, 489.0, 513.0, 479.0, 486.0, 487.0, 498.0, 473.0, 486.0, 472.0, 481.0, 470.0, 483.0, 467.0, 455.0], "TP": [382.0, 379.0, 356.0, 343.0, 370.0, 351.0, 380.0, 381.0, 353.0, 353.0, 391.0, 382.0, 395.0, 405.0, 421.0, 408.0, 417.0, 424.0, 417.0, 439.0, 447.0, 434.0, 442.0, 451.0, 443.0, 443.0, 450.0, 439.0, 470.0, 468.0, 450.0, 453.0, 450.0, 465.0, 469.0, 464.0, 459.0, 466.0, 469.0, 474.0, 458.0, 479.0, 468.0, 465.0, 478.0, 473.0, 472.0, 469.0, 477.0], "TN": [351.0, 381.0, 374.0, 405.0, 386.0, 423.0, 394.0, 403.0, 420.0, 448.0, 437.0, 437.0, 450.0, 430.0, 439.0, 447.0, 443.0, 447.0, 464.0, 469.0, 458.0, 458.0, 466.0, 453.0, 468.0, 473.0, 456.0, 471.0, 464.0, 460.0, 468.0, 466.0, 478.0, 462.0, 472.0, 481.0, 462.0, 489.0, 479.0, 473.0, 478.0, 482.0, 480.0, 497.0, 475.0, 491.0, 479.0, 498.0, 502.0], "FP": [366.0, 336.0, 343.0, 312.0, 331.0, 294.0, 323.0, 314.0, 297.0, 269.0, 280.0, 280.0, 267.0, 287.0, 278.0, 270.0, 274.0, 270.0, 253.0, 248.0, 259.0, 259.0, 251.0, 264.0, 249.0, 244.0, 261.0, 246.0, 253.0, 257.0, 249.0, 251.0, 239.0, 255.0, 245.0, 236.0, 255.0, 228.0, 238.0, 244.0, 239.0, 235.0, 237.0, 220.0, 242.0, 226.0, 238.0, 219.0, 215.0], "FN": [335.0, 338.0, 361.0, 374.0, 347.0, 366.0, 337.0, 336.0, 364.0, 364.0, 326.0, 335.0, 322.0, 312.0, 296.0, 309.0, 300.0, 293.0, 300.0, 278.0, 270.0, 283.0, 275.0, 266.0, 274.0, 274.0, 267.0, 278.0, 247.0, 249.0, 267.0, 264.0, 267.0, 252.0, 248.0, 253.0, 258.0, 251.0, 248.0, 243.0, 259.0, 238.0, 249.0, 252.0, 239.0, 244.0, 245.0, 248.0, 240.0], "Precision": [0.5106951594352722, 0.5300699472427368, 0.5092989802360535, 0.523664116859436, 0.52781742811203, 0.5441860556602478, 0.5405405163764954, 0.5482014417648315, 0.5430769324302673, 0.5675241351127625, 0.5827123522758484, 0.5770393013954163, 0.596676766872406, 0.5852600932121277, 0.6022889614105225, 0.6017699241638184, 0.6034732460975647, 0.6109510064125061, 0.6223880648612976, 0.6390101909637451, 0.6331444978713989, 0.6262626051902771, 0.6378066539764404, 0.6307692527770996, 0.6401734352111816, 0.6448326110839844, 0.6329113841056824, 0.6408759355545044, 0.6500691771507263, 0.6455172300338745, 0.6437768340110779, 0.6434659361839294, 0.6531204581260681, 0.6458333134651184, 0.656862735748291, 0.6628571152687073, 0.6428571343421936, 0.6714697480201721, 0.6633663177490234, 0.6601671576499939, 0.6571018695831299, 0.6708683371543884, 0.6638298034667969, 0.6788321137428284, 0.6638888716697693, 0.6766809821128845, 0.6647887229919434, 0.6816860437393188, 0.689306378364563], "Recall": [0.5327754616737366, 0.5285913348197937, 0.4965132474899292, 0.4783821403980255, 0.5160390734672546, 0.4895397424697876, 0.5299860239028931, 0.5313807725906372, 0.4923291504383087, 0.4923291504383087, 0.5453277826309204, 0.5327754616737366, 0.5509065389633179, 0.5648535490036011, 0.5871687531471252, 0.569037675857544, 0.581589937210083, 0.5913528800010681, 0.581589937210083, 0.6122733354568481, 0.6234309673309326, 0.6052998900413513, 0.616457462310791, 0.6290097832679749, 0.6178521513938904, 0.6178521513938904, 0.6276150345802307, 0.6122733354568481, 0.6555090546607971, 0.6527196764945984, 0.6276150345802307, 0.6317991614341736, 0.6276150345802307, 0.6485355496406555, 0.6541143655776978, 0.6471408605575562, 0.6401673555374146, 0.6499302387237549, 0.6541143655776978, 0.6610878705978394, 0.6387726664543152, 0.668061375617981, 0.6527196764945984, 0.6485355496406555, 0.6666666865348816, 0.65969318151474, 0.6582984924316406, 0.6541143655776978, 0.6652719378471375], "AUC": [0.5138264298439026, 0.5368049144744873, 0.5221936702728271, 0.5244442224502563, 0.5483603477478027, 0.5491296648979187, 0.550808310508728, 0.5644245743751526, 0.5675856471061707, 0.5932114720344543, 0.6091474294662476, 0.60738605260849, 0.6192711591720581, 0.6313332915306091, 0.6411982774734497, 0.6448027491569519, 0.6591932773590088, 0.6646378636360168, 0.6628706455230713, 0.6776764392852783, 0.6797810792922974, 0.6797636151313782, 0.694072425365448, 0.684816300868988, 0.6924685835838318, 0.694251298904419, 0.6923256516456604, 0.7024853825569153, 0.7160336375236511, 0.7121345400810242, 0.7080175280570984, 0.7102884650230408, 0.7090765833854675, 0.7213847637176514, 0.7223107814788818, 0.7235527634620667, 0.7163001298904419, 0.7291179299354553, 0.7251371145248413, 0.7239087224006653, 0.7331405282020569, 0.7385687232017517, 0.7374753952026367, 0.7419444918632507, 0.7428811192512512, 0.7364581227302551, 0.7421438694000244, 0.7470321655273438, 0.7478851079940796], "val_loss": [0.7025099992752075, 0.7021641135215759, 0.7037542462348938, 0.6913771033287048, 0.692195475101471, 0.6804708242416382, 0.6807669997215271, 0.6811891198158264, 0.6637840867042542, 0.649726390838623, 0.6790277361869812, 0.6406522393226624, 0.6376796364784241, 0.6289851665496826, 0.6404250264167786, 0.7322691679000854, 0.6174333095550537, 0.7159184813499451, 0.6153880953788757, 0.7835962176322937, 0.6148331761360168, 0.7929562926292419, 0.6194353699684143, 0.5985674858093262, 0.7738651633262634, 0.8401241898536682, 0.5977441668510437, 0.5883036851882935, 0.5903198719024658, 0.6621910929679871, 0.7408511638641357, 0.5897347331047058, 0.6456221342086792, 0.8973519802093506, 0.594215989112854, 0.6383780837059021, 0.586930513381958, 0.6995387077331543, 0.6413766741752625, 0.5896857380867004, 0.6182059645652771, 0.9053201079368591, 0.7000682353973389, 0.67481529712677, 0.6066815257072449, 0.5870809555053711, 0.722407877445221, 0.8850750923156738, 0.5773502588272095],