{"loss": [1.824769377708435, 0.80393385887146, 0.7435108423233032, 0.7708621025085449, 0.6533110737800598, 0.6448063254356384, 0.5492032170295715, 0.501549243927002, 0.5177455544471741, 0.35817110538482666, 0.34577980637550354, 0.3145321309566498, 0.28987929224967957, 0.23451350629329681, 0.24038977921009064, 0.18440839648246765, 0.182190403342247, 0.16319604218006134, 0.13591797649860382, 0.14123690128326416, 0.10424588620662689], "accuracy": [0.49163180589675903, 0.5069735050201416, 0.5439330339431763, 0.5041841268539429, 0.5055788159370422, 0.48326361179351807, 0.5062761306762695, 0.5013946890830994, 0.5111575722694397, 0.5034867525100708, 0.5181310772895813, 0.5013946890830994, 0.5104602575302124, 0.517433762550354, 0.4895397424697876, 0.4902370870113373, 0.5013946890830994, 0.4958159029483795, 0.5069735050201416, 0.5069735050201416, 0.5034867525100708], "benchmark_1686": [729.0, 707.0, 654.0, 711.0, 709.0, 741.0, 708.0, 715.0, 701.0, 712.0, 691.0, 715.0, 702.0, 692.0, 732.0, 731.0, 715.0, 723.0, 707.0, 707.0, 712.0], "TP": [348.0, 368.0, 393.0, 355.0, 360.0, 337.0, 358.0, 369.0, 365.0, 356.0, 375.0, 355.0, 373.0, 379.0, 335.0, 357.0, 344.0, 377.0, 367.0, 365.0, 371.0], "TN": [357.0, 359.0, 387.0, 368.0, 365.0, 356.0, 368.0, 350.0, 368.0, 366.0, 368.0, 364.0, 359.0, 363.0, 367.0, 346.0, 375.0, 334.0, 360.0, 362.0, 351.0], "FP": [360.0, 358.0, 330.0, 349.0, 352.0, 361.0, 349.0, 367.0, 349.0, 351.0, 349.0, 353.0, 358.0, 354.0, 350.0, 371.0, 342.0, 383.0, 357.0, 355.0, 366.0], "FN": [369.0, 349.0, 324.0, 362.0, 357.0, 380.0, 359.0, 348.0, 352.0, 361.0, 342.0, 362.0, 344.0, 338.0, 382.0, 360.0, 373.0, 340.0, 350.0, 352.0, 346.0], "Precision": [0.49152541160583496, 0.5068870782852173, 0.54356849193573, 0.5042613744735718, 0.5056179761886597, 0.48280802369117737, 0.5063649415969849, 0.501358687877655, 0.5112044811248779, 0.5035360455513, 0.5179557800292969, 0.5014124512672424, 0.5102599263191223, 0.5170531868934631, 0.48905110359191895, 0.49038460850715637, 0.5014577507972717, 0.496052622795105, 0.5069060921669006, 0.5069444179534912, 0.5033921599388123], "Recall": [0.4853556454181671, 0.5132496356964111, 0.5481171607971191, 0.49511855840682983, 0.5020920634269714, 0.47001394629478455, 0.4993026554584503, 0.5146443247795105, 0.509065568447113, 0.4965132474899292, 0.5230125784873962, 0.49511855840682983, 0.5202231407165527, 0.5285913348197937, 0.4672245383262634, 0.49790793657302856, 0.47977685928344727, 0.525801956653595, 0.5118549466133118, 0.509065568447113, 0.517433762550354], "AUC": [0.4979517459869385, 0.5087387561798096, 0.5530520677566528, 0.49747318029403687, 0.49977919459342957, 0.4811336398124695, 0.5065096020698547, 0.4923398494720459, 0.4890320897102356, 0.5133819580078125, 0.5308331847190857, 0.49498337507247925, 0.5061827898025513, 0.5076261162757874, 0.4834950268268585, 0.4949551820755005, 0.49415862560272217, 0.48778223991394043, 0.5014267563819885, 0.5007596015930176, 0.5205557942390442], "val_loss": [0.044860124588012695, 0.4506484270095825, 0.20646367967128754, 0.05407469719648361, 0.17243775725364685, 0.24009352922439575, 0.08360878378152847, 0.05026853829622269, 0.05551895126700401, 0.06677483767271042, 0.08380689471960068, 0.06680024415254593, 0.04376288503408432, 0.05050136148929596, 0.05024011805653572, 0.10044024139642715, 0.09226038306951523, 0.12083607167005539, 0.2340421974658966, 0.08055539429187775, 0.05576947703957558], "val_accuracy": [0.6218181848526001, 0.3781818151473999, 0.3781818151473999, 0.6218181848526001, 0.3781818151473999, 0.3781818151473999, 0.6218181848526001, 0.6218181848526001, 0.3781818151473999, 0.6218181848526001, 0.3781818151473999, 0.6218181848526001, 0.3781818151473999, 0.3781818151473999, 0.6218181848526001, 0.3781818151473999, 0.6218181848526001, 0.3781818151473999, 0.3781818151473999, 0.6218181848526001, 0.6218181848526001], "val_benchmark_1686": [104.0, 171.0, 171.0, 104.0, 171.0, 171.0, 104.0, 104.0, 171.0, 104.0, 171.0, 104.0, 171.0, 171.0, 104.0, 171.0, 104.0, 171.0, 171.0, 104.0, 104.0], "val_TP": [171.0, 0.0, 0.0, 171.0, 0.0, 0.0, 171.0, 171.0, 0.0, 171.0, 0.0, 171.0, 0.0, 0.0, 171.0, 0.0, 171.0, 0.0, 0.0, 171.0, 171.0], "val_TN": [0.0, 104.0, 104.0, 0.0, 104.0, 104.0, 0.0, 0.0, 104.0, 0.0, 104.0, 0.0, 104.0, 104.0, 0.0, 104.0, 0.0, 104.0, 104.0, 0.0, 0.0], "val_FP": [104.0, 0.0, 0.0, 104.0, 0.0, 0.0, 104.0, 104.0, 0.0, 104.0, 0.0, 104.0, 0.0, 0.0, 104.0, 0.0, 104.0, 0.0, 0.0, 104.0, 104.0], "val_FN": [0.0, 171.0, 171.0, 0.0, 171.0, 171.0, 0.0, 0.0, 171.0, 0.0, 171.0, 0.0, 171.0, 171.0, 0.0, 171.0, 0.0, 171.0, 171.0, 0.0, 0.0], "val_Precision": [0.6218181848526001, 0.0, 0.0, 0.6218181848526001, 0.0, 0.0, 0.6218181848526001, 0.6218181848526001, 0.0, 0.6218181848526001, 0.0, 0.6218181848526001, 0.0, 0.0, 0.6218181848526001, 0.0, 0.6218181848526001, 0.0, 0.0, 0.6218181848526001, 0.6218181848526001], "val_Recall": [1.0, 0.0, 0.0, 1.0, 0.0, 0.0, 1.0, 1.0, 0.0, 1.0, 0.0, 1.0, 0.0, 0.0, 1.0, 0.0, 1.0, 0.0, 0.0, 1.0, 1.0], "val_AUC": [0.5, 0.5, 0.5, 0.5, 0.5, 0.5, 0.5, 0.5, 0.5, 0.5, 0.49707603454589844, 0.5, 0.5, 0.5, 0.5, 0.5, 0.5, 0.5, 0.5, 0.5, 0.5]}