{"loss": [0.34412655234336853, 0.34357768297195435, 0.3429807722568512, 0.3430310785770416, 0.3421136140823364, 0.34154418110847473, 0.34139949083328247, 0.34118178486824036, 0.34118619561195374, 0.340355783700943, 0.33989793062210083, 0.33953043818473816, 0.33903566002845764, 0.3384934961795807, 0.3381015658378601, 0.33777403831481934, 0.33744874596595764, 0.33755970001220703, 0.336313933134079, 0.3359840214252472, 0.33554980158805847, 0.3351995050907135, 0.3347204625606537, 0.333827942609787, 0.3342627286911011, 0.33318328857421875, 0.332945853471756, 0.33246779441833496, 0.3320544958114624, 0.33143946528434753, 0.3309670388698578, 0.3305486738681793, 0.33096951246261597, 0.32974904775619507, 0.329476535320282, 0.32882052659988403, 0.32927462458610535, 0.32807657122612, 0.3276384770870209, 0.32700273394584656, 0.32778409123420715, 0.3264843821525574, 0.3256581723690033, 0.32588350772857666, 0.3255561888217926, 0.32496127486228943, 0.32454222440719604, 0.3239670395851135, 0.32321083545684814, 0.3244238793849945, 0.32260358333587646, 0.3219589293003082, 0.32206952571868896, 0.32194605469703674, 0.3216017186641693, 0.3212418258190155, 0.32090461254119873, 0.32063475251197815, 0.3196590542793274, 0.32067880034446716, 0.3186202347278595, 0.3191889524459839], "accuracy": [0.5223152041435242, 0.5453277826309204, 0.5481171607971191, 0.5460250973701477, 0.5516039133071899, 0.555787980556488, 0.5543932914733887, 0.5529986023902893, 0.5627614855766296, 0.569037675857544, 0.5676429271697998, 0.5669456124305725, 0.5781031847000122, 0.581589937210083, 0.5725244283676147, 0.5829846858978271, 0.5725244283676147, 0.5843793749809265, 0.5927475690841675, 0.5913528800010681, 0.5892608165740967, 0.5955369472503662, 0.5983263850212097, 0.6059972047805786, 0.6087865829467773, 0.6108786463737488, 0.599023699760437, 0.6115760207176208, 0.6108786463737488, 0.6115760207176208, 0.616457462310791, 0.6178521513938904, 0.6094839572906494, 0.6143653988838196, 0.6185495257377625, 0.6192468404769897, 0.6171548366546631, 0.6199442148208618, 0.615760087966919, 0.6171548366546631, 0.6276150345802307, 0.6297070980072021, 0.6317991614341736, 0.6220362782478333, 0.6276150345802307, 0.6324965357780457, 0.6290097832679749, 0.6304044723510742, 0.6283124089241028, 0.6359832882881165, 0.6324965357780457, 0.6401673555374146, 0.6317991614341736, 0.6311017870903015, 0.6387726664543152, 0.6401673555374146, 0.6304044723510742, 0.6290097832679749, 0.6520223021507263, 0.6290097832679749, 0.6359832882881165, 0.6401673555374146], "benchmark_786": [685.0, 652.0, 648.0, 651.0, 643.0, 637.0, 639.0, 641.0, 627.0, 618.0, 620.0, 621.0, 605.0, 600.0, 613.0, 598.0, 613.0, 596.0, 584.0, 586.0, 589.0, 580.0, 576.0, 565.0, 561.0, 558.0, 575.0, 557.0, 558.0, 557.0, 550.0, 548.0, 560.0, 553.0, 547.0, 546.0, 549.0, 545.0, 551.0, 549.0, 534.0, 531.0, 528.0, 542.0, 534.0, 527.0, 532.0, 530.0, 533.0, 522.0, 527.0, 516.0, 528.0, 529.0, 518.0, 516.0, 530.0, 532.0, 499.0, 532.0, 522.0, 516.0], "TP": [348.0, 358.0, 363.0, 357.0, 373.0, 368.0, 362.0, 368.0, 376.0, 384.0, 377.0, 378.0, 385.0, 384.0, 386.0, 391.0, 381.0, 402.0, 402.0, 402.0, 396.0, 398.0, 405.0, 413.0, 422.0, 414.0, 409.0, 420.0, 414.0, 424.0, 420.0, 429.0, 421.0, 440.0, 430.0, 433.0, 432.0, 434.0, 438.0, 432.0, 445.0, 449.0, 446.0, 445.0, 448.0, 453.0, 442.0, 455.0, 449.0, 453.0, 452.0, 456.0, 449.0, 458.0, 454.0, 460.0, 448.0, 453.0, 469.0, 452.0, 459.0, 461.0], "TN": [401.0, 424.0, 423.0, 426.0, 418.0, 429.0, 433.0, 425.0, 431.0, 432.0, 437.0, 435.0, 444.0, 450.0, 435.0, 445.0, 440.0, 436.0, 448.0, 446.0, 449.0, 456.0, 453.0, 456.0, 451.0, 462.0, 450.0, 457.0, 462.0, 453.0, 464.0, 457.0, 453.0, 441.0, 457.0, 455.0, 453.0, 455.0, 445.0, 453.0, 455.0, 454.0, 460.0, 447.0, 452.0, 454.0, 460.0, 449.0, 452.0, 459.0, 455.0, 462.0, 457.0, 447.0, 462.0, 458.0, 456.0, 449.0, 466.0, 450.0, 453.0, 457.0], "FP": [316.0, 293.0, 294.0, 291.0, 299.0, 288.0, 284.0, 292.0, 286.0, 285.0, 280.0, 282.0, 273.0, 267.0, 282.0, 272.0, 277.0, 281.0, 269.0, 271.0, 268.0, 261.0, 264.0, 261.0, 266.0, 255.0, 267.0, 260.0, 255.0, 264.0, 253.0, 260.0, 264.0, 276.0, 260.0, 262.0, 264.0, 262.0, 272.0, 264.0, 262.0, 263.0, 257.0, 270.0, 265.0, 263.0, 257.0, 268.0, 265.0, 258.0, 262.0, 255.0, 260.0, 270.0, 255.0, 259.0, 261.0, 268.0, 251.0, 267.0, 264.0, 260.0], "FN": [369.0, 359.0, 354.0, 360.0, 344.0, 349.0, 355.0, 349.0, 341.0, 333.0, 340.0, 339.0, 332.0, 333.0, 331.0, 326.0, 336.0, 315.0, 315.0, 315.0, 321.0, 319.0, 312.0, 304.0, 295.0, 303.0, 308.0, 297.0, 303.0, 293.0, 297.0, 288.0, 296.0, 277.0, 287.0, 284.0, 285.0, 283.0, 279.0, 285.0, 272.0, 268.0, 271.0, 272.0, 269.0, 264.0, 275.0, 262.0, 268.0, 264.0, 265.0, 261.0, 268.0, 259.0, 263.0, 257.0, 269.0, 264.0, 248.0, 265.0, 258.0, 256.0], "Precision": [0.5240963697433472, 0.5499231815338135, 0.5525113940238953, 0.5509259104728699, 0.555059552192688, 0.5609756112098694, 0.5603715181350708, 0.5575757622718811, 0.5679758191108704, 0.573991060256958, 0.5738204121589661, 0.5727272629737854, 0.585106372833252, 0.5898617506027222, 0.5778443217277527, 0.5897436141967773, 0.5790273547172546, 0.5885797739028931, 0.5991058349609375, 0.5973253846168518, 0.5963855385780334, 0.6039453744888306, 0.605381190776825, 0.6127596497535706, 0.6133720874786377, 0.6188340783119202, 0.6050295829772949, 0.6176470518112183, 0.6188340783119202, 0.6162790656089783, 0.6240713000297546, 0.6226415038108826, 0.6145985126495361, 0.6145251393318176, 0.6231883764266968, 0.6230216026306152, 0.6206896305084229, 0.6235632300376892, 0.6169013977050781, 0.6206896305084229, 0.6294201016426086, 0.6306179761886597, 0.6344239115715027, 0.6223776340484619, 0.6283310055732727, 0.6326815485954285, 0.632331907749176, 0.6293222904205322, 0.6288515329360962, 0.6371307969093323, 0.6330532431602478, 0.6413502097129822, 0.6332862973213196, 0.6291208863258362, 0.6403384804725647, 0.6397774815559387, 0.6318758726119995, 0.628294050693512, 0.6513888835906982, 0.6286509037017822, 0.634854793548584, 0.6393897533416748], "Recall": [0.4853556454181671, 0.4993026554584503, 0.5062761306762695, 0.49790793657302856, 0.5202231407165527, 0.5132496356964111, 0.5048814415931702, 0.5132496356964111, 0.5244072675704956, 0.5355648398399353, 0.525801956653595, 0.5271966457366943, 0.5369595289230347, 0.5355648398399353, 0.5383542776107788, 0.5453277826309204, 0.5313807725906372, 0.560669481754303, 0.560669481754303, 0.560669481754303, 0.5523012280464172, 0.5550906658172607, 0.5648535490036011, 0.5760111808776855, 0.5885634422302246, 0.5774058699607849, 0.5704323649406433, 0.5857740640640259, 0.5774058699607849, 0.5913528800010681, 0.5857740640640259, 0.5983263850212097, 0.5871687531471252, 0.6136680841445923, 0.5997210741043091, 0.6039051413536072, 0.6025104522705078, 0.6052998900413513, 0.6108786463737488, 0.6025104522705078, 0.6206415891647339, 0.6262203454971313, 0.6220362782478333, 0.6206415891647339, 0.624825656414032, 0.6317991614341736, 0.616457462310791, 0.6345885396003723, 0.6262203454971313, 0.6317991614341736, 0.6304044723510742, 0.6359832882881165, 0.6262203454971313, 0.6387726664543152, 0.633193850517273, 0.6415620446205139, 0.624825656414032, 0.6317991614341736, 0.6541143655776978, 0.6304044723510742, 0.6401673555374146, 0.6429567933082581],