{"loss": [0.7207552194595337, 0.7205380797386169, 0.7081702947616577, 0.6919772028923035, 0.7075414061546326, 0.702653169631958, 0.7077922821044922, 0.7052046060562134, 0.709369421005249, 0.6981974244117737, 0.7008909583091736, 0.6992801427841187, 0.7100614309310913, 0.6951868534088135, 0.6943137049674988, 0.6983697414398193, 0.6944873929023743, 0.7009416818618774, 0.6985498070716858, 0.6929030418395996, 0.6939077377319336], "accuracy": [0.49860531091690063, 0.47977685928344727, 0.5341701507568359, 0.5488144755363464, 0.5125523209571838, 0.5020920634269714, 0.508368194103241, 0.517433762550354, 0.5069735050201416, 0.526499330997467, 0.5195258259773254, 0.5216178297996521, 0.508368194103241, 0.5383542776107788, 0.5383542776107788, 0.5223152041435242, 0.543235719203949, 0.5320780873298645, 0.5278940200805664, 0.5404462814331055, 0.5397489666938782], "benchmark_769": [719.0, 746.0, 668.0, 647.0, 699.0, 714.0, 705.0, 692.0, 707.0, 679.0, 689.0, 686.0, 705.0, 662.0, 662.0, 685.0, 655.0, 671.0, 677.0, 659.0, 660.0], "TP": [534.0, 508.0, 523.0, 508.0, 476.0, 443.0, 423.0, 426.0, 421.0, 414.0, 411.0, 403.0, 384.0, 396.0, 394.0, 395.0, 405.0, 382.0, 385.0, 383.0, 382.0], "TN": [181.0, 180.0, 243.0, 279.0, 259.0, 277.0, 306.0, 316.0, 306.0, 341.0, 334.0, 345.0, 345.0, 376.0, 378.0, 354.0, 374.0, 381.0, 372.0, 392.0, 392.0], "FP": [536.0, 537.0, 474.0, 438.0, 458.0, 440.0, 411.0, 401.0, 411.0, 376.0, 383.0, 372.0, 372.0, 341.0, 339.0, 363.0, 343.0, 336.0, 345.0, 325.0, 325.0], "FN": [183.0, 209.0, 194.0, 209.0, 241.0, 274.0, 294.0, 291.0, 296.0, 303.0, 306.0, 314.0, 333.0, 321.0, 323.0, 322.0, 312.0, 335.0, 332.0, 334.0, 335.0], "Precision": [0.49906542897224426, 0.4861243963241577, 0.5245737433433533, 0.53699791431427, 0.5096359848976135, 0.5016987323760986, 0.5071942210197449, 0.5151148438453674, 0.5060096383094788, 0.5240506529808044, 0.517632246017456, 0.5199999809265137, 0.5079365372657776, 0.5373134613037109, 0.5375170707702637, 0.5211081504821777, 0.5414438247680664, 0.5320334434509277, 0.5273972749710083, 0.540960431098938, 0.5403111577033997], "Recall": [0.7447698712348938, 0.7085076570510864, 0.7294281721115112, 0.7085076570510864, 0.6638772487640381, 0.6178521513938904, 0.589958131313324, 0.5941422581672668, 0.5871687531471252, 0.5774058699607849, 0.573221743106842, 0.5620641708374023, 0.5355648398399353, 0.5523012280464172, 0.5495118498802185, 0.5509065389633179, 0.5648535490036011, 0.5327754616737366, 0.5369595289230347, 0.5341701507568359, 0.5327754616737366], "AUC": [0.5162364840507507, 0.5073654651641846, 0.5410910844802856, 0.5758711099624634, 0.5256920456886292, 0.531022846698761, 0.5203291773796082, 0.5414276719093323, 0.521051824092865, 0.5442355871200562, 0.5402838587760925, 0.5440654158592224, 0.5157472491264343, 0.5547055006027222, 0.5556567311286926, 0.5450272560119629, 0.5574598908424377, 0.547475278377533, 0.5448415279388428, 0.5607132315635681, 0.5511390566825867], "val_loss": [0.7110546827316284, 0.7133986353874207, 0.7161356210708618, 0.7192871570587158, 0.7229709625244141, 0.7271900177001953, 0.7319643497467041, 0.7373419404029846, 0.743375837802887, 0.7499183416366577, 0.7570372223854065, 0.7645543813705444, 0.7722816467285156, 0.7800478935241699, 0.7876358032226562, 0.7946675419807434, 0.8008254170417786, 0.8062600493431091, 0.8107412457466125, 0.8136581182479858, 0.8149605393409729], "val_accuracy": [0.3781818151473999, 0.3781818151473999, 0.3781818151473999, 0.3781818151473999, 0.3781818151473999, 0.3781818151473999, 0.3781818151473999, 0.3781818151473999, 0.3781818151473999, 0.3781818151473999, 0.3781818151473999, 0.3781818151473999, 0.3781818151473999, 0.3781818151473999, 0.3781818151473999, 0.3781818151473999, 0.3781818151473999, 0.3781818151473999, 0.3781818151473999, 0.3781818151473999, 0.3781818151473999], "val_benchmark_769": [171.0, 171.0, 171.0, 171.0, 171.0, 171.0, 171.0, 171.0, 171.0, 171.0, 171.0, 171.0, 171.0, 171.0, 171.0, 171.0, 171.0, 171.0, 171.0, 171.0, 171.0], "val_TP": [0.0, 0.0, 0.0, 0.0, 0.0, 0.0, 0.0, 0.0, 0.0, 0.0, 0.0, 0.0, 0.0, 0.0, 0.0, 0.0, 0.0, 0.0, 0.0, 0.0, 0.0], "val_TN": [104.0, 104.0, 104.0, 104.0, 104.0, 104.0, 104.0, 104.0, 104.0, 104.0, 104.0, 104.0, 104.0, 104.0, 104.0, 104.0, 104.0, 104.0, 104.0, 104.0, 104.0], "val_FP": [0.0, 0.0, 0.0, 0.0, 0.0, 0.0, 0.0, 0.0, 0.0, 0.0, 0.0, 0.0, 0.0, 0.0, 0.0, 0.0, 0.0, 0.0, 0.0, 0.0, 0.0], "val_FN": [171.0, 171.0, 171.0, 171.0, 171.0, 171.0, 171.0, 171.0, 171.0, 171.0, 171.0, 171.0, 171.0, 171.0, 171.0, 171.0, 171.0, 171.0, 171.0, 171.0, 171.0], "val_Precision": [0.0, 0.0, 0.0, 0.0, 0.0, 0.0, 0.0, 0.0, 0.0, 0.0, 0.0, 0.0, 0.0, 0.0, 0.0, 0.0, 0.0, 0.0, 0.0, 0.0, 0.0], "val_Recall": [0.0, 0.0, 0.0, 0.0, 0.0, 0.0, 0.0, 0.0, 0.0, 0.0, 0.0, 0.0, 0.0, 0.0, 0.0, 0.0, 0.0, 0.0, 0.0, 0.0, 0.0], "val_AUC": [0.5037674307823181, 0.5, 0.5, 0.5, 0.5, 0.5140857100486755, 0.5684322714805603, 0.5504666566848755, 0.5981781482696533, 0.545630931854248, 0.5635402202606201, 0.5912898778915405, 0.5983186960220337, 0.5754892230033875, 0.6047008037567139, 0.5850483775138855, 0.6002587080001831, 0.5987967252731323, 0.5962381958961487, 0.5950011610984802, 0.5996120572090149]}