{"loss": [0.6832118630409241, 0.6764395833015442, 0.6779397130012512, 0.6647799015045166, 0.666199266910553, 0.6664015650749207, 0.6566163301467896, 0.6434590220451355, 0.654735803604126, 0.651933491230011, 0.6551073789596558, 0.6426305770874023, 0.6495411396026611, 0.6437466740608215, 0.6468254923820496, 0.6415317058563232, 0.6442323923110962, 0.6428660750389099, 0.6289708018302917, 0.641163170337677, 0.6292353272438049, 0.6228423714637756, 0.6341769695281982, 0.6317678689956665, 0.6434727907180786], "accuracy": [0.5495118498802185, 0.5711296796798706, 0.5760111808776855, 0.5997210741043091, 0.5794979333877563, 0.5885634422302246, 0.5983263850212097, 0.607391893863678, 0.6185495257377625, 0.6046025156974792, 0.6220362782478333, 0.6227335929870605, 0.6171548366546631, 0.6311017870903015, 0.6178521513938904, 0.6171548366546631, 0.6304044723510742, 0.625523030757904, 0.6541143655776978, 0.6311017870903015, 0.6345885396003723, 0.6576011180877686, 0.6366806030273438, 0.6450487971305847, 0.6199442148208618], "benchmark_1516": [646.0, 615.0, 608.0, 574.0, 603.0, 590.0, 576.0, 563.0, 547.0, 567.0, 542.0, 541.0, 549.0, 529.0, 548.0, 549.0, 530.0, 537.0, 496.0, 529.0, 524.0, 491.0, 521.0, 509.0, 545.0], "TP": [365.0, 382.0, 394.0, 418.0, 405.0, 421.0, 430.0, 420.0, 440.0, 420.0, 440.0, 448.0, 439.0, 457.0, 454.0, 443.0, 448.0, 455.0, 474.0, 451.0, 456.0, 476.0, 464.0, 473.0, 441.0], "TN": [423.0, 437.0, 432.0, 442.0, 426.0, 423.0, 428.0, 451.0, 447.0, 447.0, 452.0, 445.0, 446.0, 448.0, 432.0, 442.0, 456.0, 442.0, 464.0, 454.0, 454.0, 467.0, 449.0, 452.0, 448.0], "FP": [294.0, 280.0, 285.0, 275.0, 291.0, 294.0, 289.0, 266.0, 270.0, 270.0, 265.0, 272.0, 271.0, 269.0, 285.0, 275.0, 261.0, 275.0, 253.0, 263.0, 263.0, 250.0, 268.0, 265.0, 269.0], "FN": [352.0, 335.0, 323.0, 299.0, 312.0, 296.0, 287.0, 297.0, 277.0, 297.0, 277.0, 269.0, 278.0, 260.0, 263.0, 274.0, 269.0, 262.0, 243.0, 266.0, 261.0, 241.0, 253.0, 244.0, 276.0], "Precision": [0.5538694858551025, 0.5770393013954163, 0.5802651047706604, 0.60317462682724, 0.5818965435028076, 0.5888111591339111, 0.5980528593063354, 0.6122449040412903, 0.6197183132171631, 0.6086956262588501, 0.6241135001182556, 0.6222222447395325, 0.6183098554611206, 0.6294766068458557, 0.6143437027931213, 0.6169916391372681, 0.6318758726119995, 0.6232876777648926, 0.651994526386261, 0.6316526532173157, 0.6342141628265381, 0.6556473970413208, 0.6338797807693481, 0.640921413898468, 0.6211267709732056], "Recall": [0.509065568447113, 0.5327754616737366, 0.5495118498802185, 0.5829846858978271, 0.5648535490036011, 0.5871687531471252, 0.5997210741043091, 0.5857740640640259, 0.6136680841445923, 0.5857740640640259, 0.6136680841445923, 0.624825656414032, 0.6122733354568481, 0.6373779773712158, 0.633193850517273, 0.6178521513938904, 0.624825656414032, 0.6345885396003723, 0.6610878705978394, 0.6290097832679749, 0.6359832882881165, 0.6638772487640381, 0.6471408605575562, 0.65969318151474, 0.6150627732276917], "AUC": [0.575599730014801, 0.6027604341506958, 0.602533757686615, 0.6325773000717163, 0.6225283741950989, 0.6252526640892029, 0.6457870006561279, 0.6688326001167297, 0.6548924446105957, 0.6532400250434875, 0.6549508571624756, 0.675114631652832, 0.663078784942627, 0.6782405376434326, 0.6683414578437805, 0.6748325824737549, 0.6800553798675537, 0.6790682077407837, 0.7049353718757629, 0.6794231534004211, 0.6976107358932495, 0.7060450315475464, 0.6909747123718262, 0.6950041055679321, 0.6740146279335022], "val_loss": [0.7419590353965759, 0.6817461252212524, 0.6782015562057495, 0.6225767731666565, 0.6175779104232788, 0.6657506227493286, 0.6428549289703369, 0.6325282454490662, 0.6357333660125732, 0.6419453620910645, 0.604087233543396, 0.6697995066642761, 0.6426116824150085, 0.6113061308860779, 0.6365810036659241, 0.6339496970176697, 0.5956692695617676, 0.6112724542617798, 0.5921136140823364, 0.5842891335487366, 0.6210563778877258, 0.6454910635948181, 0.621353268623352, 0.6530887484550476, 0.6040816903114319], "val_accuracy": [0.3927272856235504, 0.5309090614318848, 0.5345454812049866, 0.6618182063102722, 0.7127272486686707, 0.5636363625526428, 0.585454523563385, 0.6036363840103149, 0.607272744178772, 0.6036363840103149, 0.6472727060317993, 0.5636363625526428, 0.610909104347229, 0.6399999856948853, 0.5963636636734009, 0.607272744178772, 0.6800000071525574, 0.6363636255264282, 0.6763636469841003, 0.7054545283317566, 0.6254545450210571, 0.589090883731842, 0.6254545450210571, 0.607272744178772, 0.6472727060317993], "val_benchmark_1516": [167.0, 129.0, 128.0, 93.0, 79.0, 120.0, 114.0, 109.0, 108.0, 109.0, 97.0, 120.0, 107.0, 99.0, 111.0, 108.0, 88.0, 100.0, 89.0, 81.0, 103.0, 113.0, 103.0, 108.0, 97.0], "val_TP": [4.0, 63.0, 56.0, 116.0, 140.0, 70.0, 86.0, 92.0, 93.0, 91.0, 116.0, 71.0, 91.0, 107.0, 89.0, 91.0, 122.0, 104.0, 120.0, 136.0, 96.0, 86.0, 98.0, 86.0, 108.0], "val_TN": [104.0, 83.0, 91.0, 66.0, 56.0, 85.0, 75.0, 74.0, 74.0, 75.0, 62.0, 84.0, 77.0, 69.0, 75.0, 76.0, 65.0, 71.0, 66.0, 58.0, 76.0, 76.0, 74.0, 81.0, 70.0], "val_FP": [0.0, 21.0, 13.0, 38.0, 48.0, 19.0, 29.0, 30.0, 30.0, 29.0, 42.0, 20.0, 27.0, 35.0, 29.0, 28.0, 39.0, 33.0, 38.0, 46.0, 28.0, 28.0, 30.0, 23.0, 34.0], "val_FN": [167.0, 108.0, 115.0, 55.0, 31.0, 101.0, 85.0, 79.0, 78.0, 80.0, 55.0, 100.0, 80.0, 64.0, 82.0, 80.0, 49.0, 67.0, 51.0, 35.0, 75.0, 85.0, 73.0, 85.0, 63.0], "val_Precision": [1.0, 0.75, 0.8115941882133484, 0.7532467246055603, 0.7446808218955994, 0.7865168452262878, 0.747826099395752, 0.7540983557701111, 0.7560975551605225, 0.7583333253860474, 0.7341772317886353, 0.7802197933197021, 0.7711864113807678, 0.7535211443901062, 0.7542372941970825, 0.7647058963775635, 0.7577639818191528, 0.7591241002082825, 0.7594936490058899, 0.7472527623176575, 0.774193525314331, 0.7543859481811523, 0.765625, 0.78899085521698, 0.7605633735656738], "val_Recall": [0.023391813039779663, 0.3684210479259491, 0.3274853825569153, 0.6783625483512878, 0.8187134265899658, 0.4093567132949829, 0.5029239654541016, 0.5380116701126099, 0.5438596606254578, 0.5321637392044067, 0.6783625483512878, 0.4152046740055084, 0.5321637392044067, 0.6257309913635254, 0.5204678177833557, 0.5321637392044067, 0.7134503126144409, 0.6081871390342712, 0.7017543911933899, 0.7953216433525085, 0.5614035129547119, 0.5029239654541016, 0.5730994343757629, 0.5029239654541016, 0.6315789222717285], "val_AUC": [0.6399853825569153, 0.6496288180351257, 0.7015857100486755, 0.6970030069351196, 0.7156432867050171, 0.709823489189148, 0.7007703185081482, 0.7178925275802612, 0.7025416493415833, 0.7010234594345093, 0.7190170288085938, 0.7122413516044617, 0.7121288776397705, 0.723656177520752, 0.7184547781944275, 0.7218004465103149, 0.7327091693878174, 0.7202261090278625, 0.7415373921394348, 0.7357175350189209, 0.7287449836730957, 0.7221097946166992, 0.7264957427978516, 0.7181174159049988, 0.7299538254737854]}