{"loss": [1.4339162111282349, 0.9624369144439697, 0.8297613859176636, 1.0414745807647705, 0.9643029570579529, 0.8215115666389465, 0.8106604218482971, 0.7340051531791687, 0.7407544851303101, 0.690377950668335, 0.6786437630653381, 0.6595538854598999, 0.6954725384712219, 0.6678221821784973, 0.657340943813324, 0.6579521894454956, 0.6449611186981201, 0.6402162909507751, 0.6442673206329346, 0.6363773345947266, 0.6499527096748352, 0.6417811512947083, 0.6402111053466797, 0.6301984786987305, 0.6451674103736877, 0.6315173506736755, 0.6372418403625488, 0.6324734091758728, 0.6273537874221802, 0.633567214012146, 0.6394389867782593, 0.6288642883300781, 0.6180447340011597, 0.6243245005607605], "accuracy": [0.49442121386528015, 0.4993026554584503, 0.526499330997467, 0.48814505338668823, 0.5041841268539429, 0.49442121386528015, 0.5181310772895813, 0.5446304082870483, 0.4958159029483795, 0.5397489666938782, 0.5320780873298645, 0.5648535490036011, 0.5488144755363464, 0.5767084956169128, 0.5760111808776855, 0.581589937210083, 0.5781031847000122, 0.5767084956169128, 0.5969316363334656, 0.5955369472503662, 0.5892608165740967, 0.5941422581672668, 0.6018131375312805, 0.6129707098007202, 0.5920501947402954, 0.6122733354568481, 0.5962343215942383, 0.6101813316345215, 0.6039051413536072, 0.6059972047805786, 0.5934448838233948, 0.6143653988838196, 0.607391893863678, 0.607391893863678], "benchmark_1711": [725.0, 718.0, 679.0, 734.0, 711.0, 725.0, 691.0, 653.0, 723.0, 660.0, 671.0, 624.0, 647.0, 607.0, 608.0, 600.0, 605.0, 607.0, 578.0, 580.0, 589.0, 582.0, 571.0, 555.0, 585.0, 556.0, 579.0, 559.0, 568.0, 565.0, 583.0, 553.0, 563.0, 563.0], "TP": [400.0, 363.0, 322.0, 355.0, 359.0, 377.0, 420.0, 337.0, 359.0, 311.0, 316.0, 270.0, 224.0, 199.0, 192.0, 199.0, 192.0, 230.0, 201.0, 187.0, 179.0, 183.0, 182.0, 200.0, 221.0, 196.0, 197.0, 200.0, 194.0, 205.0, 157.0, 195.0, 214.0, 194.0], "TN": [309.0, 353.0, 433.0, 345.0, 364.0, 332.0, 323.0, 444.0, 352.0, 463.0, 447.0, 540.0, 563.0, 628.0, 634.0, 635.0, 637.0, 597.0, 655.0, 667.0, 666.0, 669.0, 681.0, 679.0, 628.0, 682.0, 658.0, 675.0, 672.0, 664.0, 694.0, 686.0, 657.0, 677.0], "FP": [408.0, 364.0, 284.0, 372.0, 353.0, 385.0, 394.0, 273.0, 365.0, 254.0, 270.0, 177.0, 154.0, 89.0, 83.0, 82.0, 80.0, 120.0, 62.0, 50.0, 51.0, 48.0, 36.0, 38.0, 89.0, 35.0, 59.0, 42.0, 45.0, 53.0, 23.0, 31.0, 60.0, 40.0], "FN": [317.0, 354.0, 395.0, 362.0, 358.0, 340.0, 297.0, 380.0, 358.0, 406.0, 401.0, 447.0, 493.0, 518.0, 525.0, 518.0, 525.0, 487.0, 516.0, 530.0, 538.0, 534.0, 535.0, 517.0, 496.0, 521.0, 520.0, 517.0, 523.0, 512.0, 560.0, 522.0, 503.0, 523.0], "Precision": [0.49504950642585754, 0.49931225180625916, 0.5313531160354614, 0.4883081018924713, 0.5042135119438171, 0.49475064873695374, 0.5159705281257629, 0.5524590015411377, 0.4958563446998596, 0.5504424571990967, 0.5392491221427917, 0.6040268540382385, 0.5925925970077515, 0.6909722089767456, 0.6981818079948425, 0.708185076713562, 0.7058823704719543, 0.6571428775787354, 0.7642585635185242, 0.7890295386314392, 0.7782608866691589, 0.7922077775001526, 0.8348624110221863, 0.8403361439704895, 0.7129032015800476, 0.8484848737716675, 0.76953125, 0.8264462947845459, 0.8117154836654663, 0.7945736646652222, 0.8722222447395325, 0.8628318309783936, 0.7810218930244446, 0.8290598392486572], "Recall": [0.5578800439834595, 0.5062761306762695, 0.44909343123435974, 0.49511855840682983, 0.5006973743438721, 0.525801956653595, 0.5857740640640259, 0.47001394629478455, 0.5006973743438721, 0.4337517321109772, 0.4407252371311188, 0.3765690326690674, 0.312412828207016, 0.27754533290863037, 0.26778241991996765, 0.27754533290863037, 0.26778241991996765, 0.32078102231025696, 0.2803347408771515, 0.26080891489982605, 0.24965132772922516, 0.2552301287651062, 0.25383543968200684, 0.27894002199172974, 0.3082287311553955, 0.2733612358570099, 0.27475592494010925, 0.27894002199172974, 0.27057182788848877, 0.28591352701187134, 0.21896791458129883, 0.27196651697158813, 0.2984658181667328, 0.27057182788848877], "AUC": [0.48988789319992065, 0.5098387598991394, 0.5153524279594421, 0.4949415326118469, 0.48696914315223694, 0.48670655488967896, 0.5196230411529541, 0.5587223172187805, 0.5133255124092102, 0.5490625500679016, 0.5552209615707397, 0.5867496132850647, 0.5518324375152588, 0.5775701999664307, 0.5833688378334045, 0.591183602809906, 0.5719749331474304, 0.5875850915908813, 0.5679366588592529, 0.5965474247932434, 0.5884516835212708, 0.5945809483528137, 0.6089704632759094, 0.6176401972770691, 0.5930305123329163, 0.6075241565704346, 0.6129181981086731, 0.6338173151016235, 0.610379695892334, 0.6013442277908325, 0.5976368188858032, 0.6060311794281006, 0.6120292544364929, 0.5934157371520996], "val_loss": [0.6931954026222229, 1.0544795989990234, 0.9580149054527283, 0.985430121421814, 0.703096866607666, 1.423055648803711, 0.9249199032783508, 0.7349348068237305, 0.7373648285865784, 0.6747040152549744, 0.6680389642715454, 0.6452295780181885, 0.6981539726257324, 0.7539862394332886, 0.7244211435317993, 0.6971132159233093, 2.867795705795288, 0.6840989589691162, 3.5899620056152344, 0.6639030575752258, 0.7489474415779114, 0.7870489358901978, 0.7856185436248779, 0.7391821146011353, 2.5995843410491943, 0.7522479295730591, 0.8451894521713257, 2.2693464756011963, 0.6904034614562988, 0.7128079533576965, 0.7461988925933838, 2.3003523349761963, 0.9886125922203064, 1.032921314239502], "val_accuracy": [0.6218181848526001, 0.3781818151473999, 0.6218181848526001, 0.3781818151473999, 0.6218181848526001, 0.3781818151473999, 0.3781818151473999, 0.6290909051895142, 0.3781818151473999, 0.6218181848526001, 0.6218181848526001, 0.6218181848526001, 0.3781818151473999, 0.3781818151473999, 0.3781818151473999, 0.389090895652771, 0.6218181848526001, 0.40727272629737854, 0.6218181848526001, 0.4618181884288788, 0.581818163394928, 0.3781818151473999, 0.5490909218788147, 0.6218181848526001, 0.6218181848526001, 0.3781818151473999, 0.5490909218788147, 0.6363636255264282, 0.4000000059604645, 0.3781818151473999, 0.41090908646583557, 0.6290909051895142, 0.5454545617103577, 0.5345454812049866], "val_benchmark_1711": [104.0, 171.0, 104.0, 171.0, 104.0, 171.0, 171.0, 102.0, 171.0, 104.0, 104.0, 104.0, 171.0, 171.0, 171.0, 168.0, 104.0, 163.0, 104.0, 148.0, 115.0, 171.0, 124.0, 104.0, 104.0, 171.0, 124.0, 100.0, 165.0, 171.0, 162.0, 102.0, 125.0, 128.0], "val_TP": [171.0, 0.0, 171.0, 0.0, 171.0, 0.0, 0.0, 171.0, 15.0, 171.0, 171.0, 171.0, 0.0, 0.0, 0.0, 3.0, 171.0, 8.0, 171.0, 31.0, 92.0, 0.0, 68.0, 171.0, 171.0, 0.0, 81.0, 168.0, 6.0, 0.0, 9.0, 162.0, 71.0, 62.0], "val_TN": [0.0, 104.0, 0.0, 104.0, 0.0, 104.0, 104.0, 2.0, 89.0, 0.0, 0.0, 0.0, 104.0, 104.0, 104.0, 104.0, 0.0, 104.0, 0.0, 96.0, 68.0, 104.0, 83.0, 0.0, 0.0, 104.0, 70.0, 7.0, 104.0, 104.0, 104.0, 11.0, 79.0, 85.0], "val_FP": [104.0, 0.0, 104.0, 0.0, 104.0, 0.0, 0.0, 102.0, 15.0, 104.0, 104.0, 104.0, 0.0, 0.0, 0.0, 0.0, 104.0, 0.0, 104.0, 8.0, 36.0, 0.0, 21.0, 104.0, 104.0, 0.0, 34.0, 97.0, 0.0, 0.0, 0.0, 93.0, 25.0, 19.0], "val_FN": [0.0, 171.0, 0.0, 171.0, 0.0, 171.0, 171.0, 0.0, 156.0, 0.0, 0.0, 0.0, 171.0, 171.0, 171.0, 168.0, 0.0, 163.0, 0.0, 140.0, 79.0, 171.0, 103.0, 0.0, 0.0, 171.0, 90.0, 3.0, 165.0, 171.0, 162.0, 9.0, 100.0, 109.0], "val_Precision": [0.6218181848526001, 0.0, 0.6218181848526001, 0.0, 0.6218181848526001, 0.0, 0.0, 0.6263736486434937, 0.5, 0.6218181848526001, 0.6218181848526001, 0.6218181848526001, 0.0, 0.0, 0.0, 1.0, 0.6218181848526001, 1.0, 0.6218181848526001, 0.7948718070983887, 0.71875, 0.0, 0.7640449404716492, 0.6218181848526001, 0.6218181848526001, 0.0, 0.7043478488922119, 0.6339622735977173, 1.0, 0.0, 1.0, 0.6352941393852234, 0.7395833134651184, 0.7654321193695068],