{"loss": [0.34028640389442444, 0.3342653512954712, 0.3290460705757141, 0.32478344440460205, 0.3219169080257416, 0.31631192564964294, 0.3162563443183899, 0.3139764368534088, 0.3131602108478546, 0.3102651536464691, 0.30825942754745483, 0.3043077290058136, 0.3016202449798584, 0.30313897132873535, 0.3001125752925873, 0.2997339367866516, 0.2977091670036316, 0.294883668422699, 0.29773056507110596, 0.29199618101119995, 0.29524967074394226, 0.2916068136692047, 0.2924315333366394, 0.2881377339363098, 0.2882290184497833, 0.2869349420070648, 0.28727439045906067, 0.28665322065353394, 0.2840355336666107, 0.28293099999427795, 0.2831036448478699, 0.2798309922218323, 0.2768755257129669, 0.27979251742362976, 0.2774483263492584, 0.27962160110473633, 0.2759334146976471, 0.2759692370891571, 0.2689862847328186, 0.2745022177696228, 0.27032309770584106, 0.27371859550476074, 0.2717774510383606, 0.271534264087677, 0.26757076382637024, 0.2697177231311798, 0.26487061381340027, 0.26479142904281616, 0.26634329557418823, 0.2646383047103882, 0.26286032795906067, 0.26114192605018616, 0.2616717517375946, 0.26395514607429504, 0.25790733098983765, 0.26359978318214417, 0.26023367047309875, 0.2629040777683258, 0.2535858452320099, 0.2569293677806854, 0.25144830346107483, 0.2558835446834564, 0.2511822581291199, 0.24907691776752472, 0.25372764468193054, 0.2537720203399658, 0.2571289539337158, 0.25567391514778137, 0.25286269187927246, 0.2456836998462677, 0.2537806034088135, 0.24735142290592194, 0.24992123246192932, 0.24521739780902863], "accuracy": [0.5641562342643738, 0.590655505657196, 0.5913528800010681, 0.6220362782478333, 0.625523030757904, 0.6345885396003723, 0.6387726664543152, 0.633891224861145, 0.6436541080474854, 0.6373779773712158, 0.651324987411499, 0.6631799340248108, 0.6555090546607971, 0.6638772487640381, 0.6631799340248108, 0.6569037437438965, 0.6666666865348816, 0.6659693121910095, 0.6701534390449524, 0.6652719378471375, 0.6715481281280518, 0.6687586903572083, 0.6610878705978394, 0.6799163222312927, 0.6687586903572083, 0.6917712688446045, 0.685495138168335, 0.6827057003974915, 0.6924686431884766, 0.6952580213546753, 0.6973500847816467, 0.6820083856582642, 0.7105997204780579, 0.7043235898017883, 0.7036262154579163, 0.7001394629478455, 0.7036262154579163, 0.7036262154579163, 0.7175732254981995, 0.7085076570510864, 0.7203626036643982, 0.7071129679679871, 0.7126917839050293, 0.7161785364151001, 0.723849356174469, 0.7105997204780579, 0.7273361086845398, 0.7245467305183411, 0.7252440452575684, 0.7287307977676392, 0.732914924621582, 0.7447698712348938, 0.73221755027771, 0.7280334830284119, 0.7364016771316528, 0.7092050313949585, 0.7336122989654541, 0.7287307977676392, 0.7524407505989075, 0.7426778078079224, 0.7601115703582764, 0.750348687171936, 0.7426778078079224, 0.7573221921920776, 0.7315202355384827, 0.7433751821517944, 0.7343096137046814, 0.7391910552978516, 0.7294281721115112, 0.7531380653381348, 0.7447698712348938, 0.7364016771316528, 0.741283118724823, 0.7440724968910217], "benchmark_355": [625.0, 587.0, 586.0, 542.0, 537.0, 524.0, 518.0, 525.0, 511.0, 520.0, 500.0, 483.0, 494.0, 482.0, 483.0, 492.0, 478.0, 479.0, 473.0, 480.0, 471.0, 475.0, 486.0, 459.0, 475.0, 442.0, 451.0, 455.0, 441.0, 437.0, 434.0, 456.0, 415.0, 424.0, 425.0, 430.0, 425.0, 425.0, 405.0, 418.0, 401.0, 420.0, 412.0, 407.0, 396.0, 415.0, 391.0, 395.0, 394.0, 389.0, 383.0, 366.0, 384.0, 390.0, 378.0, 417.0, 382.0, 389.0, 355.0, 369.0, 344.0, 358.0, 369.0, 348.0, 385.0, 368.0, 381.0, 374.0, 388.0, 354.0, 366.0, 378.0, 371.0, 367.0], "TP": [492.0, 484.0, 474.0, 451.0, 454.0, 463.0, 461.0, 447.0, 460.0, 434.0, 448.0, 451.0, 448.0, 451.0, 451.0, 450.0, 447.0, 450.0, 455.0, 450.0, 459.0, 461.0, 452.0, 482.0, 456.0, 477.0, 467.0, 466.0, 476.0, 481.0, 477.0, 473.0, 495.0, 485.0, 485.0, 484.0, 487.0, 497.0, 489.0, 484.0, 499.0, 490.0, 495.0, 490.0, 519.0, 492.0, 500.0, 505.0, 516.0, 498.0, 505.0, 521.0, 511.0, 497.0, 524.0, 494.0, 504.0, 503.0, 517.0, 516.0, 526.0, 545.0, 520.0, 531.0, 512.0, 523.0, 510.0, 514.0, 507.0, 519.0, 519.0, 507.0, 523.0, 512.0], "TN": [317.0, 363.0, 374.0, 441.0, 443.0, 447.0, 455.0, 462.0, 463.0, 480.0, 486.0, 500.0, 492.0, 501.0, 500.0, 492.0, 509.0, 505.0, 506.0, 504.0, 504.0, 498.0, 496.0, 493.0, 503.0, 515.0, 516.0, 513.0, 517.0, 516.0, 523.0, 505.0, 524.0, 525.0, 524.0, 520.0, 522.0, 512.0, 540.0, 532.0, 534.0, 524.0, 527.0, 537.0, 519.0, 527.0, 543.0, 534.0, 524.0, 547.0, 546.0, 547.0, 539.0, 547.0, 532.0, 523.0, 548.0, 542.0, 562.0, 549.0, 564.0, 531.0, 545.0, 555.0, 537.0, 543.0, 543.0, 546.0, 539.0, 561.0, 549.0, 549.0, 540.0, 555.0], "FP": [400.0, 354.0, 343.0, 276.0, 274.0, 270.0, 262.0, 255.0, 254.0, 237.0, 231.0, 217.0, 225.0, 216.0, 217.0, 225.0, 208.0, 212.0, 211.0, 213.0, 213.0, 219.0, 221.0, 224.0, 214.0, 202.0, 201.0, 204.0, 200.0, 201.0, 194.0, 212.0, 193.0, 192.0, 193.0, 197.0, 195.0, 205.0, 177.0, 185.0, 183.0, 193.0, 190.0, 180.0, 198.0, 190.0, 174.0, 183.0, 193.0, 170.0, 171.0, 170.0, 178.0, 170.0, 185.0, 194.0, 169.0, 175.0, 155.0, 168.0, 153.0, 186.0, 172.0, 162.0, 180.0, 174.0, 174.0, 171.0, 178.0, 156.0, 168.0, 168.0, 177.0, 162.0], "FN": [225.0, 233.0, 243.0, 266.0, 263.0, 254.0, 256.0, 270.0, 257.0, 283.0, 269.0, 266.0, 269.0, 266.0, 266.0, 267.0, 270.0, 267.0, 262.0, 267.0, 258.0, 256.0, 265.0, 235.0, 261.0, 240.0, 250.0, 251.0, 241.0, 236.0, 240.0, 244.0, 222.0, 232.0, 232.0, 233.0, 230.0, 220.0, 228.0, 233.0, 218.0, 227.0, 222.0, 227.0, 198.0, 225.0, 217.0, 212.0, 201.0, 219.0, 212.0, 196.0, 206.0, 220.0, 193.0, 223.0, 213.0, 214.0, 200.0, 201.0, 191.0, 172.0, 197.0, 186.0, 205.0, 194.0, 207.0, 203.0, 210.0, 198.0, 198.0, 210.0, 194.0, 205.0], "Precision": [0.5515695214271545, 0.577565610408783, 0.5801713466644287, 0.6203576326370239, 0.6236263513565063, 0.6316507458686829, 0.6376210451126099, 0.6367521286010742, 0.6442577242851257, 0.6467958092689514, 0.6597937941551208, 0.67514967918396, 0.6656760573387146, 0.6761619448661804, 0.67514967918396, 0.6666666865348816, 0.6824427247047424, 0.6797583103179932, 0.6831831932067871, 0.6787330508232117, 0.6830357313156128, 0.6779412031173706, 0.6716195940971375, 0.6827195286750793, 0.6805970072746277, 0.7025036811828613, 0.6991018056869507, 0.6955223679542542, 0.7041420340538025, 0.7052785754203796, 0.7108792662620544, 0.6905109286308289, 0.7194767594337463, 0.7163958549499512, 0.7153392434120178, 0.7107195258140564, 0.7140762209892273, 0.7079772353172302, 0.7342342138290405, 0.7234678864479065, 0.7316715717315674, 0.717423141002655, 0.7226277589797974, 0.7313432693481445, 0.723849356174469, 0.7214076519012451, 0.7418397665023804, 0.7340116500854492, 0.727785587310791, 0.7455089688301086, 0.7470414042472839, 0.7539797425270081, 0.7416545748710632, 0.7451274394989014, 0.7390691041946411, 0.7180232405662537, 0.7488855719566345, 0.7418879270553589, 0.769345223903656, 0.7543859481811523, 0.7746686339378357, 0.7455540299415588, 0.7514451146125793, 0.7662337422370911, 0.7398843765258789, 0.7503587007522583, 0.7456140518188477, 0.7503649592399597, 0.7401459813117981, 0.7688888907432556, 0.7554585337638855, 0.7511110901832581, 0.7471428513526917, 0.7596439123153687],