{"loss": [0.7269381880760193, 0.7232174873352051, 0.7192575931549072, 0.7138079404830933, 0.7255312204360962, 0.7276071906089783, 0.7186169624328613, 0.7118040919303894, 0.7293493747711182, 0.7233952879905701, 0.7289788722991943, 0.7174123525619507, 0.7418809533119202, 0.7228348255157471, 0.7238354682922363, 0.7253473401069641, 0.7245337963104248, 0.7208207845687866, 0.7237889170646667, 0.7295188307762146, 0.7165656685829163], "accuracy": [0.49442121386528015, 0.4923291504383087, 0.508368194103241, 0.5, 0.4867503345012665, 0.4867503345012665, 0.49093446135520935, 0.5076708793640137, 0.4818688929080963, 0.5153416991233826, 0.49093446135520935, 0.5020920634269714, 0.46582984924316406, 0.5013946890830994, 0.49163180589675903, 0.48047420382499695, 0.48465830087661743, 0.5020920634269714, 0.4888423979282379, 0.4651325047016144, 0.5062761306762695], "benchmark_793": [725.0, 728.0, 705.0, 717.0, 736.0, 736.0, 730.0, 706.0, 743.0, 695.0, 730.0, 714.0, 766.0, 715.0, 729.0, 745.0, 739.0, 714.0, 733.0, 767.0, 708.0], "TP": [395.0, 364.0, 383.0, 363.0, 370.0, 374.0, 380.0, 396.0, 390.0, 390.0, 384.0, 393.0, 341.0, 369.0, 382.0, 364.0, 366.0, 388.0, 381.0, 340.0, 389.0], "TN": [314.0, 342.0, 346.0, 354.0, 328.0, 324.0, 324.0, 332.0, 301.0, 349.0, 320.0, 327.0, 327.0, 350.0, 323.0, 325.0, 329.0, 332.0, 320.0, 327.0, 337.0], "FP": [403.0, 375.0, 371.0, 363.0, 389.0, 393.0, 393.0, 385.0, 416.0, 368.0, 397.0, 390.0, 390.0, 367.0, 394.0, 392.0, 388.0, 385.0, 397.0, 390.0, 380.0], "FN": [322.0, 353.0, 334.0, 354.0, 347.0, 343.0, 337.0, 321.0, 327.0, 327.0, 333.0, 324.0, 376.0, 348.0, 335.0, 353.0, 351.0, 329.0, 336.0, 377.0, 328.0], "Precision": [0.49498745799064636, 0.49255749583244324, 0.5079575777053833, 0.5, 0.48748353123664856, 0.48761409521102905, 0.491591215133667, 0.5070422291755676, 0.4838709533214569, 0.5145118832588196, 0.49167734384536743, 0.501915693283081, 0.46648427844047546, 0.501358687877655, 0.49226805567741394, 0.48148149251937866, 0.485411137342453, 0.5019404888153076, 0.4897172152996063, 0.465753436088562, 0.5058517456054688], "Recall": [0.5509065389633179, 0.5076708793640137, 0.5341701507568359, 0.5062761306762695, 0.5160390734672546, 0.5216178297996521, 0.5299860239028931, 0.5523012280464172, 0.5439330339431763, 0.5439330339431763, 0.5355648398399353, 0.5481171607971191, 0.4755927622318268, 0.5146443247795105, 0.5327754616737366, 0.5076708793640137, 0.5104602575302124, 0.5411436557769775, 0.5313807725906372, 0.47419804334640503, 0.5425383448600769], "AUC": [0.4807426333427429, 0.48090019822120667, 0.498147189617157, 0.5039584636688232, 0.48300784826278687, 0.4788908064365387, 0.49586158990859985, 0.5079169273376465, 0.4777149260044098, 0.5049125552177429, 0.4766548275947571, 0.5028020143508911, 0.443313330411911, 0.4971493184566498, 0.4819486439228058, 0.47755640745162964, 0.48129215836524963, 0.5024451017379761, 0.4936518967151642, 0.465756893157959, 0.5000632405281067], "val_loss": [0.6750175356864929, 0.7122136354446411, 0.7432330846786499, 0.7672090530395508, 0.7888744473457336, 0.8093894720077515, 0.8284217715263367, 0.8451232314109802, 0.858839213848114, 0.8695299625396729, 0.878143846988678, 0.8863351345062256, 0.8935315608978271, 0.8983932137489319, 0.9019637107849121, 0.9033597111701965, 0.9011931419372559, 0.8958110213279724, 0.887259840965271, 0.8763760924339294, 0.8631584048271179], "val_accuracy": [0.6218181848526001, 0.3781818151473999, 0.3781818151473999, 0.3781818151473999, 0.3781818151473999, 0.3781818151473999, 0.3781818151473999, 0.3781818151473999, 0.3781818151473999, 0.3781818151473999, 0.3781818151473999, 0.3781818151473999, 0.3781818151473999, 0.3781818151473999, 0.3781818151473999, 0.3781818151473999, 0.3781818151473999, 0.3781818151473999, 0.3781818151473999, 0.3781818151473999, 0.3781818151473999], "val_benchmark_793": [104.0, 171.0, 171.0, 171.0, 171.0, 171.0, 171.0, 171.0, 171.0, 171.0, 171.0, 171.0, 171.0, 171.0, 171.0, 171.0, 171.0, 171.0, 171.0, 171.0, 171.0], "val_TP": [171.0, 0.0, 0.0, 0.0, 0.0, 0.0, 0.0, 0.0, 0.0, 0.0, 0.0, 0.0, 0.0, 0.0, 0.0, 0.0, 0.0, 0.0, 0.0, 0.0, 0.0], "val_TN": [0.0, 104.0, 104.0, 104.0, 104.0, 104.0, 104.0, 104.0, 104.0, 104.0, 104.0, 104.0, 104.0, 104.0, 104.0, 104.0, 104.0, 104.0, 104.0, 104.0, 104.0], "val_FP": [104.0, 0.0, 0.0, 0.0, 0.0, 0.0, 0.0, 0.0, 0.0, 0.0, 0.0, 0.0, 0.0, 0.0, 0.0, 0.0, 0.0, 0.0, 0.0, 0.0, 0.0], "val_FN": [0.0, 171.0, 171.0, 171.0, 171.0, 171.0, 171.0, 171.0, 171.0, 171.0, 171.0, 171.0, 171.0, 171.0, 171.0, 171.0, 171.0, 171.0, 171.0, 171.0, 171.0], "val_Precision": [0.6218181848526001, 0.0, 0.0, 0.0, 0.0, 0.0, 0.0, 0.0, 0.0, 0.0, 0.0, 0.0, 0.0, 0.0, 0.0, 0.0, 0.0, 0.0, 0.0, 0.0, 0.0], "val_Recall": [1.0, 0.0, 0.0, 0.0, 0.0, 0.0, 0.0, 0.0, 0.0, 0.0, 0.0, 0.0, 0.0, 0.0, 0.0, 0.0, 0.0, 0.0, 0.0, 0.0, 0.0], "val_AUC": [0.5, 0.5, 0.5, 0.5, 0.5, 0.5087719559669495, 0.5029239654541016, 0.49145299196243286, 0.5071131587028503, 0.513748288154602, 0.5062978267669678, 0.4934491813182831, 0.5123707056045532, 0.47033852338790894, 0.5085470080375671, 0.48895078897476196, 0.4854925870895386, 0.4829903244972229, 0.4760739803314209, 0.4766924977302551, 0.4780701696872711]}