{"loss": [0.6946017742156982, 0.6944196820259094, 0.6940802931785583, 0.6924536824226379, 0.6926897168159485, 0.6946134567260742, 0.6963183283805847, 0.6944811940193176, 0.6946550607681274, 0.6942972540855408, 0.6951574087142944, 0.6935003995895386, 0.6954129338264465, 0.6941555738449097, 0.6957703828811646, 0.6932634115219116, 0.6937575340270996, 0.6933354735374451, 0.695253312587738, 0.6951124668121338, 0.6948707103729248], "accuracy": [0.48814505338668823, 0.5013946890830994, 0.5125523209571838, 0.5055788159370422, 0.5041841268539429, 0.4965132474899292, 0.5020920634269714, 0.4958159029483795, 0.49860531091690063, 0.5027893781661987, 0.48326361179351807, 0.508368194103241, 0.4860529899597168, 0.5055788159370422, 0.4853556454181671, 0.5055788159370422, 0.5006973743438721, 0.5076708793640137, 0.4755927622318268, 0.5013946890830994, 0.5013946890830994], "benchmark_890": [734.0, 715.0, 699.0, 709.0, 711.0, 722.0, 714.0, 723.0, 719.0, 713.0, 741.0, 705.0, 737.0, 709.0, 738.0, 709.0, 716.0, 706.0, 752.0, 715.0, 715.0], "TP": [225.0, 229.0, 245.0, 234.0, 234.0, 250.0, 230.0, 234.0, 238.0, 254.0, 226.0, 248.0, 243.0, 257.0, 240.0, 262.0, 255.0, 259.0, 229.0, 251.0, 256.0], "TN": [475.0, 490.0, 490.0, 491.0, 489.0, 462.0, 490.0, 477.0, 477.0, 467.0, 467.0, 481.0, 454.0, 468.0, 456.0, 463.0, 463.0, 469.0, 453.0, 468.0, 463.0], "FP": [242.0, 227.0, 227.0, 226.0, 228.0, 255.0, 227.0, 240.0, 240.0, 250.0, 250.0, 236.0, 263.0, 249.0, 261.0, 254.0, 254.0, 248.0, 264.0, 249.0, 254.0], "FN": [492.0, 488.0, 472.0, 483.0, 483.0, 467.0, 487.0, 483.0, 479.0, 463.0, 491.0, 469.0, 474.0, 460.0, 477.0, 455.0, 462.0, 458.0, 488.0, 466.0, 461.0], "Precision": [0.4817987084388733, 0.5021929740905762, 0.5190678238868713, 0.508695662021637, 0.5064935088157654, 0.49504950642585754, 0.5032822489738464, 0.49367088079452515, 0.49790793657302856, 0.5039682388305664, 0.47478991746902466, 0.5123966932296753, 0.4802371561527252, 0.507905125617981, 0.4790419042110443, 0.5077519416809082, 0.5009823441505432, 0.5108481049537659, 0.46450304985046387, 0.5019999742507935, 0.501960813999176], "Recall": [0.31380751729011536, 0.3193863332271576, 0.34170153737068176, 0.3263598382472992, 0.3263598382472992, 0.34867504239082336, 0.32078102231025696, 0.3263598382472992, 0.33193862438201904, 0.3542538285255432, 0.3152022361755371, 0.34588563442230225, 0.33891212940216064, 0.3584379255771637, 0.33472803235054016, 0.3654114305973053, 0.35564854741096497, 0.3612273335456848, 0.3193863332271576, 0.35006973147392273, 0.35704323649406433], "AUC": [0.4885457754135132, 0.49671944975852966, 0.49750232696533203, 0.5261598825454712, 0.5156471729278564, 0.49007177352905273, 0.4699312746524811, 0.4964441955089569, 0.489776074886322, 0.4971337616443634, 0.4778861105442047, 0.5086891651153564, 0.4796241521835327, 0.490294486284256, 0.47305816411972046, 0.5101091861724854, 0.49928611516952515, 0.5110213756561279, 0.4836156964302063, 0.48241257667541504, 0.4894065260887146], "val_loss": [0.6955580711364746, 0.6953296065330505, 0.6951241493225098, 0.6949378848075867, 0.6947599649429321, 0.6945934295654297, 0.6944409608840942, 0.6943073272705078, 0.6941864490509033, 0.6940832734107971, 0.6939857006072998, 0.6939103007316589, 0.6938337087631226, 0.6937796473503113, 0.6937467455863953, 0.6937479972839355, 0.6937612295150757, 0.6937938332557678, 0.693836510181427, 0.6939026713371277, 0.693991482257843], "val_accuracy": [0.3781818151473999, 0.3781818151473999, 0.3781818151473999, 0.3781818151473999, 0.3781818151473999, 0.3781818151473999, 0.3781818151473999, 0.3781818151473999, 0.3781818151473999, 0.3781818151473999, 0.3781818151473999, 0.3781818151473999, 0.3781818151473999, 0.3781818151473999, 0.3781818151473999, 0.3781818151473999, 0.3781818151473999, 0.3781818151473999, 0.3781818151473999, 0.3781818151473999, 0.3781818151473999], "val_benchmark_890": [171.0, 171.0, 171.0, 171.0, 171.0, 171.0, 171.0, 171.0, 171.0, 171.0, 171.0, 171.0, 171.0, 171.0, 171.0, 171.0, 171.0, 171.0, 171.0, 171.0, 171.0], "val_TP": [0.0, 0.0, 0.0, 0.0, 0.0, 0.0, 0.0, 0.0, 0.0, 0.0, 0.0, 0.0, 0.0, 0.0, 0.0, 0.0, 0.0, 0.0, 0.0, 0.0, 0.0], "val_TN": [104.0, 104.0, 104.0, 104.0, 104.0, 104.0, 104.0, 104.0, 104.0, 104.0, 104.0, 104.0, 104.0, 104.0, 104.0, 104.0, 104.0, 104.0, 104.0, 104.0, 104.0], "val_FP": [0.0, 0.0, 0.0, 0.0, 0.0, 0.0, 0.0, 0.0, 0.0, 0.0, 0.0, 0.0, 0.0, 0.0, 0.0, 0.0, 0.0, 0.0, 0.0, 0.0, 0.0], "val_FN": [171.0, 171.0, 171.0, 171.0, 171.0, 171.0, 171.0, 171.0, 171.0, 171.0, 171.0, 171.0, 171.0, 171.0, 171.0, 171.0, 171.0, 171.0, 171.0, 171.0, 171.0], "val_Precision": [0.0, 0.0, 0.0, 0.0, 0.0, 0.0, 0.0, 0.0, 0.0, 0.0, 0.0, 0.0, 0.0, 0.0, 0.0, 0.0, 0.0, 0.0, 0.0, 0.0, 0.0], "val_Recall": [0.0, 0.0, 0.0, 0.0, 0.0, 0.0, 0.0, 0.0, 0.0, 0.0, 0.0, 0.0, 0.0, 0.0, 0.0, 0.0, 0.0, 0.0, 0.0, 0.0, 0.0], "val_AUC": [0.5, 0.5, 0.5, 0.5, 0.5, 0.5, 0.511695921421051, 0.5, 0.5, 0.5, 0.5, 0.5, 0.5, 0.5, 0.5, 0.5, 0.5, 0.5, 0.5, 0.5, 0.5037674307823181]}