{"loss": [0.93265300989151, 0.8172983527183533, 0.8328977227210999, 0.7766937017440796, 0.7422792911529541, 0.7146610021591187, 0.7469856142997742, 0.7219842672348022, 0.7304112315177917, 0.7180919051170349, 0.7183331251144409, 0.7160618305206299, 0.7139800190925598, 0.7098387479782104, 0.707947313785553, 0.7020711302757263, 0.699091374874115, 0.6983065605163574, 0.7135962247848511, 0.7034554481506348, 0.7022168636322021, 0.6934690475463867, 0.6962942481040955, 0.700799822807312, 0.7003095149993896, 0.6990850567817688, 0.6940018534660339, 0.6966719031333923, 0.6935787796974182, 0.6935065388679504, 0.6924311518669128], "accuracy": [0.4993026554584503, 0.5069735050201416, 0.46234309673309326, 0.48744770884513855, 0.5, 0.5223152041435242, 0.49790793657302856, 0.5237098932266235, 0.5062761306762695, 0.49860531091690063, 0.4993026554584503, 0.49511855840682983, 0.4923291504383087, 0.5027893781661987, 0.5055788159370422, 0.5062761306762695, 0.526499330997467, 0.5188284516334534, 0.5055788159370422, 0.5013946890830994, 0.5013946890830994, 0.5230125784873962, 0.5139470100402832, 0.5062761306762695, 0.48465830087661743, 0.4965132474899292, 0.5188284516334534, 0.5118549466133118, 0.5111575722694397, 0.509065568447113, 0.5216178297996521], "benchmark_516": [718.0, 707.0, 771.0, 735.0, 717.0, 685.0, 720.0, 683.0, 708.0, 719.0, 718.0, 724.0, 728.0, 713.0, 709.0, 708.0, 679.0, 690.0, 709.0, 715.0, 715.0, 684.0, 697.0, 708.0, 739.0, 722.0, 690.0, 700.0, 701.0, 704.0, 686.0], "TP": [364.0, 366.0, 317.0, 346.0, 381.0, 356.0, 382.0, 381.0, 349.0, 383.0, 359.0, 386.0, 375.0, 360.0, 346.0, 439.0, 407.0, 383.0, 396.0, 308.0, 374.0, 467.0, 469.0, 273.0, 430.0, 329.0, 523.0, 347.0, 341.0, 478.0, 326.0], "TN": [352.0, 361.0, 346.0, 353.0, 336.0, 393.0, 332.0, 370.0, 377.0, 332.0, 357.0, 324.0, 331.0, 361.0, 379.0, 287.0, 348.0, 361.0, 329.0, 411.0, 345.0, 283.0, 268.0, 453.0, 265.0, 383.0, 221.0, 387.0, 392.0, 252.0, 422.0], "FP": [365.0, 356.0, 371.0, 364.0, 381.0, 324.0, 385.0, 347.0, 340.0, 385.0, 360.0, 393.0, 386.0, 356.0, 338.0, 430.0, 369.0, 356.0, 388.0, 306.0, 372.0, 434.0, 449.0, 264.0, 452.0, 334.0, 496.0, 330.0, 325.0, 465.0, 295.0], "FN": [353.0, 351.0, 400.0, 371.0, 336.0, 361.0, 335.0, 336.0, 368.0, 334.0, 358.0, 331.0, 342.0, 357.0, 371.0, 278.0, 310.0, 334.0, 321.0, 409.0, 343.0, 250.0, 248.0, 444.0, 287.0, 388.0, 194.0, 370.0, 376.0, 239.0, 391.0], "Precision": [0.4993141293525696, 0.5069252252578735, 0.4607558250427246, 0.48732393980026245, 0.5, 0.5235294103622437, 0.49804434180259705, 0.5233516693115234, 0.5065311789512634, 0.4986979067325592, 0.4993045926094055, 0.49550706148147583, 0.4927726686000824, 0.5027933120727539, 0.5058479309082031, 0.5051783919334412, 0.5244845151901245, 0.5182679295539856, 0.5051020383834839, 0.5016286373138428, 0.5013405084609985, 0.5183129906654358, 0.5108932256698608, 0.5083798766136169, 0.48752835392951965, 0.49622926115989685, 0.5132482647895813, 0.5125554203987122, 0.5120120048522949, 0.5068929195404053, 0.5249597430229187], "Recall": [0.5076708793640137, 0.5104602575302124, 0.4421199560165405, 0.482566237449646, 0.5313807725906372, 0.4965132474899292, 0.5327754616737366, 0.5313807725906372, 0.4867503345012665, 0.5341701507568359, 0.5006973743438721, 0.5383542776107788, 0.5230125784873962, 0.5020920634269714, 0.482566237449646, 0.6122733354568481, 0.5676429271697998, 0.5341701507568359, 0.5523012280464172, 0.4295676350593567, 0.5216178297996521, 0.651324987411499, 0.6541143655776978, 0.38075312972068787, 0.5997210741043091, 0.45885634422302246, 0.7294281721115112, 0.48396095633506775, 0.4755927622318268, 0.6666666865348816, 0.454672247171402], "AUC": [0.4890885055065155, 0.5189645886421204, 0.4523068964481354, 0.48260220885276794, 0.5050846934318542, 0.5424274802207947, 0.48695847392082214, 0.5223745107650757, 0.49200332164764404, 0.5070824027061462, 0.5047345161437988, 0.49276095628738403, 0.4912641644477844, 0.5026134252548218, 0.5003219246864319, 0.5200840830802917, 0.5292730927467346, 0.5263515114784241, 0.49112990498542786, 0.4955270290374756, 0.5015736222267151, 0.5305054187774658, 0.5220156908035278, 0.509843647480011, 0.4994280934333801, 0.49254608154296875, 0.5269466638565063, 0.5078809261322021, 0.5228433609008789, 0.5291904807090759, 0.5317386388778687], "val_loss": [0.7139607667922974, 0.6997972130775452, 0.6632316708564758, 0.6810305714607239, 0.7229019403457642, 0.7032278180122375, 0.7040684819221497, 0.717114269733429, 0.6893362998962402, 0.6992877721786499, 0.6885835528373718, 0.7185014486312866, 0.6861756443977356, 0.666904091835022, 0.6792240738868713, 0.7172671556472778, 0.683872640132904, 0.7024688124656677, 0.6883334517478943, 0.6767563819885254, 0.7059276700019836, 0.6859022378921509, 0.7065533995628357, 0.6716418266296387, 0.6899029016494751, 0.6711816787719727, 0.6993958950042725, 0.6922699213027954, 0.6917842626571655, 0.6984336972236633, 0.681941032409668], "val_accuracy": [0.3781818151473999, 0.3781818151473999, 0.6218181848526001, 0.6218181848526001, 0.3781818151473999, 0.3781818151473999, 0.3781818151473999, 0.3781818151473999, 0.6218181848526001, 0.389090895652771, 0.6327272653579712, 0.3781818151473999, 0.6218181848526001, 0.6218181848526001, 0.6218181848526001, 0.3781818151473999, 0.6254545450210571, 0.41090908646583557, 0.5418182015419006, 0.6218181848526001, 0.4000000059604645, 0.6000000238418579, 0.41090908646583557, 0.6218181848526001, 0.5090909004211426, 0.6218181848526001, 0.41818180680274963, 0.46909090876579285, 0.4727272689342499, 0.44727271795272827, 0.5454545617103577], "val_benchmark_516": [171.0, 171.0, 104.0, 104.0, 171.0, 171.0, 171.0, 171.0, 104.0, 168.0, 101.0, 171.0, 104.0, 104.0, 104.0, 171.0, 103.0, 162.0, 126.0, 104.0, 165.0, 110.0, 162.0, 104.0, 135.0, 104.0, 160.0, 146.0, 145.0, 152.0, 125.0], "val_TP": [0.0, 0.0, 171.0, 171.0, 0.0, 0.0, 0.0, 0.0, 171.0, 3.0, 167.0, 0.0, 171.0, 171.0, 171.0, 0.0, 169.0, 10.0, 108.0, 171.0, 6.0, 150.0, 9.0, 171.0, 63.0, 171.0, 14.0, 40.0, 42.0, 23.0, 109.0], "val_TN": [104.0, 104.0, 0.0, 0.0, 104.0, 104.0, 104.0, 104.0, 0.0, 104.0, 7.0, 104.0, 0.0, 0.0, 0.0, 104.0, 3.0, 103.0, 41.0, 0.0, 104.0, 15.0, 104.0, 0.0, 77.0, 0.0, 101.0, 89.0, 88.0, 100.0, 41.0], "val_FP": [0.0, 0.0, 104.0, 104.0, 0.0, 0.0, 0.0, 0.0, 104.0, 0.0, 97.0, 0.0, 104.0, 104.0, 104.0, 0.0, 101.0, 1.0, 63.0, 104.0, 0.0, 89.0, 0.0, 104.0, 27.0, 104.0, 3.0, 15.0, 16.0, 4.0, 63.0], "val_FN": [171.0, 171.0, 0.0, 0.0, 171.0, 171.0, 171.0, 171.0, 0.0, 168.0, 4.0, 171.0, 0.0, 0.0, 0.0, 171.0, 2.0, 161.0, 63.0, 0.0, 165.0, 21.0, 162.0, 0.0, 108.0, 0.0, 157.0, 131.0, 129.0, 148.0, 62.0], "val_Precision": [0.0, 0.0, 0.6218181848526001, 0.6218181848526001, 0.0, 0.0, 0.0, 0.0, 0.6218181848526001, 1.0, 0.6325757503509521, 0.0, 0.6218181848526001, 0.6218181848526001, 0.6218181848526001, 0.0, 0.6259258985519409, 0.9090909361839294, 0.6315789222717285, 0.6218181848526001, 1.0, 0.6276150345802307, 1.0, 0.6218181848526001, 0.699999988079071, 0.6218181848526001, 0.8235294222831726, 0.7272727489471436, 0.7241379022598267, 0.8518518805503845, 0.6337209343910217], "val_Recall": [0.0, 0.0, 1.0, 1.0, 0.0, 0.0, 0.0, 0.0, 1.0, 0.017543859779834747, 0.9766082167625427, 0.0, 1.0, 1.0, 1.0, 0.0, 0.988304078578949, 0.05847953259944916, 0.6315789222717285, 1.0, 0.035087719559669495, 0.8771929740905762, 0.05263157933950424, 1.0, 0.3684210479259491, 1.0, 0.08187134563922882, 0.23391813039779663, 0.24561403691768646, 0.13450291752815247, 0.6374269127845764],