{"loss": [0.6978886127471924, 0.6972491145133972, 0.6962029933929443, 0.6953393816947937, 0.6945370435714722, 0.6939263343811035, 0.6931688785552979, 0.6926213502883911, 0.6919110417366028, 0.6918770670890808, 0.691469132900238, 0.690963625907898, 0.6907575726509094, 0.690396249294281, 0.6900466084480286, 0.6898108124732971, 0.6896504759788513, 0.6890812516212463, 0.6889083981513977, 0.6893550753593445, 0.6887780427932739, 0.6887085437774658, 0.6888074278831482, 0.687960684299469, 0.6877859234809875, 0.6884021162986755, 0.6877687573432922, 0.6880850195884705, 0.6878437399864197, 0.6872876286506653, 0.6879931688308716], "accuracy": [0.4651325047016144, 0.44560670852661133, 0.4470013976097107, 0.45606693625450134, 0.48326361179351807, 0.48465830087661743, 0.4902370870113373, 0.5027893781661987, 0.5160390734672546, 0.5251045823097229, 0.5223152041435242, 0.5188284516334534, 0.5209205150604248, 0.5271966457366943, 0.5278940200805664, 0.5251045823097229, 0.5223152041435242, 0.5320780873298645, 0.5230125784873962, 0.5362622141838074, 0.534867525100708, 0.525801956653595, 0.5237098932266235, 0.5355648398399353, 0.5327754616737366, 0.5251045823097229, 0.5362622141838074, 0.5216178297996521, 0.5313807725906372, 0.534867525100708, 0.5341701507568359], "benchmark_1106": [767.0, 795.0, 793.0, 780.0, 741.0, 739.0, 731.0, 713.0, 694.0, 681.0, 685.0, 690.0, 687.0, 678.0, 677.0, 681.0, 685.0, 671.0, 684.0, 665.0, 667.0, 680.0, 683.0, 666.0, 670.0, 681.0, 665.0, 686.0, 672.0, 667.0, 668.0], "TP": [216.0, 170.0, 161.0, 189.0, 245.0, 271.0, 289.0, 307.0, 324.0, 336.0, 333.0, 334.0, 335.0, 340.0, 336.0, 342.0, 333.0, 342.0, 342.0, 351.0, 354.0, 339.0, 340.0, 346.0, 345.0, 338.0, 348.0, 338.0, 343.0, 357.0, 353.0], "TN": [451.0, 469.0, 480.0, 465.0, 448.0, 424.0, 414.0, 414.0, 416.0, 417.0, 416.0, 410.0, 412.0, 416.0, 421.0, 411.0, 416.0, 421.0, 408.0, 418.0, 413.0, 415.0, 411.0, 422.0, 419.0, 415.0, 421.0, 410.0, 419.0, 410.0, 413.0], "FP": [266.0, 248.0, 237.0, 252.0, 269.0, 293.0, 303.0, 303.0, 301.0, 300.0, 301.0, 307.0, 305.0, 301.0, 296.0, 306.0, 301.0, 296.0, 309.0, 299.0, 304.0, 302.0, 306.0, 295.0, 298.0, 302.0, 296.0, 307.0, 298.0, 307.0, 304.0], "FN": [501.0, 547.0, 556.0, 528.0, 472.0, 446.0, 428.0, 410.0, 393.0, 381.0, 384.0, 383.0, 382.0, 377.0, 381.0, 375.0, 384.0, 375.0, 375.0, 366.0, 363.0, 378.0, 377.0, 371.0, 372.0, 379.0, 369.0, 379.0, 374.0, 360.0, 364.0], "Precision": [0.44813278317451477, 0.4066985547542572, 0.4045226275920868, 0.4285714328289032, 0.47665369510650635, 0.48049646615982056, 0.4881756901741028, 0.5032786726951599, 0.5184000134468079, 0.5283018946647644, 0.5252366065979004, 0.5210608243942261, 0.5234375, 0.5304211974143982, 0.5316455960273743, 0.5277777910232544, 0.5252366065979004, 0.5360501408576965, 0.5253456234931946, 0.5400000214576721, 0.5379939079284668, 0.5288611650466919, 0.5263158082962036, 0.5397815704345703, 0.5365474224090576, 0.528124988079071, 0.5403726696968079, 0.5240309834480286, 0.5351014137268066, 0.5376505851745605, 0.5372906923294067], "Recall": [0.3012552261352539, 0.23709902167320251, 0.22454671561717987, 0.26359832286834717, 0.34170153737068176, 0.37796375155448914, 0.40306833386421204, 0.4281729459762573, 0.45188283920288086, 0.4686192572116852, 0.4644351601600647, 0.46582984924316406, 0.4672245383262634, 0.47419804334640503, 0.4686192572116852, 0.47698745131492615, 0.4644351601600647, 0.47698745131492615, 0.47698745131492615, 0.4895397424697876, 0.4937238395214081, 0.47280335426330566, 0.47419804334640503, 0.482566237449646, 0.48117154836654663, 0.4714086353778839, 0.4853556454181671, 0.4714086353778839, 0.4783821403980255, 0.49790793657302856, 0.4923291504383087], "AUC": [0.40524792671203613, 0.38513854146003723, 0.40387558937072754, 0.42654675245285034, 0.4634926915168762, 0.48466312885284424, 0.5046694278717041, 0.5124890804290771, 0.5227334499359131, 0.5185143351554871, 0.5265995264053345, 0.5311716794967651, 0.5293003916740417, 0.532401978969574, 0.5367329120635986, 0.5381383299827576, 0.5380595922470093, 0.5406369566917419, 0.5434175729751587, 0.5385419726371765, 0.542579174041748, 0.5422261953353882, 0.541589081287384, 0.5463470220565796, 0.5460960865020752, 0.5438436269760132, 0.5473069548606873, 0.5426502227783203, 0.5454502701759338, 0.5494962930679321, 0.5415852069854736], "val_loss": [0.6884071230888367, 0.6873039603233337, 0.6873358488082886, 0.6878088116645813, 0.6883013844490051, 0.6886996030807495, 0.6889955401420593, 0.6889204978942871, 0.6890431046485901, 0.6887478828430176, 0.6885210871696472, 0.6883801221847534, 0.6882593035697937, 0.6882641315460205, 0.6887390613555908, 0.6893922090530396, 0.68988436460495, 0.6906352043151855, 0.6915287375450134, 0.6906304359436035, 0.6909561157226562, 0.6907485723495483, 0.6899537444114685, 0.6896622180938721, 0.6894232034683228, 0.6879549026489258, 0.6875594854354858, 0.6865305304527283, 0.6860525608062744, 0.6858038306236267, 0.6847455501556396], "val_accuracy": [0.6218181848526001, 0.6218181848526001, 0.6218181848526001, 0.6218181848526001, 0.6218181848526001, 0.6218181848526001, 0.6218181848526001, 0.6218181848526001, 0.6218181848526001, 0.6218181848526001, 0.6254545450210571, 0.585454523563385, 0.5272727012634277, 0.4909090995788574, 0.4909090995788574, 0.48363634943962097, 0.46909090876579285, 0.46909090876579285, 0.4727272689342499, 0.47999998927116394, 0.47999998927116394, 0.48363634943962097, 0.4872727394104004, 0.4909090995788574, 0.4909090995788574, 0.4981818199157715, 0.4981818199157715, 0.5199999809265137, 0.5199999809265137, 0.5199999809265137, 0.5163636207580566], "val_benchmark_1106": [104.0, 104.0, 104.0, 104.0, 104.0, 104.0, 104.0, 104.0, 104.0, 104.0, 103.0, 114.0, 130.0, 140.0, 140.0, 142.0, 146.0, 146.0, 145.0, 143.0, 143.0, 142.0, 141.0, 140.0, 140.0, 138.0, 138.0, 132.0, 132.0, 132.0, 133.0], "val_TP": [171.0, 171.0, 171.0, 171.0, 171.0, 171.0, 171.0, 171.0, 171.0, 171.0, 171.0, 146.0, 109.0, 85.0, 71.0, 64.0, 57.0, 54.0, 52.0, 57.0, 56.0, 57.0, 60.0, 61.0, 61.0, 68.0, 68.0, 75.0, 76.0, 76.0, 77.0], "val_TN": [0.0, 0.0, 0.0, 0.0, 0.0, 0.0, 0.0, 0.0, 0.0, 0.0, 1.0, 15.0, 36.0, 50.0, 64.0, 69.0, 72.0, 75.0, 78.0, 75.0, 76.0, 76.0, 74.0, 74.0, 74.0, 69.0, 69.0, 68.0, 67.0, 67.0, 65.0], "val_FP": [104.0, 104.0, 104.0, 104.0, 104.0, 104.0, 104.0, 104.0, 104.0, 104.0, 103.0, 89.0, 68.0, 54.0, 40.0, 35.0, 32.0, 29.0, 26.0, 29.0, 28.0, 28.0, 30.0, 30.0, 30.0, 35.0, 35.0, 36.0, 37.0, 37.0, 39.0], "val_FN": [0.0, 0.0, 0.0, 0.0, 0.0, 0.0, 0.0, 0.0, 0.0, 0.0, 0.0, 25.0, 62.0, 86.0, 100.0, 107.0, 114.0, 117.0, 119.0, 114.0, 115.0, 114.0, 111.0, 110.0, 110.0, 103.0, 103.0, 96.0, 95.0, 95.0, 94.0], "val_Precision": [0.6218181848526001, 0.6218181848526001, 0.6218181848526001, 0.6218181848526001, 0.6218181848526001, 0.6218181848526001, 0.6218181848526001, 0.6218181848526001, 0.6218181848526001, 0.6218181848526001, 0.6240875720977783, 0.6212766170501709, 0.6158192157745361, 0.6115108132362366, 0.6396396160125732, 0.6464646458625793, 0.6404494643211365, 0.650602400302887, 0.6666666865348816, 0.6627907156944275, 0.6666666865348816, 0.6705882549285889, 0.6666666865348816, 0.6703296899795532, 0.6703296899795532, 0.6601941585540771, 0.6601941585540771, 0.6756756901741028, 0.6725663542747498, 0.6725663542747498, 0.6637930870056152], "val_Recall": [1.0, 1.0, 1.0, 1.0, 1.0, 1.0, 1.0, 1.0, 1.0, 1.0, 1.0, 0.8538011908531189, 0.6374269127845764, 0.49707603454589844, 0.4152046740055084, 0.3742690086364746, 0.3333333432674408, 0.31578946113586426, 0.3040935695171356, 0.3333333432674408, 0.3274853825569153, 0.3333333432674408, 0.35087719559669495, 0.35672515630722046, 0.35672515630722046, 0.3976608216762543, 0.3976608216762543, 0.4385964870452881, 0.4444444477558136, 0.4444444477558136, 0.4502924084663391],