{"loss": [0.6874969005584717, 0.6704413294792175, 0.6576985716819763, 0.6621763706207275, 0.6540590524673462, 0.655800998210907, 0.6439200639724731, 0.6489629149436951, 0.6527590155601501, 0.642156720161438, 0.6447716951370239, 0.6229221820831299, 0.6287717223167419, 0.6270730495452881, 0.6279317140579224, 0.6214671730995178, 0.617568850517273, 0.6254125237464905, 0.6224856376647949, 0.6242419481277466, 0.6095736622810364, 0.5990594029426575, 0.6146107912063599, 0.5977645516395569, 0.592332124710083, 0.6086704730987549, 0.5923196077346802, 0.5957578420639038, 0.5922980904579163, 0.5981110334396362, 0.5816016793251038], "accuracy": [0.5460250973701477, 0.5808926224708557, 0.6011157631874084, 0.6018131375312805, 0.615760087966919, 0.6171548366546631, 0.6345885396003723, 0.6234309673309326, 0.6025104522705078, 0.625523030757904, 0.6276150345802307, 0.6631799340248108, 0.6520223021507263, 0.6464434862136841, 0.6471408605575562, 0.6589958071708679, 0.6624825596809387, 0.6603904962539673, 0.6485355496406555, 0.6541143655776978, 0.6715481281280518, 0.6645746231079102, 0.6527196764945984, 0.6813110113143921, 0.6729428172111511, 0.672245442867279, 0.6764295697212219, 0.6834030747413635, 0.6917712688446045, 0.6868898272514343, 0.6994421482086182], "benchmark_946": [651.0, 601.0, 572.0, 571.0, 551.0, 549.0, 524.0, 540.0, 570.0, 537.0, 534.0, 483.0, 499.0, 507.0, 506.0, 489.0, 484.0, 487.0, 504.0, 496.0, 471.0, 481.0, 498.0, 457.0, 469.0, 470.0, 464.0, 454.0, 442.0, 449.0, 431.0], "TP": [379.0, 402.0, 433.0, 420.0, 443.0, 444.0, 449.0, 456.0, 442.0, 448.0, 449.0, 486.0, 471.0, 476.0, 472.0, 482.0, 493.0, 483.0, 465.0, 478.0, 481.0, 484.0, 479.0, 500.0, 486.0, 480.0, 486.0, 492.0, 510.0, 509.0, 507.0], "TN": [404.0, 431.0, 429.0, 443.0, 440.0, 441.0, 461.0, 438.0, 422.0, 449.0, 451.0, 465.0, 464.0, 451.0, 456.0, 463.0, 457.0, 464.0, 465.0, 460.0, 482.0, 469.0, 457.0, 477.0, 479.0, 484.0, 484.0, 488.0, 482.0, 476.0, 496.0], "FP": [313.0, 286.0, 288.0, 274.0, 277.0, 276.0, 256.0, 279.0, 295.0, 268.0, 266.0, 252.0, 253.0, 266.0, 261.0, 254.0, 260.0, 253.0, 252.0, 257.0, 235.0, 248.0, 260.0, 240.0, 238.0, 233.0, 233.0, 229.0, 235.0, 241.0, 221.0], "FN": [338.0, 315.0, 284.0, 297.0, 274.0, 273.0, 268.0, 261.0, 275.0, 269.0, 268.0, 231.0, 246.0, 241.0, 245.0, 235.0, 224.0, 234.0, 252.0, 239.0, 236.0, 233.0, 238.0, 217.0, 231.0, 237.0, 231.0, 225.0, 207.0, 208.0, 210.0], "Precision": [0.5476878881454468, 0.5843023061752319, 0.6005547642707825, 0.6051872968673706, 0.6152777671813965, 0.6166666746139526, 0.6368794441223145, 0.6204081773757935, 0.5997286438941956, 0.6256983280181885, 0.6279720067977905, 0.6585366129875183, 0.65055251121521, 0.6415094137191772, 0.6439290642738342, 0.654891312122345, 0.6547144651412964, 0.65625, 0.6485355496406555, 0.6503401398658752, 0.6717877388000488, 0.6612021923065186, 0.6481732130050659, 0.6756756901741028, 0.6712707281112671, 0.6732117533683777, 0.6759387850761414, 0.6823855638504028, 0.6845637559890747, 0.6786666512489319, 0.6964285969734192], "Recall": [0.5285913348197937, 0.560669481754303, 0.6039051413536072, 0.5857740640640259, 0.6178521513938904, 0.6192468404769897, 0.6262203454971313, 0.6359832882881165, 0.616457462310791, 0.624825656414032, 0.6262203454971313, 0.6778242588043213, 0.6569037437438965, 0.6638772487640381, 0.6582984924316406, 0.672245442867279, 0.6875871419906616, 0.6736401915550232, 0.6485355496406555, 0.6666666865348816, 0.6708507537841797, 0.6750348806381226, 0.668061375617981, 0.6973500847816467, 0.6778242588043213, 0.6694560647010803, 0.6778242588043213, 0.6861924529075623, 0.7112970948219299, 0.7099023461341858, 0.7071129679679871], "AUC": [0.565191924571991, 0.6215918064117432, 0.6459212303161621, 0.6373905539512634, 0.6541571021080017, 0.6560770273208618, 0.6792744398117065, 0.6670770645141602, 0.6605899333953857, 0.6806574463844299, 0.6750698685646057, 0.7138919234275818, 0.7048556208610535, 0.7039996385574341, 0.7017403244972229, 0.7116228938102722, 0.7158293128013611, 0.7131635546684265, 0.7065079808235168, 0.7091107368469238, 0.7302869558334351, 0.7385978102684021, 0.7191128134727478, 0.7426369190216064, 0.7467802166938782, 0.7308987379074097, 0.7495638132095337, 0.7484803199768066, 0.7521509528160095, 0.7454555630683899, 0.7617610692977905], "val_loss": [0.6645559072494507, 1.5965038537979126, 1.0226585865020752, 0.6055417656898499, 0.6537488698959351, 1.0089128017425537, 0.6030441522598267, 0.6452100872993469, 1.2608431577682495, 0.7959096431732178, 0.5788547396659851, 0.566098153591156, 0.5704169869422913, 1.549717903137207, 0.6132934093475342, 0.5649420619010925, 0.5632160902023315, 0.8518899083137512, 0.8044097423553467, 1.0754001140594482, 1.2255324125289917, 0.7110652923583984, 0.8038036823272705, 0.6838375329971313, 0.7035108804702759, 1.7378466129302979, 0.6942331790924072, 1.2875779867172241, 0.5709937214851379, 0.5625895261764526, 0.5740793347358704], "val_accuracy": [0.6218181848526001, 0.4145454466342926, 0.44363635778427124, 0.6945454478263855, 0.610909104347229, 0.4545454680919647, 0.6654545664787292, 0.6581818461418152, 0.4290909171104431, 0.5127272605895996, 0.7090908885002136, 0.7018181681632996, 0.6872727274894714, 0.4509090781211853, 0.6727272868156433, 0.7018181681632996, 0.6909090876579285, 0.5163636207580566, 0.5272727012634277, 0.4872727394104004, 0.48363634943962097, 0.5745454430580139, 0.5272727012634277, 0.6000000238418579, 0.589090883731842, 0.44363635778427124, 0.6254545450210571, 0.47999998927116394, 0.6909090876579285, 0.7054545283317566, 0.6909090876579285], "val_benchmark_946": [104.0, 161.0, 153.0, 84.0, 107.0, 150.0, 92.0, 94.0, 157.0, 134.0, 80.0, 82.0, 86.0, 151.0, 90.0, 82.0, 85.0, 133.0, 130.0, 141.0, 142.0, 117.0, 130.0, 110.0, 113.0, 153.0, 103.0, 143.0, 85.0, 81.0, 85.0], "val_TP": [171.0, 12.0, 22.0, 131.0, 80.0, 24.0, 169.0, 167.0, 16.0, 42.0, 135.0, 148.0, 160.0, 24.0, 110.0, 154.0, 133.0, 44.0, 46.0, 33.0, 32.0, 63.0, 49.0, 77.0, 74.0, 20.0, 86.0, 31.0, 127.0, 140.0, 159.0], "val_TN": [0.0, 102.0, 100.0, 60.0, 88.0, 101.0, 14.0, 14.0, 102.0, 99.0, 60.0, 45.0, 29.0, 100.0, 75.0, 39.0, 57.0, 98.0, 99.0, 101.0, 101.0, 95.0, 96.0, 88.0, 88.0, 102.0, 86.0, 101.0, 63.0, 54.0, 31.0], "val_FP": [104.0, 2.0, 4.0, 44.0, 16.0, 3.0, 90.0, 90.0, 2.0, 5.0, 44.0, 59.0, 75.0, 4.0, 29.0, 65.0, 47.0, 6.0, 5.0, 3.0, 3.0, 9.0, 8.0, 16.0, 16.0, 2.0, 18.0, 3.0, 41.0, 50.0, 73.0], "val_FN": [0.0, 159.0, 149.0, 40.0, 91.0, 147.0, 2.0, 4.0, 155.0, 129.0, 36.0, 23.0, 11.0, 147.0, 61.0, 17.0, 38.0, 127.0, 125.0, 138.0, 139.0, 108.0, 122.0, 94.0, 97.0, 151.0, 85.0, 140.0, 44.0, 31.0, 12.0], "val_Precision": [0.6218181848526001, 0.8571428656578064, 0.8461538553237915, 0.7485714554786682, 0.8333333134651184, 0.8888888955116272, 0.6525096297264099, 0.6498054265975952, 0.8888888955116272, 0.8936170339584351, 0.7541899681091309, 0.7149758338928223, 0.6808510422706604, 0.8571428656578064, 0.7913669347763062, 0.7031963467597961, 0.7388888597488403, 0.8799999952316284, 0.9019607901573181, 0.9166666865348816, 0.9142857193946838, 0.875, 0.859649121761322, 0.8279569745063782, 0.8222222328186035, 0.9090909361839294, 0.8269230723381042, 0.9117646813392639, 0.7559523582458496, 0.7368420958518982, 0.6853448152542114], "val_Recall": [1.0, 0.07017543911933899, 0.12865497171878815, 0.7660818696022034, 0.46783626079559326, 0.14035087823867798, 0.988304078578949, 0.9766082167625427, 0.09356725215911865, 0.24561403691768646, 0.7894737124443054, 0.8654970526695251, 0.9356725215911865, 0.14035087823867798, 0.6432748436927795, 0.9005848169326782, 0.7777777910232544, 0.2573099434375763, 0.26900583505630493, 0.19298245012760162, 0.1871345043182373, 0.3684210479259491, 0.28654971718788147, 0.4502924084663391, 0.4327485263347626, 0.11695906519889832, 0.5029239654541016, 0.1812865436077118, 0.7426900863647461, 0.8187134265899658, 0.9298245906829834],