{"loss": [0.691865861415863, 0.6892229318618774, 0.6885462999343872, 0.6873180866241455, 0.6863193511962891, 0.6852582693099976, 0.6840590834617615, 0.6807475686073303, 0.6800573468208313, 0.6804036498069763, 0.6772035956382751, 0.6742907166481018, 0.6749314665794373, 0.6723281145095825, 0.66830974817276, 0.6678670048713684, 0.6651396155357361, 0.6636653542518616, 0.6638995409011841, 0.6582799553871155, 0.6531890630722046, 0.6554730534553528, 0.6524120569229126, 0.6578143835067749, 0.6515150666236877, 0.6520580053329468, 0.6521570682525635, 0.6468514204025269, 0.6554003953933716, 0.6493371725082397, 0.6438485383987427, 0.6376599669456482, 0.643119215965271, 0.6444129347801208, 0.6422535181045532, 0.6412879824638367, 0.6418980360031128, 0.6369882225990295, 0.6349329352378845, 0.6307041049003601, 0.6336273550987244, 0.6299503445625305], "accuracy": [0.5069735050201416, 0.5418410301208496, 0.5425383448600769, 0.5620641708374023, 0.5725244283676147, 0.5509065389633179, 0.5536959767341614, 0.5794979333877563, 0.5648535490036011, 0.5627614855766296, 0.5885634422302246, 0.581589937210083, 0.5774058699607849, 0.6011157631874084, 0.6018131375312805, 0.6087865829467773, 0.6046025156974792, 0.6115760207176208, 0.6122733354568481, 0.6227335929870605, 0.6262203454971313, 0.6178521513938904, 0.6352859139442444, 0.6011157631874084, 0.6108786463737488, 0.6269177198410034, 0.6213389039039612, 0.6373779773712158, 0.599023699760437, 0.6241283416748047, 0.6317991614341736, 0.650627613067627, 0.6352859139442444, 0.6366806030273438, 0.6220362782478333, 0.6387726664543152, 0.6206415891647339, 0.6317991614341736, 0.6387726664543152, 0.6457461714744568, 0.6373779773712158, 0.6297070980072021], "benchmark_401": [707.0, 657.0, 656.0, 628.0, 613.0, 644.0, 640.0, 603.0, 624.0, 627.0, 590.0, 600.0, 606.0, 572.0, 571.0, 561.0, 567.0, 557.0, 556.0, 541.0, 536.0, 548.0, 523.0, 572.0, 558.0, 535.0, 543.0, 520.0, 575.0, 539.0, 528.0, 501.0, 523.0, 521.0, 542.0, 518.0, 544.0, 528.0, 518.0, 508.0, 520.0, 531.0], "TP": [684.0, 528.0, 445.0, 437.0, 458.0, 427.0, 432.0, 447.0, 436.0, 433.0, 450.0, 433.0, 433.0, 447.0, 441.0, 451.0, 455.0, 454.0, 450.0, 455.0, 452.0, 442.0, 459.0, 436.0, 437.0, 462.0, 453.0, 456.0, 425.0, 442.0, 452.0, 470.0, 451.0, 452.0, 441.0, 454.0, 438.0, 443.0, 440.0, 451.0, 445.0, 433.0], "TN": [43.0, 249.0, 333.0, 369.0, 363.0, 363.0, 362.0, 384.0, 374.0, 374.0, 394.0, 401.0, 395.0, 415.0, 422.0, 422.0, 412.0, 423.0, 428.0, 438.0, 446.0, 444.0, 452.0, 426.0, 439.0, 437.0, 438.0, 458.0, 434.0, 453.0, 454.0, 463.0, 460.0, 461.0, 451.0, 462.0, 452.0, 463.0, 476.0, 475.0, 469.0, 470.0], "FP": [674.0, 468.0, 384.0, 348.0, 354.0, 354.0, 355.0, 333.0, 343.0, 343.0, 323.0, 316.0, 322.0, 302.0, 295.0, 295.0, 305.0, 294.0, 289.0, 279.0, 271.0, 273.0, 265.0, 291.0, 278.0, 280.0, 279.0, 259.0, 283.0, 264.0, 263.0, 254.0, 257.0, 256.0, 266.0, 255.0, 265.0, 254.0, 241.0, 242.0, 248.0, 247.0], "FN": [33.0, 189.0, 272.0, 280.0, 259.0, 290.0, 285.0, 270.0, 281.0, 284.0, 267.0, 284.0, 284.0, 270.0, 276.0, 266.0, 262.0, 263.0, 267.0, 262.0, 265.0, 275.0, 258.0, 281.0, 280.0, 255.0, 264.0, 261.0, 292.0, 275.0, 265.0, 247.0, 266.0, 265.0, 276.0, 263.0, 279.0, 274.0, 277.0, 266.0, 272.0, 284.0], "Precision": [0.5036818981170654, 0.5301204919815063, 0.5367913246154785, 0.5566878914833069, 0.564039409160614, 0.5467349290847778, 0.5489199757575989, 0.5730769038200378, 0.5596919059753418, 0.5579897165298462, 0.582147479057312, 0.5781041383743286, 0.573509931564331, 0.5967957377433777, 0.5991848111152649, 0.6045576333999634, 0.5986841917037964, 0.606951892375946, 0.6089310050010681, 0.6198909878730774, 0.6251729130744934, 0.6181818246841431, 0.6339778900146484, 0.5997248888015747, 0.6111888289451599, 0.6226415038108826, 0.618852436542511, 0.6377622485160828, 0.6002824902534485, 0.6260623335838318, 0.6321678161621094, 0.6491712927818298, 0.637005627155304, 0.6384180784225464, 0.6237623691558838, 0.6403384804725647, 0.6230440735816956, 0.6355810761451721, 0.6461086869239807, 0.6507936716079712, 0.6421356201171875, 0.6367647051811218], "Recall": [0.9539749026298523, 0.7364016771316528, 0.6206415891647339, 0.6094839572906494, 0.6387726664543152, 0.5955369472503662, 0.6025104522705078, 0.6234309673309326, 0.60808926820755, 0.6039051413536072, 0.6276150345802307, 0.6039051413536072, 0.6039051413536072, 0.6234309673309326, 0.6150627732276917, 0.6290097832679749, 0.6345885396003723, 0.633193850517273, 0.6276150345802307, 0.6345885396003723, 0.6304044723510742, 0.616457462310791, 0.6401673555374146, 0.60808926820755, 0.6094839572906494, 0.6443514823913574, 0.6317991614341736, 0.6359832882881165, 0.5927475690841675, 0.616457462310791, 0.6304044723510742, 0.6555090546607971, 0.6290097832679749, 0.6304044723510742, 0.6150627732276917, 0.633193850517273, 0.6108786463737488, 0.6178521513938904, 0.6136680841445923, 0.6290097832679749, 0.6206415891647339, 0.6039051413536072], "AUC": [0.5219660401344299, 0.560297966003418, 0.5689705610275269, 0.5820004343986511, 0.593629777431488, 0.5956516861915588, 0.5964200496673584, 0.6194432973861694, 0.6131302118301392, 0.6111879348754883, 0.6283823847770691, 0.62982577085495, 0.6333903074264526, 0.6443028450012207, 0.6521944403648376, 0.6465018391609192, 0.6603720188140869, 0.6575602293014526, 0.6571206450462341, 0.6711503267288208, 0.6814569234848022, 0.6671461462974548, 0.6799328327178955, 0.6564661860466003, 0.6780080795288086, 0.6729223728179932, 0.669751763343811, 0.6868528723716736, 0.657916247844696, 0.6721802949905396, 0.6872069239616394, 0.7032342553138733, 0.6866874694824219, 0.6858393549919128, 0.6803335547447205, 0.6917449831962585, 0.6830616593360901, 0.6922789216041565, 0.7042661309242249, 0.7059440016746521, 0.6996570825576782, 0.7046581506729126], "val_loss": [0.6711606979370117, 0.6731483340263367, 0.6734594106674194, 0.6672876477241516, 0.6670274138450623, 0.6614046096801758, 0.6611545085906982, 0.6513693332672119, 0.6562736630439758, 0.6470414996147156, 0.6444135904312134, 0.6351654529571533, 0.6364497542381287, 0.6303038001060486, 0.6356648206710815, 0.6402424573898315, 0.6233102679252625, 0.6214088201522827, 0.6170534491539001, 0.6279036998748779, 0.6190964579582214, 0.6059792637825012, 0.6114581823348999, 0.6028526425361633, 0.6025784611701965, 0.6176908016204834, 0.5978951454162598, 0.5931829214096069, 0.6019221544265747, 0.5874027609825134, 0.5980791449546814, 0.5880808234214783, 0.6362457275390625, 0.651201605796814, 0.5853292346000671, 0.5947511196136475, 0.6184659004211426, 0.5851640701293945, 0.6445643305778503, 0.6169097423553467, 0.5879303812980652, 0.6057574152946472], "val_accuracy": [0.6181818246841431, 0.585454523563385, 0.5490909218788147, 0.6218181848526001, 0.581818163394928, 0.6000000238418579, 0.578181803226471, 0.6763636469841003, 0.5963636636734009, 0.6618182063102722, 0.6836363673210144, 0.6618182063102722, 0.6654545664787292, 0.6945454478263855, 0.6581818461418152, 0.6000000238418579, 0.6836363673210144, 0.6727272868156433, 0.6872727274894714, 0.6218181848526001, 0.6654545664787292, 0.7090908885002136, 0.6727272868156433, 0.6981818079948425, 0.6727272868156433, 0.6254545450210571, 0.6909090876579285, 0.6909090876579285, 0.6618182063102722, 0.6872727274894714, 0.6800000071525574, 0.6727272868156433, 0.589090883731842, 0.5563636422157288, 0.6909090876579285, 0.6909090876579285, 0.6218181848526001, 0.6800000071525574, 0.589090883731842, 0.6363636255264282, 0.6618182063102722, 0.6436363458633423], "val_benchmark_401": [105.0, 114.0, 124.0, 104.0, 115.0, 110.0, 116.0, 89.0, 111.0, 93.0, 87.0, 93.0, 92.0, 84.0, 94.0, 110.0, 87.0, 90.0, 86.0, 104.0, 92.0, 80.0, 90.0, 83.0, 90.0, 103.0, 85.0, 85.0, 93.0, 86.0, 88.0, 90.0, 113.0, 122.0, 85.0, 85.0, 104.0, 88.0, 113.0, 100.0, 93.0, 98.0],