{"loss": [0.090152807533741, 0.08154184371232986, 0.07631624490022659, 0.0747717022895813, 0.06895198673009872, 0.06520190834999084, 0.062545545399189, 0.060355331748723984, 0.059807274490594864, 0.05822819843888283, 0.057257939130067825, 0.058051202446222305, 0.05494231358170509, 0.053621742874383926, 0.05342786759138107, 0.05147996172308922, 0.0507342703640461, 0.04839347302913666, 0.051665838807821274, 0.04988020285964012, 0.05014992505311966, 0.05084450542926788, 0.048783570528030396, 0.048783864825963974, 0.048164140433073044, 0.048275649547576904, 0.048940688371658325, 0.04831136390566826, 0.04793857783079147, 0.049010176211595535, 0.04755726829171181, 0.047126732766628265, 0.04787610098719597, 0.0466984286904335, 0.0473867766559124, 0.046672698110342026, 0.04885992407798767, 0.046008091419935226, 0.046167854219675064, 0.045933324843645096, 0.045610830187797546, 0.04685443267226219, 0.047815680503845215, 0.04689059033989906, 0.045375995337963104, 0.04540092125535011, 0.04632504656910896], "accuracy": [0.4972105920314789, 0.5160390734672546, 0.508368194103241, 0.48465830087661743, 0.5027893781661987, 0.5285913348197937, 0.5097628831863403, 0.5146443247795105, 0.526499330997467, 0.5062761306762695, 0.5111575722694397, 0.4930264949798584, 0.5362622141838074, 0.525801956653595, 0.5397489666938782, 0.5446304082870483, 0.5111575722694397, 0.5516039133071899, 0.5327754616737366, 0.5460250973701477, 0.5320780873298645, 0.5, 0.5599721074104309, 0.5425383448600769, 0.5543932914733887, 0.5523012280464172, 0.5439330339431763, 0.5453277826309204, 0.5397489666938782, 0.5543932914733887, 0.5571827292442322, 0.5578800439834595, 0.5592747330665588, 0.5655509233474731, 0.5627614855766296, 0.5753138065338135, 0.5439330339431763, 0.5739191174507141, 0.590655505657196, 0.5627614855766296, 0.5885634422302246, 0.5662482380867004, 0.5718270540237427, 0.5676429271697998, 0.5781031847000122, 0.589958131313324, 0.590655505657196], "benchmark_1301": [721.0, 694.0, 705.0, 739.0, 713.0, 676.0, 703.0, 696.0, 679.0, 708.0, 701.0, 727.0, 665.0, 680.0, 660.0, 653.0, 701.0, 643.0, 670.0, 651.0, 671.0, 717.0, 631.0, 656.0, 639.0, 642.0, 654.0, 652.0, 660.0, 639.0, 635.0, 634.0, 632.0, 623.0, 627.0, 609.0, 654.0, 611.0, 587.0, 627.0, 590.0, 622.0, 614.0, 620.0, 605.0, 588.0, 587.0], "TP": [354.0, 384.0, 362.0, 336.0, 362.0, 375.0, 351.0, 361.0, 377.0, 360.0, 367.0, 354.0, 388.0, 373.0, 387.0, 394.0, 379.0, 400.0, 394.0, 384.0, 373.0, 359.0, 404.0, 394.0, 404.0, 395.0, 387.0, 391.0, 394.0, 402.0, 404.0, 392.0, 410.0, 392.0, 406.0, 416.0, 390.0, 423.0, 416.0, 405.0, 423.0, 420.0, 414.0, 416.0, 423.0, 419.0, 421.0], "TN": [359.0, 356.0, 367.0, 359.0, 359.0, 383.0, 380.0, 377.0, 378.0, 366.0, 366.0, 353.0, 381.0, 381.0, 387.0, 387.0, 354.0, 391.0, 370.0, 399.0, 390.0, 358.0, 399.0, 384.0, 391.0, 397.0, 393.0, 391.0, 380.0, 393.0, 395.0, 408.0, 392.0, 419.0, 401.0, 409.0, 390.0, 400.0, 431.0, 402.0, 421.0, 392.0, 406.0, 398.0, 406.0, 427.0, 426.0], "FP": [358.0, 361.0, 350.0, 358.0, 358.0, 334.0, 337.0, 340.0, 339.0, 351.0, 351.0, 364.0, 336.0, 336.0, 330.0, 330.0, 363.0, 326.0, 347.0, 318.0, 327.0, 359.0, 318.0, 333.0, 326.0, 320.0, 324.0, 326.0, 337.0, 324.0, 322.0, 309.0, 325.0, 298.0, 316.0, 308.0, 327.0, 317.0, 286.0, 315.0, 296.0, 325.0, 311.0, 319.0, 311.0, 290.0, 291.0], "FN": [363.0, 333.0, 355.0, 381.0, 355.0, 342.0, 366.0, 356.0, 340.0, 357.0, 350.0, 363.0, 329.0, 344.0, 330.0, 323.0, 338.0, 317.0, 323.0, 333.0, 344.0, 358.0, 313.0, 323.0, 313.0, 322.0, 330.0, 326.0, 323.0, 315.0, 313.0, 325.0, 307.0, 325.0, 311.0, 301.0, 327.0, 294.0, 301.0, 312.0, 294.0, 297.0, 303.0, 301.0, 294.0, 298.0, 296.0], "Precision": [0.49719101190567017, 0.5154362320899963, 0.5084269642829895, 0.48414984345436096, 0.5027777552604675, 0.5289139747619629, 0.5101743936538696, 0.5149785876274109, 0.5265362858772278, 0.5063291192054749, 0.5111420750617981, 0.4930362105369568, 0.5359116196632385, 0.526093065738678, 0.5397489666938782, 0.5441988706588745, 0.5107816457748413, 0.5509641766548157, 0.5317139029502869, 0.5470085740089417, 0.5328571200370789, 0.5, 0.559556782245636, 0.5419532060623169, 0.5534246563911438, 0.5524475574493408, 0.5443037748336792, 0.5453277826309204, 0.5389876961708069, 0.5537189841270447, 0.5564738512039185, 0.5592011213302612, 0.557823121547699, 0.5681159496307373, 0.5623268485069275, 0.5745856165885925, 0.5439330339431763, 0.5716215968132019, 0.5925925970077515, 0.5625, 0.5883170962333679, 0.563758373260498, 0.5710344910621643, 0.5659863948822021, 0.5762943029403687, 0.5909731984138489, 0.591292142868042], "Recall": [0.4937238395214081, 0.5355648398399353, 0.5048814415931702, 0.4686192572116852, 0.5048814415931702, 0.5230125784873962, 0.4895397424697876, 0.5034867525100708, 0.525801956653595, 0.5020920634269714, 0.5118549466133118, 0.4937238395214081, 0.5411436557769775, 0.5202231407165527, 0.5397489666938782, 0.5495118498802185, 0.5285913348197937, 0.5578800439834595, 0.5495118498802185, 0.5355648398399353, 0.5202231407165527, 0.5006973743438721, 0.5634588599205017, 0.5495118498802185, 0.5634588599205017, 0.5509065389633179, 0.5397489666938782, 0.5453277826309204, 0.5495118498802185, 0.560669481754303, 0.5634588599205017, 0.5467224717140198, 0.5718270540237427, 0.5467224717140198, 0.5662482380867004, 0.5801952481269836, 0.5439330339431763, 0.589958131313324, 0.5801952481269836, 0.5648535490036011, 0.589958131313324, 0.5857740640640259, 0.5774058699607849, 0.5801952481269836, 0.589958131313324, 0.5843793749809265, 0.5871687531471252], "AUC": [0.49791574478149414, 0.5114114284515381, 0.5075006484985352, 0.4756472408771515, 0.5084907412528992, 0.5236281752586365, 0.5196493268013, 0.5197514295578003, 0.5424829125404358, 0.5273873209953308, 0.5112402439117432, 0.5011865496635437, 0.5467458367347717, 0.5451400279998779, 0.5443551540374756, 0.5668162703514099, 0.541963517665863, 0.5759226083755493, 0.5498327612876892, 0.5589771270751953, 0.5452324151992798, 0.5264739990234375, 0.575577437877655, 0.5615341067314148, 0.5730282068252563, 0.5697437524795532, 0.5665838122367859, 0.5741223692893982, 0.5596073865890503, 0.5648545026779175, 0.5742469429969788, 0.585199236869812, 0.5889067649841309, 0.5958218574523926, 0.5813341736793518, 0.593672513961792, 0.5699061155319214, 0.6038146615028381, 0.6120262742042542, 0.6046239137649536, 0.6143935918807983, 0.5944904685020447, 0.5971514582633972, 0.6034042835235596, 0.6247031092643738, 0.6239065527915955, 0.6160762310028076], "val_loss": [0.13689106702804565, 0.04234763979911804, 0.04282020404934883, 0.047269243746995926, 0.04308263584971428, 0.047353990375995636, 0.04061508923768997, 0.051019031554460526, 0.04108642414212227, 0.055695172399282455, 0.04149912670254707, 0.0436273068189621, 0.039620235562324524, 0.040924545377492905, 0.0490945540368557, 0.03983905538916588, 0.05104905739426613, 0.04488121718168259, 0.03931478038430214, 0.0435587540268898, 0.05632467940449715, 0.04684974253177643, 0.04532216489315033, 0.03888790309429169, 0.04098750278353691, 0.048147428780794144, 0.039054013788700104, 0.03916407376527786, 0.04038113355636597, 0.042500197887420654, 0.04331346973776817, 0.06028422340750694, 0.03977469354867935, 0.03843972086906433, 0.03925146535038948, 0.038127318024635315, 0.03842936083674431, 0.05575992166996002, 0.048157937824726105, 0.038144197314977646, 0.04492054507136345, 0.04792755842208862, 0.04090947285294533, 0.037797100841999054, 0.041760750114917755, 0.038867928087711334, 0.04221272096037865],