{"loss": [0.35310330986976624, 0.35243168473243713, 0.3520122468471527, 0.35168248414993286, 0.3513416051864624, 0.3510763645172119, 0.35092899203300476, 0.3507271707057953, 0.35057905316352844, 0.35032397508621216, 0.3501824736595154, 0.3500533998012543, 0.34995386004447937, 0.3498106598854065, 0.34971490502357483, 0.34956568479537964, 0.34948304295539856, 0.34939438104629517, 0.349307656288147, 0.3491441309452057, 0.34911853075027466], "accuracy": [0.5, 0.5, 0.5, 0.5, 0.5, 0.5, 0.5, 0.5, 0.5, 0.5, 0.5, 0.5, 0.5, 0.5, 0.5, 0.5, 0.5, 0.5, 0.5, 0.5, 0.5], "benchmark_781": [717.0, 717.0, 717.0, 717.0, 717.0, 717.0, 717.0, 717.0, 717.0, 717.0, 717.0, 717.0, 717.0, 717.0, 717.0, 717.0, 717.0, 717.0, 717.0, 717.0, 717.0], "TP": [717.0, 717.0, 717.0, 717.0, 717.0, 717.0, 717.0, 717.0, 717.0, 717.0, 717.0, 717.0, 717.0, 717.0, 717.0, 717.0, 717.0, 717.0, 717.0, 717.0, 717.0], "TN": [0.0, 0.0, 0.0, 0.0, 0.0, 0.0, 0.0, 0.0, 0.0, 0.0, 0.0, 0.0, 0.0, 0.0, 0.0, 0.0, 0.0, 0.0, 0.0, 0.0, 0.0], "FP": [717.0, 717.0, 717.0, 717.0, 717.0, 717.0, 717.0, 717.0, 717.0, 717.0, 717.0, 717.0, 717.0, 717.0, 717.0, 717.0, 717.0, 717.0, 717.0, 717.0, 717.0], "FN": [0.0, 0.0, 0.0, 0.0, 0.0, 0.0, 0.0, 0.0, 0.0, 0.0, 0.0, 0.0, 0.0, 0.0, 0.0, 0.0, 0.0, 0.0, 0.0, 0.0, 0.0], "Precision": [0.5, 0.5, 0.5, 0.5, 0.5, 0.5, 0.5, 0.5, 0.5, 0.5, 0.5, 0.5, 0.5, 0.5, 0.5, 0.5, 0.5, 0.5, 0.5, 0.5, 0.5], "Recall": [1.0, 1.0, 1.0, 1.0, 1.0, 1.0, 1.0, 1.0, 1.0, 1.0, 1.0, 1.0, 1.0, 1.0, 1.0, 1.0, 1.0, 1.0, 1.0, 1.0, 1.0], "AUC": [0.4944066107273102, 0.4760352373123169, 0.48071053624153137, 0.5091637372970581, 0.4827354848384857, 0.49074092507362366, 0.4858555793762207, 0.4936995208263397, 0.5070347785949707, 0.498252272605896, 0.4888900816440582, 0.48600924015045166, 0.47082799673080444, 0.4934719204902649, 0.4970666170120239, 0.5204905867576599, 0.5143292546272278, 0.5007148385047913, 0.4978671371936798, 0.4944571852684021, 0.4910978376865387], "val_loss": [0.3331657946109772, 0.33367788791656494, 0.33451220393180847, 0.3350771963596344, 0.3353356719017029, 0.33551740646362305, 0.335678368806839, 0.33583229780197144, 0.33597901463508606, 0.33612120151519775, 0.3362593948841095, 0.3363895118236542, 0.33651554584503174, 0.33663949370384216, 0.33675697445869446, 0.3368726670742035, 0.3369872272014618, 0.33709967136383057, 0.33720794320106506, 0.337313175201416, 0.33741578459739685], "val_accuracy": [0.6218181848526001, 0.6218181848526001, 0.6218181848526001, 0.6218181848526001, 0.6218181848526001, 0.6218181848526001, 0.6218181848526001, 0.6218181848526001, 0.6218181848526001, 0.6218181848526001, 0.6218181848526001, 0.6218181848526001, 0.6218181848526001, 0.6218181848526001, 0.6218181848526001, 0.6218181848526001, 0.6218181848526001, 0.6218181848526001, 0.6218181848526001, 0.6218181848526001, 0.6218181848526001], "val_benchmark_781": [104.0, 104.0, 104.0, 104.0, 104.0, 104.0, 104.0, 104.0, 104.0, 104.0, 104.0, 104.0, 104.0, 104.0, 104.0, 104.0, 104.0, 104.0, 104.0, 104.0, 104.0], "val_TP": [171.0, 171.0, 171.0, 171.0, 171.0, 171.0, 171.0, 171.0, 171.0, 171.0, 171.0, 171.0, 171.0, 171.0, 171.0, 171.0, 171.0, 171.0, 171.0, 171.0, 171.0], "val_TN": [0.0, 0.0, 0.0, 0.0, 0.0, 0.0, 0.0, 0.0, 0.0, 0.0, 0.0, 0.0, 0.0, 0.0, 0.0, 0.0, 0.0, 0.0, 0.0, 0.0, 0.0], "val_FP": [104.0, 104.0, 104.0, 104.0, 104.0, 104.0, 104.0, 104.0, 104.0, 104.0, 104.0, 104.0, 104.0, 104.0, 104.0, 104.0, 104.0, 104.0, 104.0, 104.0, 104.0], "val_FN": [0.0, 0.0, 0.0, 0.0, 0.0, 0.0, 0.0, 0.0, 0.0, 0.0, 0.0, 0.0, 0.0, 0.0, 0.0, 0.0, 0.0, 0.0, 0.0, 0.0, 0.0], "val_Precision": [0.6218181848526001, 0.6218181848526001, 0.6218181848526001, 0.6218181848526001, 0.6218181848526001, 0.6218181848526001, 0.6218181848526001, 0.6218181848526001, 0.6218181848526001, 0.6218181848526001, 0.6218181848526001, 0.6218181848526001, 0.6218181848526001, 0.6218181848526001, 0.6218181848526001, 0.6218181848526001, 0.6218181848526001, 0.6218181848526001, 0.6218181848526001, 0.6218181848526001, 0.6218181848526001], "val_Recall": [1.0, 1.0, 1.0, 1.0, 1.0, 1.0, 1.0, 1.0, 1.0, 1.0, 1.0, 1.0, 1.0, 1.0, 1.0, 1.0, 1.0, 1.0, 1.0, 1.0, 1.0], "val_AUC": [0.4511077404022217, 0.4745276868343353, 0.4573212265968323, 0.4822874665260315, 0.47438713908195496, 0.42830634117126465, 0.4412112236022949, 0.49735721945762634, 0.463225394487381, 0.4614260196685791, 0.48256856203079224, 0.45642149448394775, 0.4385683834552765, 0.44663745164871216, 0.4829341173171997, 0.4829622209072113, 0.47511807084083557, 0.4745838940143585, 0.4847053289413452, 0.4834401607513428, 0.44953325390815735]}