{"loss": [0.6940282583236694, 0.6916072964668274, 0.6916446685791016, 0.6925133466720581, 0.688660740852356, 0.6883935928344727, 0.6866165995597839, 0.6864973306655884, 0.684718668460846, 0.6817797422409058, 0.6793527007102966, 0.6759640574455261, 0.6749542951583862, 0.66960209608078, 0.6677234768867493, 0.6648334860801697, 0.6617507338523865, 0.6585081815719604, 0.6519960761070251, 0.6477074027061462, 0.6474395990371704, 0.6455011963844299, 0.6463724970817566, 0.640213131904602, 0.6361947059631348, 0.6353374719619751, 0.633692741394043, 0.6331183314323425, 0.6314995288848877, 0.6248281598091125, 0.6317256093025208, 0.6170281767845154, 0.6224948167800903, 0.6215264201164246, 0.6132421493530273, 0.6182040572166443, 0.6185477375984192, 0.6159070730209351, 0.6142674088478088, 0.6082593202590942, 0.6128289103507996, 0.6079654693603516, 0.6085602045059204, 0.6030764579772949, 0.608628511428833, 0.6019861102104187, 0.6014365553855896, 0.6011389493942261, 0.6046901345252991, 0.6032975316047668, 0.5953081846237183, 0.5944589972496033, 0.589514434337616, 0.5955809950828552, 0.5936526656150818, 0.5916630029678345, 0.5908451080322266, 0.586919903755188, 0.5842453837394714, 0.5859737396240234, 0.5799176096916199, 0.5791058540344238, 0.5818906426429749, 0.5691777467727661], "accuracy": [0.5041841268539429, 0.517433762550354, 0.5104602575302124, 0.5125523209571838, 0.5467224717140198, 0.5306833982467651, 0.5467224717140198, 0.5516039133071899, 0.5446304082870483, 0.5836820006370544, 0.5843793749809265, 0.5892608165740967, 0.5962343215942383, 0.607391893863678, 0.5983263850212097, 0.5969316363334656, 0.6066945791244507, 0.6066945791244507, 0.6206415891647339, 0.624825656414032, 0.6213389039039612, 0.615760087966919, 0.6241283416748047, 0.6213389039039612, 0.6380752921104431, 0.6241283416748047, 0.6415620446205139, 0.6290097832679749, 0.625523030757904, 0.6499302387237549, 0.6380752921104431, 0.6589958071708679, 0.6401673555374146, 0.6534169912338257, 0.651324987411499, 0.6562064290046692, 0.6576011180877686, 0.6569037437438965, 0.6485355496406555, 0.6555090546607971, 0.65969318151474, 0.668061375617981, 0.6659693121910095, 0.6785216331481934, 0.6464434862136841, 0.6778242588043213, 0.6757321953773499, 0.668061375617981, 0.6569037437438965, 0.6659693121910095, 0.6729428172111511, 0.6736401915550232, 0.6750348806381226, 0.6701534390449524, 0.6743375062942505, 0.6729428172111511, 0.6792189478874207, 0.6750348806381226, 0.6813110113143921, 0.6813110113143921, 0.6820083856582642, 0.6889818906784058, 0.6715481281280518, 0.706415593624115], "benchmark_254": [711.0, 692.0, 702.0, 699.0, 650.0, 673.0, 650.0, 643.0, 653.0, 597.0, 596.0, 589.0, 579.0, 563.0, 576.0, 578.0, 564.0, 564.0, 544.0, 538.0, 543.0, 551.0, 539.0, 543.0, 519.0, 539.0, 514.0, 532.0, 537.0, 502.0, 519.0, 489.0, 516.0, 497.0, 500.0, 493.0, 491.0, 492.0, 504.0, 494.0, 488.0, 476.0, 479.0, 461.0, 507.0, 462.0, 465.0, 476.0, 492.0, 479.0, 469.0, 468.0, 466.0, 473.0, 467.0, 469.0, 460.0, 466.0, 457.0, 457.0, 456.0, 446.0, 471.0, 421.0], "TP": [351.0, 378.0, 390.0, 343.0, 381.0, 334.0, 353.0, 392.0, 373.0, 369.0, 403.0, 411.0, 401.0, 431.0, 436.0, 414.0, 424.0, 446.0, 440.0, 440.0, 439.0, 447.0, 448.0, 441.0, 432.0, 452.0, 448.0, 438.0, 443.0, 451.0, 459.0, 460.0, 452.0, 461.0, 456.0, 456.0, 463.0, 465.0, 455.0, 463.0, 459.0, 468.0, 474.0, 484.0, 463.0, 471.0, 480.0, 468.0, 454.0, 478.0, 477.0, 478.0, 461.0, 477.0, 482.0, 482.0, 479.0, 474.0, 475.0, 492.0, 487.0, 487.0, 471.0, 501.0], "TN": [372.0, 364.0, 342.0, 392.0, 403.0, 427.0, 431.0, 399.0, 408.0, 468.0, 435.0, 434.0, 454.0, 440.0, 422.0, 442.0, 446.0, 424.0, 450.0, 456.0, 452.0, 436.0, 447.0, 450.0, 483.0, 443.0, 472.0, 464.0, 454.0, 481.0, 456.0, 485.0, 466.0, 476.0, 478.0, 485.0, 480.0, 477.0, 475.0, 477.0, 487.0, 490.0, 481.0, 489.0, 464.0, 501.0, 489.0, 490.0, 488.0, 477.0, 488.0, 488.0, 507.0, 484.0, 485.0, 483.0, 495.0, 494.0, 502.0, 485.0, 491.0, 501.0, 492.0, 512.0], "FP": [345.0, 353.0, 375.0, 325.0, 314.0, 290.0, 286.0, 318.0, 309.0, 249.0, 282.0, 283.0, 263.0, 277.0, 295.0, 275.0, 271.0, 293.0, 267.0, 261.0, 265.0, 281.0, 270.0, 267.0, 234.0, 274.0, 245.0, 253.0, 263.0, 236.0, 261.0, 232.0, 251.0, 241.0, 239.0, 232.0, 237.0, 240.0, 242.0, 240.0, 230.0, 227.0, 236.0, 228.0, 253.0, 216.0, 228.0, 227.0, 229.0, 240.0, 229.0, 229.0, 210.0, 233.0, 232.0, 234.0, 222.0, 223.0, 215.0, 232.0, 226.0, 216.0, 225.0, 205.0], "FN": [366.0, 339.0, 327.0, 374.0, 336.0, 383.0, 364.0, 325.0, 344.0, 348.0, 314.0, 306.0, 316.0, 286.0, 281.0, 303.0, 293.0, 271.0, 277.0, 277.0, 278.0, 270.0, 269.0, 276.0, 285.0, 265.0, 269.0, 279.0, 274.0, 266.0, 258.0, 257.0, 265.0, 256.0, 261.0, 261.0, 254.0, 252.0, 262.0, 254.0, 258.0, 249.0, 243.0, 233.0, 254.0, 246.0, 237.0, 249.0, 263.0, 239.0, 240.0, 239.0, 256.0, 240.0, 235.0, 235.0, 238.0, 243.0, 242.0, 225.0, 230.0, 230.0, 246.0, 216.0], "Precision": [0.5043103694915771, 0.5170998573303223, 0.5098039507865906, 0.5134730339050293, 0.5482014417648315, 0.5352563858032227, 0.5524256825447083, 0.5521126985549927, 0.5469208359718323, 0.5970873832702637, 0.5883211493492126, 0.5922189950942993, 0.6039156913757324, 0.6087570786476135, 0.596443235874176, 0.6008708477020264, 0.6100719571113586, 0.6035182476043701, 0.6223479509353638, 0.6276747584342957, 0.6235795617103577, 0.6140109896659851, 0.6239554286003113, 0.6228813529014587, 0.6486486196517944, 0.6225895285606384, 0.6464646458625793, 0.6338639855384827, 0.6274787783622742, 0.6564774513244629, 0.637499988079071, 0.6647399067878723, 0.6429587602615356, 0.6566951274871826, 0.6561151146888733, 0.6627907156944275, 0.6614285707473755, 0.6595744490623474, 0.6527976989746094, 0.6586059927940369, 0.6661828756332397, 0.6733812689781189, 0.6676056385040283, 0.6797752976417542, 0.6466480493545532, 0.6855894923210144, 0.6779661178588867, 0.6733812689781189, 0.664714515209198, 0.6657381653785706, 0.6756373643875122, 0.6760962009429932, 0.6870342493057251, 0.6718310117721558, 0.67507004737854, 0.673184335231781, 0.6833095550537109, 0.6800574064254761, 0.6884058117866516, 0.6795580387115479, 0.6830294728279114, 0.6927453875541687, 0.6767241358757019, 0.7096317410469055], "Recall": [0.4895397424697876, 0.5271966457366943, 0.5439330339431763, 0.4783821403980255, 0.5313807725906372, 0.46582984924316406, 0.4923291504383087, 0.5467224717140198, 0.5202231407165527, 0.5146443247795105, 0.5620641708374023, 0.573221743106842, 0.5592747330665588, 0.6011157631874084, 0.60808926820755, 0.5774058699607849, 0.5913528800010681, 0.6220362782478333, 0.6136680841445923, 0.6136680841445923, 0.6122733354568481, 0.6234309673309326, 0.624825656414032, 0.6150627732276917, 0.6025104522705078, 0.6304044723510742, 0.624825656414032, 0.6108786463737488, 0.6178521513938904, 0.6290097832679749, 0.6401673555374146, 0.6415620446205139, 0.6304044723510742, 0.6429567933082581, 0.6359832882881165, 0.6359832882881165, 0.6457461714744568, 0.6485355496406555, 0.6345885396003723, 0.6457461714744568, 0.6401673555374146, 0.6527196764945984, 0.6610878705978394, 0.6750348806381226, 0.6457461714744568, 0.6569037437438965, 0.6694560647010803, 0.6527196764945984, 0.633193850517273, 0.6666666865348816, 0.6652719378471375, 0.6666666865348816, 0.6429567933082581, 0.6652719378471375, 0.672245442867279, 0.672245442867279, 0.668061375617981, 0.6610878705978394, 0.6624825596809387, 0.6861924529075623, 0.6792189478874207, 0.6792189478874207, 0.6569037437438965, 0.6987447738647461],