{"loss": [0.6932797431945801, 0.6929134726524353, 0.6932269334793091, 0.6935660243034363, 0.6928256750106812, 0.6927703619003296, 0.6932024359703064, 0.6930271983146667, 0.6932611465454102, 0.6929833292961121, 0.6932926774024963, 0.6935167908668518, 0.6935511827468872, 0.6935254335403442, 0.693651556968689, 0.6927805542945862, 0.6933772563934326, 0.6937189102172852, 0.6931746602058411, 0.6930345892906189, 0.6932806968688965], "accuracy": [0.48814505338668823, 0.5027893781661987, 0.49163180589675903, 0.48744770884513855, 0.5132496356964111, 0.5111575722694397, 0.5104602575302124, 0.4993026554584503, 0.5027893781661987, 0.5111575722694397, 0.4923291504383087, 0.49163180589675903, 0.5013946890830994, 0.48465830087661743, 0.4895397424697876, 0.5223152041435242, 0.4853556454181671, 0.4818688929080963, 0.4972105920314789, 0.4923291504383087, 0.5006973743438721], "benchmark_89": [734.0, 713.0, 729.0, 735.0, 698.0, 701.0, 702.0, 718.0, 713.0, 701.0, 728.0, 729.0, 715.0, 739.0, 732.0, 685.0, 738.0, 743.0, 721.0, 728.0, 716.0], "TP": [289.0, 312.0, 304.0, 284.0, 301.0, 313.0, 304.0, 311.0, 293.0, 316.0, 305.0, 300.0, 304.0, 285.0, 297.0, 317.0, 318.0, 285.0, 289.0, 306.0, 314.0], "TN": [411.0, 409.0, 401.0, 415.0, 435.0, 420.0, 428.0, 405.0, 428.0, 417.0, 401.0, 405.0, 415.0, 410.0, 405.0, 432.0, 378.0, 406.0, 424.0, 400.0, 404.0], "FP": [306.0, 308.0, 316.0, 302.0, 282.0, 297.0, 289.0, 312.0, 289.0, 300.0, 316.0, 312.0, 302.0, 307.0, 312.0, 285.0, 339.0, 311.0, 293.0, 317.0, 313.0], "FN": [428.0, 405.0, 413.0, 433.0, 416.0, 404.0, 413.0, 406.0, 424.0, 401.0, 412.0, 417.0, 413.0, 432.0, 420.0, 400.0, 399.0, 432.0, 428.0, 411.0, 403.0], "Precision": [0.48571428656578064, 0.5032258033752441, 0.4903225898742676, 0.4846416413784027, 0.5162950158119202, 0.5131147503852844, 0.5126475691795349, 0.49919742345809937, 0.5034364461898804, 0.5129870176315308, 0.4911433160305023, 0.4901960790157318, 0.5016501545906067, 0.4814189076423645, 0.4876847267150879, 0.5265780687332153, 0.4840182662010193, 0.4781879186630249, 0.496563583612442, 0.4911717474460602, 0.50079745054245], "Recall": [0.40306833386421204, 0.4351464509963989, 0.42398884892463684, 0.39609482884407043, 0.41980475187301636, 0.4365411400794983, 0.42398884892463684, 0.4337517321109772, 0.4086471498012543, 0.4407252371311188, 0.4253835380077362, 0.4184100329875946, 0.42398884892463684, 0.3974895477294922, 0.4142259359359741, 0.4421199560165405, 0.4435146450996399, 0.3974895477294922, 0.40306833386421204, 0.42677825689315796, 0.43793582916259766], "AUC": [0.4965813457965851, 0.5111041069030762, 0.5020249485969543, 0.4864945411682129, 0.5178607702255249, 0.5287382006645203, 0.4986101984977722, 0.510966956615448, 0.5041004419326782, 0.5069375038146973, 0.49579060077667236, 0.48369932174682617, 0.48060742020606995, 0.49213171005249023, 0.47766533493995667, 0.5200257301330566, 0.49587810039520264, 0.47598662972450256, 0.507936418056488, 0.503859281539917, 0.5011058449745178], "val_loss": [0.6945977807044983, 0.6945952773094177, 0.6945884227752686, 0.6945816278457642, 0.6945723295211792, 0.6945710182189941, 0.6945716738700867, 0.6945742964744568, 0.6945715546607971, 0.6945671439170837, 0.6945645809173584, 0.6945663094520569, 0.6945608258247375, 0.6945575475692749, 0.6945545673370361, 0.6945541501045227, 0.6945534944534302, 0.6945511102676392, 0.6945501565933228, 0.6945495009422302, 0.6945460438728333], "val_accuracy": [0.3781818151473999, 0.3781818151473999, 0.3781818151473999, 0.3781818151473999, 0.3781818151473999, 0.3781818151473999, 0.3781818151473999, 0.3781818151473999, 0.3781818151473999, 0.3781818151473999, 0.3781818151473999, 0.3781818151473999, 0.3781818151473999, 0.3781818151473999, 0.3781818151473999, 0.3781818151473999, 0.3781818151473999, 0.3781818151473999, 0.3781818151473999, 0.3781818151473999, 0.3781818151473999], "val_benchmark_89": [171.0, 171.0, 171.0, 171.0, 171.0, 171.0, 171.0, 171.0, 171.0, 171.0, 171.0, 171.0, 171.0, 171.0, 171.0, 171.0, 171.0, 171.0, 171.0, 171.0, 171.0], "val_TP": [0.0, 0.0, 0.0, 0.0, 0.0, 0.0, 0.0, 0.0, 0.0, 0.0, 0.0, 0.0, 0.0, 0.0, 0.0, 0.0, 0.0, 0.0, 0.0, 0.0, 0.0], "val_TN": [104.0, 104.0, 104.0, 104.0, 104.0, 104.0, 104.0, 104.0, 104.0, 104.0, 104.0, 104.0, 104.0, 104.0, 104.0, 104.0, 104.0, 104.0, 104.0, 104.0, 104.0], "val_FP": [0.0, 0.0, 0.0, 0.0, 0.0, 0.0, 0.0, 0.0, 0.0, 0.0, 0.0, 0.0, 0.0, 0.0, 0.0, 0.0, 0.0, 0.0, 0.0, 0.0, 0.0], "val_FN": [171.0, 171.0, 171.0, 171.0, 171.0, 171.0, 171.0, 171.0, 171.0, 171.0, 171.0, 171.0, 171.0, 171.0, 171.0, 171.0, 171.0, 171.0, 171.0, 171.0, 171.0], "val_Precision": [0.0, 0.0, 0.0, 0.0, 0.0, 0.0, 0.0, 0.0, 0.0, 0.0, 0.0, 0.0, 0.0, 0.0, 0.0, 0.0, 0.0, 0.0, 0.0, 0.0, 0.0], "val_Recall": [0.0, 0.0, 0.0, 0.0, 0.0, 0.0, 0.0, 0.0, 0.0, 0.0, 0.0, 0.0, 0.0, 0.0, 0.0, 0.0, 0.0, 0.0, 0.0, 0.0, 0.0], "val_AUC": [0.5175438523292542, 0.5175438523292542, 0.5175438523292542, 0.5175438523292542, 0.5204678177833557, 0.5204678177833557, 0.5204678177833557, 0.5204678177833557, 0.5204678177833557, 0.5185841917991638, 0.5215080976486206, 0.5185841917991638, 0.5244321227073669, 0.5244321227073669, 0.5244321227073669, 0.5244321227073669, 0.5244321227073669, 0.5244321227073669, 0.5273560881614685, 0.5273560881614685, 0.5302799940109253]}