{"loss": [0.39933356642723083, 0.26169320940971375, 0.24678371846675873, 0.22804586589336395, 0.21522293984889984, 0.2143665850162506, 0.19615167379379272, 0.1959841400384903, 0.19080553948879242, 0.18939463794231415, 0.17703717947006226, 0.1775844842195511, 0.17442350089550018, 0.1676407903432846, 0.1660066694021225, 0.16457636654376984, 0.16860230267047882, 0.16408517956733704, 0.15921205282211304, 0.16379126906394958, 0.1551801711320877, 0.15868230164051056, 0.15601566433906555, 0.15144039690494537, 0.14815489947795868, 0.14800824224948883, 0.1495353728532791, 0.1465778797864914, 0.14907334744930267, 0.14523811638355255, 0.14381667971611023, 0.13703840970993042, 0.14415501058101654, 0.1380123347043991, 0.13626863062381744, 0.13595080375671387, 0.1336645483970642, 0.13426873087882996, 0.1307138055562973], "accuracy": [0.5076708793640137, 0.5313807725906372, 0.5209205150604248, 0.5048814415931702, 0.5181310772895813, 0.4923291504383087, 0.5216178297996521, 0.49790793657302856, 0.5397489666938782, 0.5334727764129639, 0.5529986023902893, 0.543235719203949, 0.5641562342643738, 0.6052998900413513, 0.6108786463737488, 0.6262203454971313, 0.6171548366546631, 0.6269177198410034, 0.6429567933082581, 0.6394700407981873, 0.6687586903572083, 0.642259418964386, 0.6569037437438965, 0.6750348806381226, 0.6785216331481934, 0.6799163222312927, 0.6687586903572083, 0.6827057003974915, 0.6792189478874207, 0.7078103423118591, 0.6938633322715759, 0.7085076570510864, 0.6945606470108032, 0.7182705998420715, 0.7273361086845398, 0.7336122989654541, 0.7287307977676392, 0.7336122989654541, 0.7440724968910217], "benchmark_989": [706.0, 672.0, 687.0, 710.0, 691.0, 728.0, 686.0, 720.0, 660.0, 669.0, 641.0, 655.0, 625.0, 566.0, 558.0, 536.0, 549.0, 535.0, 512.0, 517.0, 475.0, 513.0, 492.0, 466.0, 461.0, 459.0, 475.0, 455.0, 460.0, 419.0, 439.0, 418.0, 438.0, 404.0, 391.0, 382.0, 389.0, 382.0, 367.0], "TP": [368.0, 393.0, 372.0, 365.0, 362.0, 366.0, 372.0, 347.0, 406.0, 361.0, 412.0, 388.0, 418.0, 434.0, 415.0, 426.0, 427.0, 447.0, 461.0, 448.0, 465.0, 428.0, 466.0, 470.0, 461.0, 464.0, 454.0, 449.0, 465.0, 469.0, 488.0, 479.0, 472.0, 479.0, 481.0, 477.0, 492.0, 489.0, 490.0], "TN": [360.0, 369.0, 375.0, 359.0, 381.0, 340.0, 376.0, 367.0, 368.0, 404.0, 381.0, 391.0, 391.0, 434.0, 461.0, 472.0, 458.0, 452.0, 461.0, 469.0, 494.0, 493.0, 476.0, 498.0, 512.0, 511.0, 505.0, 530.0, 509.0, 546.0, 507.0, 537.0, 524.0, 551.0, 562.0, 575.0, 553.0, 563.0, 577.0], "FP": [357.0, 348.0, 342.0, 358.0, 336.0, 377.0, 341.0, 350.0, 349.0, 313.0, 336.0, 326.0, 326.0, 283.0, 256.0, 245.0, 259.0, 265.0, 256.0, 248.0, 223.0, 224.0, 241.0, 219.0, 205.0, 206.0, 212.0, 187.0, 208.0, 171.0, 210.0, 180.0, 193.0, 166.0, 155.0, 142.0, 164.0, 154.0, 140.0], "FN": [349.0, 324.0, 345.0, 352.0, 355.0, 351.0, 345.0, 370.0, 311.0, 356.0, 305.0, 329.0, 299.0, 283.0, 302.0, 291.0, 290.0, 270.0, 256.0, 269.0, 252.0, 289.0, 251.0, 247.0, 256.0, 253.0, 263.0, 268.0, 252.0, 248.0, 229.0, 238.0, 245.0, 238.0, 236.0, 240.0, 225.0, 228.0, 227.0], "Precision": [0.5075861811637878, 0.5303643941879272, 0.5210084319114685, 0.5048409700393677, 0.5186246633529663, 0.4925975799560547, 0.52173912525177, 0.49784791469573975, 0.5377483367919922, 0.5356082916259766, 0.5508021116256714, 0.5434173941612244, 0.5618279576301575, 0.6052998900413513, 0.6184799075126648, 0.6348733305931091, 0.6224489808082581, 0.6278089880943298, 0.6429567933082581, 0.6436781883239746, 0.6758720874786377, 0.6564416885375977, 0.6591230630874634, 0.6821480393409729, 0.6921921968460083, 0.6925373077392578, 0.6816816926002502, 0.705974817276001, 0.6909360885620117, 0.7328125238418579, 0.6991404294967651, 0.7268588542938232, 0.7097744345664978, 0.7426356673240662, 0.7562893033027649, 0.7705977559089661, 0.75, 0.7604976892471313, 0.7777777910232544], "Recall": [0.5132496356964111, 0.5481171607971191, 0.5188284516334534, 0.509065568447113, 0.5048814415931702, 0.5104602575302124, 0.5188284516334534, 0.48396095633506775, 0.5662482380867004, 0.5034867525100708, 0.5746164321899414, 0.5411436557769775, 0.5829846858978271, 0.6052998900413513, 0.5788005590438843, 0.5941422581672668, 0.5955369472503662, 0.6234309673309326, 0.6429567933082581, 0.624825656414032, 0.6485355496406555, 0.5969316363334656, 0.6499302387237549, 0.6555090546607971, 0.6429567933082581, 0.6471408605575562, 0.633193850517273, 0.6262203454971313, 0.6485355496406555, 0.6541143655776978, 0.6806136965751648, 0.668061375617981, 0.6582984924316406, 0.668061375617981, 0.6708507537841797, 0.6652719378471375, 0.6861924529075623, 0.6820083856582642, 0.6834030747413635], "AUC": [0.5031959414482117, 0.5435907244682312, 0.533917248249054, 0.5099078416824341, 0.5190151929855347, 0.482674241065979, 0.5268319249153137, 0.5041530132293701, 0.5335768461227417, 0.5433281064033508, 0.5769623517990112, 0.5707163214683533, 0.5918157696723938, 0.6455477476119995, 0.6561519503593445, 0.6710987091064453, 0.6490345001220703, 0.670436441898346, 0.6984695196151733, 0.6845964193344116, 0.7224751114845276, 0.710658073425293, 0.7225490212440491, 0.7393116354942322, 0.7510645389556885, 0.7516159415245056, 0.7410633563995361, 0.7588841915130615, 0.7466499209403992, 0.7696031332015991, 0.7697617411613464, 0.7928364872932434, 0.7656067609786987, 0.7921595573425293, 0.8024904727935791, 0.7948107719421387, 0.8062329888343811, 0.805557906627655, 0.8176813125610352], "val_loss": [0.20396214723587036, 0.29436883330345154, 0.2076975405216217, 0.2004839926958084, 0.16696341335773468, 0.2142103612422943, 0.17558762431144714, 0.16443563997745514, 0.171650230884552, 0.16223645210266113, 0.16351008415222168, 0.15793181955814362, 0.18105949461460114, 0.21205568313598633, 0.15144643187522888, 0.16385400295257568, 0.1490313708782196, 0.15143753588199615, 0.1486925482749939, 0.19150422513484955, 0.274063378572464, 0.19712671637535095, 0.16058646142482758, 0.16654817759990692, 0.193262979388237, 0.23949863016605377, 0.1745796650648117, 0.15803678333759308, 0.15335072576999664, 0.1480422019958496, 0.16614675521850586, 0.17670515179634094, 0.21805162727832794, 0.15623308718204498, 0.3008514940738678, 0.18059039115905762, 0.14956456422805786, 0.20492227375507355, 0.2077982872724533], "val_accuracy": [0.3781818151473999, 0.3781818151473999, 0.3781818151473999, 0.3781818151473999, 0.6218181848526001, 0.3781818151473999, 0.4145454466342926, 0.6218181848526001, 0.47999998927116394, 0.6218181848526001, 0.6727272868156433, 0.610909104347229, 0.4727272689342499, 0.4618181884288788, 0.6654545664787292, 0.5527272820472717, 0.6727272868156433, 0.6654545664787292, 0.6872727274894714, 0.4872727394104004, 0.4727272689342499, 0.6327272653579712, 0.5963636636734009, 0.5636363625526428, 0.6218181848526001, 0.4618181884288788, 0.5563636422157288, 0.6218181848526001, 0.6690909266471863, 0.6581818461418152, 0.6436363458633423, 0.5600000023841858, 0.47999998927116394, 0.6000000238418579, 0.41090908646583557, 0.5381818413734436, 0.6363636255264282, 0.5418182015419006, 0.5199999809265137], "val_benchmark_989": [171.0, 171.0, 171.0, 171.0, 104.0, 171.0, 161.0, 104.0, 143.0, 104.0, 90.0, 107.0, 145.0, 148.0, 92.0, 123.0, 90.0, 92.0, 86.0, 141.0, 145.0, 101.0, 111.0, 120.0, 104.0, 148.0, 122.0, 104.0, 91.0, 94.0, 98.0, 121.0, 143.0, 110.0, 162.0, 127.0, 100.0, 126.0, 132.0], "val_TP": [0.0, 0.0, 0.0, 0.0, 171.0, 0.0, 10.0, 171.0, 32.0, 171.0, 148.0, 168.0, 27.0, 23.0, 156.0, 66.0, 136.0, 142.0, 117.0, 31.0, 27.0, 171.0, 78.0, 62.0, 167.0, 24.0, 59.0, 84.0, 108.0, 139.0, 161.0, 59.0, 30.0, 101.0, 9.0, 50.0, 96.0, 52.0, 43.0], "val_TN": [104.0, 104.0, 104.0, 104.0, 0.0, 104.0, 104.0, 0.0, 100.0, 0.0, 37.0, 0.0, 103.0, 104.0, 27.0, 86.0, 49.0, 41.0, 72.0, 103.0, 103.0, 3.0, 86.0, 93.0, 4.0, 103.0, 94.0, 87.0, 76.0, 42.0, 16.0, 95.0, 102.0, 64.0, 104.0, 98.0, 79.0, 97.0, 100.0],