{"loss": [59.131195068359375, 11.22552490234375, 5.734430313110352, 13.35417652130127, 11.760700225830078, 10.808568954467773, 16.709779739379883, 12.823780059814453, 13.989471435546875, 12.979352951049805, 15.062993049621582, 7.703639030456543, 9.90422534942627, 22.656362533569336, 23.677522659301758, 5.96412467956543, 7.768489837646484, 19.303009033203125, 7.41205358505249, 17.86606788635254, 15.960294723510742, 9.875068664550781], "accuracy": [0.5, 0.5230125784873962, 0.5167363882064819, 0.5104602575302124, 0.48047420382499695, 0.5027893781661987, 0.5278940200805664, 0.5034867525100708, 0.482566237449646, 0.4714086353778839, 0.49860531091690063, 0.4888423979282379, 0.49093446135520935, 0.49860531091690063, 0.5013946890830994, 0.4993026554584503, 0.49860531091690063, 0.4895397424697876, 0.48465830087661743, 0.5111575722694397, 0.49163180589675903, 0.5013946890830994], "benchmark_592": [717.0, 684.0, 693.0, 702.0, 745.0, 713.0, 677.0, 712.0, 742.0, 758.0, 719.0, 733.0, 730.0, 719.0, 715.0, 718.0, 719.0, 732.0, 739.0, 701.0, 729.0, 715.0], "TP": [364.0, 384.0, 384.0, 359.0, 352.0, 355.0, 379.0, 362.0, 351.0, 323.0, 349.0, 347.0, 360.0, 359.0, 363.0, 370.0, 358.0, 354.0, 357.0, 373.0, 347.0, 359.0], "TN": [353.0, 366.0, 357.0, 373.0, 337.0, 366.0, 378.0, 360.0, 341.0, 353.0, 366.0, 354.0, 344.0, 356.0, 356.0, 346.0, 357.0, 348.0, 338.0, 360.0, 358.0, 360.0], "FP": [364.0, 351.0, 360.0, 344.0, 380.0, 351.0, 339.0, 357.0, 376.0, 364.0, 351.0, 363.0, 373.0, 361.0, 361.0, 371.0, 360.0, 369.0, 379.0, 357.0, 359.0, 357.0], "FN": [353.0, 333.0, 333.0, 358.0, 365.0, 362.0, 338.0, 355.0, 366.0, 394.0, 368.0, 370.0, 357.0, 358.0, 354.0, 347.0, 359.0, 363.0, 360.0, 344.0, 370.0, 358.0], "Precision": [0.5, 0.5224489569664001, 0.5161290168762207, 0.5106685757637024, 0.48087432980537415, 0.5028328895568848, 0.5278551578521729, 0.5034770369529724, 0.4828060567378998, 0.4701601266860962, 0.4985714256763458, 0.48873239755630493, 0.49113231897354126, 0.49861112236976624, 0.5013812184333801, 0.4993252456188202, 0.49860724806785583, 0.48962655663490295, 0.4850543439388275, 0.5109589099884033, 0.49150142073631287, 0.501396656036377], "Recall": [0.5076708793640137, 0.5355648398399353, 0.5355648398399353, 0.5006973743438721, 0.49093446135520935, 0.49511855840682983, 0.5285913348197937, 0.5048814415931702, 0.4895397424697876, 0.4504881501197815, 0.4867503345012665, 0.48396095633506775, 0.5020920634269714, 0.5006973743438721, 0.5062761306762695, 0.5160390734672546, 0.4993026554584503, 0.4937238395214081, 0.49790793657302856, 0.5202231407165527, 0.48396095633506775, 0.5006973743438721], "AUC": [0.506702184677124, 0.5105030536651611, 0.5115728974342346, 0.500223696231842, 0.48458048701286316, 0.5170359015464783, 0.5220555067062378, 0.5059386491775513, 0.47742605209350586, 0.4634391963481903, 0.4898548722267151, 0.5016359090805054, 0.49467501044273376, 0.5120086073875427, 0.4989476203918457, 0.5127614140510559, 0.4937092363834381, 0.48495203256607056, 0.48221123218536377, 0.5058151483535767, 0.5024334192276001, 0.4872337281703949], "val_loss": [5.237705230712891, 8.445796012878418, 16.514179229736328, 18.46612548828125, 63.61330795288086, 0.1240151971578598, 5.602013111114502, 0.21791936457157135, 0.1702929586172104, 3.102782726287842, 0.7083379030227661, 0.3343445062637329, 0.1382346898317337, 2.8862669467926025, 10.6060152053833, 0.12691748142242432, 0.09976640343666077, 4.066776275634766, 0.05111898481845856, 0.056321460753679276, 1.9883906841278076, 0.07938521355390549], "val_accuracy": [0.3781818151473999, 0.6218181848526001, 0.6218181848526001, 0.6218181848526001, 0.6218181848526001, 0.3781818151473999, 0.3781818151473999, 0.3781818151473999, 0.3781818151473999, 0.6218181848526001, 0.6218181848526001, 0.3781818151473999, 0.6218181848526001, 0.3781818151473999, 0.6218181848526001, 0.5163636207580566, 0.3781818151473999, 0.6218181848526001, 0.6218181848526001, 0.3781818151473999, 0.6218181848526001, 0.42181816697120667], "val_benchmark_592": [171.0, 104.0, 104.0, 104.0, 104.0, 171.0, 171.0, 171.0, 171.0, 104.0, 104.0, 171.0, 104.0, 171.0, 104.0, 133.0, 171.0, 104.0, 104.0, 171.0, 104.0, 159.0], "val_TP": [0.0, 171.0, 171.0, 171.0, 171.0, 0.0, 0.0, 0.0, 0.0, 171.0, 171.0, 0.0, 171.0, 0.0, 171.0, 55.0, 0.0, 171.0, 171.0, 0.0, 171.0, 19.0], "val_TN": [104.0, 0.0, 0.0, 0.0, 0.0, 104.0, 104.0, 104.0, 104.0, 0.0, 0.0, 104.0, 0.0, 104.0, 0.0, 87.0, 104.0, 0.0, 0.0, 104.0, 0.0, 97.0], "val_FP": [0.0, 104.0, 104.0, 104.0, 104.0, 0.0, 0.0, 0.0, 0.0, 104.0, 104.0, 0.0, 104.0, 0.0, 104.0, 17.0, 0.0, 104.0, 104.0, 0.0, 104.0, 7.0], "val_FN": [171.0, 0.0, 0.0, 0.0, 0.0, 171.0, 171.0, 171.0, 171.0, 0.0, 0.0, 171.0, 0.0, 171.0, 0.0, 116.0, 171.0, 0.0, 0.0, 171.0, 0.0, 152.0], "val_Precision": [0.0, 0.6218181848526001, 0.6218181848526001, 0.6218181848526001, 0.6218181848526001, 0.0, 0.0, 0.0, 0.0, 0.6218181848526001, 0.6218181848526001, 0.0, 0.6218181848526001, 0.0, 0.6218181848526001, 0.7638888955116272, 0.0, 0.6218181848526001, 0.6218181848526001, 0.0, 0.6218181848526001, 0.7307692170143127], "val_Recall": [0.0, 1.0, 1.0, 1.0, 1.0, 0.0, 0.0, 0.0, 0.0, 1.0, 1.0, 0.0, 1.0, 0.0, 1.0, 0.32163742184638977, 0.0, 1.0, 1.0, 0.0, 1.0, 0.1111111119389534], "val_AUC": [0.5, 0.5, 0.5, 0.5, 0.5, 0.4552406668663025, 0.5, 0.5490046739578247, 0.5215643644332886, 0.5, 0.589490532875061, 0.46544647216796875, 0.5466711521148682, 0.6029857993125916, 0.5, 0.5960695743560791, 0.5272436141967773, 0.5, 0.6319162845611572, 0.7002361416816711, 0.3563033938407898, 0.5373088121414185]}