{"loss": [0.7268839478492737, 0.7087807059288025, 0.7063664197921753, 0.7096487283706665, 0.6965844631195068, 0.686654806137085, 0.6805275678634644, 0.6750226616859436, 0.6777020692825317, 0.6742154955863953, 0.6713775396347046, 0.6538316011428833, 0.6539952158927917, 0.6507776379585266, 0.6518850922584534, 0.6476494073867798, 0.6542465090751648, 0.6481541395187378, 0.6514679193496704, 0.6494568586349487, 0.6346225142478943, 0.63893723487854, 0.6363074779510498, 0.639506459236145, 0.6316840052604675, 0.623681366443634, 0.6361428499221802, 0.6360848546028137, 0.6319453716278076, 0.6216278672218323, 0.6320122480392456, 0.6228994131088257, 0.630179226398468, 0.6226773262023926, 0.6317963004112244, 0.6295030117034912, 0.6231072545051575], "accuracy": [0.517433762550354, 0.5292887091636658, 0.5299860239028931, 0.5230125784873962, 0.5306833982467651, 0.5550906658172607, 0.5711296796798706, 0.5808926224708557, 0.5725244283676147, 0.5774058699607849, 0.5808926224708557, 0.6122733354568481, 0.6129707098007202, 0.607391893863678, 0.6059972047805786, 0.6129707098007202, 0.6018131375312805, 0.6185495257377625, 0.6115760207176208, 0.6171548366546631, 0.6290097832679749, 0.6227335929870605, 0.633891224861145, 0.6394700407981873, 0.6380752921104431, 0.6443514823913574, 0.6269177198410034, 0.6269177198410034, 0.6555090546607971, 0.6450487971305847, 0.6408647298812866, 0.6373779773712158, 0.6387726664543152, 0.6485355496406555, 0.6436541080474854, 0.6478382349014282, 0.6471408605575562], "benchmark_1532": [692.0, 675.0, 674.0, 684.0, 673.0, 638.0, 615.0, 601.0, 613.0, 606.0, 601.0, 556.0, 555.0, 563.0, 565.0, 555.0, 571.0, 547.0, 557.0, 549.0, 532.0, 541.0, 525.0, 517.0, 519.0, 510.0, 535.0, 535.0, 494.0, 509.0, 515.0, 520.0, 518.0, 504.0, 511.0, 505.0, 506.0], "TP": [254.0, 389.0, 378.0, 360.0, 376.0, 398.0, 396.0, 393.0, 395.0, 398.0, 414.0, 423.0, 453.0, 424.0, 430.0, 433.0, 430.0, 447.0, 436.0, 447.0, 440.0, 440.0, 454.0, 461.0, 455.0, 472.0, 451.0, 444.0, 465.0, 469.0, 464.0, 454.0, 457.0, 460.0, 466.0, 452.0, 462.0], "TN": [488.0, 370.0, 382.0, 390.0, 385.0, 398.0, 423.0, 440.0, 426.0, 430.0, 419.0, 455.0, 426.0, 447.0, 439.0, 446.0, 433.0, 440.0, 441.0, 438.0, 462.0, 453.0, 455.0, 456.0, 460.0, 452.0, 448.0, 455.0, 475.0, 456.0, 455.0, 460.0, 459.0, 470.0, 457.0, 477.0, 466.0], "FP": [229.0, 347.0, 335.0, 327.0, 332.0, 319.0, 294.0, 277.0, 291.0, 287.0, 298.0, 262.0, 291.0, 270.0, 278.0, 271.0, 284.0, 277.0, 276.0, 279.0, 255.0, 264.0, 262.0, 261.0, 257.0, 265.0, 269.0, 262.0, 242.0, 261.0, 262.0, 257.0, 258.0, 247.0, 260.0, 240.0, 251.0], "FN": [463.0, 328.0, 339.0, 357.0, 341.0, 319.0, 321.0, 324.0, 322.0, 319.0, 303.0, 294.0, 264.0, 293.0, 287.0, 284.0, 287.0, 270.0, 281.0, 270.0, 277.0, 277.0, 263.0, 256.0, 262.0, 245.0, 266.0, 273.0, 252.0, 248.0, 253.0, 263.0, 260.0, 257.0, 251.0, 265.0, 255.0], "Precision": [0.5258799195289612, 0.5285326242446899, 0.530154287815094, 0.5240174531936646, 0.5310734510421753, 0.5550906658172607, 0.573913037776947, 0.5865671634674072, 0.5758017301559448, 0.5810219049453735, 0.5814606547355652, 0.6175182461738586, 0.6088709831237793, 0.6109510064125061, 0.6073446273803711, 0.6150568127632141, 0.6022409200668335, 0.6174033284187317, 0.6123595237731934, 0.6157024502754211, 0.633093535900116, 0.625, 0.6340782046318054, 0.638504147529602, 0.6390449404716492, 0.640434205532074, 0.6263889074325562, 0.6288951635360718, 0.6577086448669434, 0.6424657702445984, 0.6391184329986572, 0.6385372877120972, 0.6391608119010925, 0.6506364941596985, 0.641873300075531, 0.6531791687011719, 0.6479663252830505], "Recall": [0.3542538285255432, 0.5425383448600769, 0.5271966457366943, 0.5020920634269714, 0.5244072675704956, 0.5550906658172607, 0.5523012280464172, 0.5481171607971191, 0.5509065389633179, 0.5550906658172607, 0.5774058699607849, 0.589958131313324, 0.6317991614341736, 0.5913528800010681, 0.5997210741043091, 0.6039051413536072, 0.5997210741043091, 0.6234309673309326, 0.60808926820755, 0.6234309673309326, 0.6136680841445923, 0.6136680841445923, 0.633193850517273, 0.6429567933082581, 0.6345885396003723, 0.6582984924316406, 0.6290097832679749, 0.6192468404769897, 0.6485355496406555, 0.6541143655776978, 0.6471408605575562, 0.633193850517273, 0.6373779773712158, 0.6415620446205139, 0.6499302387237549, 0.6304044723510742, 0.6443514823913574], "AUC": [0.51447993516922, 0.5366979241371155, 0.5441703200340271, 0.5363137722015381, 0.5597386956214905, 0.5791730880737305, 0.6007471084594727, 0.6126866936683655, 0.6035715341567993, 0.6094567179679871, 0.6191340088844299, 0.6539314985275269, 0.6562365889549255, 0.6563785672187805, 0.6570215225219727, 0.6623765826225281, 0.6510448455810547, 0.6664079427719116, 0.6622598171234131, 0.6666520833969116, 0.6809365749359131, 0.6795787811279297, 0.6841168999671936, 0.6839923858642578, 0.6928684711456299, 0.7016391754150391, 0.6848065853118896, 0.6847724914550781, 0.7012832164764404, 0.7063320279121399, 0.6941104531288147, 0.7023909687995911, 0.6984500885009766, 0.7068815231323242, 0.6949729919433594, 0.7029426097869873, 0.7075856328010559], "val_loss": [0.6883816123008728, 0.7040611505508423, 0.6860105395317078, 0.6747261881828308, 0.6714133620262146, 0.6701478362083435, 0.6657675504684448, 0.6635459065437317, 0.6622176766395569, 0.6636028289794922, 0.6598802804946899, 0.6551533937454224, 0.65897536277771, 0.648830235004425, 0.6352682113647461, 0.6336629390716553, 0.6309137344360352, 0.6212159395217896, 0.6169850826263428, 0.6220069527626038, 0.6009493470191956, 0.6026047468185425, 0.6133263111114502, 0.5874228477478027, 0.5904858112335205, 0.6521065831184387, 0.6452990770339966, 0.6244383454322815, 0.6456761360168457, 0.5909456014633179, 0.5812391042709351, 0.6375935077667236, 0.6019371151924133, 0.6815736293792725, 0.6033174395561218, 0.6072700619697571, 0.5787304043769836], "val_accuracy": [0.6218181848526001, 0.3781818151473999, 0.6218181848526001, 0.6218181848526001, 0.6218181848526001, 0.6218181848526001, 0.6218181848526001, 0.6218181848526001, 0.6218181848526001, 0.6218181848526001, 0.6218181848526001, 0.6218181848526001, 0.6218181848526001, 0.6218181848526001, 0.6181818246841431, 0.6363636255264282, 0.6945454478263855, 0.6836363673210144, 0.6836363673210144, 0.6472727060317993, 0.6727272868156433, 0.6654545664787292, 0.6399999856948853, 0.6800000071525574, 0.6690909266471863, 0.6218181848526001, 0.6218181848526001, 0.6436363458633423, 0.610909104347229, 0.6690909266471863, 0.6763636469841003, 0.6254545450210571, 0.6581818461418152, 0.5963636636734009, 0.6581818461418152, 0.6581818461418152, 0.6654545664787292], "val_benchmark_1532": [104.0, 171.0, 104.0, 104.0, 104.0, 104.0, 104.0, 104.0, 104.0, 104.0, 104.0, 104.0, 104.0, 104.0, 105.0, 100.0, 84.0, 87.0, 87.0, 97.0, 90.0, 92.0, 99.0, 88.0, 91.0, 104.0, 104.0, 98.0, 107.0, 91.0, 89.0, 103.0, 94.0, 111.0, 94.0, 94.0, 92.0], "val_TP": [171.0, 0.0, 171.0, 171.0, 171.0, 171.0, 171.0, 171.0, 171.0, 171.0, 171.0, 171.0, 171.0, 171.0, 170.0, 167.0, 136.0, 123.0, 117.0, 103.0, 126.0, 110.0, 97.0, 123.0, 120.0, 79.0, 80.0, 94.0, 83.0, 112.0, 115.0, 86.0, 106.0, 70.0, 101.0, 105.0, 115.0], "val_TN": [0.0, 104.0, 0.0, 0.0, 0.0, 0.0, 0.0, 0.0, 0.0, 0.0, 0.0, 0.0, 0.0, 0.0, 0.0, 8.0, 55.0, 65.0, 71.0, 75.0, 59.0, 73.0, 79.0, 64.0, 64.0, 92.0, 91.0, 83.0, 85.0, 72.0, 71.0, 86.0, 75.0, 94.0, 80.0, 76.0, 68.0], "val_FP": [104.0, 0.0, 104.0, 104.0, 104.0, 104.0, 104.0, 104.0, 104.0, 104.0, 104.0, 104.0, 104.0, 104.0, 104.0, 96.0, 49.0, 39.0, 33.0, 29.0, 45.0, 31.0, 25.0, 40.0, 40.0, 12.0, 13.0, 21.0, 19.0, 32.0, 33.0, 18.0, 29.0, 10.0, 24.0, 28.0, 36.0], "val_FN": [0.0, 171.0, 0.0, 0.0, 0.0, 0.0, 0.0, 0.0, 0.0, 0.0, 0.0, 0.0, 0.0, 0.0, 1.0, 4.0, 35.0, 48.0, 54.0, 68.0, 45.0, 61.0, 74.0, 48.0, 51.0, 92.0, 91.0, 77.0, 88.0, 59.0, 56.0, 85.0, 65.0, 101.0, 70.0, 66.0, 56.0],