{"loss": [0.6929534673690796, 0.6900041103363037, 0.6913520097732544, 0.6906222701072693, 0.6933303475379944, 0.6880781054496765, 0.6856407523155212, 0.688668966293335, 0.6869299411773682, 0.6840663552284241, 0.6870759725570679, 0.6859349012374878, 0.6848668456077576, 0.6812639236450195, 0.6803634762763977, 0.6846451163291931, 0.6806491017341614, 0.6783376336097717, 0.682594895362854, 0.6772469878196716, 0.6780888438224792], "accuracy": [0.5041841268539429, 0.5125523209571838, 0.5362622141838074, 0.5237098932266235, 0.5285913348197937, 0.5292887091636658, 0.5425383448600769, 0.5376569032669067, 0.5453277826309204, 0.5599721074104309, 0.5376569032669067, 0.5209205150604248, 0.5613667964935303, 0.5655509233474731, 0.5592747330665588, 0.543235719203949, 0.5676429271697998, 0.5662482380867004, 0.5488144755363464, 0.5620641708374023, 0.5613667964935303], "benchmark_332": [711.0, 699.0, 665.0, 683.0, 676.0, 675.0, 656.0, 663.0, 652.0, 631.0, 663.0, 687.0, 629.0, 623.0, 632.0, 655.0, 620.0, 622.0, 647.0, 628.0, 629.0], "TP": [455.0, 436.0, 456.0, 451.0, 427.0, 433.0, 440.0, 415.0, 409.0, 438.0, 417.0, 397.0, 410.0, 410.0, 406.0, 396.0, 400.0, 410.0, 388.0, 394.0, 387.0], "TN": [268.0, 299.0, 313.0, 300.0, 331.0, 326.0, 338.0, 356.0, 373.0, 365.0, 354.0, 350.0, 395.0, 401.0, 396.0, 383.0, 414.0, 402.0, 399.0, 412.0, 418.0], "FP": [449.0, 418.0, 404.0, 417.0, 386.0, 391.0, 379.0, 361.0, 344.0, 352.0, 363.0, 367.0, 322.0, 316.0, 321.0, 334.0, 303.0, 315.0, 318.0, 305.0, 299.0], "FN": [262.0, 281.0, 261.0, 266.0, 290.0, 284.0, 277.0, 302.0, 308.0, 279.0, 300.0, 320.0, 307.0, 307.0, 311.0, 321.0, 317.0, 307.0, 329.0, 323.0, 330.0], "Precision": [0.5033186078071594, 0.510538637638092, 0.5302325487136841, 0.5195852518081665, 0.5252152681350708, 0.5254854559898376, 0.5372405648231506, 0.5347937941551208, 0.5431606769561768, 0.554430365562439, 0.5346153974533081, 0.5196335315704346, 0.5601093173027039, 0.5647382736206055, 0.5584594011306763, 0.5424657464027405, 0.5689900517463684, 0.565517246723175, 0.5495750904083252, 0.5636623501777649, 0.5641399621963501], "Recall": [0.6345885396003723, 0.60808926820755, 0.6359832882881165, 0.6290097832679749, 0.5955369472503662, 0.6039051413536072, 0.6136680841445923, 0.5788005590438843, 0.5704323649406433, 0.6108786463737488, 0.581589937210083, 0.5536959767341614, 0.5718270540237427, 0.5718270540237427, 0.5662482380867004, 0.5523012280464172, 0.5578800439834595, 0.5718270540237427, 0.5411436557769775, 0.5495118498802185, 0.5397489666938782], "AUC": [0.5173949003219604, 0.5323280692100525, 0.5364285111427307, 0.5364412069320679, 0.5335729122161865, 0.5609232783317566, 0.571259081363678, 0.5529032945632935, 0.5634500980377197, 0.5799103379249573, 0.5571194887161255, 0.5572741031646729, 0.5783726572990417, 0.5856884717941284, 0.5871756076812744, 0.5700131058692932, 0.5882327556610107, 0.5948668718338013, 0.5696329474449158, 0.5957460403442383, 0.5896391868591309], "val_loss": [0.6793186664581299, 0.672917366027832, 0.6676628589630127, 0.6740365624427795, 0.6791988015174866, 0.6792224049568176, 0.678971529006958, 0.6777074933052063, 0.6773854494094849, 0.6771247386932373, 0.6758343577384949, 0.6744064092636108, 0.6730332374572754, 0.6717823147773743, 0.6709020733833313, 0.670255720615387, 0.6698698997497559, 0.6679360270500183, 0.6672482490539551, 0.6664302349090576, 0.6650540828704834], "val_accuracy": [0.6218181848526001, 0.6218181848526001, 0.6218181848526001, 0.614545464515686, 0.578181803226471, 0.5454545617103577, 0.5454545617103577, 0.5454545617103577, 0.5490909218788147, 0.5672727227210999, 0.5600000023841858, 0.5600000023841858, 0.5672727227210999, 0.5672727227210999, 0.5672727227210999, 0.5600000023841858, 0.5636363625526428, 0.5745454430580139, 0.578181803226471, 0.581818163394928, 0.5927272439002991], "val_benchmark_332": [104.0, 104.0, 104.0, 106.0, 116.0, 125.0, 125.0, 125.0, 124.0, 119.0, 121.0, 121.0, 119.0, 119.0, 119.0, 121.0, 120.0, 117.0, 116.0, 115.0, 112.0], "val_TP": [171.0, 171.0, 171.0, 166.0, 123.0, 95.0, 89.0, 91.0, 88.0, 88.0, 88.0, 90.0, 93.0, 91.0, 86.0, 85.0, 83.0, 86.0, 84.0, 84.0, 88.0], "val_TN": [0.0, 0.0, 0.0, 3.0, 36.0, 55.0, 61.0, 59.0, 63.0, 68.0, 66.0, 64.0, 63.0, 65.0, 70.0, 69.0, 72.0, 72.0, 75.0, 76.0, 75.0], "val_FP": [104.0, 104.0, 104.0, 101.0, 68.0, 49.0, 43.0, 45.0, 41.0, 36.0, 38.0, 40.0, 41.0, 39.0, 34.0, 35.0, 32.0, 32.0, 29.0, 28.0, 29.0], "val_FN": [0.0, 0.0, 0.0, 5.0, 48.0, 76.0, 82.0, 80.0, 83.0, 83.0, 83.0, 81.0, 78.0, 80.0, 85.0, 86.0, 88.0, 85.0, 87.0, 87.0, 83.0], "val_Precision": [0.6218181848526001, 0.6218181848526001, 0.6218181848526001, 0.6217228174209595, 0.6439790725708008, 0.6597222089767456, 0.6742424368858337, 0.6691176295280457, 0.682170569896698, 0.7096773982048035, 0.6984127163887024, 0.692307710647583, 0.6940298676490784, 0.699999988079071, 0.7166666388511658, 0.7083333134651184, 0.7217391133308411, 0.7288135886192322, 0.7433628439903259, 0.75, 0.752136766910553], "val_Recall": [1.0, 1.0, 1.0, 0.9707602262496948, 0.719298243522644, 0.5555555820465088, 0.5204678177833557, 0.5321637392044067, 0.5146198868751526, 0.5146198868751526, 0.5146198868751526, 0.5263158082962036, 0.5438596606254578, 0.5321637392044067, 0.5029239654541016, 0.49707603454589844, 0.4853801131248474, 0.5029239654541016, 0.4912280738353729, 0.4912280738353729, 0.5146198868751526], "val_AUC": [0.4745276868343353, 0.5722559690475464, 0.5616846680641174, 0.5721435546875, 0.5785818696022034, 0.5852733254432678, 0.5919927954673767, 0.5958726406097412, 0.5908681750297546, 0.6031264066696167, 0.6031545400619507, 0.6083558797836304, 0.611167311668396, 0.6176338195800781, 0.6257591247558594, 0.6293015480041504, 0.6334626078605652, 0.6442588567733765, 0.6552518606185913, 0.6580352783203125, 0.6602001190185547]}