{"loss": [0.6928885579109192, 0.6926565170288086, 0.6915252804756165, 0.689445972442627, 0.6881198883056641, 0.6876283288002014, 0.6866700649261475, 0.6865552663803101, 0.6846169829368591, 0.6831918954849243, 0.6789804697036743, 0.6786558628082275, 0.6744826436042786, 0.6726629734039307, 0.6697888970375061, 0.6680194139480591, 0.6666373014450073, 0.6637645959854126, 0.6598354578018188, 0.6563870310783386, 0.6485726833343506, 0.6451968550682068, 0.6431981921195984, 0.6413244605064392, 0.638084888458252, 0.6331283450126648, 0.6329391002655029, 0.6312083005905151, 0.6314464807510376, 0.632066011428833, 0.622241735458374, 0.623766303062439, 0.6249886155128479, 0.6246118545532227, 0.6212172508239746, 0.6155213713645935, 0.6171042323112488, 0.615972101688385, 0.6101495027542114, 0.6106218695640564, 0.6074731349945068, 0.6171912550926208, 0.6183773279190063, 0.604095995426178, 0.608698308467865, 0.6005228757858276, 0.6001232266426086, 0.6069771647453308, 0.6043983101844788, 0.5978814959526062, 0.5989706516265869], "accuracy": [0.5251045823097229, 0.5139470100402832, 0.5202231407165527, 0.5306833982467651, 0.5425383448600769, 0.5418410301208496, 0.5397489666938782, 0.5341701507568359, 0.5536959767341614, 0.5509065389633179, 0.5655509233474731, 0.5669456124305725, 0.5892608165740967, 0.5746164321899414, 0.5850766897201538, 0.5857740640640259, 0.5822873115539551, 0.5969316363334656, 0.6150627732276917, 0.616457462310791, 0.6087865829467773, 0.6192468404769897, 0.6311017870903015, 0.6436541080474854, 0.6317991614341736, 0.6478382349014282, 0.6359832882881165, 0.625523030757904, 0.6324965357780457, 0.6324965357780457, 0.6394700407981873, 0.6555090546607971, 0.6366806030273438, 0.6366806030273438, 0.6457461714744568, 0.633891224861145, 0.6457461714744568, 0.642259418964386, 0.6638772487640381, 0.6624825596809387, 0.6645746231079102, 0.6324965357780457, 0.6562064290046692, 0.6701534390449524, 0.6541143655776978, 0.6694560647010803, 0.6694560647010803, 0.6576011180877686, 0.6645746231079102, 0.672245442867279, 0.6687586903572083], "benchmark_700": [681.0, 697.0, 688.0, 673.0, 656.0, 657.0, 660.0, 668.0, 640.0, 644.0, 623.0, 621.0, 589.0, 610.0, 595.0, 594.0, 599.0, 578.0, 552.0, 550.0, 561.0, 546.0, 529.0, 511.0, 528.0, 505.0, 522.0, 537.0, 527.0, 527.0, 517.0, 494.0, 521.0, 521.0, 508.0, 525.0, 508.0, 513.0, 482.0, 484.0, 481.0, 527.0, 493.0, 473.0, 496.0, 474.0, 474.0, 491.0, 481.0, 470.0, 475.0], "TP": [351.0, 383.0, 359.0, 365.0, 347.0, 427.0, 383.0, 362.0, 417.0, 395.0, 380.0, 392.0, 406.0, 409.0, 388.0, 403.0, 412.0, 424.0, 434.0, 426.0, 423.0, 449.0, 445.0, 470.0, 445.0, 464.0, 453.0, 444.0, 450.0, 455.0, 463.0, 457.0, 464.0, 446.0, 458.0, 443.0, 461.0, 466.0, 465.0, 473.0, 475.0, 458.0, 476.0, 475.0, 469.0, 484.0, 467.0, 478.0, 480.0, 484.0, 474.0], "TN": [402.0, 354.0, 387.0, 396.0, 431.0, 350.0, 391.0, 404.0, 377.0, 395.0, 431.0, 421.0, 439.0, 415.0, 451.0, 437.0, 423.0, 432.0, 448.0, 458.0, 450.0, 439.0, 460.0, 453.0, 461.0, 465.0, 459.0, 453.0, 457.0, 452.0, 454.0, 483.0, 449.0, 467.0, 468.0, 466.0, 465.0, 455.0, 487.0, 477.0, 478.0, 449.0, 465.0, 486.0, 469.0, 476.0, 493.0, 465.0, 473.0, 480.0, 485.0], "FP": [315.0, 363.0, 330.0, 321.0, 286.0, 367.0, 326.0, 313.0, 340.0, 322.0, 286.0, 296.0, 278.0, 302.0, 266.0, 280.0, 294.0, 285.0, 269.0, 259.0, 267.0, 278.0, 257.0, 264.0, 256.0, 252.0, 258.0, 264.0, 260.0, 265.0, 263.0, 234.0, 268.0, 250.0, 249.0, 251.0, 252.0, 262.0, 230.0, 240.0, 239.0, 268.0, 252.0, 231.0, 248.0, 241.0, 224.0, 252.0, 244.0, 237.0, 232.0], "FN": [366.0, 334.0, 358.0, 352.0, 370.0, 290.0, 334.0, 355.0, 300.0, 322.0, 337.0, 325.0, 311.0, 308.0, 329.0, 314.0, 305.0, 293.0, 283.0, 291.0, 294.0, 268.0, 272.0, 247.0, 272.0, 253.0, 264.0, 273.0, 267.0, 262.0, 254.0, 260.0, 253.0, 271.0, 259.0, 274.0, 256.0, 251.0, 252.0, 244.0, 242.0, 259.0, 241.0, 242.0, 248.0, 233.0, 250.0, 239.0, 237.0, 233.0, 243.0], "Precision": [0.5270270109176636, 0.5134048461914062, 0.5210449695587158, 0.532069981098175, 0.548183262348175, 0.5377833843231201, 0.5401974320411682, 0.5362963080406189, 0.5508586764335632, 0.5509065389633179, 0.5705705881118774, 0.569767415523529, 0.5935672521591187, 0.5752461552619934, 0.5932721495628357, 0.5900439023971558, 0.5835694074630737, 0.598025381565094, 0.6173542141914368, 0.62189781665802, 0.613043487071991, 0.6176065802574158, 0.6339031457901001, 0.640326976776123, 0.6348074078559875, 0.6480447053909302, 0.6371307969093323, 0.6271186470985413, 0.6338028311729431, 0.6319444179534912, 0.6377410292625427, 0.6613603234291077, 0.6338797807693481, 0.6408045887947083, 0.6478076577186584, 0.6383285522460938, 0.6465638279914856, 0.6401098966598511, 0.6690647602081299, 0.6633940935134888, 0.6652660965919495, 0.6308540105819702, 0.6538461446762085, 0.6728045344352722, 0.6541143655776978, 0.6675862073898315, 0.6758321523666382, 0.6547945141792297, 0.6629834175109863, 0.67128986120224, 0.6713880896568298], "Recall": [0.4895397424697876, 0.5341701507568359, 0.5006973743438721, 0.509065568447113, 0.48396095633506775, 0.5955369472503662, 0.5341701507568359, 0.5048814415931702, 0.581589937210083, 0.5509065389633179, 0.5299860239028931, 0.5467224717140198, 0.5662482380867004, 0.5704323649406433, 0.5411436557769775, 0.5620641708374023, 0.5746164321899414, 0.5913528800010681, 0.6052998900413513, 0.5941422581672668, 0.589958131313324, 0.6262203454971313, 0.6206415891647339, 0.6555090546607971, 0.6206415891647339, 0.6471408605575562, 0.6317991614341736, 0.6192468404769897, 0.6276150345802307, 0.6345885396003723, 0.6457461714744568, 0.6373779773712158, 0.6471408605575562, 0.6220362782478333, 0.6387726664543152, 0.6178521513938904, 0.6429567933082581, 0.6499302387237549, 0.6485355496406555, 0.65969318151474, 0.6624825596809387, 0.6387726664543152, 0.6638772487640381, 0.6624825596809387, 0.6541143655776978, 0.6750348806381226, 0.651324987411499, 0.6666666865348816, 0.6694560647010803, 0.6750348806381226, 0.6610878705978394], "AUC": [0.5234560370445251, 0.5221683979034424, 0.5300424695014954, 0.546194314956665, 0.5546150803565979, 0.557956874370575, 0.5655927062034607, 0.5608134269714355, 0.5712084770202637, 0.5740601420402527, 0.5946577787399292, 0.5984771251678467, 0.613602876663208, 0.6171742081642151, 0.6208176016807556, 0.6284252405166626, 0.6328641772270203, 0.6391685009002686, 0.6503533124923706, 0.6603360772132874, 0.6672239899635315, 0.6744542121887207, 0.6797587275505066, 0.6868518590927124, 0.684749186038971, 0.6928741931915283, 0.6952667236328125, 0.6940481066703796, 0.6921282410621643, 0.6919171810150146, 0.7060897946357727, 0.7070682048797607, 0.7028870582580566, 0.7047398686408997, 0.7110286951065063, 0.7160432934761047, 0.7148733139038086, 0.7144988179206848, 0.7260153293609619, 0.7255037426948547, 0.7286355495452881, 0.7109090089797974, 0.7108798623085022, 0.7304717898368835, 0.7222650051116943, 0.7364590764045715, 0.7374112010002136, 0.7262253761291504, 0.7316135764122009, 0.7424045205116272, 0.7406373620033264], "val_loss": [0.6760843396186829, 0.6779109239578247, 0.6781400442123413, 0.6798169612884521, 0.6698399782180786, 0.6851502656936646, 0.6815380454063416, 0.6591102480888367, 0.6913833022117615, 0.6739582419395447, 0.6636630892753601, 0.6489316821098328, 0.6452196836471558, 0.6700812578201294, 0.718550980091095, 0.6382555961608887, 0.6351523399353027, 0.7050933241844177, 0.62961745262146, 0.6260885000228882, 0.618277370929718, 0.609901487827301, 0.6055462956428528, 0.6013041138648987, 0.6212785840034485, 0.6035280823707581, 0.5895301699638367, 0.598483681678772, 0.6453983783721924, 0.6486373543739319, 0.5821141004562378, 0.6568443775177002, 0.701728880405426, 0.5866940021514893, 0.5822865962982178, 0.5843220353126526, 0.5812889337539673, 0.5832663178443909, 0.6458463668823242, 0.5944660902023315, 0.5683517456054688, 0.5700051188468933, 0.5697071552276611, 0.5910874605178833, 0.5897942781448364, 0.5681126713752747, 0.7241343259811401, 0.5727675557136536, 0.6047641634941101, 0.6770568490028381, 0.6020787358283997],