{"loss": [0.6932190656661987, 0.6940891742706299, 0.6926192045211792, 0.6908456683158875, 0.6911250948905945, 0.6897373199462891, 0.6876834630966187, 0.6852495074272156, 0.6846216320991516, 0.6827584505081177, 0.6817581057548523, 0.6774105429649353, 0.6766454577445984, 0.6723768711090088, 0.6701319217681885, 0.6686805486679077, 0.6599254012107849, 0.6612352132797241, 0.6527108550071716, 0.650384247303009, 0.6466439962387085, 0.6463334560394287, 0.6411046981811523, 0.6401246786117554, 0.6367214918136597, 0.6329278945922852, 0.6366554498672485, 0.6297428011894226, 0.6291521191596985, 0.6220787167549133, 0.6273571848869324, 0.6223519444465637, 0.6242803931236267, 0.6169352531433105, 0.6216342449188232, 0.6154841184616089, 0.6219751238822937, 0.6165983080863953, 0.6148910522460938, 0.6145046353340149, 0.608689546585083, 0.603097677230835, 0.6159192323684692, 0.6107080578804016, 0.6024231910705566, 0.5996484756469727, 0.6045827865600586, 0.6038582921028137, 0.5973793864250183, 0.5962568521499634, 0.5962395668029785, 0.5952845811843872, 0.5888001322746277, 0.5909336805343628, 0.5891723036766052, 0.5820878744125366, 0.5874402523040771, 0.5825031995773315, 0.5926814079284668, 0.5769950151443481, 0.5842860341072083, 0.5818150043487549, 0.5827938914299011, 0.5793814659118652, 0.5722496509552002], "accuracy": [0.5062761306762695, 0.5104602575302124, 0.5118549466133118, 0.5188284516334534, 0.5341701507568359, 0.5425383448600769, 0.5362622141838074, 0.5592747330665588, 0.5669456124305725, 0.5760111808776855, 0.5746164321899414, 0.5997210741043091, 0.5836820006370544, 0.5920501947402954, 0.5913528800010681, 0.6011157631874084, 0.6122733354568481, 0.6011157631874084, 0.6241283416748047, 0.6213389039039612, 0.6290097832679749, 0.6206415891647339, 0.6269177198410034, 0.6317991614341736, 0.6359832882881165, 0.6380752921104431, 0.6352859139442444, 0.6380752921104431, 0.6415620446205139, 0.6499302387237549, 0.6394700407981873, 0.650627613067627, 0.6415620446205139, 0.6478382349014282, 0.6582984924316406, 0.6617852449417114, 0.6527196764945984, 0.6562064290046692, 0.6562064290046692, 0.6548117399215698, 0.6694560647010803, 0.6666666865348816, 0.65969318151474, 0.6534169912338257, 0.6715481281280518, 0.6520223021507263, 0.6701534390449524, 0.6638772487640381, 0.6673640012741089, 0.6827057003974915, 0.6743375062942505, 0.685495138168335, 0.6806136965751648, 0.6806136965751648, 0.6875871419906616, 0.685495138168335, 0.6896792054176331, 0.6861924529075623, 0.6743375062942505, 0.7029288411140442, 0.6966527104377747, 0.6785216331481934, 0.6945606470108032, 0.6896792054176331, 0.6966527104377747], "benchmark_467": [708.0, 702.0, 700.0, 690.0, 668.0, 656.0, 665.0, 632.0, 621.0, 608.0, 610.0, 574.0, 597.0, 585.0, 586.0, 572.0, 556.0, 572.0, 539.0, 543.0, 532.0, 544.0, 535.0, 528.0, 522.0, 519.0, 523.0, 519.0, 514.0, 502.0, 517.0, 501.0, 514.0, 505.0, 490.0, 485.0, 498.0, 493.0, 493.0, 495.0, 474.0, 478.0, 488.0, 497.0, 471.0, 499.0, 473.0, 482.0, 477.0, 455.0, 467.0, 451.0, 458.0, 458.0, 448.0, 451.0, 445.0, 450.0, 467.0, 426.0, 435.0, 461.0, 438.0, 445.0, 435.0], "TP": [185.0, 335.0, 377.0, 316.0, 364.0, 383.0, 374.0, 376.0, 384.0, 402.0, 424.0, 412.0, 409.0, 396.0, 413.0, 435.0, 442.0, 424.0, 455.0, 446.0, 444.0, 444.0, 444.0, 467.0, 447.0, 469.0, 452.0, 449.0, 457.0, 470.0, 459.0, 463.0, 463.0, 460.0, 466.0, 479.0, 450.0, 457.0, 478.0, 463.0, 476.0, 477.0, 474.0, 455.0, 479.0, 451.0, 477.0, 468.0, 465.0, 481.0, 484.0, 484.0, 484.0, 477.0, 491.0, 476.0, 495.0, 485.0, 474.0, 508.0, 491.0, 484.0, 496.0, 492.0, 497.0], "TN": [541.0, 397.0, 357.0, 428.0, 402.0, 395.0, 395.0, 426.0, 429.0, 424.0, 400.0, 448.0, 428.0, 453.0, 435.0, 427.0, 436.0, 438.0, 440.0, 445.0, 458.0, 446.0, 455.0, 439.0, 465.0, 446.0, 459.0, 466.0, 463.0, 462.0, 458.0, 470.0, 457.0, 469.0, 478.0, 470.0, 486.0, 484.0, 463.0, 476.0, 484.0, 479.0, 472.0, 482.0, 484.0, 484.0, 484.0, 484.0, 492.0, 498.0, 483.0, 499.0, 492.0, 499.0, 495.0, 507.0, 494.0, 499.0, 493.0, 500.0, 508.0, 489.0, 500.0, 497.0, 502.0], "FP": [176.0, 320.0, 360.0, 289.0, 315.0, 322.0, 322.0, 291.0, 288.0, 293.0, 317.0, 269.0, 289.0, 264.0, 282.0, 290.0, 281.0, 279.0, 277.0, 272.0, 259.0, 271.0, 262.0, 278.0, 252.0, 271.0, 258.0, 251.0, 254.0, 255.0, 259.0, 247.0, 260.0, 248.0, 239.0, 247.0, 231.0, 233.0, 254.0, 241.0, 233.0, 238.0, 245.0, 235.0, 233.0, 233.0, 233.0, 233.0, 225.0, 219.0, 234.0, 218.0, 225.0, 218.0, 222.0, 210.0, 223.0, 218.0, 224.0, 217.0, 209.0, 228.0, 217.0, 220.0, 215.0], "FN": [532.0, 382.0, 340.0, 401.0, 353.0, 334.0, 343.0, 341.0, 333.0, 315.0, 293.0, 305.0, 308.0, 321.0, 304.0, 282.0, 275.0, 293.0, 262.0, 271.0, 273.0, 273.0, 273.0, 250.0, 270.0, 248.0, 265.0, 268.0, 260.0, 247.0, 258.0, 254.0, 254.0, 257.0, 251.0, 238.0, 267.0, 260.0, 239.0, 254.0, 241.0, 240.0, 243.0, 262.0, 238.0, 266.0, 240.0, 249.0, 252.0, 236.0, 233.0, 233.0, 233.0, 240.0, 226.0, 241.0, 222.0, 232.0, 243.0, 209.0, 226.0, 233.0, 221.0, 225.0, 220.0], "Precision": [0.5124653577804565, 0.5114504098892212, 0.511533260345459, 0.5223140716552734, 0.5360824465751648, 0.5432624220848083, 0.5373563170433044, 0.5637181401252747, 0.5714285969734192, 0.5784172415733337, 0.5721997022628784, 0.6049926280975342, 0.5859599113464355, 0.6000000238418579, 0.5942445993423462, 0.6000000238418579, 0.611341655254364, 0.6031294465065002, 0.6215847134590149, 0.621169924736023, 0.6315789222717285, 0.6209790110588074, 0.6288951635360718, 0.62684565782547, 0.6394850015640259, 0.633783757686615, 0.6366197466850281, 0.6414285898208618, 0.6427567005157471, 0.6482758522033691, 0.6392757892608643, 0.6521126627922058, 0.6403872966766357, 0.6497175097465515, 0.6609929203987122, 0.6597796082496643, 0.6607929468154907, 0.6623188257217407, 0.6530054807662964, 0.6576704382896423, 0.6713681221008301, 0.6671328544616699, 0.659248948097229, 0.6594203114509583, 0.6727527976036072, 0.6593567132949829, 0.6718310117721558, 0.667617678642273, 0.6739130616188049, 0.6871428489685059, 0.6740947365760803, 0.6894586682319641, 0.6826516389846802, 0.6863309144973755, 0.6886395215988159, 0.6938775777816772, 0.6894150376319885, 0.6899003982543945, 0.6790831089019775, 0.7006896734237671, 0.7014285922050476, 0.6797752976417542, 0.695652186870575, 0.6910112500190735, 0.6980336904525757], "Recall": [0.2580195367336273, 0.4672245383262634, 0.525801956653595, 0.4407252371311188, 0.5076708793640137, 0.5341701507568359, 0.5216178297996521, 0.5244072675704956, 0.5355648398399353, 0.560669481754303, 0.5913528800010681, 0.5746164321899414, 0.5704323649406433, 0.5523012280464172, 0.5760111808776855, 0.6066945791244507, 0.616457462310791, 0.5913528800010681, 0.6345885396003723, 0.6220362782478333, 0.6192468404769897, 0.6192468404769897, 0.6192468404769897, 0.651324987411499, 0.6234309673309326, 0.6541143655776978, 0.6304044723510742, 0.6262203454971313, 0.6373779773712158, 0.6555090546607971, 0.6401673555374146, 0.6457461714744568, 0.6457461714744568, 0.6415620446205139, 0.6499302387237549, 0.668061375617981, 0.6276150345802307, 0.6373779773712158, 0.6666666865348816, 0.6457461714744568, 0.6638772487640381, 0.6652719378471375, 0.6610878705978394, 0.6345885396003723, 0.668061375617981, 0.6290097832679749, 0.6652719378471375, 0.6527196764945984, 0.6485355496406555, 0.6708507537841797, 0.6750348806381226, 0.6750348806381226, 0.6750348806381226, 0.6652719378471375, 0.6847977638244629, 0.6638772487640381, 0.6903765797615051, 0.6764295697212219, 0.6610878705978394, 0.7085076570510864, 0.6847977638244629, 0.6750348806381226, 0.6917712688446045, 0.6861924529075623, 0.6931659579277039],