{"loss": [0.6929103136062622, 0.6868242025375366, 0.678471565246582, 0.6745860576629639, 0.6668388247489929, 0.6599366068840027, 0.660276472568512, 0.6587761640548706, 0.6524483561515808, 0.6487617492675781, 0.6550613641738892, 0.6508990526199341, 0.646316647529602, 0.6265992522239685, 0.6428862810134888, 0.6430590748786926, 0.6435187458992004, 0.6384095549583435, 0.6404175758361816, 0.6363775730133057, 0.6296242475509644, 0.6128665804862976, 0.6245604753494263, 0.6067585945129395, 0.6274071335792542, 0.6150913834571838, 0.6212693452835083, 0.6198915839195251, 0.607537567615509, 0.619897186756134, 0.6105263233184814, 0.6016151905059814, 0.6158640384674072, 0.6116825342178345, 0.6066061854362488, 0.6097594499588013, 0.6071155667304993, 0.5998259782791138, 0.5969310402870178, 0.5950188636779785, 0.5860322117805481, 0.608233630657196, 0.5957651138305664, 0.5977992415428162, 0.5833716988563538, 0.5961087346076965, 0.5688595771789551, 0.5828412771224976, 0.5887200236320496, 0.5744166374206543, 0.5808928608894348, 0.5788203477859497, 0.5582841634750366, 0.5613918900489807, 0.5877516865730286, 0.5751872062683105, 0.5715797543525696, 0.5682657957077026, 0.5577859282493591, 0.5537136793136597, 0.5611501336097717, 0.5566045641899109, 0.569946825504303, 0.5648571848869324, 0.5513449311256409, 0.5596833229064941, 0.5428345203399658, 0.5463890433311462, 0.5299590826034546, 0.5345898270606995], "accuracy": [0.5048814415931702, 0.5620641708374023, 0.5641562342643738, 0.5934448838233948, 0.607391893863678, 0.6241283416748047, 0.6011157631874084, 0.6150627732276917, 0.6150627732276917, 0.6234309673309326, 0.6143653988838196, 0.6087865829467773, 0.6227335929870605, 0.6541143655776978, 0.6324965357780457, 0.6276150345802307, 0.6206415891647339, 0.633193850517273, 0.633891224861145, 0.6415620446205139, 0.6387726664543152, 0.672245442867279, 0.6464434862136841, 0.6729428172111511, 0.6589958071708679, 0.6645746231079102, 0.6429567933082581, 0.651324987411499, 0.672245442867279, 0.6527196764945984, 0.6659693121910095, 0.6778242588043213, 0.6708507537841797, 0.6589958071708679, 0.6687586903572083, 0.6708507537841797, 0.6785216331481934, 0.6820083856582642, 0.6715481281280518, 0.6799163222312927, 0.6799163222312927, 0.672245442867279, 0.6729428172111511, 0.6882845163345337, 0.6966527104377747, 0.6757321953773499, 0.7050209045410156, 0.6896792054176331, 0.6861924529075623, 0.6952580213546753, 0.6924686431884766, 0.6994421482086182, 0.7050209045410156, 0.7078103423118591, 0.685495138168335, 0.6917712688446045, 0.7036262154579163, 0.7008368372917175, 0.7168758511543274, 0.7057182788848877, 0.7001394629478455, 0.7008368372917175, 0.7008368372917175, 0.7071129679679871, 0.7147838473320007, 0.6931659579277039, 0.7161785364151001, 0.7085076570510864, 0.7245467305183411, 0.7280334830284119], "benchmark_1252": [710.0, 628.0, 625.0, 583.0, 563.0, 539.0, 572.0, 552.0, 552.0, 540.0, 553.0, 561.0, 541.0, 496.0, 527.0, 534.0, 544.0, 526.0, 525.0, 514.0, 518.0, 470.0, 507.0, 469.0, 489.0, 481.0, 512.0, 500.0, 470.0, 498.0, 479.0, 462.0, 472.0, 489.0, 475.0, 472.0, 461.0, 456.0, 471.0, 459.0, 459.0, 470.0, 469.0, 447.0, 435.0, 465.0, 423.0, 445.0, 450.0, 437.0, 441.0, 431.0, 423.0, 419.0, 451.0, 442.0, 425.0, 429.0, 406.0, 422.0, 430.0, 429.0, 429.0, 420.0, 409.0, 440.0, 407.0, 418.0, 395.0, 390.0], "TP": [412.0, 423.0, 410.0, 432.0, 440.0, 450.0, 432.0, 442.0, 442.0, 446.0, 440.0, 436.0, 446.0, 468.0, 452.0, 450.0, 444.0, 453.0, 452.0, 459.0, 455.0, 477.0, 461.0, 482.0, 473.0, 476.0, 461.0, 466.0, 482.0, 465.0, 476.0, 485.0, 479.0, 471.0, 480.0, 481.0, 486.0, 490.0, 481.0, 485.0, 487.0, 481.0, 482.0, 493.0, 499.0, 484.0, 505.0, 495.0, 490.0, 497.0, 496.0, 500.0, 503.0, 507.0, 491.0, 495.0, 503.0, 502.0, 513.0, 505.0, 503.0, 503.0, 503.0, 507.0, 513.0, 498.0, 515.0, 509.0, 519.0, 522.0], "TN": [312.0, 383.0, 399.0, 419.0, 431.0, 445.0, 430.0, 440.0, 440.0, 448.0, 441.0, 437.0, 447.0, 470.0, 455.0, 450.0, 446.0, 455.0, 457.0, 461.0, 461.0, 487.0, 466.0, 483.0, 472.0, 477.0, 461.0, 468.0, 482.0, 471.0, 479.0, 487.0, 483.0, 474.0, 479.0, 481.0, 487.0, 488.0, 482.0, 490.0, 488.0, 483.0, 483.0, 494.0, 500.0, 485.0, 506.0, 494.0, 494.0, 500.0, 497.0, 503.0, 508.0, 508.0, 492.0, 497.0, 506.0, 503.0, 515.0, 507.0, 501.0, 502.0, 502.0, 507.0, 512.0, 496.0, 512.0, 507.0, 520.0, 522.0], "FP": [405.0, 334.0, 318.0, 298.0, 286.0, 272.0, 287.0, 277.0, 277.0, 269.0, 276.0, 280.0, 270.0, 247.0, 262.0, 267.0, 271.0, 262.0, 260.0, 256.0, 256.0, 230.0, 251.0, 234.0, 245.0, 240.0, 256.0, 249.0, 235.0, 246.0, 238.0, 230.0, 234.0, 243.0, 238.0, 236.0, 230.0, 229.0, 235.0, 227.0, 229.0, 234.0, 234.0, 223.0, 217.0, 232.0, 211.0, 223.0, 223.0, 217.0, 220.0, 214.0, 209.0, 209.0, 225.0, 220.0, 211.0, 214.0, 202.0, 210.0, 216.0, 215.0, 215.0, 210.0, 205.0, 221.0, 205.0, 210.0, 197.0, 195.0], "FN": [305.0, 294.0, 307.0, 285.0, 277.0, 267.0, 285.0, 275.0, 275.0, 271.0, 277.0, 281.0, 271.0, 249.0, 265.0, 267.0, 273.0, 264.0, 265.0, 258.0, 262.0, 240.0, 256.0, 235.0, 244.0, 241.0, 256.0, 251.0, 235.0, 252.0, 241.0, 232.0, 238.0, 246.0, 237.0, 236.0, 231.0, 227.0, 236.0, 232.0, 230.0, 236.0, 235.0, 224.0, 218.0, 233.0, 212.0, 222.0, 227.0, 220.0, 221.0, 217.0, 214.0, 210.0, 226.0, 222.0, 214.0, 215.0, 204.0, 212.0, 214.0, 214.0, 214.0, 210.0, 204.0, 219.0, 202.0, 208.0, 198.0, 195.0], "Precision": [0.5042839646339417, 0.5587846636772156, 0.5631868243217468, 0.5917808413505554, 0.6060606241226196, 0.623268723487854, 0.6008344888687134, 0.6147426962852478, 0.6147426962852478, 0.6237761974334717, 0.6145251393318176, 0.6089385747909546, 0.6229050159454346, 0.6545454263687134, 0.6330532431602478, 0.6276150345802307, 0.6209790110588074, 0.6335664391517639, 0.6348314881324768, 0.6419580578804016, 0.6399437189102173, 0.6746817827224731, 0.6474719047546387, 0.673184335231781, 0.6587743759155273, 0.6648044586181641, 0.6429567933082581, 0.6517482399940491, 0.672245442867279, 0.6540084481239319, 0.6666666865348816, 0.6783216595649719, 0.6718092560768127, 0.6596638560295105, 0.6685236692428589, 0.6708507537841797, 0.6787709593772888, 0.681502103805542, 0.6717877388000488, 0.6811797618865967, 0.6801676154136658, 0.6727272868156433, 0.673184335231781, 0.6885474920272827, 0.6969273686408997, 0.6759776473045349, 0.7053072452545166, 0.6894150376319885, 0.687237024307251, 0.6960784196853638, 0.6927374005317688, 0.7002801299095154, 0.7064606547355652, 0.7081005573272705, 0.6857541799545288, 0.692307710647583, 0.7044817805290222, 0.7011173367500305, 0.7174825072288513, 0.7062937021255493, 0.6995827555656433, 0.7005571126937866, 0.7005571126937866, 0.7071129679679871, 0.714484691619873, 0.6926286220550537, 0.7152777910232544, 0.7079277038574219, 0.7248603105545044, 0.7280334830284119],