{"loss": [0.6941728591918945, 0.6924653053283691, 0.6917967796325684, 0.6909675002098083, 0.6900696754455566, 0.6892686486244202, 0.6881933212280273, 0.6872910857200623, 0.6862553954124451, 0.6849365234375, 0.684224009513855, 0.6831960082054138, 0.6826179623603821, 0.6806305050849915, 0.6795300841331482, 0.6773288249969482, 0.6755809783935547, 0.6746760010719299, 0.6727305054664612, 0.6712796688079834, 0.6699432730674744], "accuracy": [0.5, 0.4965132474899292, 0.5125523209571838, 0.5376569032669067, 0.5474197864532471, 0.5592747330665588, 0.5774058699607849, 0.5697349905967712, 0.5648535490036011, 0.5794979333877563, 0.5878661274909973, 0.5801952481269836, 0.5760111808776855, 0.5857740640640259, 0.590655505657196, 0.6025104522705078, 0.607391893863678, 0.6066945791244507, 0.6101813316345215, 0.6199442148208618, 0.6115760207176208], "benchmark_652": [717.0, 722.0, 699.0, 663.0, 649.0, 632.0, 606.0, 617.0, 624.0, 603.0, 591.0, 602.0, 608.0, 594.0, 587.0, 570.0, 563.0, 564.0, 559.0, 545.0, 557.0], "TP": [717.0, 650.0, 527.0, 334.0, 325.0, 280.0, 305.0, 325.0, 330.0, 325.0, 323.0, 309.0, 377.0, 349.0, 363.0, 371.0, 391.0, 420.0, 382.0, 391.0, 431.0], "TN": [0.0, 62.0, 208.0, 437.0, 460.0, 522.0, 523.0, 492.0, 480.0, 506.0, 520.0, 523.0, 449.0, 491.0, 484.0, 493.0, 480.0, 450.0, 493.0, 498.0, 446.0], "FP": [717.0, 655.0, 509.0, 280.0, 257.0, 195.0, 194.0, 225.0, 237.0, 211.0, 197.0, 194.0, 268.0, 226.0, 233.0, 224.0, 237.0, 267.0, 224.0, 219.0, 271.0], "FN": [0.0, 67.0, 190.0, 383.0, 392.0, 437.0, 412.0, 392.0, 387.0, 392.0, 394.0, 408.0, 340.0, 368.0, 354.0, 346.0, 326.0, 297.0, 335.0, 326.0, 286.0], "Precision": [0.5, 0.49808427691459656, 0.5086872577667236, 0.5439739227294922, 0.5584192276000977, 0.5894736647605896, 0.6112224459648132, 0.5909090638160706, 0.5820105671882629, 0.6063432693481445, 0.6211538314819336, 0.6143141388893127, 0.5844961404800415, 0.6069565415382385, 0.6090604066848755, 0.6235294342041016, 0.6226114630699158, 0.6113536953926086, 0.6303630471229553, 0.6409835815429688, 0.6139600872993469], "Recall": [1.0, 0.9065551161766052, 0.7350069880485535, 0.46582984924316406, 0.4532775580883026, 0.3905160427093506, 0.4253835380077362, 0.4532775580883026, 0.4602510333061218, 0.4532775580883026, 0.4504881501197815, 0.43096235394477844, 0.525801956653595, 0.4867503345012665, 0.5062761306762695, 0.517433762550354, 0.5453277826309204, 0.5857740640640259, 0.5327754616737366, 0.5453277826309204, 0.6011157631874084], "AUC": [0.5023351907730103, 0.5412895083427429, 0.555294930934906, 0.5531405806541443, 0.5689968466758728, 0.5725701451301575, 0.5839718580245972, 0.5797877311706543, 0.5890905857086182, 0.5949543714523315, 0.6025756597518921, 0.6055264472961426, 0.6124280691146851, 0.6215635538101196, 0.6316056251525879, 0.6376687288284302, 0.648871123790741, 0.6482622623443604, 0.6589608192443848, 0.663555383682251, 0.6607299447059631], "val_loss": [0.6895910501480103, 0.6931410431861877, 0.6964573264122009, 0.6970126032829285, 0.6991124153137207, 0.698062539100647, 0.6969409584999084, 0.6983425617218018, 0.7019038200378418, 0.6993193626403809, 0.6995272636413574, 0.695298433303833, 0.694831371307373, 0.6908981800079346, 0.6869639158248901, 0.683183491230011, 0.6798332929611206, 0.6765695214271545, 0.6717533469200134, 0.6710700988769531, 0.6686052680015564], "val_accuracy": [0.6218181848526001, 0.49454545974731445, 0.3781818151473999, 0.3781818151473999, 0.3781818151473999, 0.3927272856235504, 0.4145454466342926, 0.4145454466342926, 0.41090908646583557, 0.42181816697120667, 0.4399999976158142, 0.44727271795272827, 0.44727271795272827, 0.49454545974731445, 0.5199999809265137, 0.5309090614318848, 0.5672727227210999, 0.5745454430580139, 0.607272744178772, 0.5745454430580139, 0.5963636636734009], "val_benchmark_652": [104.0, 139.0, 171.0, 171.0, 171.0, 167.0, 161.0, 161.0, 162.0, 159.0, 154.0, 152.0, 152.0, 139.0, 132.0, 129.0, 119.0, 117.0, 108.0, 117.0, 111.0], "val_TP": [171.0, 55.0, 0.0, 0.0, 0.0, 4.0, 12.0, 12.0, 10.0, 15.0, 20.0, 26.0, 27.0, 42.0, 51.0, 60.0, 70.0, 77.0, 88.0, 78.0, 85.0], "val_TN": [0.0, 81.0, 104.0, 104.0, 104.0, 104.0, 102.0, 102.0, 103.0, 101.0, 101.0, 97.0, 96.0, 94.0, 92.0, 86.0, 86.0, 81.0, 79.0, 80.0, 79.0], "val_FP": [104.0, 23.0, 0.0, 0.0, 0.0, 0.0, 2.0, 2.0, 1.0, 3.0, 3.0, 7.0, 8.0, 10.0, 12.0, 18.0, 18.0, 23.0, 25.0, 24.0, 25.0], "val_FN": [0.0, 116.0, 171.0, 171.0, 171.0, 167.0, 159.0, 159.0, 161.0, 156.0, 151.0, 145.0, 144.0, 129.0, 120.0, 111.0, 101.0, 94.0, 83.0, 93.0, 86.0], "val_Precision": [0.6218181848526001, 0.7051281929016113, 0.0, 0.0, 0.0, 1.0, 0.8571428656578064, 0.8571428656578064, 0.9090909361839294, 0.8333333134651184, 0.8695651888847351, 0.7878788113594055, 0.7714285850524902, 0.807692289352417, 0.8095238208770752, 0.7692307829856873, 0.7954545617103577, 0.7699999809265137, 0.778761088848114, 0.7647058963775635, 0.7727272510528564], "val_Recall": [1.0, 0.32163742184638977, 0.0, 0.0, 0.0, 0.023391813039779663, 0.07017543911933899, 0.07017543911933899, 0.05847953259944916, 0.08771929889917374, 0.11695906519889832, 0.1520467847585678, 0.15789473056793213, 0.24561403691768646, 0.2982456088066101, 0.35087719559669495, 0.4093567132949829, 0.4502924084663391, 0.5146198868751526, 0.45614033937454224, 0.49707603454589844], "val_AUC": [0.5511414408683777, 0.5, 0.5, 0.5434097647666931, 0.5818431973457336, 0.5807749032974243, 0.5621626377105713, 0.575770378112793, 0.5995275974273682, 0.6018893718719482, 0.611167311668396, 0.6303137540817261, 0.6438652276992798, 0.6558985710144043, 0.6698718070983887, 0.6950629949569702, 0.6873313188552856, 0.7126911878585815, 0.7191014289855957, 0.6919140815734863, 0.7147717475891113]}