{"loss": [0.043868523091077805, 0.04454685002565384, 0.04431230202317238, 0.044354431331157684, 0.04436712712049484, 0.04480506107211113, 0.044718287885189056, 0.04389375075697899, 0.043938785791397095, 0.0439923033118248, 0.04385477676987648, 0.044207166880369186, 0.04399818181991577, 0.04410460218787193, 0.04404481127858162, 0.0437057763338089, 0.04362339526414871, 0.04375302791595459, 0.04381513595581055, 0.044031206518411636, 0.04380276799201965], "accuracy": [0.5216178297996521, 0.49093446135520935, 0.4937238395214081, 0.4993026554584503, 0.49511855840682983, 0.49511855840682983, 0.4902370870113373, 0.517433762550354, 0.4867503345012665, 0.5076708793640137, 0.5195258259773254, 0.4993026554584503, 0.5097628831863403, 0.4972105920314789, 0.49093446135520935, 0.5118549466133118, 0.5139470100402832, 0.5006973743438721, 0.5062761306762695, 0.5055788159370422, 0.4902370870113373], "benchmark_1372": [686.0, 730.0, 726.0, 718.0, 724.0, 724.0, 731.0, 692.0, 736.0, 706.0, 689.0, 718.0, 703.0, 721.0, 730.0, 700.0, 697.0, 716.0, 708.0, 709.0, 731.0], "TP": [569.0, 553.0, 542.0, 537.0, 541.0, 541.0, 519.0, 547.0, 523.0, 529.0, 523.0, 498.0, 516.0, 504.0, 500.0, 506.0, 508.0, 495.0, 513.0, 503.0, 473.0], "TN": [179.0, 151.0, 166.0, 179.0, 169.0, 169.0, 184.0, 195.0, 175.0, 199.0, 222.0, 218.0, 215.0, 209.0, 204.0, 228.0, 229.0, 223.0, 213.0, 222.0, 230.0], "FP": [538.0, 566.0, 551.0, 538.0, 548.0, 548.0, 533.0, 522.0, 542.0, 518.0, 495.0, 499.0, 502.0, 508.0, 513.0, 489.0, 488.0, 494.0, 504.0, 495.0, 487.0], "FN": [148.0, 164.0, 175.0, 180.0, 176.0, 176.0, 198.0, 170.0, 194.0, 188.0, 194.0, 219.0, 201.0, 213.0, 217.0, 211.0, 209.0, 222.0, 204.0, 214.0, 244.0], "Precision": [0.5140017867088318, 0.4941912293434143, 0.49588289856910706, 0.49953487515449524, 0.4967860281467438, 0.4967860281467438, 0.4933460056781769, 0.5116931796073914, 0.49107980728149414, 0.5052530765533447, 0.5137524604797363, 0.49949848651885986, 0.5068762302398682, 0.49802371859550476, 0.49358341097831726, 0.5085427165031433, 0.5100401639938354, 0.5005055665969849, 0.5044247508049011, 0.5040079951286316, 0.49270832538604736], "Recall": [0.793584406375885, 0.7712692022323608, 0.7559275031089783, 0.7489539980888367, 0.7545327544212341, 0.7545327544212341, 0.723849356174469, 0.7629009485244751, 0.7294281721115112, 0.7377963662147522, 0.7294281721115112, 0.6945606470108032, 0.7196652889251709, 0.7029288411140442, 0.6973500847816467, 0.7057182788848877, 0.7085076570510864, 0.6903765797615051, 0.715481162071228, 0.7015341520309448, 0.65969318151474], "AUC": [0.551685631275177, 0.5154166221618652, 0.5257620811462402, 0.5203680396080017, 0.5141230225563049, 0.5093028545379639, 0.509750247001648, 0.5505514740943909, 0.5187681913375854, 0.5463801026344299, 0.5457391142845154, 0.5135930180549622, 0.5391838550567627, 0.5137718915939331, 0.5157278180122375, 0.539250910282135, 0.5347031354904175, 0.5305336117744446, 0.539756715297699, 0.5200023651123047, 0.5197884440422058], "val_loss": [0.04316237196326256, 0.04326774924993515, 0.04337629675865173, 0.04342038556933403, 0.04345785826444626, 0.04351307079195976, 0.043568819761276245, 0.04357922077178955, 0.04353230074048042, 0.04341449588537216, 0.04325564578175545, 0.04309557378292084, 0.04290879890322685, 0.042726024985313416, 0.04258374124765396, 0.04247737675905228, 0.04240543022751808, 0.04237113520503044, 0.04236501827836037, 0.042371660470962524, 0.04238983616232872], "val_accuracy": [0.6218181848526001, 0.6218181848526001, 0.3781818151473999, 0.3781818151473999, 0.3781818151473999, 0.3781818151473999, 0.3781818151473999, 0.3781818151473999, 0.3781818151473999, 0.42181816697120667, 0.5236363410949707, 0.607272744178772, 0.5963636636734009, 0.5963636636734009, 0.5963636636734009, 0.5927272439002991, 0.6000000238418579, 0.5709090828895569, 0.5527272820472717, 0.5563636422157288, 0.5454545617103577], "val_benchmark_1372": [104.0, 104.0, 171.0, 171.0, 171.0, 171.0, 171.0, 171.0, 171.0, 159.0, 131.0, 108.0, 111.0, 111.0, 111.0, 112.0, 110.0, 118.0, 123.0, 122.0, 125.0], "val_TP": [171.0, 171.0, 0.0, 0.0, 0.0, 0.0, 0.0, 0.0, 0.0, 16.0, 87.0, 151.0, 159.0, 159.0, 158.0, 154.0, 145.0, 133.0, 121.0, 115.0, 106.0], "val_TN": [0.0, 0.0, 104.0, 104.0, 104.0, 104.0, 104.0, 104.0, 104.0, 100.0, 57.0, 16.0, 5.0, 5.0, 6.0, 9.0, 20.0, 24.0, 31.0, 38.0, 44.0], "val_FP": [104.0, 104.0, 0.0, 0.0, 0.0, 0.0, 0.0, 0.0, 0.0, 4.0, 47.0, 88.0, 99.0, 99.0, 98.0, 95.0, 84.0, 80.0, 73.0, 66.0, 60.0], "val_FN": [0.0, 0.0, 171.0, 171.0, 171.0, 171.0, 171.0, 171.0, 171.0, 155.0, 84.0, 20.0, 12.0, 12.0, 13.0, 17.0, 26.0, 38.0, 50.0, 56.0, 65.0], "val_Precision": [0.6218181848526001, 0.6218181848526001, 0.0, 0.0, 0.0, 0.0, 0.0, 0.0, 0.0, 0.800000011920929, 0.6492537260055542, 0.6317991614341736, 0.6162790656089783, 0.6162790656089783, 0.6171875, 0.6184738874435425, 0.6331877708435059, 0.6244131326675415, 0.623711347579956, 0.6353591084480286, 0.6385542154312134], "val_Recall": [1.0, 1.0, 0.0, 0.0, 0.0, 0.0, 0.0, 0.0, 0.0, 0.09356725215911865, 0.5087719559669495, 0.8830409646034241, 0.9298245906829834, 0.9298245906829834, 0.9239766001701355, 0.9005848169326782, 0.847953200340271, 0.7777777910232544, 0.707602322101593, 0.6725146174430847, 0.6198830604553223], "val_AUC": [0.5, 0.5, 0.5, 0.5, 0.5, 0.5, 0.5, 0.5, 0.5, 0.5, 0.5098121762275696, 0.5448436737060547, 0.543915867805481, 0.5415823459625244, 0.5503542423248291, 0.5495670437812805, 0.5452935099601746, 0.5365215539932251, 0.5413573980331421, 0.544506311416626, 0.5398953557014465]}