{"loss": [0.6897318363189697, 0.6896657943725586, 0.6890798807144165, 0.6898766756057739, 0.6889019012451172, 0.687241792678833, 0.6891962885856628, 0.6892798542976379, 0.690352737903595, 0.6887094378471375, 0.6900762915611267, 0.687915563583374, 0.6891904473304749, 0.6879361271858215, 0.6896466016769409, 0.6874446868896484, 0.6867444515228271, 0.6864870190620422, 0.6873579025268555, 0.6864613890647888, 0.6870411038398743, 0.6881827712059021], "accuracy": [0.5216178297996521, 0.5230125784873962, 0.5223152041435242, 0.5153416991233826, 0.5209205150604248, 0.5425383448600769, 0.5299860239028931, 0.5202231407165527, 0.5278940200805664, 0.5251045823097229, 0.5216178297996521, 0.5041841268539429, 0.5202231407165527, 0.5188284516334534, 0.5195258259773254, 0.526499330997467, 0.5334727764129639, 0.5244072675704956, 0.5244072675704956, 0.5446304082870483, 0.5230125784873962, 0.5306833982467651], "benchmark_1736": [686.0, 684.0, 685.0, 695.0, 687.0, 656.0, 674.0, 688.0, 677.0, 681.0, 686.0, 711.0, 688.0, 690.0, 689.0, 679.0, 669.0, 682.0, 682.0, 653.0, 684.0, 673.0], "TP": [367.0, 382.0, 361.0, 344.0, 364.0, 384.0, 371.0, 360.0, 386.0, 360.0, 367.0, 362.0, 362.0, 366.0, 360.0, 368.0, 376.0, 354.0, 372.0, 373.0, 361.0, 373.0], "TN": [381.0, 368.0, 388.0, 395.0, 383.0, 394.0, 389.0, 386.0, 371.0, 393.0, 381.0, 361.0, 384.0, 378.0, 385.0, 387.0, 389.0, 398.0, 380.0, 408.0, 389.0, 388.0], "FP": [336.0, 349.0, 329.0, 322.0, 334.0, 323.0, 328.0, 331.0, 346.0, 324.0, 336.0, 356.0, 333.0, 339.0, 332.0, 330.0, 328.0, 319.0, 337.0, 309.0, 328.0, 329.0], "FN": [350.0, 335.0, 356.0, 373.0, 353.0, 333.0, 346.0, 357.0, 331.0, 357.0, 350.0, 355.0, 355.0, 351.0, 357.0, 349.0, 341.0, 363.0, 345.0, 344.0, 356.0, 344.0], "Precision": [0.5220483541488647, 0.5225718021392822, 0.5231884121894836, 0.5165165066719055, 0.5214899778366089, 0.5431400537490845, 0.5307582020759583, 0.5209840536117554, 0.5273224115371704, 0.5263158082962036, 0.5220483541488647, 0.5041782855987549, 0.5208632946014404, 0.5191489458084106, 0.5202311873435974, 0.527220606803894, 0.5340909361839294, 0.5260029435157776, 0.5246826410293579, 0.5469208359718323, 0.5239477753639221, 0.5313390493392944], "Recall": [0.5118549466133118, 0.5327754616737366, 0.5034867525100708, 0.47977685928344727, 0.5076708793640137, 0.5355648398399353, 0.517433762550354, 0.5020920634269714, 0.5383542776107788, 0.5020920634269714, 0.5118549466133118, 0.5048814415931702, 0.5048814415931702, 0.5104602575302124, 0.5020920634269714, 0.5132496356964111, 0.5244072675704956, 0.4937238395214081, 0.5188284516334534, 0.5202231407165527, 0.5034867525100708, 0.5202231407165527], "AUC": [0.5401963591575623, 0.5400990843772888, 0.5338773727416992, 0.5327569842338562, 0.5379545092582703, 0.5585482120513916, 0.5375070571899414, 0.5352623462677002, 0.5316054224967957, 0.543737530708313, 0.5310772657394409, 0.5390982627868652, 0.5380566120147705, 0.5432872772216797, 0.5296650528907776, 0.5507636070251465, 0.5592299699783325, 0.5429283976554871, 0.5402858257293701, 0.5506673455238342, 0.54731285572052, 0.5414072275161743], "val_loss": [0.6925830245018005, 0.6908136606216431, 0.6890661716461182, 0.6879305839538574, 0.6867213249206543, 0.6850331425666809, 0.6840443015098572, 0.6836308240890503, 0.6834540367126465, 0.6831647753715515, 0.6829789876937866, 0.6828234791755676, 0.68248051404953, 0.6824144124984741, 0.682123601436615, 0.6819422245025635, 0.6817842125892639, 0.6815055012702942, 0.6813890933990479, 0.6811797022819519, 0.6812753081321716, 0.6810212135314941], "val_accuracy": [0.5418182015419006, 0.6181818246841431, 0.578181803226471, 0.5272727012634277, 0.5345454812049866, 0.5345454812049866, 0.5309090614318848, 0.5272727012634277, 0.5345454812049866, 0.5345454812049866, 0.5345454812049866, 0.5309090614318848, 0.5272727012634277, 0.5309090614318848, 0.5272727012634277, 0.5272727012634277, 0.5272727012634277, 0.5309090614318848, 0.5272727012634277, 0.5309090614318848, 0.5272727012634277, 0.5272727012634277], "val_benchmark_1736": [126.0, 105.0, 116.0, 130.0, 128.0, 128.0, 129.0, 130.0, 128.0, 128.0, 128.0, 129.0, 130.0, 129.0, 130.0, 130.0, 130.0, 129.0, 130.0, 129.0, 130.0, 130.0], "val_TP": [106.0, 161.0, 145.0, 105.0, 90.0, 84.0, 84.0, 84.0, 84.0, 84.0, 84.0, 83.0, 83.0, 83.0, 83.0, 83.0, 83.0, 84.0, 83.0, 84.0, 83.0, 83.0], "val_TN": [43.0, 9.0, 14.0, 40.0, 57.0, 63.0, 62.0, 61.0, 63.0, 63.0, 63.0, 63.0, 62.0, 63.0, 62.0, 62.0, 62.0, 62.0, 62.0, 62.0, 62.0, 62.0], "val_FP": [61.0, 95.0, 90.0, 64.0, 47.0, 41.0, 42.0, 43.0, 41.0, 41.0, 41.0, 41.0, 42.0, 41.0, 42.0, 42.0, 42.0, 42.0, 42.0, 42.0, 42.0, 42.0], "val_FN": [65.0, 10.0, 26.0, 66.0, 81.0, 87.0, 87.0, 87.0, 87.0, 87.0, 87.0, 88.0, 88.0, 88.0, 88.0, 88.0, 88.0, 87.0, 88.0, 87.0, 88.0, 88.0], "val_Precision": [0.6347305178642273, 0.62890625, 0.6170212626457214, 0.6213017702102661, 0.6569343209266663, 0.671999990940094, 0.6666666865348816, 0.6614173054695129, 0.671999990940094, 0.671999990940094, 0.671999990940094, 0.6693548560142517, 0.6639999747276306, 0.6693548560142517, 0.6639999747276306, 0.6639999747276306, 0.6639999747276306, 0.6666666865348816, 0.6639999747276306, 0.6666666865348816, 0.6639999747276306, 0.6639999747276306], "val_Recall": [0.6198830604553223, 0.9415204524993896, 0.847953200340271, 0.6140350699424744, 0.5263158082962036, 0.4912280738353729, 0.4912280738353729, 0.4912280738353729, 0.4912280738353729, 0.4912280738353729, 0.4912280738353729, 0.4853801131248474, 0.4853801131248474, 0.4853801131248474, 0.4853801131248474, 0.4853801131248474, 0.4853801131248474, 0.4912280738353729, 0.4853801131248474, 0.4912280738353729, 0.4853801131248474, 0.4853801131248474], "val_AUC": [0.5064383745193481, 0.5162505507469177, 0.53874272108078, 0.5563147068023682, 0.5525753498077393, 0.5580015778541565, 0.5621345043182373, 0.557664155960083, 0.5580859184265137, 0.5586200952529907, 0.5610380172729492, 0.5628654956817627, 0.5619939565658569, 0.5623875260353088, 0.5642150640487671, 0.5626686811447144, 0.5622469186782837, 0.5633153319358826, 0.5638214349746704, 0.564046323299408, 0.5661830902099609, 0.565536379814148]}