{"loss": [0.17051571607589722, 0.1645621955394745, 0.161093071103096, 0.1569303721189499, 0.15361888706684113, 0.15106385946273804, 0.14821968972682953, 0.14583812654018402, 0.14124050736427307, 0.13707615435123444, 0.1320103108882904, 0.13109709322452545, 0.1258225440979004, 0.12322714179754257, 0.11542930454015732, 0.11562683433294296, 0.1144653931260109, 0.10918806493282318, 0.10388591140508652, 0.10264398902654648, 0.09469391405582428, 0.08574040979146957, 0.08580689132213593, 0.08473942428827286, 0.07844498008489609, 0.07572944462299347, 0.06599543243646622, 0.06403235346078873, 0.06543494015932083, 0.05764176324009895, 0.052640076726675034, 0.04993704706430435, 0.05014699324965477, 0.047296155244112015, 0.0504145510494709, 0.041160985827445984, 0.037457238882780075, 0.041726063936948776, 0.04622285068035126, 0.03633817657828331], "accuracy": [0.5550906658172607, 0.607391893863678, 0.616457462310791, 0.6387726664543152, 0.6478382349014282, 0.6736401915550232, 0.6806136965751648, 0.6889818906784058, 0.7133890986442566, 0.7287307977676392, 0.7377963662147522, 0.7426778078079224, 0.7615062594413757, 0.7573221921920776, 0.7942817211151123, 0.7817294001579285, 0.7894002795219421, 0.7977684736251831, 0.8075313568115234, 0.8110181093215942, 0.8437935709953308, 0.8605299592018127, 0.8612273335456848, 0.8542538285255432, 0.8765690326690674, 0.8730822801589966, 0.8981868624687195, 0.9044630527496338, 0.8905160427093506, 0.910041868686676, 0.9260808825492859, 0.926778256893158, 0.9253835678100586, 0.9295676350593567, 0.9274755716323853, 0.9400278925895691, 0.9511855244636536, 0.9379358291625977, 0.9260808825492859, 0.9504881501197815], "benchmark_1130": [638.0, 563.0, 550.0, 518.0, 505.0, 468.0, 458.0, 446.0, 411.0, 389.0, 376.0, 369.0, 342.0, 348.0, 295.0, 313.0, 302.0, 290.0, 276.0, 271.0, 224.0, 200.0, 199.0, 209.0, 177.0, 182.0, 146.0, 137.0, 157.0, 129.0, 106.0, 105.0, 107.0, 101.0, 104.0, 86.0, 70.0, 89.0, 106.0, 71.0], "TP": [432.0, 426.0, 439.0, 473.0, 463.0, 494.0, 490.0, 500.0, 510.0, 516.0, 542.0, 523.0, 543.0, 551.0, 574.0, 560.0, 571.0, 562.0, 572.0, 579.0, 594.0, 622.0, 609.0, 610.0, 619.0, 623.0, 631.0, 647.0, 640.0, 647.0, 654.0, 663.0, 660.0, 665.0, 663.0, 674.0, 682.0, 664.0, 664.0, 682.0], "TN": [364.0, 445.0, 445.0, 443.0, 466.0, 472.0, 486.0, 488.0, 513.0, 529.0, 516.0, 542.0, 549.0, 535.0, 565.0, 561.0, 561.0, 582.0, 586.0, 584.0, 616.0, 612.0, 626.0, 615.0, 638.0, 629.0, 657.0, 650.0, 637.0, 658.0, 674.0, 666.0, 667.0, 668.0, 667.0, 674.0, 682.0, 681.0, 664.0, 681.0], "FP": [353.0, 272.0, 272.0, 274.0, 251.0, 245.0, 231.0, 229.0, 204.0, 188.0, 201.0, 175.0, 168.0, 182.0, 152.0, 156.0, 156.0, 135.0, 131.0, 133.0, 101.0, 105.0, 91.0, 102.0, 79.0, 88.0, 60.0, 67.0, 80.0, 59.0, 43.0, 51.0, 50.0, 49.0, 50.0, 43.0, 35.0, 36.0, 53.0, 36.0], "FN": [285.0, 291.0, 278.0, 244.0, 254.0, 223.0, 227.0, 217.0, 207.0, 201.0, 175.0, 194.0, 174.0, 166.0, 143.0, 157.0, 146.0, 155.0, 145.0, 138.0, 123.0, 95.0, 108.0, 107.0, 98.0, 94.0, 86.0, 70.0, 77.0, 70.0, 63.0, 54.0, 57.0, 52.0, 54.0, 43.0, 35.0, 53.0, 53.0, 35.0], "Precision": [0.5503184795379639, 0.610315203666687, 0.6174402236938477, 0.6331994533538818, 0.6484593749046326, 0.6684709191322327, 0.6796116232872009, 0.6858710646629333, 0.7142857313156128, 0.7329545617103577, 0.7294750809669495, 0.7492836713790894, 0.7637130618095398, 0.7517053484916687, 0.7906336188316345, 0.7821229100227356, 0.7854195237159729, 0.8063127398490906, 0.8136557340621948, 0.8132022619247437, 0.8546762466430664, 0.8555708527565002, 0.8700000047683716, 0.8567415475845337, 0.8868194818496704, 0.8762306571006775, 0.9131693243980408, 0.906162440776825, 0.8888888955116272, 0.9164305925369263, 0.9383070468902588, 0.9285714030265808, 0.9295774698257446, 0.9313725233078003, 0.9298737645149231, 0.9400278925895691, 0.9511855244636536, 0.9485714435577393, 0.9260808825492859, 0.9498607516288757], "Recall": [0.6025104522705078, 0.5941422581672668, 0.6122733354568481, 0.65969318151474, 0.6457461714744568, 0.6889818906784058, 0.6834030747413635, 0.6973500847816467, 0.7112970948219299, 0.7196652889251709, 0.7559275031089783, 0.7294281721115112, 0.7573221921920776, 0.7684797644615173, 0.8005578517913818, 0.7810320854187012, 0.7963737845420837, 0.7838214635848999, 0.7977684736251831, 0.8075313568115234, 0.8284518718719482, 0.8675034642219543, 0.849372386932373, 0.8507670760154724, 0.8633193969726562, 0.8688982129096985, 0.8800557851791382, 0.9023709893226624, 0.892608106136322, 0.9023709893226624, 0.9121338725090027, 0.9246861934661865, 0.9205020666122437, 0.9274755716323853, 0.9246861934661865, 0.9400278925895691, 0.9511855244636536, 0.9260808825492859, 0.9260808825492859, 0.9511855244636536], "AUC": [0.5822484493255615, 0.650561511516571, 0.6784972548484802, 0.7034443616867065, 0.7157301902770996, 0.7406159043312073, 0.7519184350967407, 0.7625556588172913, 0.7867926955223083, 0.8067290186882019, 0.8203628659248352, 0.8230714797973633, 0.8447009921073914, 0.8499851226806641, 0.8736823797225952, 0.8726251721382141, 0.8732932806015015, 0.8869320154190063, 0.8992013335227966, 0.9019887447357178, 0.9200732111930847, 0.9366403818130493, 0.9351250529289246, 0.9355928897857666, 0.9470081329345703, 0.9506651759147644, 0.9637349247932434, 0.966227650642395, 0.9638214707374573, 0.9724785089492798, 0.9770866632461548, 0.9797865748405457, 0.9796066880226135, 0.9817337393760681, 0.9780641198158264, 0.987145185470581, 0.9888054728507996, 0.9856133460998535, 0.9819399118423462, 0.9893218874931335], "val_loss": [0.1732909381389618, 0.17461225390434265, 0.16834650933742523, 0.1714496910572052, 0.17452581226825714, 0.1830810159444809, 0.16786937415599823, 0.177084282040596, 0.16639278829097748, 0.18418852984905243, 0.1623838096857071, 0.17103824019432068, 0.1698685586452484, 0.18099285662174225, 0.20567406713962555, 0.1791585236787796, 0.19975170493125916, 0.2066275030374527, 0.22183197736740112, 0.17804265022277832, 0.2331775426864624, 0.20813249051570892, 0.26183998584747314, 0.2305566668510437, 0.2548139691352844, 0.25312021374702454, 0.2935260832309723, 0.35331016778945923, 0.3799876868724823, 0.32098546624183655, 0.38176363706588745, 0.3121575117111206, 0.32509884238243103, 0.34772804379463196, 0.3208214044570923, 0.4386005699634552, 0.39026787877082825, 0.44204720854759216, 0.3558937907218933, 0.39494845271110535], "val_accuracy": [0.45818182826042175, 0.5127272605895996, 0.589090883731842, 0.5927272439002991, 0.578181803226471, 0.5745454430580139, 0.5927272439002991, 0.6000000238418579, 0.6218181848526001, 0.585454523563385, 0.6545454263687134, 0.6399999856948853, 0.6290909051895142, 0.585454523563385, 0.6000000238418579, 0.6727272868156433, 0.6654545664787292, 0.6290909051895142, 0.6436363458633423, 0.6763636469841003, 0.6690909266471863, 0.6363636255264282, 0.6399999856948853, 0.6218181848526001, 0.6254545450210571, 0.6618182063102722, 0.6399999856948853, 0.6290909051895142, 0.5527272820472717, 0.6000000238418579, 0.6472727060317993, 0.607272744178772, 0.5927272439002991, 0.6436363458633423, 0.6363636255264282, 0.581818163394928, 0.607272744178772, 0.5672727227210999, 0.6218181848526001, 0.6690909266471863], "val_benchmark_1130": [149.0, 134.0, 113.0, 112.0, 116.0, 117.0, 112.0, 110.0, 104.0, 114.0, 95.0, 99.0, 102.0, 114.0, 110.0, 90.0, 92.0, 102.0, 98.0, 89.0, 91.0, 100.0, 99.0, 104.0, 103.0, 93.0, 99.0, 102.0, 123.0, 110.0, 97.0, 108.0, 112.0, 98.0, 100.0, 115.0, 108.0, 119.0, 104.0, 91.0], "val_TP": [27.0, 42.0, 73.0, 79.0, 67.0, 69.0, 83.0, 74.0, 82.0, 75.0, 115.0, 101.0, 91.0, 86.0, 84.0, 123.0, 112.0, 105.0, 133.0, 135.0, 152.0, 106.0, 121.0, 111.0, 98.0, 133.0, 149.0, 154.0, 71.0, 100.0, 148.0, 117.0, 101.0, 136.0, 137.0, 77.0, 87.0, 78.0, 121.0, 143.0], "val_TN": [99.0, 99.0, 89.0, 84.0, 92.0, 89.0, 80.0, 91.0, 89.0, 86.0, 65.0, 75.0, 82.0, 75.0, 81.0, 62.0, 71.0, 68.0, 44.0, 51.0, 32.0, 69.0, 55.0, 60.0, 74.0, 49.0, 27.0, 19.0, 81.0, 65.0, 30.0, 50.0, 62.0, 41.0, 38.0, 83.0, 80.0, 78.0, 50.0, 41.0],