{"loss": [0.8117384910583496, 0.8107711672782898, 0.783460795879364, 0.8498885631561279, 0.8150555491447449, 0.8131117820739746, 0.8173726201057434, 0.8049110174179077, 0.8197484612464905, 0.8009243607521057, 0.7919095158576965, 0.7903532385826111, 0.8125977516174316, 0.8016988039016724, 0.8035336136817932, 0.7958855628967285, 0.8283398747444153, 0.8128727078437805, 0.8384426832199097, 0.8212964534759521, 0.8214772939682007], "accuracy": [0.5, 0.5188284516334534, 0.5271966457366943, 0.4672245383262634, 0.4965132474899292, 0.4958159029483795, 0.4930264949798584, 0.5013946890830994, 0.5041841268539429, 0.5160390734672546, 0.525801956653595, 0.5327754616737366, 0.5139470100402832, 0.5048814415931702, 0.5132496356964111, 0.5111575722694397, 0.47768479585647583, 0.5020920634269714, 0.4888423979282379, 0.5013946890830994, 0.48744770884513855], "benchmark_1414": [717.0, 690.0, 678.0, 764.0, 722.0, 723.0, 727.0, 715.0, 711.0, 694.0, 680.0, 670.0, 697.0, 710.0, 698.0, 701.0, 749.0, 714.0, 733.0, 715.0, 735.0], "TP": [350.0, 353.0, 366.0, 322.0, 330.0, 333.0, 340.0, 337.0, 352.0, 357.0, 375.0, 375.0, 349.0, 358.0, 373.0, 362.0, 337.0, 355.0, 349.0, 356.0, 347.0], "TN": [367.0, 391.0, 390.0, 348.0, 382.0, 378.0, 367.0, 382.0, 371.0, 383.0, 379.0, 389.0, 388.0, 366.0, 363.0, 371.0, 348.0, 365.0, 352.0, 363.0, 352.0], "FP": [350.0, 326.0, 327.0, 369.0, 335.0, 339.0, 350.0, 335.0, 346.0, 334.0, 338.0, 328.0, 329.0, 351.0, 354.0, 346.0, 369.0, 352.0, 365.0, 354.0, 365.0], "FN": [367.0, 364.0, 351.0, 395.0, 387.0, 384.0, 377.0, 380.0, 365.0, 360.0, 342.0, 342.0, 368.0, 359.0, 344.0, 355.0, 380.0, 362.0, 368.0, 361.0, 370.0], "Precision": [0.5, 0.5198822021484375, 0.5281385183334351, 0.4659913182258606, 0.49624061584472656, 0.4955357015132904, 0.49275362491607666, 0.5014880895614624, 0.5042979717254639, 0.5166425704956055, 0.5259466767311096, 0.5334281921386719, 0.51474928855896, 0.5049365162849426, 0.5130674242973328, 0.5112994313240051, 0.477337121963501, 0.50212162733078, 0.48879551887512207, 0.5014084577560425, 0.48735955357551575], "Recall": [0.48814505338668823, 0.4923291504383087, 0.5104602575302124, 0.44909343123435974, 0.4602510333061218, 0.4644351601600647, 0.47419804334640503, 0.47001394629478455, 0.49093446135520935, 0.49790793657302856, 0.5230125784873962, 0.5230125784873962, 0.4867503345012665, 0.4993026554584503, 0.5202231407165527, 0.5048814415931702, 0.47001394629478455, 0.49511855840682983, 0.4867503345012665, 0.4965132474899292, 0.48396095633506775], "AUC": [0.5009784698486328, 0.5152648687362671, 0.5415112972259521, 0.47076770663261414, 0.4988970458507538, 0.5001575350761414, 0.49211710691452026, 0.5122877359390259, 0.5075939893722534, 0.517787754535675, 0.523795485496521, 0.5290824770927429, 0.5062128901481628, 0.5134121179580688, 0.5189733505249023, 0.5213640332221985, 0.4793032109737396, 0.5060174465179443, 0.4848916530609131, 0.4967661499977112, 0.49424317479133606], "val_loss": [0.7079720497131348, 0.7061505913734436, 0.7048842906951904, 0.7035688757896423, 0.7019618153572083, 0.7000800967216492, 0.6992477178573608, 0.6984031796455383, 0.6976563334465027, 0.6972933411598206, 0.697328507900238, 0.6976202130317688, 0.6975454092025757, 0.6978479623794556, 0.6985142827033997, 0.6987239122390747, 0.6988726258277893, 0.6990029811859131, 0.6993942260742188, 0.6998797655105591, 0.7000246644020081], "val_accuracy": [0.3781818151473999, 0.3781818151473999, 0.3781818151473999, 0.3781818151473999, 0.3781818151473999, 0.3781818151473999, 0.3781818151473999, 0.3781818151473999, 0.3781818151473999, 0.3781818151473999, 0.3781818151473999, 0.3781818151473999, 0.3781818151473999, 0.3781818151473999, 0.3781818151473999, 0.3781818151473999, 0.3781818151473999, 0.3781818151473999, 0.3781818151473999, 0.3781818151473999, 0.3781818151473999], "val_benchmark_1414": [171.0, 171.0, 171.0, 171.0, 171.0, 171.0, 171.0, 171.0, 171.0, 171.0, 171.0, 171.0, 171.0, 171.0, 171.0, 171.0, 171.0, 171.0, 171.0, 171.0, 171.0], "val_TP": [0.0, 0.0, 0.0, 0.0, 0.0, 0.0, 0.0, 0.0, 0.0, 0.0, 0.0, 0.0, 0.0, 0.0, 0.0, 0.0, 0.0, 0.0, 0.0, 0.0, 0.0], "val_TN": [104.0, 104.0, 104.0, 104.0, 104.0, 104.0, 104.0, 104.0, 104.0, 104.0, 104.0, 104.0, 104.0, 104.0, 104.0, 104.0, 104.0, 104.0, 104.0, 104.0, 104.0], "val_FP": [0.0, 0.0, 0.0, 0.0, 0.0, 0.0, 0.0, 0.0, 0.0, 0.0, 0.0, 0.0, 0.0, 0.0, 0.0, 0.0, 0.0, 0.0, 0.0, 0.0, 0.0], "val_FN": [171.0, 171.0, 171.0, 171.0, 171.0, 171.0, 171.0, 171.0, 171.0, 171.0, 171.0, 171.0, 171.0, 171.0, 171.0, 171.0, 171.0, 171.0, 171.0, 171.0, 171.0], "val_Precision": [0.0, 0.0, 0.0, 0.0, 0.0, 0.0, 0.0, 0.0, 0.0, 0.0, 0.0, 0.0, 0.0, 0.0, 0.0, 0.0, 0.0, 0.0, 0.0, 0.0, 0.0], "val_Recall": [0.0, 0.0, 0.0, 0.0, 0.0, 0.0, 0.0, 0.0, 0.0, 0.0, 0.0, 0.0, 0.0, 0.0, 0.0, 0.0, 0.0, 0.0, 0.0, 0.0, 0.0], "val_AUC": [0.5, 0.5, 0.5, 0.5, 0.5, 0.5, 0.5, 0.5, 0.5, 0.5, 0.5, 0.5, 0.5, 0.5, 0.5207208395004272, 0.5249381065368652, 0.5383771657943726, 0.5447312593460083, 0.5274966359138489, 0.5239541530609131, 0.5315451622009277]}