{"loss": [0.7814809679985046, 0.7589589953422546, 0.7503946423530579, 0.7536654472351074, 0.7284566164016724, 0.7486677765846252, 0.725922703742981, 0.747012197971344, 0.7308196425437927, 0.7454901933670044, 0.7165115475654602, 0.7335429787635803, 0.7336487770080566, 0.7372794151306152, 0.7490830421447754, 0.7430135011672974, 0.7407523393630981, 0.7425057291984558, 0.7376901507377625, 0.732306182384491, 0.7378507852554321, 0.7230278849601746], "accuracy": [0.5020920634269714, 0.4902370870113373, 0.49163180589675903, 0.47001394629478455, 0.5006973743438721, 0.47768479585647583, 0.5048814415931702, 0.47629010677337646, 0.5013946890830994, 0.4972105920314789, 0.5244072675704956, 0.5146443247795105, 0.4930264949798584, 0.49860531091690063, 0.48326361179351807, 0.5055788159370422, 0.482566237449646, 0.48814505338668823, 0.4923291504383087, 0.5285913348197937, 0.4923291504383087, 0.5097628831863403], "benchmark_482": [714.0, 731.0, 729.0, 760.0, 716.0, 749.0, 710.0, 751.0, 715.0, 721.0, 682.0, 696.0, 727.0, 719.0, 741.0, 709.0, 742.0, 734.0, 728.0, 676.0, 728.0, 703.0], "TP": [124.0, 189.0, 231.0, 258.0, 298.0, 309.0, 348.0, 325.0, 354.0, 340.0, 385.0, 360.0, 344.0, 343.0, 337.0, 361.0, 330.0, 357.0, 344.0, 361.0, 353.0, 349.0], "TN": [596.0, 514.0, 474.0, 416.0, 420.0, 376.0, 376.0, 358.0, 365.0, 373.0, 367.0, 378.0, 363.0, 372.0, 356.0, 364.0, 362.0, 343.0, 362.0, 397.0, 353.0, 382.0], "FP": [121.0, 203.0, 243.0, 301.0, 297.0, 341.0, 341.0, 359.0, 352.0, 344.0, 350.0, 339.0, 354.0, 345.0, 361.0, 353.0, 355.0, 374.0, 355.0, 320.0, 364.0, 335.0], "FN": [593.0, 528.0, 486.0, 459.0, 419.0, 408.0, 369.0, 392.0, 363.0, 377.0, 332.0, 357.0, 373.0, 374.0, 380.0, 356.0, 387.0, 360.0, 373.0, 356.0, 364.0, 368.0], "Precision": [0.5061224699020386, 0.4821428656578064, 0.4873417615890503, 0.4615384638309479, 0.5008403658866882, 0.4753846228122711, 0.5050798058509827, 0.47514620423316956, 0.5014164447784424, 0.49707603454589844, 0.523809552192688, 0.5150214433670044, 0.49283668398857117, 0.4985465109348297, 0.48280802369117737, 0.505602240562439, 0.48175182938575745, 0.4883720874786377, 0.49213162064552307, 0.5301027894020081, 0.4923291504383087, 0.5102339386940002], "Recall": [0.17294281721115112, 0.26359832286834717, 0.3221757411956787, 0.35983264446258545, 0.4156206548213959, 0.43096235394477844, 0.4853556454181671, 0.4532775580883026, 0.4937238395214081, 0.47419804334640503, 0.5369595289230347, 0.5020920634269714, 0.47977685928344727, 0.4783821403980255, 0.47001394629478455, 0.5034867525100708, 0.4602510333061218, 0.49790793657302856, 0.47977685928344727, 0.5034867525100708, 0.4923291504383087, 0.4867503345012665], "AUC": [0.4859752058982849, 0.48832497000694275, 0.4806239902973175, 0.47195911407470703, 0.515697717666626, 0.47080856561660767, 0.5147494077682495, 0.4735785126686096, 0.5047141313552856, 0.48226669430732727, 0.53310227394104, 0.5066495537757874, 0.5036277770996094, 0.49467018246650696, 0.4759739935398102, 0.49013298749923706, 0.48889395594596863, 0.4883638918399811, 0.4970957934856415, 0.5167723894119263, 0.4967564046382904, 0.516100287437439], "val_loss": [0.7085821628570557, 0.6869685053825378, 0.6773438453674316, 0.6723060607910156, 0.6688671708106995, 0.6675577759742737, 0.6669384241104126, 0.6665298938751221, 0.6661302447319031, 0.6659426093101501, 0.6658336520195007, 0.6656832695007324, 0.6655814051628113, 0.6652836203575134, 0.6654767394065857, 0.665486216545105, 0.6650524139404297, 0.665134847164154, 0.665334165096283, 0.6652436852455139, 0.6652395725250244, 0.6651692390441895], "val_accuracy": [0.3781818151473999, 0.6218181848526001, 0.6218181848526001, 0.6218181848526001, 0.6218181848526001, 0.6218181848526001, 0.6218181848526001, 0.6218181848526001, 0.6218181848526001, 0.6218181848526001, 0.6218181848526001, 0.6218181848526001, 0.6218181848526001, 0.6218181848526001, 0.6218181848526001, 0.6218181848526001, 0.6218181848526001, 0.6218181848526001, 0.6218181848526001, 0.6218181848526001, 0.6218181848526001, 0.6218181848526001], "val_benchmark_482": [171.0, 104.0, 104.0, 104.0, 104.0, 104.0, 104.0, 104.0, 104.0, 104.0, 104.0, 104.0, 104.0, 104.0, 104.0, 104.0, 104.0, 104.0, 104.0, 104.0, 104.0, 104.0], "val_TP": [0.0, 171.0, 171.0, 171.0, 171.0, 171.0, 171.0, 171.0, 171.0, 171.0, 171.0, 171.0, 171.0, 171.0, 171.0, 171.0, 171.0, 171.0, 171.0, 171.0, 171.0, 171.0], "val_TN": [104.0, 0.0, 0.0, 0.0, 0.0, 0.0, 0.0, 0.0, 0.0, 0.0, 0.0, 0.0, 0.0, 0.0, 0.0, 0.0, 0.0, 0.0, 0.0, 0.0, 0.0, 0.0], "val_FP": [0.0, 104.0, 104.0, 104.0, 104.0, 104.0, 104.0, 104.0, 104.0, 104.0, 104.0, 104.0, 104.0, 104.0, 104.0, 104.0, 104.0, 104.0, 104.0, 104.0, 104.0, 104.0], "val_FN": [171.0, 0.0, 0.0, 0.0, 0.0, 0.0, 0.0, 0.0, 0.0, 0.0, 0.0, 0.0, 0.0, 0.0, 0.0, 0.0, 0.0, 0.0, 0.0, 0.0, 0.0, 0.0], "val_Precision": [0.0, 0.6218181848526001, 0.6218181848526001, 0.6218181848526001, 0.6218181848526001, 0.6218181848526001, 0.6218181848526001, 0.6218181848526001, 0.6218181848526001, 0.6218181848526001, 0.6218181848526001, 0.6218181848526001, 0.6218181848526001, 0.6218181848526001, 0.6218181848526001, 0.6218181848526001, 0.6218181848526001, 0.6218181848526001, 0.6218181848526001, 0.6218181848526001, 0.6218181848526001, 0.6218181848526001], "val_Recall": [0.0, 1.0, 1.0, 1.0, 1.0, 1.0, 1.0, 1.0, 1.0, 1.0, 1.0, 1.0, 1.0, 1.0, 1.0, 1.0, 1.0, 1.0, 1.0, 1.0, 1.0, 1.0], "val_AUC": [0.5, 0.5, 0.5, 0.5, 0.5, 0.5, 0.5, 0.5, 0.5, 0.5, 0.5, 0.5, 0.45889565348625183, 0.5, 0.5, 0.5, 0.5, 0.5, 0.5, 0.5, 0.5, 0.5]}