{"loss": [10.937191009521484, 7.019259929656982, 5.779965877532959, 11.296356201171875, 11.57787799835205, 8.755075454711914, 6.230064392089844, 4.139988899230957, 8.214863777160645, 8.320056915283203, 6.179464340209961, 5.7529754638671875, 6.447285175323486, 7.647817134857178, 8.814728736877441, 9.305214881896973, 5.294356346130371, 7.180395126342773, 4.336204528808594, 3.5534110069274902, 3.3088080883026123, 5.751927375793457, 5.009028434753418, 5.665521621704102], "accuracy": [0.4971671402454376, 0.5240793228149414, 0.5014164447784424, 0.4900849759578705, 0.5028328895568848, 0.5084986090660095, 0.4985835552215576, 0.5014164447784424, 0.4872521162033081, 0.4886685609817505, 0.4900849759578705, 0.5056657195091248, 0.5028328895568848, 0.5, 0.4858357012271881, 0.5212464332580566, 0.5042492747306824, 0.5056657195091248, 0.5141643285751343, 0.4858357012271881, 0.4900849759578705, 0.545325756072998, 0.5141643285751343, 0.4985835552215576], "benchmark": [892.0, 672.0, 704.0, 720.0, 702.0, 694.0, 708.0, 704.0, 724.0, 722.0, 720.0, 698.0, 702.0, 706.0, 726.0, 676.0, 700.0, 698.0, 686.0, 726.0, 720.0, 642.0, 686.0, 708.0], "TP": [366.0, 387.0, 353.0, 347.0, 338.0, 360.0, 385.0, 323.0, 345.0, 344.0, 363.0, 326.0, 356.0, 370.0, 326.0, 385.0, 325.0, 372.0, 378.0, 358.0, 345.0, 400.0, 378.0, 305.0], "TN": [336.0, 353.0, 355.0, 345.0, 372.0, 358.0, 319.0, 385.0, 343.0, 346.0, 329.0, 388.0, 354.0, 336.0, 360.0, 351.0, 387.0, 342.0, 348.0, 328.0, 347.0, 370.0, 348.0, 399.0], "FP": [370.0, 353.0, 351.0, 361.0, 334.0, 348.0, 387.0, 321.0, 363.0, 360.0, 377.0, 318.0, 352.0, 370.0, 346.0, 355.0, 319.0, 364.0, 358.0, 378.0, 359.0, 336.0, 358.0, 307.0], "FN": [340.0, 319.0, 353.0, 359.0, 368.0, 346.0, 321.0, 383.0, 361.0, 362.0, 343.0, 380.0, 350.0, 336.0, 380.0, 321.0, 381.0, 334.0, 328.0, 348.0, 361.0, 306.0, 328.0, 401.0], "Precision": [0.49728259444236755, 0.5229730010032654, 0.5014204382896423, 0.4901129901409149, 0.5029761791229248, 0.508474588394165, 0.4987046718597412, 0.5015528202056885, 0.48728814721107483, 0.4886363744735718, 0.4905405342578888, 0.5062111616134644, 0.5028248429298401, 0.5, 0.4851190447807312, 0.5202702879905701, 0.5046584010124207, 0.5054348111152649, 0.5135869383811951, 0.48641303181648254, 0.4900568127632141, 0.54347825050354, 0.5135869383811951, 0.49836599826812744], "Recall": [0.5184136033058167, 0.5481586456298828, 0.5, 0.49150142073631287, 0.47875353693962097, 0.5099149942398071, 0.545325756072998, 0.45750707387924194, 0.4886685609817505, 0.4872521162033081, 0.5141643285751343, 0.4617563784122467, 0.5042492747306824, 0.5240793228149414, 0.4617563784122467, 0.545325756072998, 0.4603399336338043, 0.5269121527671814, 0.5354107618331909, 0.5070821642875671, 0.4886685609817505, 0.5665722489356995, 0.5354107618331909, 0.43201133608818054], "AUC": [0.4999578595161438, 0.5228875875473022, 0.5098387598991394, 0.4983347952365875, 0.5013401508331299, 0.5081735849380493, 0.4958108961582184, 0.5175027847290039, 0.4924844801425934, 0.49305829405784607, 0.5048150420188904, 0.5093371868133545, 0.5079167485237122, 0.5094455480575562, 0.4815824031829834, 0.532252848148346, 0.5074713826179504, 0.49919745326042175, 0.49754029512405396, 0.4772568345069885, 0.48881301283836365, 0.5521190166473389, 0.5192362070083618, 0.4942660927772522], "val_loss": [16.738527297973633, 14.454397201538086, 10.409148216247559, 8.925019264221191, 4.631499290466309, 4.828352928161621, 1.0693918466567993, 4.150137901306152, 14.940557479858398, 3.942871570587158, 4.242018222808838, 4.716572284698486, 6.4352216720581055, 2.5733582973480225, 0.12770184874534607, 8.151719093322754, 10.217917442321777, 13.082261085510254, 0.06547080725431442, 3.571643829345703, 3.4407732486724854, 9.227132797241211, 0.04261573776602745, 8.988638877868652], "val_accuracy": [0.33818182349205017, 0.33818182349205017, 0.33818182349205017, 0.6618182063102722, 0.6618182063102722, 0.6618182063102722, 0.33818182349205017, 0.6618182063102722, 0.6618182063102722, 0.6618182063102722, 0.33818182349205017, 0.6618182063102722, 0.6618182063102722, 0.33818182349205017, 0.33818182349205017, 0.33818182349205017, 0.6618182063102722, 0.33818182349205017, 0.6618182063102722, 0.6618182063102722, 0.6618182063102722, 0.33818182349205017, 0.33818182349205017, 0.6618182063102722], "val_benchmark": [182.0, 182.0, 182.0, 93.0, 93.0, 93.0, 182.0, 93.0, 93.0, 93.0, 182.0, 93.0, 93.0, 182.0, 182.0, 182.0, 93.0, 182.0, 93.0, 93.0, 93.0, 182.0, 182.0, 93.0], "val_TP": [0.0, 0.0, 0.0, 182.0, 182.0, 182.0, 0.0, 182.0, 182.0, 182.0, 0.0, 182.0, 182.0, 0.0, 0.0, 0.0, 182.0, 0.0, 182.0, 182.0, 182.0, 0.0, 0.0, 182.0], "val_TN": [93.0, 93.0, 93.0, 0.0, 0.0, 0.0, 93.0, 0.0, 0.0, 0.0, 93.0, 0.0, 0.0, 93.0, 93.0, 93.0, 0.0, 93.0, 0.0, 0.0, 0.0, 93.0, 93.0, 0.0], "val_FP": [0.0, 0.0, 0.0, 93.0, 93.0, 93.0, 0.0, 93.0, 93.0, 93.0, 0.0, 93.0, 93.0, 0.0, 0.0, 0.0, 93.0, 0.0, 93.0, 93.0, 93.0, 0.0, 0.0, 93.0], "val_FN": [182.0, 182.0, 182.0, 0.0, 0.0, 0.0, 182.0, 0.0, 0.0, 0.0, 182.0, 0.0, 0.0, 182.0, 182.0, 182.0, 0.0, 182.0, 0.0, 0.0, 0.0, 182.0, 182.0, 0.0], "val_Precision": [0.0, 0.0, 0.0, 0.6618182063102722, 0.6618182063102722, 0.6618182063102722, 0.0, 0.6618182063102722, 0.6618182063102722, 0.6618182063102722, 0.0, 0.6618182063102722, 0.6618182063102722, 0.0, 0.0, 0.0, 0.6618182063102722, 0.0, 0.6618182063102722, 0.6618182063102722, 0.6618182063102722, 0.0, 0.0, 0.6618182063102722], "val_Recall": [0.0, 0.0, 0.0, 1.0, 1.0, 1.0, 0.0, 1.0, 1.0, 1.0, 0.0, 1.0, 1.0, 0.0, 0.0, 0.0, 1.0, 0.0, 1.0, 1.0, 1.0, 0.0, 0.0, 1.0], "val_AUC": [0.5, 0.5, 0.5, 0.5, 0.5, 0.5, 0.5, 0.5, 0.5, 0.5, 0.5, 0.5, 0.5, 0.5, 0.5, 0.5, 0.5, 0.5, 0.5, 0.5, 0.5, 0.5, 0.5, 0.5]}