{"loss": [0.6875466108322144, 0.6806455254554749, 0.6767333149909973, 0.667356014251709, 0.6544583439826965, 0.646685779094696, 0.6492971777915955, 0.6382626891136169, 0.6433350443840027, 0.6323012113571167, 0.626977801322937, 0.627203106880188, 0.6262979507446289, 0.6274186968803406, 0.6198515295982361, 0.6200968623161316, 0.6207212805747986, 0.6162815690040588, 0.6142590641975403, 0.6069385409355164, 0.6063458919525146, 0.6022497415542603, 0.6070848107337952, 0.6016113758087158], "accuracy": [0.5104602575302124, 0.5495118498802185, 0.5774058699607849, 0.589958131313324, 0.607391893863678, 0.6213389039039612, 0.6066945791244507, 0.616457462310791, 0.6046025156974792, 0.625523030757904, 0.6380752921104431, 0.6311017870903015, 0.6262203454971313, 0.6178521513938904, 0.6311017870903015, 0.6478382349014282, 0.6387726664543152, 0.6527196764945984, 0.65969318151474, 0.6589958071708679, 0.6429567933082581, 0.6485355496406555, 0.6589958071708679, 0.6617852449417114], "benchmark_723": [702.0, 646.0, 606.0, 588.0, 563.0, 543.0, 564.0, 550.0, 567.0, 537.0, 519.0, 529.0, 536.0, 548.0, 529.0, 505.0, 518.0, 498.0, 488.0, 489.0, 512.0, 504.0, 489.0, 485.0], "TP": [495.0, 414.0, 405.0, 411.0, 414.0, 435.0, 413.0, 429.0, 411.0, 434.0, 442.0, 437.0, 444.0, 423.0, 453.0, 439.0, 434.0, 440.0, 457.0, 441.0, 407.0, 428.0, 439.0, 450.0], "TN": [237.0, 374.0, 423.0, 435.0, 457.0, 456.0, 457.0, 455.0, 456.0, 463.0, 473.0, 468.0, 454.0, 463.0, 452.0, 490.0, 482.0, 496.0, 489.0, 504.0, 515.0, 502.0, 506.0, 499.0], "FP": [480.0, 343.0, 294.0, 282.0, 260.0, 261.0, 260.0, 262.0, 261.0, 254.0, 244.0, 249.0, 263.0, 254.0, 265.0, 227.0, 235.0, 221.0, 228.0, 213.0, 202.0, 215.0, 211.0, 218.0], "FN": [222.0, 303.0, 312.0, 306.0, 303.0, 282.0, 304.0, 288.0, 306.0, 283.0, 275.0, 280.0, 273.0, 294.0, 264.0, 278.0, 283.0, 277.0, 260.0, 276.0, 310.0, 289.0, 278.0, 267.0], "Precision": [0.5076923370361328, 0.5468956232070923, 0.5793991684913635, 0.5930736064910889, 0.6142433285713196, 0.625, 0.6136701107025146, 0.6208393573760986, 0.6116071343421936, 0.6308139562606812, 0.6443148851394653, 0.6370262503623962, 0.6280056834220886, 0.6248153448104858, 0.6309192180633545, 0.6591591835021973, 0.6487294435501099, 0.6656581163406372, 0.6671532988548279, 0.6743119359016418, 0.668308675289154, 0.6656298637390137, 0.6753846406936646, 0.673652708530426], "Recall": [0.6903765797615051, 0.5774058699607849, 0.5648535490036011, 0.573221743106842, 0.5774058699607849, 0.6066945791244507, 0.5760111808776855, 0.5983263850212097, 0.573221743106842, 0.6052998900413513, 0.616457462310791, 0.6094839572906494, 0.6192468404769897, 0.589958131313324, 0.6317991614341736, 0.6122733354568481, 0.6052998900413513, 0.6136680841445923, 0.6373779773712158, 0.6150627732276917, 0.5676429271697998, 0.5969316363334656, 0.6122733354568481, 0.6276150345802307], "AUC": [0.5438844561576843, 0.575257420539856, 0.6022799611091614, 0.6167414784431458, 0.6521807909011841, 0.6646485328674316, 0.6553874611854553, 0.6778796315193176, 0.6640114784240723, 0.688854455947876, 0.6961888074874878, 0.6886395215988159, 0.6948145031929016, 0.6842511892318726, 0.7025534510612488, 0.7034832239151001, 0.7022421956062317, 0.7108525633811951, 0.7160782814025879, 0.7205794453620911, 0.7196049094200134, 0.7244815826416016, 0.7236188650131226, 0.7263819575309753], "val_loss": [0.6861456632614136, 0.6675437688827515, 0.6398135423660278, 0.6135204434394836, 0.5931054353713989, 0.5981289744377136, 0.6073818206787109, 0.5942678451538086, 0.5830311179161072, 0.5989159941673279, 0.6205874085426331, 0.6040170192718506, 0.6248323321342468, 0.6257417798042297, 0.6235456466674805, 0.5992998480796814, 0.6176191568374634, 0.6289750933647156, 0.6745426654815674, 0.6236269474029541, 0.6739176511764526, 0.6024090051651001, 0.6018546223640442, 0.5668249726295471], "val_accuracy": [0.6254545450210571, 0.5527272820472717, 0.6509090662002563, 0.7272727489471436, 0.6654545664787292, 0.6800000071525574, 0.6690909266471863, 0.6727272868156433, 0.6872727274894714, 0.6545454263687134, 0.6436363458633423, 0.6399999856948853, 0.6254545450210571, 0.6181818246841431, 0.610909104347229, 0.6290909051895142, 0.6436363458633423, 0.6000000238418579, 0.5709090828895569, 0.6181818246841431, 0.5672727227210999, 0.6327272653579712, 0.6327272653579712, 0.6872727274894714], "val_benchmark_723": [103.0, 123.0, 96.0, 75.0, 92.0, 88.0, 91.0, 90.0, 86.0, 95.0, 98.0, 99.0, 103.0, 105.0, 107.0, 102.0, 98.0, 110.0, 118.0, 105.0, 119.0, 101.0, 101.0, 86.0], "val_TP": [170.0, 69.0, 110.0, 136.0, 160.0, 151.0, 113.0, 137.0, 139.0, 114.0, 97.0, 117.0, 91.0, 88.0, 91.0, 103.0, 97.0, 82.0, 62.0, 88.0, 73.0, 98.0, 93.0, 136.0], "val_TN": [2.0, 83.0, 69.0, 64.0, 23.0, 36.0, 71.0, 48.0, 50.0, 66.0, 80.0, 59.0, 81.0, 82.0, 77.0, 70.0, 80.0, 83.0, 95.0, 82.0, 83.0, 76.0, 81.0, 53.0], "val_FP": [102.0, 21.0, 35.0, 40.0, 81.0, 68.0, 33.0, 56.0, 54.0, 38.0, 24.0, 45.0, 23.0, 22.0, 27.0, 34.0, 24.0, 21.0, 9.0, 22.0, 21.0, 28.0, 23.0, 51.0], "val_FN": [1.0, 102.0, 61.0, 35.0, 11.0, 20.0, 58.0, 34.0, 32.0, 57.0, 74.0, 54.0, 80.0, 83.0, 80.0, 68.0, 74.0, 89.0, 109.0, 83.0, 98.0, 73.0, 78.0, 35.0], "val_Precision": [0.625, 0.7666666507720947, 0.7586206793785095, 0.7727272510528564, 0.6639004349708557, 0.689497709274292, 0.7739726305007935, 0.7098445892333984, 0.7202072739601135, 0.75, 0.8016529083251953, 0.7222222089767456, 0.7982456088066101, 0.800000011920929, 0.7711864113807678, 0.7518247961997986, 0.8016529083251953, 0.7961165308952332, 0.8732394576072693, 0.800000011920929, 0.7765957713127136, 0.7777777910232544, 0.8017241358757019, 0.7272727489471436], "val_Recall": [0.9941520690917969, 0.4035087823867798, 0.6432748436927795, 0.7953216433525085, 0.9356725215911865, 0.8830409646034241, 0.6608186960220337, 0.8011695742607117, 0.8128654956817627, 0.6666666865348816, 0.567251443862915, 0.6842105388641357, 0.5321637392044067, 0.5146198868751526, 0.5321637392044067, 0.6023392081260681, 0.567251443862915, 0.4795321524143219, 0.3625730872154236, 0.5146198868751526, 0.42690059542655945, 0.5730994343757629, 0.5438596606254578, 0.7953216433525085], "val_AUC": [0.6917453408241272, 0.6374269127845764, 0.7081084847450256, 0.7220816612243652, 0.7184829711914062, 0.7006297707557678, 0.720282256603241, 0.7098515629768372, 0.7233749628067017, 0.7299820184707642, 0.7213507294654846, 0.711903989315033, 0.7212663292884827, 0.7268330454826355, 0.7166272401809692, 0.7346210479736328, 0.7228689193725586, 0.7245276570320129, 0.7222221493721008, 0.7242465019226074, 0.7087550759315491, 0.7316407561302185, 0.7302350997924805, 0.7432242035865784]}