{"loss": [0.7760549187660217, 0.7221543192863464, 0.6968991756439209, 0.6868445873260498, 0.6697279214859009, 0.6526415944099426, 0.6548331379890442, 0.6322613954544067, 0.6142915487289429, 0.6024922728538513, 0.5893309116363525, 0.5827881693840027, 0.5649316906929016, 0.5372088551521301, 0.5377307534217834, 0.5119156241416931, 0.4952453374862671, 0.4820388853549957, 0.4765315055847168, 0.4551943242549896, 0.44019943475723267, 0.4225960969924927, 0.41002899408340454, 0.3760034739971161, 0.3693307638168335, 0.348486065864563, 0.3416738510131836, 0.31766951084136963, 0.3175075650215149, 0.2870510518550873, 0.2596227526664734, 0.24060867726802826, 0.237355038523674, 0.23105812072753906, 0.18329596519470215, 0.17185388505458832, 0.18348152935504913, 0.15575575828552246], "accuracy": [0.48047420382499695, 0.5, 0.5613667964935303, 0.5794979333877563, 0.6025104522705078, 0.6213389039039612, 0.5997210741043091, 0.6297070980072021, 0.6499302387237549, 0.6687586903572083, 0.6896792054176331, 0.698047399520874, 0.7196652889251709, 0.73221755027771, 0.7224546670913696, 0.749651312828064, 0.7608089447021484, 0.7768479585647583, 0.7747559547424316, 0.7887029051780701, 0.7998605370521545, 0.8075313568115234, 0.8054393529891968, 0.8375174403190613, 0.8382147550582886, 0.8451882600784302, 0.8521617650985718, 0.8626220226287842, 0.8619247078895569, 0.8800557851791382, 0.9037656784057617, 0.909344494342804, 0.9037656784057617, 0.9107391834259033, 0.9344490766525269, 0.9421199560165405, 0.9358437657356262, 0.9428172707557678], "benchmark_1323": [745.0, 717.0, 629.0, 603.0, 570.0, 543.0, 574.0, 531.0, 502.0, 475.0, 445.0, 433.0, 402.0, 384.0, 398.0, 359.0, 343.0, 320.0, 323.0, 303.0, 287.0, 276.0, 279.0, 233.0, 232.0, 222.0, 212.0, 197.0, 198.0, 172.0, 138.0, 130.0, 138.0, 128.0, 94.0, 83.0, 92.0, 82.0], "TP": [346.0, 350.0, 410.0, 412.0, 428.0, 445.0, 419.0, 455.0, 455.0, 469.0, 499.0, 495.0, 511.0, 530.0, 510.0, 531.0, 535.0, 549.0, 552.0, 561.0, 558.0, 578.0, 571.0, 594.0, 591.0, 599.0, 601.0, 617.0, 603.0, 616.0, 641.0, 648.0, 644.0, 648.0, 661.0, 673.0, 667.0, 673.0], "TN": [343.0, 367.0, 395.0, 419.0, 436.0, 446.0, 441.0, 448.0, 477.0, 490.0, 490.0, 506.0, 521.0, 520.0, 526.0, 544.0, 556.0, 565.0, 559.0, 570.0, 589.0, 580.0, 584.0, 607.0, 611.0, 613.0, 621.0, 620.0, 633.0, 646.0, 655.0, 656.0, 652.0, 658.0, 679.0, 678.0, 675.0, 679.0], "FP": [374.0, 350.0, 322.0, 298.0, 281.0, 271.0, 276.0, 269.0, 240.0, 227.0, 227.0, 211.0, 196.0, 197.0, 191.0, 173.0, 161.0, 152.0, 158.0, 147.0, 128.0, 137.0, 133.0, 110.0, 106.0, 104.0, 96.0, 97.0, 84.0, 71.0, 62.0, 61.0, 65.0, 59.0, 38.0, 39.0, 42.0, 38.0], "FN": [371.0, 367.0, 307.0, 305.0, 289.0, 272.0, 298.0, 262.0, 262.0, 248.0, 218.0, 222.0, 206.0, 187.0, 207.0, 186.0, 182.0, 168.0, 165.0, 156.0, 159.0, 139.0, 146.0, 123.0, 126.0, 118.0, 116.0, 100.0, 114.0, 101.0, 76.0, 69.0, 73.0, 69.0, 56.0, 44.0, 50.0, 44.0], "Precision": [0.48055556416511536, 0.5, 0.5601093173027039, 0.580281674861908, 0.603667140007019, 0.6215083599090576, 0.602877676486969, 0.6284530162811279, 0.6546762585639954, 0.6738505959510803, 0.6873278021812439, 0.701133131980896, 0.7227723002433777, 0.7290233969688416, 0.7275320887565613, 0.7542613744735718, 0.7686781883239746, 0.7831668853759766, 0.7774648070335388, 0.7923728823661804, 0.8134110569953918, 0.8083916306495667, 0.8110795617103577, 0.84375, 0.8479196429252625, 0.8520625829696655, 0.8622668385505676, 0.8641456365585327, 0.8777292370796204, 0.896652102470398, 0.9118065237998962, 0.9139633178710938, 0.9083215594291687, 0.9165487885475159, 0.9456366300582886, 0.9452247023582458, 0.9407616257667542, 0.9465541243553162], "Recall": [0.482566237449646, 0.48814505338668823, 0.5718270540237427, 0.5746164321899414, 0.5969316363334656, 0.6206415891647339, 0.5843793749809265, 0.6345885396003723, 0.6345885396003723, 0.6541143655776978, 0.6959553956985474, 0.6903765797615051, 0.7126917839050293, 0.7391910552978516, 0.7112970948219299, 0.7405857443809509, 0.7461645603179932, 0.7656903862953186, 0.7698744535446167, 0.7824267745018005, 0.7782427072525024, 0.8061366677284241, 0.7963737845420837, 0.8284518718719482, 0.8242678046226501, 0.8354253768920898, 0.8382147550582886, 0.8605299592018127, 0.8410041928291321, 0.8591352701187134, 0.8940027952194214, 0.9037656784057617, 0.8981868624687195, 0.9037656784057617, 0.9218968152999878, 0.9386332035064697, 0.9302650094032288, 0.9386332035064697], "AUC": [0.47217604517936707, 0.5196921825408936, 0.574880063533783, 0.6000264286994934, 0.6353102326393127, 0.6625136733055115, 0.6576945185661316, 0.693979024887085, 0.7182618379592896, 0.7373781800270081, 0.7522763609886169, 0.7608498334884644, 0.7827876210212708, 0.8060521483421326, 0.804304301738739, 0.828522801399231, 0.8405684232711792, 0.8511687517166138, 0.853478729724884, 0.8683486580848694, 0.8762606978416443, 0.8904139399528503, 0.8956338763237, 0.9154115319252014, 0.9174928069114685, 0.9278801679611206, 0.9309380054473877, 0.9418904781341553, 0.939245879650116, 0.9524323344230652, 0.9634507894515991, 0.9705820679664612, 0.9704788327217102, 0.9703096747398376, 0.9845980405807495, 0.9871519804000854, 0.9826635122299194, 0.9887967109680176], "val_loss": [0.8085858821868896, 0.6807783842086792, 0.6614749431610107, 0.7397365570068359, 0.7096840739250183, 0.7249364852905273, 0.7026192545890808, 1.0003840923309326, 0.8516215085983276, 1.2733131647109985, 0.8259407877922058, 0.643484890460968, 0.6387931108474731, 0.6518482565879822, 0.6128296852111816, 0.7579345703125, 0.6822751760482788, 0.6394842863082886, 0.8507801294326782, 0.7091832160949707, 0.7454408407211304, 1.4408224821090698, 0.7824273109436035, 0.706413745880127, 0.8248119950294495, 0.7122882008552551, 1.5548793077468872, 1.4307773113250732, 0.8908922672271729, 1.1389493942260742, 0.7798250317573547, 0.8953216671943665, 1.6280378103256226, 0.8847025632858276, 1.102001667022705, 1.0015403032302856, 1.0671586990356445, 1.4743183851242065], "val_accuracy": [0.3781818151473999, 0.6218181848526001, 0.6218181848526001, 0.3781818151473999, 0.4909090995788574, 0.4981818199157715, 0.5636363625526428, 0.44727271795272827, 0.5163636207580566, 0.4363636374473572, 0.5309090614318848, 0.6399999856948853, 0.6363636255264282, 0.6254545450210571, 0.6218181848526001, 0.6254545450210571, 0.6436363458633423, 0.6654545664787292, 0.610909104347229, 0.6436363458633423, 0.6290909051895142, 0.49454545974731445, 0.6545454263687134, 0.6545454263687134, 0.6290909051895142, 0.6327272653579712, 0.4727272689342499, 0.5090909004211426, 0.6399999856948853, 0.5745454430580139, 0.6654545664787292, 0.6399999856948853, 0.5272727012634277, 0.6545454263687134, 0.6581818461418152, 0.6181818246841431, 0.6181818246841431, 0.5454545617103577], "val_benchmark_1323": [171.0, 104.0, 104.0, 171.0, 140.0, 138.0, 120.0, 152.0, 133.0, 155.0, 129.0, 99.0, 100.0, 103.0, 104.0, 103.0, 98.0, 92.0, 107.0, 98.0, 102.0, 139.0, 95.0, 95.0, 102.0, 101.0, 145.0, 135.0, 99.0, 117.0, 92.0, 99.0, 130.0, 95.0, 94.0, 105.0, 105.0, 125.0], "val_TP": [0.0, 171.0, 171.0, 1.0, 41.0, 33.0, 78.0, 19.0, 46.0, 16.0, 50.0, 96.0, 105.0, 98.0, 144.0, 77.0, 97.0, 112.0, 74.0, 122.0, 113.0, 38.0, 103.0, 139.0, 99.0, 109.0, 30.0, 44.0, 101.0, 67.0, 130.0, 107.0, 50.0, 108.0, 157.0, 99.0, 110.0, 59.0], "val_TN": [104.0, 0.0, 0.0, 103.0, 94.0, 104.0, 77.0, 104.0, 96.0, 104.0, 96.0, 80.0, 70.0, 74.0, 27.0, 95.0, 80.0, 71.0, 94.0, 55.0, 60.0, 98.0, 77.0, 41.0, 74.0, 65.0, 100.0, 96.0, 75.0, 91.0, 53.0, 69.0, 95.0, 72.0, 24.0, 71.0, 60.0, 91.0], "val_FP": [0.0, 104.0, 104.0, 1.0, 10.0, 0.0, 27.0, 0.0, 8.0, 0.0, 8.0, 24.0, 34.0, 30.0, 77.0, 9.0, 24.0, 33.0, 10.0, 49.0, 44.0, 6.0, 27.0, 63.0, 30.0, 39.0, 4.0, 8.0, 29.0, 13.0, 51.0, 35.0, 9.0, 32.0, 80.0, 33.0, 44.0, 13.0], "val_FN": [171.0, 0.0, 0.0, 170.0, 130.0, 138.0, 93.0, 152.0, 125.0, 155.0, 121.0, 75.0, 66.0, 73.0, 27.0, 94.0, 74.0, 59.0, 97.0, 49.0, 58.0, 133.0, 68.0, 32.0, 72.0, 62.0, 141.0, 127.0, 70.0, 104.0, 41.0, 64.0, 121.0, 63.0, 14.0, 72.0, 61.0, 112.0],