{"loss": [0.697762668132782, 0.6957196593284607, 0.694198727607727, 0.693824052810669, 0.6981198787689209, 0.7045736908912659, 0.6980557441711426, 0.702368974685669, 0.6984178423881531, 0.7000880837440491, 0.6975153684616089, 0.7039822936058044, 0.7043405771255493, 0.699681282043457, 0.6989471316337585, 0.6960509419441223, 0.6985688805580139, 0.700448751449585, 0.6951296329498291, 0.6963717937469482, 0.7002113461494446], "accuracy": [0.5167363882064819, 0.508368194103241, 0.5160390734672546, 0.5292887091636658, 0.5111575722694397, 0.47350069880485535, 0.5097628831863403, 0.49093446135520935, 0.5041841268539429, 0.47698745131492615, 0.508368194103241, 0.48396095633506775, 0.49163180589675903, 0.5041841268539429, 0.4867503345012665, 0.5167363882064819, 0.5069735050201416, 0.5013946890830994, 0.5069735050201416, 0.5104602575302124, 0.49163180589675903], "benchmark_1719": [693.0, 705.0, 694.0, 675.0, 701.0, 755.0, 703.0, 730.0, 711.0, 750.0, 705.0, 740.0, 729.0, 711.0, 736.0, 693.0, 707.0, 715.0, 707.0, 702.0, 729.0], "TP": [491.0, 430.0, 438.0, 422.0, 392.0, 367.0, 369.0, 349.0, 377.0, 341.0, 370.0, 357.0, 352.0, 367.0, 335.0, 375.0, 362.0, 366.0, 374.0, 383.0, 350.0], "TN": [250.0, 299.0, 302.0, 337.0, 341.0, 312.0, 362.0, 355.0, 346.0, 343.0, 359.0, 337.0, 353.0, 356.0, 363.0, 366.0, 365.0, 353.0, 353.0, 349.0, 355.0], "FP": [467.0, 418.0, 415.0, 380.0, 376.0, 405.0, 355.0, 362.0, 371.0, 374.0, 358.0, 380.0, 364.0, 361.0, 354.0, 351.0, 352.0, 364.0, 364.0, 368.0, 362.0], "FN": [226.0, 287.0, 279.0, 295.0, 325.0, 350.0, 348.0, 368.0, 340.0, 376.0, 347.0, 360.0, 365.0, 350.0, 382.0, 342.0, 355.0, 351.0, 343.0, 334.0, 367.0], "Precision": [0.5125260949134827, 0.5070754885673523, 0.513481855392456, 0.5261845588684082, 0.5104166865348816, 0.4753885865211487, 0.5096685290336609, 0.49085795879364014, 0.5040106773376465, 0.4769230782985687, 0.5082417726516724, 0.48439618945121765, 0.49162012338638306, 0.5041208863258362, 0.486211895942688, 0.5165289044380188, 0.5070028305053711, 0.501369833946228, 0.5067750811576843, 0.5099866986274719, 0.4915730357170105], "Recall": [0.6847977638244629, 0.5997210741043091, 0.6108786463737488, 0.5885634422302246, 0.5467224717140198, 0.5118549466133118, 0.5146443247795105, 0.4867503345012665, 0.525801956653595, 0.4755927622318268, 0.5160390734672546, 0.49790793657302856, 0.49093446135520935, 0.5118549466133118, 0.4672245383262634, 0.5230125784873962, 0.5048814415931702, 0.5104602575302124, 0.5216178297996521, 0.5341701507568359, 0.48814505338668823], "AUC": [0.5140393376350403, 0.5184695720672607, 0.5238041877746582, 0.531388521194458, 0.5074316263198853, 0.46527841687202454, 0.5077700614929199, 0.4834163188934326, 0.5019316077232361, 0.48962339758872986, 0.5098796486854553, 0.4703397750854492, 0.4729667603969574, 0.5000340342521667, 0.4962778687477112, 0.5201521515846252, 0.5054105520248413, 0.49542686343193054, 0.5158552527427673, 0.5076630115509033, 0.49623703956604004], "val_loss": [0.6794549822807312, 0.6814411878585815, 0.6830694675445557, 0.684441328048706, 0.6852837204933167, 0.6861277222633362, 0.6862134337425232, 0.6860694289207458, 0.686506986618042, 0.6867379546165466, 0.6865982413291931, 0.686769962310791, 0.6866884231567383, 0.68654465675354, 0.6864075660705566, 0.6864553093910217, 0.6862534880638123, 0.6863477230072021, 0.6864365339279175, 0.6864769458770752, 0.6863133907318115], "val_accuracy": [0.6218181848526001, 0.6218181848526001, 0.6218181848526001, 0.6218181848526001, 0.6218181848526001, 0.6218181848526001, 0.6218181848526001, 0.6218181848526001, 0.6218181848526001, 0.6218181848526001, 0.6218181848526001, 0.6218181848526001, 0.6218181848526001, 0.6218181848526001, 0.6218181848526001, 0.6218181848526001, 0.6218181848526001, 0.6218181848526001, 0.6218181848526001, 0.6218181848526001, 0.6218181848526001], "val_benchmark_1719": [104.0, 104.0, 104.0, 104.0, 104.0, 104.0, 104.0, 104.0, 104.0, 104.0, 104.0, 104.0, 104.0, 104.0, 104.0, 104.0, 104.0, 104.0, 104.0, 104.0, 104.0], "val_TP": [171.0, 171.0, 171.0, 171.0, 171.0, 171.0, 171.0, 171.0, 171.0, 171.0, 171.0, 171.0, 171.0, 171.0, 171.0, 171.0, 171.0, 171.0, 171.0, 171.0, 171.0], "val_TN": [0.0, 0.0, 0.0, 0.0, 0.0, 0.0, 0.0, 0.0, 0.0, 0.0, 0.0, 0.0, 0.0, 0.0, 0.0, 0.0, 0.0, 0.0, 0.0, 0.0, 0.0], "val_FP": [104.0, 104.0, 104.0, 104.0, 104.0, 104.0, 104.0, 104.0, 104.0, 104.0, 104.0, 104.0, 104.0, 104.0, 104.0, 104.0, 104.0, 104.0, 104.0, 104.0, 104.0], "val_FN": [0.0, 0.0, 0.0, 0.0, 0.0, 0.0, 0.0, 0.0, 0.0, 0.0, 0.0, 0.0, 0.0, 0.0, 0.0, 0.0, 0.0, 0.0, 0.0, 0.0, 0.0], "val_Precision": [0.6218181848526001, 0.6218181848526001, 0.6218181848526001, 0.6218181848526001, 0.6218181848526001, 0.6218181848526001, 0.6218181848526001, 0.6218181848526001, 0.6218181848526001, 0.6218181848526001, 0.6218181848526001, 0.6218181848526001, 0.6218181848526001, 0.6218181848526001, 0.6218181848526001, 0.6218181848526001, 0.6218181848526001, 0.6218181848526001, 0.6218181848526001, 0.6218181848526001, 0.6218181848526001], "val_Recall": [1.0, 1.0, 1.0, 1.0, 1.0, 1.0, 1.0, 1.0, 1.0, 1.0, 1.0, 1.0, 1.0, 1.0, 1.0, 1.0, 1.0, 1.0, 1.0, 1.0, 1.0], "val_AUC": [0.44674989581108093, 0.495782732963562, 0.4985661506652832, 0.5, 0.4239484667778015, 0.5, 0.5, 0.5, 0.5, 0.5, 0.5, 0.5, 0.5, 0.5, 0.5, 0.5, 0.5, 0.5, 0.5, 0.5, 0.5]}