{"loss": [4.385953426361084, 1.0968080759048462, 0.9068129658699036, 0.7165781259536743, 0.7223379015922546, 0.773730993270874, 0.8187171816825867, 0.7355907559394836, 0.7307421565055847, 0.7428643107414246, 0.7972028851509094, 0.7371475696563721, 0.7346594929695129, 0.7980545163154602, 0.7173018455505371, 0.8037106990814209, 0.8203420639038086, 0.7813243269920349, 0.8516255617141724, 0.8318493366241455, 0.7312572002410889, 0.7050856947898865], "accuracy": [0.48047420382499695, 0.5006973743438721, 0.48326361179351807, 0.5013946890830994, 0.4937238395214081, 0.5111575722694397, 0.5146443247795105, 0.4958159029483795, 0.5062761306762695, 0.5076708793640137, 0.4993026554584503, 0.49442121386528015, 0.4993026554584503, 0.4993026554584503, 0.5160390734672546, 0.5299860239028931, 0.5, 0.5202231407165527, 0.4895397424697876, 0.4958159029483795, 0.5139470100402832, 0.4790794849395752], "benchmark_218": [745.0, 716.0, 741.0, 715.0, 726.0, 701.0, 696.0, 723.0, 708.0, 706.0, 718.0, 725.0, 718.0, 718.0, 694.0, 674.0, 717.0, 688.0, 732.0, 723.0, 697.0, 747.0], "TP": [363.0, 314.0, 387.0, 400.0, 366.0, 407.0, 381.0, 372.0, 375.0, 319.0, 403.0, 314.0, 370.0, 346.0, 439.0, 335.0, 375.0, 328.0, 420.0, 315.0, 352.0, 303.0], "TN": [326.0, 404.0, 306.0, 319.0, 342.0, 326.0, 357.0, 339.0, 351.0, 409.0, 313.0, 395.0, 346.0, 370.0, 301.0, 425.0, 342.0, 418.0, 282.0, 396.0, 385.0, 384.0], "FP": [391.0, 313.0, 411.0, 398.0, 375.0, 391.0, 360.0, 378.0, 366.0, 308.0, 404.0, 322.0, 371.0, 347.0, 416.0, 292.0, 375.0, 299.0, 435.0, 321.0, 332.0, 333.0], "FN": [354.0, 403.0, 330.0, 317.0, 351.0, 310.0, 336.0, 345.0, 342.0, 398.0, 314.0, 403.0, 347.0, 371.0, 278.0, 382.0, 342.0, 389.0, 297.0, 402.0, 365.0, 414.0], "Precision": [0.48143234848976135, 0.50079745054245, 0.4849624037742615, 0.5012531280517578, 0.49392712116241455, 0.5100250840187073, 0.5141700506210327, 0.4959999918937683, 0.5060728788375854, 0.5087719559669495, 0.4993804097175598, 0.4937106966972351, 0.4993252456188202, 0.4992784857749939, 0.5134502649307251, 0.5342902541160583, 0.5, 0.5231260061264038, 0.4912280738353729, 0.49528300762176514, 0.5146198868751526, 0.47641509771347046], "Recall": [0.5062761306762695, 0.43793582916259766, 0.5397489666938782, 0.5578800439834595, 0.5104602575302124, 0.5676429271697998, 0.5313807725906372, 0.5188284516334534, 0.5230125784873962, 0.44490933418273926, 0.5620641708374023, 0.43793582916259766, 0.5160390734672546, 0.482566237449646, 0.6122733354568481, 0.4672245383262634, 0.5230125784873962, 0.4574616551399231, 0.5857740640640259, 0.4393305480480194, 0.49093446135520935, 0.4225941300392151], "AUC": [0.4609571695327759, 0.5062761306762695, 0.47474074363708496, 0.5015493631362915, 0.48464369773864746, 0.5252767205238342, 0.5095557570457458, 0.4986286461353302, 0.5014443397521973, 0.4893355071544647, 0.5132876038551331, 0.4976423978805542, 0.5027748346328735, 0.4885651767253876, 0.5131417512893677, 0.5222539305686951, 0.5031424164772034, 0.5178976058959961, 0.48316437005996704, 0.4920986294746399, 0.5105915069580078, 0.4902983605861664], "val_loss": [2.8696296215057373, 0.6672441363334656, 0.8874493837356567, 0.8526186347007751, 0.9970263838768005, 1.2904760837554932, 0.806574821472168, 0.663176953792572, 0.8509900569915771, 0.6843574643135071, 0.7988725900650024, 0.6631698608398438, 1.0341497659683228, 0.6775029301643372, 0.8383172750473022, 0.66327303647995, 1.1060010194778442, 0.6726915836334229, 1.4782540798187256, 0.6866551041603088, 0.782094419002533, 0.8403310775756836], "val_accuracy": [0.3781818151473999, 0.6218181848526001, 0.3781818151473999, 0.3781818151473999, 0.3781818151473999, 0.3781818151473999, 0.3781818151473999, 0.6218181848526001, 0.3781818151473999, 0.6218181848526001, 0.3781818151473999, 0.6218181848526001, 0.3781818151473999, 0.6218181848526001, 0.3781818151473999, 0.6218181848526001, 0.3781818151473999, 0.6218181848526001, 0.3781818151473999, 0.6218181848526001, 0.3781818151473999, 0.3781818151473999], "val_benchmark_218": [171.0, 104.0, 171.0, 171.0, 171.0, 171.0, 171.0, 104.0, 171.0, 104.0, 171.0, 104.0, 171.0, 104.0, 171.0, 104.0, 171.0, 104.0, 171.0, 104.0, 171.0, 171.0], "val_TP": [0.0, 171.0, 0.0, 0.0, 0.0, 0.0, 0.0, 171.0, 0.0, 171.0, 0.0, 171.0, 0.0, 171.0, 0.0, 171.0, 0.0, 171.0, 0.0, 171.0, 0.0, 0.0], "val_TN": [104.0, 0.0, 104.0, 104.0, 104.0, 104.0, 104.0, 0.0, 104.0, 0.0, 104.0, 0.0, 104.0, 0.0, 104.0, 0.0, 104.0, 0.0, 104.0, 0.0, 104.0, 104.0], "val_FP": [0.0, 104.0, 0.0, 0.0, 0.0, 0.0, 0.0, 104.0, 0.0, 104.0, 0.0, 104.0, 0.0, 104.0, 0.0, 104.0, 0.0, 104.0, 0.0, 104.0, 0.0, 0.0], "val_FN": [171.0, 0.0, 171.0, 171.0, 171.0, 171.0, 171.0, 0.0, 171.0, 0.0, 171.0, 0.0, 171.0, 0.0, 171.0, 0.0, 171.0, 0.0, 171.0, 0.0, 171.0, 171.0], "val_Precision": [0.0, 0.6218181848526001, 0.0, 0.0, 0.0, 0.0, 0.0, 0.6218181848526001, 0.0, 0.6218181848526001, 0.0, 0.6218181848526001, 0.0, 0.6218181848526001, 0.0, 0.6218181848526001, 0.0, 0.6218181848526001, 0.0, 0.6218181848526001, 0.0, 0.0], "val_Recall": [0.0, 1.0, 0.0, 0.0, 0.0, 0.0, 0.0, 1.0, 0.0, 1.0, 0.0, 1.0, 0.0, 1.0, 0.0, 1.0, 0.0, 1.0, 0.0, 1.0, 0.0, 0.0], "val_AUC": [0.5, 0.5, 0.5, 0.5, 0.5, 0.5, 0.5, 0.5, 0.5, 0.5, 0.5, 0.5, 0.5, 0.5, 0.5, 0.5, 0.5, 0.5, 0.5, 0.5, 0.5, 0.5]}