{"loss": [0.3492644727230072, 0.09764667600393295, 0.09299283474683762, 0.09326743334531784, 0.09449101239442825, 0.08633975684642792, 0.12220162898302078, 0.08783311396837234, 0.09160586446523666, 0.0871833935379982, 0.10568474233150482, 0.08438453078269958, 0.09869413822889328, 0.08588988333940506, 0.0928739383816719, 0.08637940883636475, 0.09592259675264359, 0.08649288862943649, 0.08406030386686325, 0.14395232498645782, 0.08690637350082397, 0.08516059815883636, 0.08451958000659943, 0.08773348480463028, 0.09581030160188675, 0.08481930196285248, 0.08785165101289749, 0.09057958424091339, 0.08248083293437958, 0.10377460718154907, 0.08586607873439789, 0.08953332901000977, 0.08487552404403687, 0.09259893745183945, 0.08699967712163925, 0.0904955044388771, 0.08219718188047409, 0.1009075716137886, 0.08225566148757935, 0.09472430497407913, 0.08404822647571564, 0.08801892399787903, 0.08647233992815018, 0.083396315574646, 0.12142720073461533, 0.08203382790088654, 0.08440764993429184, 0.08318132162094116, 0.100229911506176, 0.08373969048261642, 0.08262423425912857, 0.08535419404506683, 0.09114572405815125, 0.0833469033241272, 0.08485512435436249], "accuracy": [0.5160390734672546, 0.4888423979282379, 0.5251045823097229, 0.5118549466133118, 0.4888423979282379, 0.5390515923500061, 0.5195258259773254, 0.5383542776107788, 0.5341701507568359, 0.5523012280464172, 0.5188284516334534, 0.5885634422302246, 0.5725244283676147, 0.5641562342643738, 0.5620641708374023, 0.5634588599205017, 0.586471438407898, 0.5913528800010681, 0.5781031847000122, 0.5543932914733887, 0.586471438407898, 0.5829846858978271, 0.5704323649406433, 0.555787980556488, 0.5676429271697998, 0.5788005590438843, 0.5878661274909973, 0.5564853549003601, 0.5948396325111389, 0.5404462814331055, 0.5934448838233948, 0.5885634422302246, 0.5746164321899414, 0.543235719203949, 0.5788005590438843, 0.5509065389633179, 0.6032078266143799, 0.5655509233474731, 0.5997210741043091, 0.5808926224708557, 0.5885634422302246, 0.5794979333877563, 0.573221743106842, 0.5941422581672668, 0.5697349905967712, 0.6129707098007202, 0.5934448838233948, 0.5836820006370544, 0.5718270540237427, 0.5983263850212097, 0.6032078266143799, 0.5718270540237427, 0.5662482380867004, 0.5941422581672668, 0.5913528800010681], "benchmark_1371": [694.0, 733.0, 681.0, 700.0, 733.0, 661.0, 689.0, 662.0, 668.0, 642.0, 690.0, 590.0, 613.0, 625.0, 628.0, 626.0, 593.0, 586.0, 605.0, 639.0, 593.0, 598.0, 616.0, 637.0, 620.0, 604.0, 591.0, 636.0, 581.0, 659.0, 583.0, 590.0, 610.0, 655.0, 604.0, 644.0, 569.0, 623.0, 574.0, 601.0, 590.0, 603.0, 612.0, 582.0, 617.0, 555.0, 583.0, 597.0, 614.0, 576.0, 569.0, 614.0, 622.0, 582.0, 586.0], "TP": [338.0, 376.0, 389.0, 390.0, 411.0, 350.0, 373.0, 368.0, 352.0, 394.0, 365.0, 432.0, 408.0, 383.0, 382.0, 380.0, 443.0, 446.0, 429.0, 434.0, 453.0, 399.0, 422.0, 435.0, 409.0, 450.0, 441.0, 428.0, 435.0, 419.0, 414.0, 422.0, 388.0, 363.0, 458.0, 375.0, 399.0, 398.0, 427.0, 409.0, 425.0, 416.0, 420.0, 439.0, 421.0, 415.0, 423.0, 438.0, 396.0, 428.0, 422.0, 409.0, 398.0, 431.0, 417.0], "TN": [402.0, 325.0, 364.0, 344.0, 290.0, 423.0, 372.0, 404.0, 414.0, 398.0, 379.0, 412.0, 413.0, 426.0, 424.0, 428.0, 398.0, 402.0, 400.0, 361.0, 388.0, 437.0, 396.0, 362.0, 405.0, 380.0, 402.0, 370.0, 418.0, 356.0, 437.0, 422.0, 436.0, 416.0, 372.0, 415.0, 466.0, 413.0, 433.0, 424.0, 419.0, 415.0, 402.0, 413.0, 396.0, 464.0, 428.0, 399.0, 424.0, 430.0, 443.0, 411.0, 414.0, 421.0, 431.0], "FP": [315.0, 392.0, 353.0, 373.0, 427.0, 294.0, 345.0, 313.0, 303.0, 319.0, 338.0, 305.0, 304.0, 291.0, 293.0, 289.0, 319.0, 315.0, 317.0, 356.0, 329.0, 280.0, 321.0, 355.0, 312.0, 337.0, 315.0, 347.0, 299.0, 361.0, 280.0, 295.0, 281.0, 301.0, 345.0, 302.0, 251.0, 304.0, 284.0, 293.0, 298.0, 302.0, 315.0, 304.0, 321.0, 253.0, 289.0, 318.0, 293.0, 287.0, 274.0, 306.0, 303.0, 296.0, 286.0], "FN": [379.0, 341.0, 328.0, 327.0, 306.0, 367.0, 344.0, 349.0, 365.0, 323.0, 352.0, 285.0, 309.0, 334.0, 335.0, 337.0, 274.0, 271.0, 288.0, 283.0, 264.0, 318.0, 295.0, 282.0, 308.0, 267.0, 276.0, 289.0, 282.0, 298.0, 303.0, 295.0, 329.0, 354.0, 259.0, 342.0, 318.0, 319.0, 290.0, 308.0, 292.0, 301.0, 297.0, 278.0, 296.0, 302.0, 294.0, 279.0, 321.0, 289.0, 295.0, 308.0, 319.0, 286.0, 300.0], "Precision": [0.517611026763916, 0.4895833432674408, 0.5242587327957153, 0.5111402273178101, 0.49045345187187195, 0.54347825050354, 0.5194985866546631, 0.5403817892074585, 0.5374045968055725, 0.5525946617126465, 0.5192034244537354, 0.5861601233482361, 0.5730336904525757, 0.5682492852210999, 0.5659258961677551, 0.5680119395256042, 0.5813648104667664, 0.5860709547996521, 0.5750670433044434, 0.5493670701980591, 0.5792838931083679, 0.5876288414001465, 0.5679677128791809, 0.550632894039154, 0.567267656326294, 0.5717915892601013, 0.5833333134651184, 0.5522580742835999, 0.5926430225372314, 0.5371794700622559, 0.5965417623519897, 0.5885634422302246, 0.579970121383667, 0.5466867685317993, 0.5703611373901367, 0.5539143085479736, 0.6138461828231812, 0.56695157289505, 0.600562572479248, 0.5826210975646973, 0.587828516960144, 0.5793871879577637, 0.5714285969734192, 0.590847909450531, 0.5673854351043701, 0.621257483959198, 0.5941011309623718, 0.579365074634552, 0.5747460126876831, 0.5986014008522034, 0.6063218116760254, 0.5720279812812805, 0.5677603483200073, 0.5928473472595215, 0.5931721329689026], "Recall": [0.4714086353778839, 0.5244072675704956, 0.5425383448600769, 0.5439330339431763, 0.573221743106842, 0.48814505338668823, 0.5202231407165527, 0.5132496356964111, 0.49093446135520935, 0.5495118498802185, 0.509065568447113, 0.6025104522705078, 0.569037675857544, 0.5341701507568359, 0.5327754616737366, 0.5299860239028931, 0.6178521513938904, 0.6220362782478333, 0.5983263850212097, 0.6052998900413513, 0.6317991614341736, 0.5564853549003601, 0.5885634422302246, 0.6066945791244507, 0.5704323649406433, 0.6276150345802307, 0.6150627732276917, 0.5969316363334656, 0.6066945791244507, 0.5843793749809265, 0.5774058699607849, 0.5885634422302246, 0.5411436557769775, 0.5062761306762695, 0.6387726664543152, 0.5230125784873962, 0.5564853549003601, 0.5550906658172607, 0.5955369472503662, 0.5704323649406433, 0.5927475690841675, 0.5801952481269836, 0.5857740640640259, 0.6122733354568481, 0.5871687531471252, 0.5788005590438843, 0.589958131313324, 0.6108786463737488, 0.5523012280464172, 0.5969316363334656, 0.5885634422302246, 0.5704323649406433, 0.5550906658172607, 0.6011157631874084, 0.581589937210083], "AUC": [0.5122235417366028, 0.4966270327568054, 0.5494195222854614, 0.5251619815826416, 0.501146674156189, 0.5559630990028381, 0.52166748046875, 0.5519267916679382, 0.5598378777503967, 0.5818875432014465, 0.5311774611473083, 0.6202359795570374, 0.5874400734901428, 0.6033235788345337, 0.5805414915084839, 0.5967828631401062, 0.5887443423271179, 0.612636148929596, 0.6303578019142151, 0.5569580793380737, 0.6223514080047607, 0.6142058968544006, 0.6195716857910156, 0.5813759565353394, 0.5882561802864075, 0.6150112152099609, 0.6071011424064636, 0.5879273414611816, 0.6509641408920288, 0.5600100159645081, 0.6223377585411072, 0.6112112998962402, 0.6184211373329163, 0.5701357126235962, 0.6067635416984558, 0.5883047580718994, 0.6531943082809448, 0.5721879005432129, 0.6543234586715698, 0.5973877906799316, 0.6335965394973755, 0.6092962026596069, 0.6064592003822327, 0.6427116990089417, 0.594029426574707, 0.6624504327774048, 0.6343240737915039, 0.6385752558708191, 0.6001480221748352, 0.6433185935020447, 0.6496939659118652, 0.6154060363769531, 0.5864704251289368, 0.6364841461181641, 0.6355912685394287],