{"loss": [0.18229788541793823, 0.17091873288154602, 0.1681595742702484, 0.16636721789836884, 0.16428105533123016, 0.15937964618206024, 0.15973225235939026, 0.15643346309661865, 0.15189097821712494, 0.1533336192369461, 0.15131939947605133, 0.14610284566879272, 0.1488572359085083, 0.14559496939182281, 0.1417464315891266, 0.14216284453868866, 0.14402766525745392, 0.1412266194820404, 0.13905289769172668, 0.14129023253917694, 0.13505493104457855], "accuracy": [0.5195258259773254, 0.5620641708374023, 0.5578800439834595, 0.5822873115539551, 0.5927475690841675, 0.6324965357780457, 0.6359832882881165, 0.651324987411499, 0.6610878705978394, 0.6478382349014282, 0.6673640012741089, 0.6931659579277039, 0.6868898272514343, 0.6924686431884766, 0.7147838473320007, 0.7022315263748169, 0.6973500847816467, 0.7112970948219299, 0.7147838473320007, 0.7168758511543274, 0.7357043027877808], "benchmark_843": [689.0, 628.0, 634.0, 599.0, 584.0, 527.0, 522.0, 500.0, 486.0, 505.0, 477.0, 440.0, 449.0, 441.0, 409.0, 427.0, 434.0, 414.0, 409.0, 406.0, 379.0], "TP": [377.0, 386.0, 338.0, 347.0, 363.0, 378.0, 422.0, 399.0, 442.0, 414.0, 460.0, 464.0, 476.0, 475.0, 481.0, 476.0, 483.0, 490.0, 489.0, 503.0, 512.0], "TN": [368.0, 420.0, 462.0, 488.0, 487.0, 529.0, 490.0, 535.0, 506.0, 515.0, 497.0, 530.0, 509.0, 518.0, 544.0, 531.0, 517.0, 530.0, 536.0, 525.0, 543.0], "FP": [349.0, 297.0, 255.0, 229.0, 230.0, 188.0, 227.0, 182.0, 211.0, 202.0, 220.0, 187.0, 208.0, 199.0, 173.0, 186.0, 200.0, 187.0, 181.0, 192.0, 174.0], "FN": [340.0, 331.0, 379.0, 370.0, 354.0, 339.0, 295.0, 318.0, 275.0, 303.0, 257.0, 253.0, 241.0, 242.0, 236.0, 241.0, 234.0, 227.0, 228.0, 214.0, 205.0], "Precision": [0.5192837715148926, 0.5651537179946899, 0.5699831247329712, 0.6024305820465088, 0.6121416687965393, 0.6678445339202881, 0.650231122970581, 0.6867470145225525, 0.6768759489059448, 0.6720778942108154, 0.6764705777168274, 0.7127496004104614, 0.6959064602851868, 0.7047477960586548, 0.7354739904403687, 0.7190332412719727, 0.7071742415428162, 0.723781406879425, 0.7298507690429688, 0.7237409949302673, 0.7463557124137878], "Recall": [0.525801956653595, 0.5383542776107788, 0.4714086353778839, 0.48396095633506775, 0.5062761306762695, 0.5271966457366943, 0.5885634422302246, 0.5564853549003601, 0.616457462310791, 0.5774058699607849, 0.6415620446205139, 0.6471408605575562, 0.6638772487640381, 0.6624825596809387, 0.6708507537841797, 0.6638772487640381, 0.6736401915550232, 0.6834030747413635, 0.6820083856582642, 0.7015341520309448, 0.7140864729881287], "AUC": [0.5242108106613159, 0.5791818499565125, 0.6092281937599182, 0.6176576614379883, 0.6422467827796936, 0.6841237545013428, 0.6816251277923584, 0.71872478723526, 0.7280033230781555, 0.7164819836616516, 0.7373421788215637, 0.7604957222938538, 0.7473403811454773, 0.7614381909370422, 0.7853455543518066, 0.777001678943634, 0.7702343463897705, 0.7822244167327881, 0.7918094396591187, 0.7821593284606934, 0.8103772401809692], "val_loss": [0.16947339475154877, 0.16658832132816315, 0.1664930284023285, 0.168552964925766, 0.17467248439788818, 0.17134548723697662, 0.16845382750034332, 0.1665237545967102, 0.16665500402450562, 0.1751762330532074, 0.17064091563224792, 0.20135939121246338, 0.21653734147548676, 0.21785597503185272, 0.22982904314994812, 0.28579792380332947, 0.31489473581314087, 0.34214672446250916, 0.3422456383705139, 0.3999118208885193, 0.3956544101238251], "val_accuracy": [0.6218181848526001, 0.6218181848526001, 0.6218181848526001, 0.6218181848526001, 0.3781818151473999, 0.6218181848526001, 0.6218181848526001, 0.6218181848526001, 0.6218181848526001, 0.6218181848526001, 0.6218181848526001, 0.6218181848526001, 0.6218181848526001, 0.6218181848526001, 0.6218181848526001, 0.6218181848526001, 0.6218181848526001, 0.6218181848526001, 0.6218181848526001, 0.6218181848526001, 0.6218181848526001], "val_benchmark_843": [104.0, 104.0, 104.0, 104.0, 171.0, 104.0, 104.0, 104.0, 104.0, 104.0, 104.0, 104.0, 104.0, 104.0, 104.0, 104.0, 104.0, 104.0, 104.0, 104.0, 104.0], "val_TP": [171.0, 171.0, 171.0, 171.0, 0.0, 171.0, 171.0, 171.0, 171.0, 171.0, 171.0, 171.0, 171.0, 171.0, 171.0, 171.0, 171.0, 171.0, 171.0, 171.0, 171.0], "val_TN": [0.0, 0.0, 0.0, 0.0, 104.0, 0.0, 0.0, 0.0, 0.0, 0.0, 0.0, 0.0, 0.0, 0.0, 0.0, 0.0, 0.0, 0.0, 0.0, 0.0, 0.0], "val_FP": [104.0, 104.0, 104.0, 104.0, 0.0, 104.0, 104.0, 104.0, 104.0, 104.0, 104.0, 104.0, 104.0, 104.0, 104.0, 104.0, 104.0, 104.0, 104.0, 104.0, 104.0], "val_FN": [0.0, 0.0, 0.0, 0.0, 171.0, 0.0, 0.0, 0.0, 0.0, 0.0, 0.0, 0.0, 0.0, 0.0, 0.0, 0.0, 0.0, 0.0, 0.0, 0.0, 0.0], "val_Precision": [0.6218181848526001, 0.6218181848526001, 0.6218181848526001, 0.6218181848526001, 0.0, 0.6218181848526001, 0.6218181848526001, 0.6218181848526001, 0.6218181848526001, 0.6218181848526001, 0.6218181848526001, 0.6218181848526001, 0.6218181848526001, 0.6218181848526001, 0.6218181848526001, 0.6218181848526001, 0.6218181848526001, 0.6218181848526001, 0.6218181848526001, 0.6218181848526001, 0.6218181848526001], "val_Recall": [1.0, 1.0, 1.0, 1.0, 0.0, 1.0, 1.0, 1.0, 1.0, 1.0, 1.0, 1.0, 1.0, 1.0, 1.0, 1.0, 1.0, 1.0, 1.0, 1.0, 1.0], "val_AUC": [0.5, 0.5, 0.5, 0.5, 0.5, 0.5118927359580994, 0.5029239654541016, 0.5186684727668762, 0.49671053886413574, 0.5315733551979065, 0.49294307827949524, 0.5511414408683777, 0.5380116701126099, 0.5147323608398438, 0.5402047038078308, 0.5811966061592102, 0.5512539148330688, 0.5539529919624329, 0.5606724619865417, 0.5527158975601196, 0.5504667162895203]}