{"loss": [0.6937581300735474, 0.6953076720237732, 0.6927394866943359, 0.6943749785423279, 0.6923973560333252, 0.6898269653320312, 0.6905479431152344, 0.6902545690536499, 0.6885079145431519, 0.6834523677825928, 0.684415876865387, 0.6798903346061707, 0.6774040460586548, 0.6718238592147827, 0.6705617904663086, 0.6667951941490173, 0.6633941531181335, 0.6584765911102295, 0.6529766321182251, 0.6474910378456116, 0.647278368473053, 0.6450397968292236, 0.640339732170105, 0.6342711448669434, 0.6319732666015625, 0.6313697695732117, 0.6290022730827332, 0.6265668869018555, 0.6249074935913086, 0.6293012499809265, 0.6220311522483826, 0.6224865913391113, 0.6188452243804932, 0.6211029887199402, 0.6164130568504333, 0.6142821311950684, 0.6171579360961914, 0.6133902072906494, 0.6075482964515686, 0.6117355823516846, 0.6060373187065125, 0.6088884472846985, 0.6031248569488525, 0.6020902395248413, 0.5953894853591919, 0.5973483324050903, 0.6034080982208252, 0.5980020761489868, 0.6005544662475586, 0.59061199426651, 0.587112545967102, 0.595728874206543, 0.5879775881767273], "accuracy": [0.5069735050201416, 0.4958159029483795, 0.5181310772895813, 0.5, 0.517433762550354, 0.5292887091636658, 0.5306833982467651, 0.5285913348197937, 0.5292887091636658, 0.5613667964935303, 0.543235719203949, 0.5550906658172607, 0.5788005590438843, 0.581589937210083, 0.5892608165740967, 0.6004183888435364, 0.5976290106773376, 0.5941422581672668, 0.6297070980072021, 0.6262203454971313, 0.6206415891647339, 0.6094839572906494, 0.6241283416748047, 0.6450487971305847, 0.6387726664543152, 0.6324965357780457, 0.6311017870903015, 0.6373779773712158, 0.6471408605575562, 0.6415620446205139, 0.6478382349014282, 0.650627613067627, 0.651324987411499, 0.6408647298812866, 0.6527196764945984, 0.6569037437438965, 0.642259418964386, 0.651324987411499, 0.6562064290046692, 0.6603904962539673, 0.6645746231079102, 0.6541143655776978, 0.6715481281280518, 0.651324987411499, 0.6757321953773499, 0.6694560647010803, 0.6666666865348816, 0.6659693121910095, 0.6715481281280518, 0.6875871419906616, 0.6875871419906616, 0.6743375062942505, 0.6757321953773499], "benchmark_775": [707.0, 723.0, 691.0, 717.0, 692.0, 675.0, 673.0, 676.0, 675.0, 629.0, 655.0, 638.0, 604.0, 600.0, 589.0, 573.0, 577.0, 582.0, 531.0, 536.0, 544.0, 560.0, 539.0, 509.0, 518.0, 527.0, 529.0, 520.0, 506.0, 514.0, 505.0, 501.0, 500.0, 515.0, 498.0, 492.0, 513.0, 500.0, 493.0, 487.0, 481.0, 496.0, 471.0, 500.0, 465.0, 474.0, 478.0, 479.0, 471.0, 448.0, 448.0, 467.0, 465.0], "TP": [410.0, 358.0, 362.0, 310.0, 357.0, 388.0, 346.0, 372.0, 361.0, 410.0, 386.0, 403.0, 400.0, 378.0, 433.0, 428.0, 410.0, 419.0, 441.0, 459.0, 430.0, 436.0, 454.0, 464.0, 434.0, 454.0, 451.0, 460.0, 464.0, 465.0, 466.0, 461.0, 484.0, 459.0, 456.0, 467.0, 456.0, 466.0, 468.0, 463.0, 479.0, 463.0, 481.0, 454.0, 481.0, 482.0, 478.0, 482.0, 467.0, 487.0, 492.0, 473.0, 471.0], "TN": [317.0, 353.0, 381.0, 407.0, 385.0, 371.0, 415.0, 386.0, 398.0, 395.0, 393.0, 393.0, 430.0, 456.0, 412.0, 433.0, 447.0, 433.0, 462.0, 439.0, 460.0, 438.0, 441.0, 461.0, 482.0, 453.0, 454.0, 454.0, 464.0, 455.0, 463.0, 472.0, 450.0, 460.0, 480.0, 475.0, 465.0, 468.0, 473.0, 484.0, 474.0, 475.0, 482.0, 480.0, 488.0, 478.0, 478.0, 473.0, 496.0, 499.0, 494.0, 494.0, 498.0], "FP": [400.0, 364.0, 336.0, 310.0, 332.0, 346.0, 302.0, 331.0, 319.0, 322.0, 324.0, 324.0, 287.0, 261.0, 305.0, 284.0, 270.0, 284.0, 255.0, 278.0, 257.0, 279.0, 276.0, 256.0, 235.0, 264.0, 263.0, 263.0, 253.0, 262.0, 254.0, 245.0, 267.0, 257.0, 237.0, 242.0, 252.0, 249.0, 244.0, 233.0, 243.0, 242.0, 235.0, 237.0, 229.0, 239.0, 239.0, 244.0, 221.0, 218.0, 223.0, 223.0, 219.0], "FN": [307.0, 359.0, 355.0, 407.0, 360.0, 329.0, 371.0, 345.0, 356.0, 307.0, 331.0, 314.0, 317.0, 339.0, 284.0, 289.0, 307.0, 298.0, 276.0, 258.0, 287.0, 281.0, 263.0, 253.0, 283.0, 263.0, 266.0, 257.0, 253.0, 252.0, 251.0, 256.0, 233.0, 258.0, 261.0, 250.0, 261.0, 251.0, 249.0, 254.0, 238.0, 254.0, 236.0, 263.0, 236.0, 235.0, 239.0, 235.0, 250.0, 230.0, 225.0, 244.0, 246.0], "Precision": [0.5061728358268738, 0.49584487080574036, 0.5186246633529663, 0.5, 0.5181422233581543, 0.528610348701477, 0.5339506268501282, 0.529160737991333, 0.5308823585510254, 0.5601093173027039, 0.5436619520187378, 0.5543328523635864, 0.5822416543960571, 0.591549277305603, 0.586720883846283, 0.601123571395874, 0.6029411554336548, 0.596017062664032, 0.6336206793785095, 0.6227951049804688, 0.6259097456932068, 0.6097902059555054, 0.6219177842140198, 0.644444465637207, 0.6487294435501099, 0.632311999797821, 0.6316526532173157, 0.6362379193305969, 0.6471408605575562, 0.6396148800849915, 0.6472222208976746, 0.6529744863510132, 0.6444740295410156, 0.6410614252090454, 0.6580086350440979, 0.6586741805076599, 0.6440678238868713, 0.6517482399940491, 0.6573033928871155, 0.665229856967926, 0.6634349226951599, 0.6567375659942627, 0.6717877388000488, 0.6570188403129578, 0.6774647831916809, 0.6685159206390381, 0.6666666865348816, 0.6639118194580078, 0.6787790656089783, 0.6907801628112793, 0.6881119012832642, 0.6795976758003235, 0.6826087236404419], "Recall": [0.5718270540237427, 0.4993026554584503, 0.5048814415931702, 0.4323570430278778, 0.49790793657302856, 0.5411436557769775, 0.482566237449646, 0.5188284516334534, 0.5034867525100708, 0.5718270540237427, 0.5383542776107788, 0.5620641708374023, 0.5578800439834595, 0.5271966457366943, 0.6039051413536072, 0.5969316363334656, 0.5718270540237427, 0.5843793749809265, 0.6150627732276917, 0.6401673555374146, 0.5997210741043091, 0.60808926820755, 0.633193850517273, 0.6471408605575562, 0.6052998900413513, 0.633193850517273, 0.6290097832679749, 0.6415620446205139, 0.6471408605575562, 0.6485355496406555, 0.6499302387237549, 0.6429567933082581, 0.6750348806381226, 0.6401673555374146, 0.6359832882881165, 0.651324987411499, 0.6359832882881165, 0.6499302387237549, 0.6527196764945984, 0.6457461714744568, 0.668061375617981, 0.6457461714744568, 0.6708507537841797, 0.633193850517273, 0.6708507537841797, 0.672245442867279, 0.6666666865348816, 0.672245442867279, 0.651324987411499, 0.6792189478874207, 0.6861924529075623, 0.65969318151474, 0.6569037437438965], "AUC": [0.5120835304260254, 0.48769861459732056, 0.5259302854537964, 0.5030724406242371, 0.5175650715827942, 0.5470337271690369, 0.5408927202224731, 0.5381957292556763, 0.5469334721565247, 0.5807827115058899, 0.572019636631012, 0.5916533470153809, 0.610194981098175, 0.6228785514831543, 0.6266347169876099, 0.6360853910446167, 0.64377760887146, 0.6553223729133606, 0.6722464561462402, 0.6742159724235535, 0.670784592628479, 0.6725032329559326, 0.6837571263313293, 0.6961051225662231, 0.6964066624641418, 0.6972596645355225, 0.695843517780304, 0.7003573775291443, 0.7041154503822327, 0.6952745914459229, 0.70900559425354, 0.7079406380653381, 0.7126402258872986, 0.7090756297111511, 0.7190827131271362, 0.7203324437141418, 0.7106999158859253, 0.7189893126487732, 0.7257673740386963, 0.7241470217704773, 0.7285634875297546, 0.7236655354499817, 0.7359309196472168, 0.7348853945732117, 0.7437077164649963, 0.7403037548065186, 0.7353901863098145, 0.7417557835578918, 0.735818088054657, 0.7518688440322876, 0.7555870413780212, 0.7423384189605713, 0.7565382719039917],