{"loss": [0.6955787539482117, 0.692676842212677, 0.6920863389968872, 0.6888355612754822, 0.6889252662658691, 0.6864674091339111, 0.6867140531539917, 0.6855599880218506, 0.6797484755516052, 0.6770783066749573, 0.6749509572982788, 0.6715056300163269, 0.6710702180862427, 0.6636272072792053, 0.6620379686355591, 0.6616016626358032, 0.657184898853302, 0.6511202454566956, 0.6449737548828125, 0.6478052735328674, 0.6380554437637329, 0.6381775736808777, 0.6312129497528076, 0.63408362865448, 0.6284140348434448, 0.6287686824798584, 0.6253161430358887, 0.6268118619918823, 0.6247702240943909, 0.6234570741653442, 0.6190037131309509, 0.6166898608207703, 0.6187958717346191, 0.6136177182197571, 0.6138978004455566, 0.6070029735565186, 0.6042636036872864, 0.6113951802253723, 0.5985623598098755, 0.6027922034263611, 0.5961679816246033, 0.5972055792808533, 0.599392294883728, 0.5959977507591248, 0.5964344143867493, 0.5905942320823669, 0.5981292128562927, 0.5878897309303284, 0.5842532515525818, 0.5871933102607727, 0.5856987237930298, 0.5909399390220642, 0.5849484205245972, 0.5839276909828186, 0.5794922709465027, 0.5816706418991089, 0.5816066265106201, 0.5766879320144653, 0.5727614164352417, 0.5757921934127808, 0.5693334937095642, 0.572677493095398, 0.5667321681976318, 0.5654179453849792, 0.571601927280426, 0.5659720301628113, 0.5641031861305237, 0.5671640634536743, 0.5658324360847473, 0.5629901885986328, 0.5563086867332458], "accuracy": [0.49442121386528015, 0.5062761306762695, 0.5223152041435242, 0.555787980556488, 0.5216178297996521, 0.534867525100708, 0.5446304082870483, 0.543235719203949, 0.5739191174507141, 0.5676429271697998, 0.5725244283676147, 0.599023699760437, 0.5836820006370544, 0.5920501947402954, 0.589958131313324, 0.6059972047805786, 0.5962343215942383, 0.6304044723510742, 0.6213389039039612, 0.6227335929870605, 0.6311017870903015, 0.6220362782478333, 0.6436541080474854, 0.6394700407981873, 0.6297070980072021, 0.633193850517273, 0.6492329239845276, 0.650627613067627, 0.6443514823913574, 0.6324965357780457, 0.6373779773712158, 0.6492329239845276, 0.650627613067627, 0.650627613067627, 0.651324987411499, 0.6743375062942505, 0.668061375617981, 0.6673640012741089, 0.6764295697212219, 0.6576011180877686, 0.6694560647010803, 0.677126944065094, 0.65969318151474, 0.6743375062942505, 0.6694560647010803, 0.6764295697212219, 0.65969318151474, 0.6778242588043213, 0.6813110113143921, 0.6903765797615051, 0.6799163222312927, 0.6708507537841797, 0.6813110113143921, 0.6799163222312927, 0.6847977638244629, 0.6896792054176331, 0.6792189478874207, 0.6931659579277039, 0.6945606470108032, 0.6917712688446045, 0.7071129679679871, 0.6924686431884766, 0.7071129679679871, 0.7112970948219299, 0.6987447738647461, 0.7057182788848877, 0.7099023461341858, 0.6987447738647461, 0.6966527104377747, 0.7008368372917175, 0.7050209045410156], "benchmark_375": [725.0, 708.0, 685.0, 637.0, 686.0, 667.0, 653.0, 655.0, 611.0, 620.0, 613.0, 575.0, 597.0, 585.0, 588.0, 565.0, 579.0, 530.0, 543.0, 541.0, 529.0, 542.0, 511.0, 517.0, 531.0, 526.0, 503.0, 501.0, 510.0, 527.0, 520.0, 503.0, 501.0, 501.0, 500.0, 467.0, 476.0, 477.0, 464.0, 491.0, 474.0, 463.0, 488.0, 467.0, 474.0, 464.0, 488.0, 462.0, 457.0, 444.0, 459.0, 472.0, 457.0, 459.0, 452.0, 445.0, 460.0, 440.0, 438.0, 442.0, 420.0, 441.0, 420.0, 414.0, 432.0, 422.0, 416.0, 432.0, 435.0, 429.0, 423.0], "TP": [395.0, 370.0, 378.0, 397.0, 351.0, 388.0, 358.0, 383.0, 382.0, 392.0, 406.0, 436.0, 400.0, 414.0, 420.0, 434.0, 436.0, 454.0, 440.0, 440.0, 460.0, 445.0, 456.0, 463.0, 450.0, 450.0, 470.0, 471.0, 475.0, 448.0, 451.0, 468.0, 471.0, 475.0, 468.0, 488.0, 479.0, 473.0, 487.0, 473.0, 476.0, 489.0, 468.0, 480.0, 475.0, 485.0, 476.0, 485.0, 477.0, 503.0, 487.0, 477.0, 490.0, 486.0, 481.0, 491.0, 466.0, 492.0, 484.0, 489.0, 501.0, 492.0, 506.0, 512.0, 493.0, 500.0, 501.0, 493.0, 497.0, 499.0, 498.0], "TN": [314.0, 356.0, 371.0, 400.0, 397.0, 379.0, 423.0, 396.0, 441.0, 422.0, 415.0, 423.0, 437.0, 435.0, 426.0, 435.0, 419.0, 450.0, 451.0, 453.0, 445.0, 447.0, 467.0, 454.0, 453.0, 458.0, 461.0, 462.0, 449.0, 459.0, 463.0, 463.0, 462.0, 458.0, 466.0, 479.0, 479.0, 484.0, 483.0, 470.0, 484.0, 482.0, 478.0, 487.0, 485.0, 485.0, 470.0, 487.0, 500.0, 487.0, 488.0, 485.0, 487.0, 489.0, 501.0, 498.0, 508.0, 502.0, 512.0, 503.0, 513.0, 501.0, 508.0, 508.0, 509.0, 512.0, 517.0, 509.0, 502.0, 506.0, 513.0], "FP": [403.0, 361.0, 346.0, 317.0, 320.0, 338.0, 294.0, 321.0, 276.0, 295.0, 302.0, 294.0, 280.0, 282.0, 291.0, 282.0, 298.0, 267.0, 266.0, 264.0, 272.0, 270.0, 250.0, 263.0, 264.0, 259.0, 256.0, 255.0, 268.0, 258.0, 254.0, 254.0, 255.0, 259.0, 251.0, 238.0, 238.0, 233.0, 234.0, 247.0, 233.0, 235.0, 239.0, 230.0, 232.0, 232.0, 247.0, 230.0, 217.0, 230.0, 229.0, 232.0, 230.0, 228.0, 216.0, 219.0, 209.0, 215.0, 205.0, 214.0, 204.0, 216.0, 209.0, 209.0, 208.0, 205.0, 200.0, 208.0, 215.0, 211.0, 204.0], "FN": [322.0, 347.0, 339.0, 320.0, 366.0, 329.0, 359.0, 334.0, 335.0, 325.0, 311.0, 281.0, 317.0, 303.0, 297.0, 283.0, 281.0, 263.0, 277.0, 277.0, 257.0, 272.0, 261.0, 254.0, 267.0, 267.0, 247.0, 246.0, 242.0, 269.0, 266.0, 249.0, 246.0, 242.0, 249.0, 229.0, 238.0, 244.0, 230.0, 244.0, 241.0, 228.0, 249.0, 237.0, 242.0, 232.0, 241.0, 232.0, 240.0, 214.0, 230.0, 240.0, 227.0, 231.0, 236.0, 226.0, 251.0, 225.0, 233.0, 228.0, 216.0, 225.0, 211.0, 205.0, 224.0, 217.0, 216.0, 224.0, 220.0, 218.0, 219.0], "Precision": [0.49498745799064636, 0.5061559677124023, 0.5220994353294373, 0.5560224056243896, 0.5230998396873474, 0.5344352722167969, 0.5490797758102417, 0.5440340638160706, 0.5805470943450928, 0.5705968141555786, 0.5734463334083557, 0.5972602963447571, 0.5882353186607361, 0.5948275923728943, 0.5907173156738281, 0.6061452627182007, 0.5940054655075073, 0.6296809911727905, 0.623229444026947, 0.625, 0.6284152865409851, 0.6223776340484619, 0.645892322063446, 0.6377410292625427, 0.6302521228790283, 0.6346967816352844, 0.647382915019989, 0.6487603187561035, 0.6393001079559326, 0.6345608830451965, 0.6397163271903992, 0.6481994390487671, 0.6487603187561035, 0.6471389532089233, 0.6509040594100952, 0.6721763014793396, 0.668061375617981, 0.6699716448783875, 0.6754507422447205, 0.6569444537162781, 0.6713681221008301, 0.6754143834114075, 0.6619518995285034, 0.6760563254356384, 0.6718528866767883, 0.6764295697212219, 0.658367931842804, 0.6783216595649719, 0.6873198747634888, 0.6862210035324097, 0.6801676154136658, 0.6727785468101501, 0.6805555820465088, 0.680672287940979, 0.6901004314422607, 0.6915493011474609, 0.6903703808784485, 0.695898175239563, 0.7024673223495483, 0.6955903172492981, 0.7106382846832275, 0.694915235042572, 0.7076923251152039, 0.7101248502731323, 0.703281044960022, 0.7092198729515076, 0.7146933078765869, 0.703281044960022, 0.6980336904525757, 0.702816903591156, 0.7094017267227173],