{"loss": [0.6956241726875305, 0.6959739923477173, 0.6956973671913147, 0.6956086158752441, 0.6954218149185181, 0.6956275701522827, 0.6956968307495117, 0.695536196231842, 0.6955776810646057, 0.6955836415290833, 0.6956703066825867, 0.6956784129142761, 0.6955135464668274, 0.6956344842910767, 0.6953281164169312, 0.6955104470252991, 0.6954339146614075, 0.6956338286399841, 0.6954043507575989, 0.6954739689826965, 0.695464551448822, 0.6953651309013367, 0.6951239705085754, 0.6953756809234619, 0.6953563690185547, 0.6952868103981018, 0.6952531337738037, 0.695338249206543, 0.6955274343490601, 0.6950413584709167, 0.695199728012085, 0.6952706575393677, 0.6952238082885742, 0.6953527331352234, 0.6950861215591431, 0.6953365802764893, 0.6952525973320007, 0.6952052116394043, 0.6950428485870361, 0.6952589750289917], "accuracy": [0.4783821403980255, 0.46652719378471375, 0.4686192572116852, 0.47280335426330566, 0.4748953878879547, 0.4679218828678131, 0.47350069880485535, 0.48396095633506775, 0.47768479585647583, 0.4790794849395752, 0.47350069880485535, 0.47768479585647583, 0.4818688929080963, 0.4714086353778839, 0.4755927622318268, 0.48326361179351807, 0.4853556454181671, 0.4714086353778839, 0.4790794849395752, 0.47768479585647583, 0.46652719378471375, 0.4748953878879547, 0.48047420382499695, 0.4714086353778839, 0.47419804334640503, 0.4860529899597168, 0.46931660175323486, 0.48465830087661743, 0.47071129083633423, 0.482566237449646, 0.48396095633506775, 0.47768479585647583, 0.4783821403980255, 0.48326361179351807, 0.48326361179351807, 0.4783821403980255, 0.4790794849395752, 0.47977685928344727, 0.4818688929080963, 0.4818688929080963], "benchmark_1753": [748.0, 765.0, 762.0, 756.0, 753.0, 763.0, 755.0, 740.0, 749.0, 747.0, 755.0, 749.0, 743.0, 758.0, 752.0, 741.0, 738.0, 758.0, 747.0, 749.0, 765.0, 753.0, 745.0, 758.0, 754.0, 737.0, 761.0, 739.0, 759.0, 742.0, 740.0, 749.0, 748.0, 741.0, 741.0, 748.0, 747.0, 746.0, 743.0, 743.0], "TP": [529.0, 515.0, 518.0, 522.0, 518.0, 513.0, 517.0, 525.0, 527.0, 522.0, 520.0, 516.0, 527.0, 515.0, 520.0, 524.0, 524.0, 518.0, 523.0, 521.0, 511.0, 522.0, 520.0, 518.0, 522.0, 525.0, 513.0, 524.0, 516.0, 525.0, 524.0, 522.0, 518.0, 523.0, 529.0, 520.0, 523.0, 525.0, 522.0, 520.0], "TN": [157.0, 154.0, 154.0, 156.0, 163.0, 158.0, 162.0, 169.0, 158.0, 165.0, 159.0, 169.0, 164.0, 161.0, 162.0, 169.0, 172.0, 158.0, 164.0, 164.0, 158.0, 159.0, 169.0, 158.0, 158.0, 172.0, 160.0, 171.0, 159.0, 167.0, 170.0, 163.0, 168.0, 170.0, 164.0, 166.0, 164.0, 163.0, 169.0, 171.0], "FP": [560.0, 563.0, 563.0, 561.0, 554.0, 559.0, 555.0, 548.0, 559.0, 552.0, 558.0, 548.0, 553.0, 556.0, 555.0, 548.0, 545.0, 559.0, 553.0, 553.0, 559.0, 558.0, 548.0, 559.0, 559.0, 545.0, 557.0, 546.0, 558.0, 550.0, 547.0, 554.0, 549.0, 547.0, 553.0, 551.0, 553.0, 554.0, 548.0, 546.0], "FN": [188.0, 202.0, 199.0, 195.0, 199.0, 204.0, 200.0, 192.0, 190.0, 195.0, 197.0, 201.0, 190.0, 202.0, 197.0, 193.0, 193.0, 199.0, 194.0, 196.0, 206.0, 195.0, 197.0, 199.0, 195.0, 192.0, 204.0, 193.0, 201.0, 192.0, 193.0, 195.0, 199.0, 194.0, 188.0, 197.0, 194.0, 192.0, 195.0, 197.0], "Precision": [0.48576676845550537, 0.47773656249046326, 0.47918593883514404, 0.4819944500923157, 0.48320895433425903, 0.47854477167129517, 0.4822761118412018, 0.48928239941596985, 0.4852670431137085, 0.48603352904319763, 0.48237475752830505, 0.4849624037742615, 0.4879629611968994, 0.48085901141166687, 0.48372092843055725, 0.48880597949028015, 0.4901777505874634, 0.48096564412117004, 0.4860594868659973, 0.48510241508483887, 0.4775700867176056, 0.4833333194255829, 0.48689138889312744, 0.48096564412117004, 0.4828862249851227, 0.49065420031547546, 0.47943925857543945, 0.4897196292877197, 0.4804469347000122, 0.4883720874786377, 0.4892623722553253, 0.48513010144233704, 0.48547327518463135, 0.488785058259964, 0.48890942335128784, 0.48552754521369934, 0.4860594868659973, 0.4865616261959076, 0.48785045742988586, 0.4878048896789551], "Recall": [0.7377963662147522, 0.7182705998420715, 0.7224546670913696, 0.7280334830284119, 0.7224546670913696, 0.715481162071228, 0.7210599780082703, 0.73221755027771, 0.7350069880485535, 0.7280334830284119, 0.7252440452575684, 0.7196652889251709, 0.7350069880485535, 0.7182705998420715, 0.7252440452575684, 0.7308228611946106, 0.7308228611946106, 0.7224546670913696, 0.7294281721115112, 0.7266387939453125, 0.7126917839050293, 0.7280334830284119, 0.7252440452575684, 0.7224546670913696, 0.7280334830284119, 0.73221755027771, 0.715481162071228, 0.7308228611946106, 0.7196652889251709, 0.73221755027771, 0.7308228611946106, 0.7280334830284119, 0.7224546670913696, 0.7294281721115112, 0.7377963662147522, 0.7252440452575684, 0.7294281721115112, 0.73221755027771, 0.7280334830284119, 0.7252440452575684], "AUC": [0.4575190246105194, 0.4482375979423523, 0.45879215002059937, 0.45762503147125244, 0.4612770974636078, 0.4568255841732025, 0.45463040471076965, 0.4592609107494354, 0.45574891567230225, 0.4639459252357483, 0.4542121887207031, 0.45419567823410034, 0.46273016929626465, 0.45644235610961914, 0.4661780297756195, 0.4598483741283417, 0.4603249430656433, 0.46123045682907104, 0.4591383934020996, 0.46257948875427246, 0.45979103446006775, 0.46154552698135376, 0.46994099020957947, 0.4608851671218872, 0.46253082156181335, 0.4652910530567169, 0.46484073996543884, 0.45968693494796753, 0.45966750383377075, 0.4686056077480316, 0.4615163803100586, 0.46602436900138855, 0.4698038697242737, 0.4603133201599121, 0.46907341480255127, 0.46385064721107483, 0.4628011882305145, 0.46255120635032654, 0.47473201155662537, 0.4617002010345459], "val_loss": [0.6746525168418884, 0.6758567094802856, 0.6768428683280945, 0.6773021221160889, 0.6782240271568298, 0.6799984574317932, 0.6820876002311707, 0.6836419105529785, 0.6837716698646545, 0.6832008957862854, 0.6822575926780701, 0.6813142895698547, 0.6803277730941772, 0.6794505715370178, 0.6788758635520935, 0.6785932779312134, 0.6785893440246582, 0.6788919568061829, 0.6794429421424866, 0.6803092360496521, 0.6812812685966492, 0.6822449564933777, 0.6833450198173523, 0.6843027472496033, 0.6851665377616882, 0.6860830187797546, 0.6869801878929138, 0.6878395080566406, 0.6886320114135742, 0.6894001960754395, 0.6900350451469421, 0.6905755400657654, 0.6909769177436829, 0.6913557648658752, 0.6916429400444031, 0.6918692588806152, 0.6920201182365417, 0.6921456456184387, 0.6922906637191772, 0.6923786997795105], "val_accuracy": [0.6218181848526001, 0.6218181848526001, 0.6218181848526001, 0.6218181848526001, 0.6218181848526001, 0.6218181848526001, 0.6218181848526001, 0.6218181848526001, 0.6218181848526001, 0.6218181848526001, 0.6218181848526001, 0.6218181848526001, 0.6218181848526001, 0.6218181848526001, 0.6218181848526001, 0.6218181848526001, 0.6218181848526001, 0.6218181848526001, 0.6218181848526001, 0.6254545450210571, 0.6254545450210571, 0.6181818246841431, 0.607272744178772, 0.5927272439002991, 0.585454523563385, 0.589090883731842, 0.585454523563385, 0.5709090828895569, 0.581818163394928, 0.5563636422157288, 0.5527272820472717, 0.5563636422157288, 0.5563636422157288, 0.5490909218788147, 0.5454545617103577, 0.5418182015419006, 0.5381818413734436, 0.5381818413734436, 0.5345454812049866, 0.5309090614318848], "val_benchmark_1753": [104.0, 104.0, 104.0, 104.0, 104.0, 104.0, 104.0, 104.0, 104.0, 104.0, 104.0, 104.0, 104.0, 104.0, 104.0, 104.0, 104.0, 104.0, 104.0, 103.0, 103.0, 105.0, 108.0, 112.0, 114.0, 113.0, 114.0, 118.0, 115.0, 122.0, 123.0, 122.0, 122.0, 124.0, 125.0, 126.0, 127.0, 127.0, 128.0, 129.0], "val_TP": [171.0, 171.0, 171.0, 171.0, 171.0, 171.0, 171.0, 171.0, 171.0, 171.0, 171.0, 171.0, 171.0, 171.0, 171.0, 171.0, 171.0, 171.0, 171.0, 171.0, 170.0, 168.0, 164.0, 158.0, 154.0, 152.0, 149.0, 144.0, 146.0, 138.0, 137.0, 136.0, 134.0, 129.0, 128.0, 126.0, 126.0, 125.0, 123.0, 122.0],