{"loss": [0.7112572193145752, 0.7046703100204468, 0.7007354497909546, 0.6978904008865356, 0.6947460770606995, 0.6934270858764648, 0.691885232925415, 0.6888824105262756, 0.6888856291770935, 0.6882781386375427, 0.6867320537567139, 0.6854845285415649, 0.6854535937309265, 0.6850400567054749, 0.684087336063385, 0.6826292276382446, 0.683140754699707, 0.681661069393158, 0.6796870231628418, 0.6796192526817322, 0.6792530417442322, 0.677221953868866, 0.6776402592658997, 0.6780701279640198, 0.6750437021255493, 0.6747584939002991, 0.6726409792900085, 0.6725010871887207, 0.6721867322921753, 0.6713145971298218, 0.6701209545135498, 0.6672493815422058, 0.6675281524658203, 0.6647858023643494, 0.6640425324440002, 0.6625856757164001, 0.6608299612998962, 0.6597426533699036, 0.6572818756103516, 0.6568220257759094, 0.6527431011199951, 0.6546582579612732, 0.6534157395362854, 0.6527931094169617, 0.6498919129371643, 0.649456799030304, 0.6473421454429626, 0.6458373069763184, 0.646699845790863], "accuracy": [0.5, 0.5, 0.5006973743438721, 0.49860531091690063, 0.508368194103241, 0.5069735050201416, 0.5202231407165527, 0.5404462814331055, 0.5495118498802185, 0.5585774183273315, 0.5502092242240906, 0.5662482380867004, 0.5683403015136719, 0.5808926224708557, 0.569037675857544, 0.589958131313324, 0.5794979333877563, 0.5760111808776855, 0.5878661274909973, 0.6004183888435364, 0.5871687531471252, 0.6094839572906494, 0.5913528800010681, 0.5878661274909973, 0.5892608165740967, 0.6018131375312805, 0.6052998900413513, 0.6025104522705078, 0.5871687531471252, 0.5913528800010681, 0.5941422581672668, 0.6066945791244507, 0.599023699760437, 0.5892608165740967, 0.5955369472503662, 0.6011157631874084, 0.6039051413536072, 0.60808926820755, 0.6129707098007202, 0.6018131375312805, 0.6066945791244507, 0.6178521513938904, 0.6129707098007202, 0.6059972047805786, 0.6143653988838196, 0.6150627732276917, 0.6108786463737488, 0.6178521513938904, 0.6087865829467773], "benchmark_462": [717.0, 717.0, 716.0, 719.0, 705.0, 707.0, 688.0, 659.0, 646.0, 633.0, 645.0, 622.0, 619.0, 601.0, 618.0, 588.0, 603.0, 608.0, 591.0, 573.0, 592.0, 560.0, 586.0, 591.0, 589.0, 571.0, 566.0, 570.0, 592.0, 586.0, 582.0, 564.0, 575.0, 589.0, 580.0, 572.0, 568.0, 562.0, 555.0, 571.0, 564.0, 548.0, 555.0, 565.0, 553.0, 552.0, 558.0, 548.0, 561.0], "TP": [0.0, 0.0, 1.0, 1.0, 15.0, 20.0, 44.0, 92.0, 128.0, 170.0, 194.0, 217.0, 255.0, 291.0, 288.0, 306.0, 324.0, 301.0, 335.0, 317.0, 318.0, 330.0, 283.0, 306.0, 296.0, 302.0, 305.0, 306.0, 297.0, 307.0, 300.0, 300.0, 294.0, 293.0, 290.0, 304.0, 299.0, 309.0, 298.0, 286.0, 289.0, 314.0, 307.0, 291.0, 292.0, 302.0, 299.0, 303.0, 308.0], "TN": [717.0, 717.0, 717.0, 714.0, 714.0, 707.0, 702.0, 683.0, 660.0, 631.0, 595.0, 595.0, 560.0, 542.0, 528.0, 540.0, 507.0, 525.0, 508.0, 544.0, 524.0, 544.0, 565.0, 537.0, 549.0, 561.0, 563.0, 558.0, 545.0, 541.0, 552.0, 570.0, 565.0, 552.0, 564.0, 558.0, 567.0, 563.0, 581.0, 577.0, 581.0, 572.0, 572.0, 578.0, 589.0, 580.0, 577.0, 583.0, 565.0], "FP": [0.0, 0.0, 0.0, 3.0, 3.0, 10.0, 15.0, 34.0, 57.0, 86.0, 122.0, 122.0, 157.0, 175.0, 189.0, 177.0, 210.0, 192.0, 209.0, 173.0, 193.0, 173.0, 152.0, 180.0, 168.0, 156.0, 154.0, 159.0, 172.0, 176.0, 165.0, 147.0, 152.0, 165.0, 153.0, 159.0, 150.0, 154.0, 136.0, 140.0, 136.0, 145.0, 145.0, 139.0, 128.0, 137.0, 140.0, 134.0, 152.0], "FN": [717.0, 717.0, 716.0, 716.0, 702.0, 697.0, 673.0, 625.0, 589.0, 547.0, 523.0, 500.0, 462.0, 426.0, 429.0, 411.0, 393.0, 416.0, 382.0, 400.0, 399.0, 387.0, 434.0, 411.0, 421.0, 415.0, 412.0, 411.0, 420.0, 410.0, 417.0, 417.0, 423.0, 424.0, 427.0, 413.0, 418.0, 408.0, 419.0, 431.0, 428.0, 403.0, 410.0, 426.0, 425.0, 415.0, 418.0, 414.0, 409.0], "Precision": [0.0, 0.0, 1.0, 0.25, 0.8333333134651184, 0.6666666865348816, 0.7457627058029175, 0.7301587462425232, 0.6918919086456299, 0.6640625, 0.6139240264892578, 0.6401180028915405, 0.6189320683479309, 0.6244634985923767, 0.6037735939025879, 0.6335403919219971, 0.6067415475845337, 0.610547661781311, 0.6158088445663452, 0.6469388008117676, 0.6223092079162598, 0.6560636162757874, 0.6505746841430664, 0.6296296119689941, 0.6379310488700867, 0.6593886613845825, 0.6644880175590515, 0.6580645442008972, 0.6332622766494751, 0.6356107592582703, 0.6451612710952759, 0.6711409687995911, 0.6591928005218506, 0.6397379636764526, 0.6546275615692139, 0.6565874814987183, 0.6659242510795593, 0.6673865914344788, 0.6866359710693359, 0.67136150598526, 0.6800000071525574, 0.6840958595275879, 0.6792035102844238, 0.6767441630363464, 0.6952381134033203, 0.6879271268844604, 0.6810933947563171, 0.6933638453483582, 0.6695652008056641], "Recall": [0.0, 0.0, 0.0013947001425549388, 0.0013947001425549388, 0.02092050202190876, 0.027894003316760063, 0.06136680766940117, 0.12831240892410278, 0.17852161824703217, 0.23709902167320251, 0.27057182788848877, 0.30264994502067566, 0.35564854741096497, 0.40585774183273315, 0.40167364478111267, 0.42677825689315796, 0.45188283920288086, 0.41980475187301636, 0.4672245383262634, 0.4421199560165405, 0.4435146450996399, 0.4602510333061218, 0.39470013976097107, 0.42677825689315796, 0.41283124685287476, 0.4211994409561157, 0.4253835380077362, 0.42677825689315796, 0.4142259359359741, 0.4281729459762573, 0.4184100329875946, 0.4184100329875946, 0.41004183888435364, 0.4086471498012543, 0.4044630527496338, 0.42398884892463684, 0.41701534390449524, 0.43096235394477844, 0.4156206548213959, 0.39888423681259155, 0.40306833386421204, 0.43793582916259766, 0.4281729459762573, 0.40585774183273315, 0.4072524309158325, 0.4211994409561157, 0.41701534390449524, 0.4225941300392151, 0.4295676350593567], "AUC": [0.5032931566238403, 0.5183528661727905, 0.5416348576545715, 0.5520785450935364, 0.554202675819397, 0.5600586533546448, 0.5559669733047485, 0.5797284245491028, 0.5854599475860596, 0.5826831459999084, 0.5815199017524719, 0.5890740752220154, 0.5881305932998657, 0.5892316102981567, 0.6026067733764648, 0.6123054623603821, 0.5955982208251953, 0.6107142567634583, 0.6182003617286682, 0.6180710196495056, 0.6033265590667725, 0.619746744632721, 0.6108592748641968, 0.6068015694618225, 0.6160956621170044, 0.6198197603225708, 0.6253362894058228, 0.627342700958252, 0.6177947521209717, 0.6362692713737488, 0.618367612361908, 0.6377854347229004, 0.6309676766395569, 0.6436706185340881, 0.6429733037948608, 0.6489868760108948, 0.649611234664917, 0.6477769017219543, 0.6636779308319092, 0.660418689250946, 0.6693462133407593, 0.6723135709762573, 0.6589850783348083, 0.6699287295341492, 0.6681119203567505, 0.6715656518936157, 0.669775128364563, 0.6786267161369324, 0.6746954917907715], "val_loss": [0.7496554851531982, 0.7384345531463623, 0.7297816276550293, 0.7224559783935547, 0.7186903953552246, 0.7145598530769348, 0.7113345861434937, 0.7093835473060608, 0.7083967328071594, 0.7065119743347168, 0.7041386365890503, 0.7025279402732849, 0.7007383704185486, 0.6996458768844604, 0.6982783675193787, 0.6971953511238098, 0.6968460083007812, 0.6956591010093689, 0.6955843567848206, 0.6949648261070251, 0.694624662399292, 0.694618284702301, 0.693317711353302, 0.6932408809661865, 0.6927886009216309, 0.6922828555107117, 0.691822350025177, 0.6912705302238464, 0.6908073425292969, 0.691178560256958, 0.6907543540000916, 0.6901646852493286, 0.6893901824951172, 0.6889175772666931, 0.6886348128318787, 0.6889281272888184, 0.6876165866851807, 0.6874658465385437, 0.6873153448104858, 0.685819685459137, 0.6842922568321228, 0.6835763454437256, 0.6831182241439819, 0.6809333562850952, 0.6794193983078003, 0.6770439743995667, 0.6741150617599487, 0.6724944114685059, 0.6704807281494141],