{"loss": [0.17320862412452698, 0.17341351509094238, 0.17336106300354004, 0.1733776181936264, 0.17329613864421844, 0.17322583496570587, 0.17317843437194824, 0.17328622937202454, 0.1732283979654312, 0.17337432503700256, 0.17332978546619415, 0.17335131764411926, 0.17326092720031738, 0.1732574999332428, 0.17326603829860687, 0.1732555627822876, 0.17336517572402954, 0.17326152324676514, 0.173288032412529, 0.1734151542186737, 0.17316240072250366], "accuracy": [0.5069735050201416, 0.4790794849395752, 0.47071129083633423, 0.4895397424697876, 0.4867503345012665, 0.5034867525100708, 0.5160390734672546, 0.49163180589675903, 0.5006973743438721, 0.5013946890830994, 0.49860531091690063, 0.49511855840682983, 0.4867503345012665, 0.5069735050201416, 0.49860531091690063, 0.5139470100402832, 0.5048814415931702, 0.5188284516334534, 0.5013946890830994, 0.48047420382499695, 0.5181310772895813], "benchmark_1409": [707.0, 747.0, 759.0, 732.0, 736.0, 712.0, 694.0, 729.0, 716.0, 715.0, 719.0, 724.0, 736.0, 707.0, 719.0, 697.0, 710.0, 690.0, 715.0, 745.0, 691.0], "TP": [442.0, 414.0, 408.0, 415.0, 410.0, 419.0, 435.0, 404.0, 439.0, 435.0, 425.0, 433.0, 412.0, 418.0, 424.0, 432.0, 428.0, 429.0, 440.0, 421.0, 441.0], "TN": [285.0, 273.0, 267.0, 287.0, 288.0, 303.0, 305.0, 301.0, 279.0, 284.0, 290.0, 277.0, 286.0, 309.0, 291.0, 305.0, 296.0, 315.0, 279.0, 268.0, 302.0], "FP": [432.0, 444.0, 450.0, 430.0, 429.0, 414.0, 412.0, 416.0, 438.0, 433.0, 427.0, 440.0, 431.0, 408.0, 426.0, 412.0, 421.0, 402.0, 438.0, 449.0, 415.0], "FN": [275.0, 303.0, 309.0, 302.0, 307.0, 298.0, 282.0, 313.0, 278.0, 282.0, 292.0, 284.0, 305.0, 299.0, 293.0, 285.0, 289.0, 288.0, 277.0, 296.0, 276.0], "Precision": [0.5057207942008972, 0.4825174808502197, 0.4755244851112366, 0.4911242723464966, 0.4886769950389862, 0.5030012130737305, 0.5135773420333862, 0.49268293380737305, 0.5005701184272766, 0.5011520981788635, 0.4988262951374054, 0.4959908425807953, 0.4887307286262512, 0.5060532689094543, 0.49882352352142334, 0.5118483304977417, 0.5041224956512451, 0.5162454843521118, 0.5011389255523682, 0.4839080572128296, 0.5151869058609009], "Recall": [0.616457462310791, 0.5774058699607849, 0.569037675857544, 0.5788005590438843, 0.5718270540237427, 0.5843793749809265, 0.6066945791244507, 0.5634588599205017, 0.6122733354568481, 0.6066945791244507, 0.5927475690841675, 0.6039051413536072, 0.5746164321899414, 0.5829846858978271, 0.5913528800010681, 0.6025104522705078, 0.5969316363334656, 0.5983263850212097, 0.6136680841445923, 0.5871687531471252, 0.6150627732276917], "AUC": [0.5104962587356567, 0.49751016497612, 0.503014087677002, 0.4934418201446533, 0.5078508257865906, 0.4987522065639496, 0.504942774772644, 0.503141462802887, 0.5201881527900696, 0.49111729860305786, 0.5130414962768555, 0.5089761018753052, 0.5078497529029846, 0.501599907875061, 0.5122663974761963, 0.5077447891235352, 0.48440828919410706, 0.5088078379631042, 0.5106294751167297, 0.49590054154396057, 0.5202786326408386], "val_loss": [0.1726246476173401, 0.17275568842887878, 0.17271468043327332, 0.17258988320827484, 0.17256245017051697, 0.17259888350963593, 0.1725746989250183, 0.17260803282260895, 0.17265820503234863, 0.17273874580860138, 0.17283512651920319, 0.17285768687725067, 0.17287081480026245, 0.1728571504354477, 0.17283959686756134, 0.17281381785869598, 0.17275409400463104, 0.1726910024881363, 0.17261679470539093, 0.17255714535713196, 0.17250965535640717], "val_accuracy": [0.6218181848526001, 0.6218181848526001, 0.6218181848526001, 0.6218181848526001, 0.6218181848526001, 0.6218181848526001, 0.6218181848526001, 0.6218181848526001, 0.6218181848526001, 0.6218181848526001, 0.6218181848526001, 0.6218181848526001, 0.6218181848526001, 0.6218181848526001, 0.6218181848526001, 0.6218181848526001, 0.6218181848526001, 0.6218181848526001, 0.6218181848526001, 0.6218181848526001, 0.6218181848526001], "val_benchmark_1409": [104.0, 104.0, 104.0, 104.0, 104.0, 104.0, 104.0, 104.0, 104.0, 104.0, 104.0, 104.0, 104.0, 104.0, 104.0, 104.0, 104.0, 104.0, 104.0, 104.0, 104.0], "val_TP": [171.0, 171.0, 171.0, 171.0, 171.0, 171.0, 171.0, 171.0, 171.0, 171.0, 171.0, 171.0, 171.0, 171.0, 171.0, 171.0, 171.0, 171.0, 171.0, 171.0, 171.0], "val_TN": [0.0, 0.0, 0.0, 0.0, 0.0, 0.0, 0.0, 0.0, 0.0, 0.0, 0.0, 0.0, 0.0, 0.0, 0.0, 0.0, 0.0, 0.0, 0.0, 0.0, 0.0], "val_FP": [104.0, 104.0, 104.0, 104.0, 104.0, 104.0, 104.0, 104.0, 104.0, 104.0, 104.0, 104.0, 104.0, 104.0, 104.0, 104.0, 104.0, 104.0, 104.0, 104.0, 104.0], "val_FN": [0.0, 0.0, 0.0, 0.0, 0.0, 0.0, 0.0, 0.0, 0.0, 0.0, 0.0, 0.0, 0.0, 0.0, 0.0, 0.0, 0.0, 0.0, 0.0, 0.0, 0.0], "val_Precision": [0.6218181848526001, 0.6218181848526001, 0.6218181848526001, 0.6218181848526001, 0.6218181848526001, 0.6218181848526001, 0.6218181848526001, 0.6218181848526001, 0.6218181848526001, 0.6218181848526001, 0.6218181848526001, 0.6218181848526001, 0.6218181848526001, 0.6218181848526001, 0.6218181848526001, 0.6218181848526001, 0.6218181848526001, 0.6218181848526001, 0.6218181848526001, 0.6218181848526001, 0.6218181848526001], "val_Recall": [1.0, 1.0, 1.0, 1.0, 1.0, 1.0, 1.0, 1.0, 1.0, 1.0, 1.0, 1.0, 1.0, 1.0, 1.0, 1.0, 1.0, 1.0, 1.0, 1.0, 1.0], "val_AUC": [0.5, 0.5, 0.5, 0.5, 0.5, 0.5, 0.4941520392894745, 0.5, 0.5, 0.5, 0.5, 0.5, 0.5, 0.5, 0.5, 0.5, 0.5, 0.5, 0.5, 0.5305330753326416, 0.5]}