{"loss": [0.694248378276825, 0.6908469796180725, 0.6917570233345032, 0.6900418996810913, 0.6896938681602478, 0.6891559362411499, 0.6888749599456787, 0.6861380338668823, 0.6869471669197083, 0.6873162388801575, 0.6853637099266052, 0.6842511892318726, 0.6846904158592224, 0.6860010027885437, 0.6849239468574524, 0.6865839958190918, 0.6819854378700256, 0.6848589181900024, 0.6841695308685303, 0.6841108798980713, 0.683311402797699, 0.6832209825515747, 0.6830887198448181, 0.6829161643981934, 0.6820428371429443, 0.6799575090408325, 0.6824392080307007, 0.6832776069641113, 0.6820669770240784, 0.6820581555366516, 0.6818552613258362, 0.6824039220809937, 0.6815699338912964, 0.6779976487159729, 0.6808812022209167, 0.6832762956619263, 0.6815218925476074, 0.6814776659011841, 0.6816334128379822, 0.681564211845398, 0.6794956922531128, 0.6793569922447205, 0.6808842420578003, 0.6780439019203186, 0.6794537305831909, 0.6771916151046753, 0.6768152117729187, 0.6761730313301086, 0.6778625845909119, 0.6771954894065857, 0.6773037910461426, 0.6785325407981873, 0.6782315969467163, 0.6749166250228882, 0.6751026511192322, 0.6781858205795288, 0.6773234009742737, 0.6779394149780273, 0.6760388016700745, 0.6756004691123962, 0.6780391931533813, 0.6750153303146362, 0.6769859790802002, 0.6731086373329163, 0.6731396913528442, 0.6731672286987305, 0.6760790348052979, 0.6715685725212097, 0.67330002784729, 0.6742855906486511, 0.6708816885948181, 0.6714950203895569, 0.6730577945709229, 0.6690236926078796, 0.668018102645874], "accuracy": [0.4902370870113373, 0.5251045823097229, 0.5153416991233826, 0.5188284516334534, 0.5327754616737366, 0.5188284516334534, 0.5313807725906372, 0.543235719203949, 0.5369595289230347, 0.5306833982467651, 0.5320780873298645, 0.5383542776107788, 0.5397489666938782, 0.5320780873298645, 0.5362622141838074, 0.534867525100708, 0.5453277826309204, 0.5369595289230347, 0.5529986023902893, 0.5439330339431763, 0.5495118498802185, 0.5320780873298645, 0.5481171607971191, 0.5411436557769775, 0.555787980556488, 0.5467224717140198, 0.5237098932266235, 0.5404462814331055, 0.5425383448600769, 0.543235719203949, 0.543235719203949, 0.5425383448600769, 0.5411436557769775, 0.5529986023902893, 0.5550906658172607, 0.5362622141838074, 0.5439330339431763, 0.5550906658172607, 0.5446304082870483, 0.5495118498802185, 0.5467224717140198, 0.5641562342643738, 0.5425383448600769, 0.5529986023902893, 0.5474197864532471, 0.5550906658172607, 0.555787980556488, 0.5564853549003601, 0.5536959767341614, 0.5523012280464172, 0.5627614855766296, 0.5516039133071899, 0.5425383448600769, 0.5592747330665588, 0.5571827292442322, 0.555787980556488, 0.5509065389633179, 0.5641562342643738, 0.5550906658172607, 0.5516039133071899, 0.5488144755363464, 0.5564853549003601, 0.5550906658172607, 0.5627614855766296, 0.5627614855766296, 0.5697349905967712, 0.5453277826309204, 0.560669481754303, 0.5564853549003601, 0.5613667964935303, 0.5725244283676147, 0.5857740640640259, 0.5655509233474731, 0.5620641708374023, 0.5676429271697998], "benchmark_509": [731.0, 681.0, 695.0, 690.0, 670.0, 690.0, 672.0, 655.0, 664.0, 673.0, 671.0, 662.0, 660.0, 671.0, 665.0, 667.0, 652.0, 664.0, 641.0, 654.0, 646.0, 671.0, 648.0, 658.0, 637.0, 650.0, 683.0, 659.0, 656.0, 655.0, 655.0, 656.0, 658.0, 641.0, 638.0, 665.0, 654.0, 638.0, 653.0, 646.0, 650.0, 625.0, 656.0, 641.0, 649.0, 638.0, 637.0, 636.0, 640.0, 642.0, 627.0, 643.0, 656.0, 632.0, 635.0, 637.0, 644.0, 625.0, 638.0, 643.0, 647.0, 636.0, 638.0, 627.0, 627.0, 617.0, 652.0, 630.0, 636.0, 629.0, 613.0, 594.0, 623.0, 628.0, 620.0], "TP": [391.0, 517.0, 426.0, 398.0, 340.0, 379.0, 339.0, 341.0, 351.0, 343.0, 350.0, 331.0, 341.0, 283.0, 336.0, 307.0, 267.0, 325.0, 307.0, 307.0, 294.0, 309.0, 311.0, 271.0, 301.0, 291.0, 306.0, 260.0, 292.0, 256.0, 306.0, 268.0, 303.0, 271.0, 279.0, 264.0, 328.0, 268.0, 263.0, 297.0, 272.0, 291.0, 254.0, 277.0, 244.0, 264.0, 290.0, 247.0, 302.0, 244.0, 242.0, 297.0, 248.0, 255.0, 267.0, 283.0, 247.0, 250.0, 262.0, 303.0, 254.0, 283.0, 220.0, 304.0, 286.0, 268.0, 247.0, 307.0, 239.0, 254.0, 276.0, 291.0, 257.0, 309.0, 291.0], "TN": [312.0, 236.0, 313.0, 346.0, 424.0, 365.0, 423.0, 438.0, 419.0, 418.0, 413.0, 441.0, 433.0, 480.0, 433.0, 460.0, 515.0, 445.0, 486.0, 473.0, 494.0, 454.0, 475.0, 505.0, 496.0, 493.0, 445.0, 515.0, 486.0, 523.0, 473.0, 510.0, 473.0, 522.0, 517.0, 505.0, 452.0, 528.0, 518.0, 491.0, 512.0, 518.0, 524.0, 516.0, 541.0, 532.0, 507.0, 551.0, 492.0, 548.0, 565.0, 494.0, 530.0, 547.0, 532.0, 514.0, 543.0, 559.0, 534.0, 488.0, 533.0, 515.0, 576.0, 503.0, 521.0, 549.0, 535.0, 497.0, 559.0, 551.0, 545.0, 549.0, 554.0, 497.0, 523.0], "FP": [405.0, 481.0, 404.0, 371.0, 293.0, 352.0, 294.0, 279.0, 298.0, 299.0, 304.0, 276.0, 284.0, 237.0, 284.0, 257.0, 202.0, 272.0, 231.0, 244.0, 223.0, 263.0, 242.0, 212.0, 221.0, 224.0, 272.0, 202.0, 231.0, 194.0, 244.0, 207.0, 244.0, 195.0, 200.0, 212.0, 265.0, 189.0, 199.0, 226.0, 205.0, 199.0, 193.0, 201.0, 176.0, 185.0, 210.0, 166.0, 225.0, 169.0, 152.0, 223.0, 187.0, 170.0, 185.0, 203.0, 174.0, 158.0, 183.0, 229.0, 184.0, 202.0, 141.0, 214.0, 196.0, 168.0, 182.0, 220.0, 158.0, 166.0, 172.0, 168.0, 163.0, 220.0, 194.0], "FN": [326.0, 200.0, 291.0, 319.0, 377.0, 338.0, 378.0, 376.0, 366.0, 374.0, 367.0, 386.0, 376.0, 434.0, 381.0, 410.0, 450.0, 392.0, 410.0, 410.0, 423.0, 408.0, 406.0, 446.0, 416.0, 426.0, 411.0, 457.0, 425.0, 461.0, 411.0, 449.0, 414.0, 446.0, 438.0, 453.0, 389.0, 449.0, 454.0, 420.0, 445.0, 426.0, 463.0, 440.0, 473.0, 453.0, 427.0, 470.0, 415.0, 473.0, 475.0, 420.0, 469.0, 462.0, 450.0, 434.0, 470.0, 467.0, 455.0, 414.0, 463.0, 434.0, 497.0, 413.0, 431.0, 449.0, 470.0, 410.0, 478.0, 463.0, 441.0, 426.0, 460.0, 408.0, 426.0], "Precision": [0.49120602011680603, 0.5180360674858093, 0.5132530331611633, 0.5175552368164062, 0.5371248126029968, 0.5184678435325623, 0.5355450510978699, 0.550000011920929, 0.5408320426940918, 0.5342679023742676, 0.5351681709289551, 0.5453047752380371, 0.5455999970436096, 0.5442307591438293, 0.5419355034828186, 0.5443262457847595, 0.5692963600158691, 0.5443885922431946, 0.5706319808959961, 0.5571687817573547, 0.5686653852462769, 0.5402097702026367, 0.5623869895935059, 0.5610765814781189, 0.5766283273696899, 0.5650485157966614, 0.529411792755127, 0.5627705454826355, 0.5583174228668213, 0.5688889026641846, 0.5563636422157288, 0.5642105340957642, 0.5539305210113525, 0.5815450549125671, 0.5824634432792664, 0.5546218752861023, 0.5531197190284729, 0.5864332318305969, 0.5692640542984009, 0.5678776502609253, 0.5702306032180786, 0.5938775539398193, 0.5682326555252075, 0.5794979333877563, 0.5809524059295654, 0.5879732966423035, 0.5799999833106995, 0.5980629324913025, 0.5730550289154053, 0.5907990336418152, 0.6142131686210632, 0.5711538195610046, 0.5701149702072144, 0.6000000238418579, 0.5907079577445984, 0.5823045372962952, 0.5866983532905579, 0.6127451062202454, 0.5887640714645386, 0.5695488452911377, 0.5799086689949036, 0.5835051536560059, 0.6094182729721069, 0.5868725776672363, 0.5933610200881958, 0.6146789193153381, 0.5757575631141663, 0.5825427174568176, 0.6020151376724243, 0.6047618985176086, 0.6160714030265808, 0.6339869499206543, 0.6119047403335571, 0.5841209888458252, 0.6000000238418579],