{"loss": [0.6955832242965698, 0.6941483020782471, 0.6949718594551086, 0.6943641304969788, 0.692983090877533, 0.6912044882774353, 0.6941443085670471, 0.6931895613670349, 0.6915768384933472, 0.6918736696243286, 0.6910884380340576, 0.6913407444953918, 0.6914145350456238, 0.692544162273407, 0.689774751663208, 0.6900110244750977, 0.6904138326644897, 0.689241886138916, 0.6892658472061157, 0.6889652013778687, 0.6888798475265503, 0.6902235746383667, 0.6881510615348816, 0.6874789595603943, 0.6883327960968018, 0.687103807926178, 0.6874247193336487, 0.6869426369667053, 0.6874030232429504, 0.6873250603675842, 0.689598023891449, 0.6859036684036255, 0.6861596703529358, 0.6866013407707214, 0.6883491277694702, 0.6856464147567749, 0.6868641376495361, 0.6850506663322449, 0.6872053146362305, 0.686336100101471, 0.6856899261474609, 0.6850085854530334, 0.6850972175598145], "accuracy": [0.4965132474899292, 0.4937238395214081, 0.5041841268539429, 0.49511855840682983, 0.5153416991233826, 0.5244072675704956, 0.5020920634269714, 0.5111575722694397, 0.5285913348197937, 0.5153416991233826, 0.5271966457366943, 0.5209205150604248, 0.5244072675704956, 0.526499330997467, 0.5355648398399353, 0.5369595289230347, 0.5334727764129639, 0.5320780873298645, 0.5306833982467651, 0.5460250973701477, 0.5418410301208496, 0.5369595289230347, 0.5467224717140198, 0.5467224717140198, 0.5327754616737366, 0.5411436557769775, 0.5425383448600769, 0.5341701507568359, 0.5362622141838074, 0.534867525100708, 0.5390515923500061, 0.5446304082870483, 0.5474197864532471, 0.5362622141838074, 0.5390515923500061, 0.5460250973701477, 0.5453277826309204, 0.5425383448600769, 0.5425383448600769, 0.5446304082870483, 0.5390515923500061, 0.5418410301208496, 0.5467224717140198], "benchmark_799": [722.0, 726.0, 711.0, 724.0, 695.0, 682.0, 714.0, 701.0, 676.0, 695.0, 678.0, 687.0, 682.0, 679.0, 666.0, 664.0, 669.0, 671.0, 673.0, 651.0, 657.0, 664.0, 650.0, 650.0, 670.0, 658.0, 656.0, 668.0, 665.0, 667.0, 661.0, 653.0, 649.0, 665.0, 661.0, 651.0, 652.0, 656.0, 656.0, 653.0, 661.0, 657.0, 650.0], "TP": [175.0, 209.0, 242.0, 260.0, 292.0, 295.0, 324.0, 339.0, 348.0, 361.0, 369.0, 365.0, 362.0, 370.0, 377.0, 382.0, 384.0, 371.0, 362.0, 375.0, 377.0, 378.0, 373.0, 379.0, 368.0, 373.0, 373.0, 362.0, 360.0, 370.0, 360.0, 364.0, 369.0, 357.0, 359.0, 356.0, 354.0, 351.0, 353.0, 354.0, 348.0, 348.0, 352.0], "TN": [537.0, 499.0, 481.0, 450.0, 447.0, 457.0, 396.0, 394.0, 410.0, 378.0, 387.0, 382.0, 390.0, 385.0, 391.0, 388.0, 381.0, 392.0, 399.0, 408.0, 400.0, 392.0, 411.0, 405.0, 396.0, 403.0, 405.0, 404.0, 409.0, 397.0, 413.0, 417.0, 416.0, 412.0, 414.0, 427.0, 428.0, 427.0, 425.0, 427.0, 425.0, 429.0, 432.0], "FP": [180.0, 218.0, 236.0, 267.0, 270.0, 260.0, 321.0, 323.0, 307.0, 339.0, 330.0, 335.0, 327.0, 332.0, 326.0, 329.0, 336.0, 325.0, 318.0, 309.0, 317.0, 325.0, 306.0, 312.0, 321.0, 314.0, 312.0, 313.0, 308.0, 320.0, 304.0, 300.0, 301.0, 305.0, 303.0, 290.0, 289.0, 290.0, 292.0, 290.0, 292.0, 288.0, 285.0], "FN": [542.0, 508.0, 475.0, 457.0, 425.0, 422.0, 393.0, 378.0, 369.0, 356.0, 348.0, 352.0, 355.0, 347.0, 340.0, 335.0, 333.0, 346.0, 355.0, 342.0, 340.0, 339.0, 344.0, 338.0, 349.0, 344.0, 344.0, 355.0, 357.0, 347.0, 357.0, 353.0, 348.0, 360.0, 358.0, 361.0, 363.0, 366.0, 364.0, 363.0, 369.0, 369.0, 365.0], "Precision": [0.49295774102211, 0.48946136236190796, 0.5062761306762695, 0.49335864186286926, 0.5195729732513428, 0.5315315127372742, 0.5023255944252014, 0.5120846033096313, 0.5312976837158203, 0.5157142877578735, 0.5278970003128052, 0.5214285850524902, 0.5253991484642029, 0.5270655155181885, 0.5362731218338013, 0.5372714400291443, 0.5333333611488342, 0.5330459475517273, 0.5323529243469238, 0.5482456088066101, 0.5432276725769043, 0.537695586681366, 0.5493372678756714, 0.5484804511070251, 0.5341073870658875, 0.5429403185844421, 0.5445255637168884, 0.5362963080406189, 0.538922131061554, 0.5362318754196167, 0.5421686768531799, 0.5481927990913391, 0.5507462620735168, 0.5392749309539795, 0.5422960519790649, 0.5510835647583008, 0.5505443215370178, 0.5475819110870361, 0.5472868084907532, 0.5496894121170044, 0.543749988079071, 0.5471698045730591, 0.5525902509689331], "Recall": [0.24407252669334412, 0.2914923429489136, 0.3375174403190613, 0.3626220226287842, 0.4072524309158325, 0.411436527967453, 0.45188283920288086, 0.47280335426330566, 0.4853556454181671, 0.5034867525100708, 0.5146443247795105, 0.509065568447113, 0.5048814415931702, 0.5160390734672546, 0.525801956653595, 0.5327754616737366, 0.5355648398399353, 0.517433762550354, 0.5048814415931702, 0.5230125784873962, 0.525801956653595, 0.5271966457366943, 0.5202231407165527, 0.5285913348197937, 0.5132496356964111, 0.5202231407165527, 0.5202231407165527, 0.5048814415931702, 0.5020920634269714, 0.5160390734672546, 0.5020920634269714, 0.5076708793640137, 0.5146443247795105, 0.49790793657302856, 0.5006973743438721, 0.4965132474899292, 0.4937238395214081, 0.4895397424697876, 0.4923291504383087, 0.4937238395214081, 0.4853556454181671, 0.4853556454181671, 0.49093446135520935], "AUC": [0.48514074087142944, 0.5006856918334961, 0.4953967332839966, 0.49311500787734985, 0.5209399461746216, 0.5296446681022644, 0.5010591149330139, 0.5193896293640137, 0.5303760170936584, 0.5319857001304626, 0.5367212295532227, 0.5344006419181824, 0.5399065017700195, 0.5271042585372925, 0.5491481423377991, 0.5421240329742432, 0.5417126417160034, 0.5477340221405029, 0.5449261665344238, 0.5502266883850098, 0.5517692565917969, 0.5417194366455078, 0.5560904741287231, 0.5569152235984802, 0.5483992099761963, 0.5550419688224792, 0.5563229322433472, 0.5619727373123169, 0.5574939250946045, 0.5585044622421265, 0.5428193807601929, 0.5618754625320435, 0.557919979095459, 0.554908812046051, 0.5484147667884827, 0.5623568892478943, 0.557440459728241, 0.559917688369751, 0.552416980266571, 0.5600586533546448, 0.556064248085022, 0.5645403861999512, 0.5657123327255249], "val_loss": [0.7005556225776672, 0.6987844109535217, 0.6969830393791199, 0.6953209042549133, 0.6938899159431458, 0.6922793388366699, 0.6911420822143555, 0.6900140643119812, 0.6892511248588562, 0.6885039806365967, 0.6877610683441162, 0.6871817111968994, 0.6867375373840332, 0.6862849593162537, 0.6860657334327698, 0.6859738230705261, 0.6858137845993042, 0.6857216358184814, 0.6855726838111877, 0.6855528354644775, 0.6855253577232361, 0.6854448914527893, 0.6854678988456726, 0.6857115626335144, 0.6858869791030884, 0.6858392953872681, 0.6857207417488098, 0.6855250597000122, 0.6854446530342102, 0.6855457425117493, 0.6850623488426208, 0.6851691007614136, 0.6854877471923828, 0.6854211688041687, 0.6850309371948242, 0.6849052309989929, 0.6843212842941284, 0.6835756301879883, 0.6829242706298828, 0.6821666955947876, 0.6815018057823181, 0.6814925074577332, 0.681029200553894], "val_accuracy": [0.3781818151473999, 0.3781818151473999, 0.3781818151473999, 0.3781818151473999, 0.3781818151473999, 0.6218181848526001, 0.6218181848526001, 0.6218181848526001, 0.6218181848526001, 0.6218181848526001, 0.6218181848526001, 0.6218181848526001, 0.6218181848526001, 0.6218181848526001, 0.6218181848526001, 0.6218181848526001, 0.6218181848526001, 0.6218181848526001, 0.6218181848526001, 0.6254545450210571, 0.6254545450210571, 0.6254545450210571, 0.6327272653579712, 0.6254545450210571, 0.589090883731842, 0.5672727227210999, 0.5600000023841858, 0.5490909218788147, 0.5600000023841858, 0.578181803226471, 0.5745454430580139, 0.5490909218788147, 0.5345454812049866, 0.5309090614318848, 0.5272727012634277, 0.5236363410949707, 0.5236363410949707, 0.5272727012634277, 0.5272727012634277, 0.5309090614318848, 0.5345454812049866, 0.5345454812049866, 0.5345454812049866], "val_benchmark_799": [171.0, 171.0, 171.0, 171.0, 171.0, 104.0, 104.0, 104.0, 104.0, 104.0, 104.0, 104.0, 104.0, 104.0, 104.0, 104.0, 104.0, 104.0, 104.0, 103.0, 103.0, 103.0, 101.0, 103.0, 113.0, 119.0, 121.0, 124.0, 121.0, 116.0, 117.0, 124.0, 128.0, 129.0, 130.0, 131.0, 131.0, 130.0, 130.0, 129.0, 128.0, 128.0, 128.0],