{"loss": [0.3506214916706085, 0.3439856767654419, 0.3482913672924042, 0.346206933259964, 0.3479078710079193, 0.3478504419326782, 0.3463898003101349, 0.34598028659820557, 0.34609609842300415, 0.34474241733551025, 0.3451113700866699, 0.34527766704559326, 0.34500980377197266, 0.3434397578239441, 0.34323692321777344, 0.3436025083065033, 0.3412435054779053, 0.342106431722641, 0.34022748470306396, 0.3407216966152191, 0.3414277136325836, 0.3405708372592926, 0.34057363867759705, 0.3381870985031128, 0.33772704005241394], "accuracy": [0.5181310772895813, 0.5425383448600769, 0.5285913348197937, 0.5474197864532471, 0.5327754616737366, 0.5299860239028931, 0.5474197864532471, 0.5404462814331055, 0.5418410301208496, 0.5495118498802185, 0.5244072675704956, 0.5467224717140198, 0.5404462814331055, 0.5495118498802185, 0.5418410301208496, 0.5390515923500061, 0.5550906658172607, 0.5571827292442322, 0.569037675857544, 0.5571827292442322, 0.5592747330665588, 0.5669456124305725, 0.5585774183273315, 0.555787980556488, 0.5794979333877563], "benchmark_399": [691.0, 656.0, 676.0, 649.0, 670.0, 674.0, 649.0, 659.0, 657.0, 646.0, 682.0, 650.0, 659.0, 646.0, 657.0, 661.0, 638.0, 635.0, 618.0, 635.0, 632.0, 621.0, 633.0, 637.0, 603.0], "TP": [347.0, 411.0, 361.0, 405.0, 410.0, 392.0, 401.0, 411.0, 363.0, 410.0, 361.0, 388.0, 388.0, 420.0, 392.0, 395.0, 383.0, 410.0, 398.0, 396.0, 403.0, 391.0, 390.0, 400.0, 416.0], "TN": [396.0, 367.0, 397.0, 380.0, 354.0, 368.0, 384.0, 364.0, 414.0, 378.0, 391.0, 396.0, 387.0, 368.0, 385.0, 378.0, 413.0, 389.0, 418.0, 403.0, 399.0, 422.0, 411.0, 397.0, 415.0], "FP": [321.0, 350.0, 320.0, 337.0, 363.0, 349.0, 333.0, 353.0, 303.0, 339.0, 326.0, 321.0, 330.0, 349.0, 332.0, 339.0, 304.0, 328.0, 299.0, 314.0, 318.0, 295.0, 306.0, 320.0, 302.0], "FN": [370.0, 306.0, 356.0, 312.0, 307.0, 325.0, 316.0, 306.0, 354.0, 307.0, 356.0, 329.0, 329.0, 297.0, 325.0, 322.0, 334.0, 307.0, 319.0, 321.0, 314.0, 326.0, 327.0, 317.0, 301.0], "Precision": [0.5194610953330994, 0.5400788187980652, 0.5301027894020081, 0.5458220839500427, 0.5304010510444641, 0.5290148258209229, 0.5463215112686157, 0.5379580855369568, 0.545045018196106, 0.5473965406417847, 0.5254730582237244, 0.5472496747970581, 0.5403899550437927, 0.5461638569831848, 0.541436493396759, 0.5381471514701843, 0.5574963688850403, 0.5555555820465088, 0.571018636226654, 0.5577464699745178, 0.558945894241333, 0.5699708461761475, 0.5603448152542114, 0.5555555820465088, 0.5793871879577637], "Recall": [0.48396095633506775, 0.573221743106842, 0.5034867525100708, 0.5648535490036011, 0.5718270540237427, 0.5467224717140198, 0.5592747330665588, 0.573221743106842, 0.5062761306762695, 0.5718270540237427, 0.5034867525100708, 0.5411436557769775, 0.5411436557769775, 0.5857740640640259, 0.5467224717140198, 0.5509065389633179, 0.5341701507568359, 0.5718270540237427, 0.5550906658172607, 0.5523012280464172, 0.5620641708374023, 0.5453277826309204, 0.5439330339431763, 0.5578800439834595, 0.5801952481269836], "AUC": [0.5201005935668945, 0.566392183303833, 0.54059898853302, 0.5685814619064331, 0.5492900609970093, 0.5424157977104187, 0.5604768395423889, 0.5534557104110718, 0.5475287437438965, 0.5621137619018555, 0.5457537770271301, 0.5655120015144348, 0.5602638721466064, 0.5677937269210815, 0.5589450597763062, 0.5656929016113281, 0.5777190327644348, 0.5811454653739929, 0.5963500738143921, 0.583925187587738, 0.5825995206832886, 0.5843385457992554, 0.5837637186050415, 0.5985121726989746, 0.6060633659362793], "val_loss": [0.3546484112739563, 0.3506280481815338, 0.3425023853778839, 0.3399285078048706, 0.3301949203014374, 0.3409475088119507, 0.3281562626361847, 0.3266051113605499, 0.32634931802749634, 0.3413557708263397, 0.3261623680591583, 0.3297109007835388, 0.3255520164966583, 0.3269517123699188, 0.35520800948143005, 0.3254324197769165, 0.3245139420032501, 0.33300158381462097, 0.3263532817363739, 0.33192744851112366, 0.360728919506073, 0.3432108163833618, 0.3517562747001648, 0.32579505443573, 0.32567423582077026], "val_accuracy": [0.3781818151473999, 0.4290909171104431, 0.5127272605895996, 0.5600000023841858, 0.6218181848526001, 0.5272727012634277, 0.6218181848526001, 0.6218181848526001, 0.6218181848526001, 0.5418182015419006, 0.6218181848526001, 0.614545464515686, 0.6218181848526001, 0.6218181848526001, 0.4872727394104004, 0.6218181848526001, 0.6218181848526001, 0.6218181848526001, 0.6181818246841431, 0.585454523563385, 0.4763636291027069, 0.6218181848526001, 0.5090909004211426, 0.6181818246841431, 0.6218181848526001], "val_benchmark_399": [171.0, 157.0, 134.0, 121.0, 104.0, 130.0, 104.0, 104.0, 104.0, 126.0, 104.0, 106.0, 104.0, 104.0, 141.0, 104.0, 104.0, 104.0, 105.0, 114.0, 144.0, 104.0, 135.0, 105.0, 104.0], "val_TP": [0.0, 19.0, 87.0, 105.0, 171.0, 79.0, 171.0, 171.0, 171.0, 72.0, 171.0, 154.0, 171.0, 171.0, 38.0, 171.0, 171.0, 171.0, 158.0, 105.0, 34.0, 171.0, 46.0, 134.0, 171.0], "val_TN": [104.0, 99.0, 54.0, 49.0, 0.0, 66.0, 0.0, 0.0, 0.0, 77.0, 0.0, 15.0, 0.0, 0.0, 96.0, 0.0, 0.0, 0.0, 12.0, 56.0, 97.0, 0.0, 94.0, 36.0, 0.0], "val_FP": [0.0, 5.0, 50.0, 55.0, 104.0, 38.0, 104.0, 104.0, 104.0, 27.0, 104.0, 89.0, 104.0, 104.0, 8.0, 104.0, 104.0, 104.0, 92.0, 48.0, 7.0, 104.0, 10.0, 68.0, 104.0], "val_FN": [171.0, 152.0, 84.0, 66.0, 0.0, 92.0, 0.0, 0.0, 0.0, 99.0, 0.0, 17.0, 0.0, 0.0, 133.0, 0.0, 0.0, 0.0, 13.0, 66.0, 137.0, 0.0, 125.0, 37.0, 0.0], "val_Precision": [0.0, 0.7916666865348816, 0.6350364685058594, 0.65625, 0.6218181848526001, 0.6752136945724487, 0.6218181848526001, 0.6218181848526001, 0.6218181848526001, 0.7272727489471436, 0.6218181848526001, 0.6337448358535767, 0.6218181848526001, 0.6218181848526001, 0.8260869383811951, 0.6218181848526001, 0.6218181848526001, 0.6218181848526001, 0.6320000290870667, 0.686274528503418, 0.8292682766914368, 0.6218181848526001, 0.8214285969734192, 0.6633663177490234, 0.6218181848526001], "val_Recall": [0.0, 0.1111111119389534, 0.5087719559669495, 0.6140350699424744, 1.0, 0.46198830008506775, 1.0, 1.0, 1.0, 0.42105263471603394, 1.0, 0.9005848169326782, 1.0, 1.0, 0.2222222238779068, 1.0, 1.0, 1.0, 0.9239766001701355, 0.6140350699424744, 0.19883041083812714, 1.0, 0.26900583505630493, 0.7836257219314575, 1.0], "val_AUC": [0.5626968145370483, 0.557748556137085, 0.5677294731140137, 0.5756860375404358, 0.5732119083404541, 0.5770636796951294, 0.5752080678939819, 0.5816463828086853, 0.5828834772109985, 0.5888157486915588, 0.5876911878585815, 0.5924707651138306, 0.592189610004425, 0.5861167907714844, 0.597981333732605, 0.6030420660972595, 0.6061347126960754, 0.5962944030761719, 0.6106612682342529, 0.6149066686630249, 0.6131353974342346, 0.6100146174430847, 0.6172964572906494, 0.6296952366828918, 0.6288799047470093]}