{"loss": [0.1711379587650299, 0.16827671229839325, 0.16667790710926056, 0.16443826258182526, 0.16354818642139435, 0.162714421749115, 0.16060592234134674, 0.15909284353256226, 0.1567535251379013, 0.15720678865909576, 0.15521401166915894, 0.15388362109661102, 0.1529642939567566, 0.151393324136734, 0.151221364736557, 0.14895689487457275, 0.1495828926563263, 0.14705544710159302, 0.14609777927398682, 0.1456652283668518, 0.14547142386436462, 0.14514140784740448, 0.14366260170936584, 0.14349067211151123, 0.14114311337471008, 0.14078761637210846, 0.14193488657474518, 0.1391531378030777, 0.14035850763320923, 0.140263170003891, 0.13873304426670074, 0.13780412077903748, 0.13813479244709015, 0.13615553081035614, 0.1354304850101471, 0.13484923541545868, 0.13409949839115143, 0.13327345252037048, 0.13456480205059052, 0.13300368189811707, 0.1352057009935379, 0.1326131373643875, 0.12945640087127686, 0.13002221286296844, 0.13060736656188965, 0.12978440523147583, 0.12687130272388458, 0.13007593154907227, 0.12643469870090485, 0.128202423453331, 0.1266063153743744, 0.12601980566978455, 0.1257743239402771, 0.12614977359771729, 0.12224174290895462, 0.1246190220117569, 0.12403254956007004, 0.12235616147518158, 0.12157480418682098, 0.11729409545660019, 0.11854766309261322, 0.11969250440597534, 0.12079353630542755, 0.11737366020679474, 0.116462342441082, 0.11721750348806381, 0.11723431199789047, 0.11572247743606567, 0.11826346069574356, 0.11102686822414398, 0.11538596451282501], "accuracy": [0.5446304082870483, 0.569037675857544, 0.5753138065338135, 0.5920501947402954, 0.6059972047805786, 0.6122733354568481, 0.624825656414032, 0.6297070980072021, 0.6464434862136841, 0.6492329239845276, 0.6555090546607971, 0.6645746231079102, 0.677126944065094, 0.6729428172111511, 0.668061375617981, 0.6785216331481934, 0.6778242588043213, 0.6847977638244629, 0.6903765797615051, 0.6847977638244629, 0.6931659579277039, 0.6938633322715759, 0.7036262154579163, 0.6952580213546753, 0.6959553956985474, 0.6973500847816467, 0.7119944095611572, 0.7189679145812988, 0.7147838473320007, 0.7147838473320007, 0.7196652889251709, 0.715481162071228, 0.7210599780082703, 0.7287307977676392, 0.7405857443809509, 0.7315202355384827, 0.7377963662147522, 0.7454672455787659, 0.7294281721115112, 0.7336122989654541, 0.741283118724823, 0.7468619346618652, 0.750348687171936, 0.7489539980888367, 0.741283118724823, 0.7426778078079224, 0.7566248178482056, 0.7426778078079224, 0.7608089447021484, 0.7601115703582764, 0.7566248178482056, 0.7531380653381348, 0.749651312828064, 0.7580195069313049, 0.776150643825531, 0.7580195069313049, 0.7663877010345459, 0.7747559547424316, 0.7642956972122192, 0.7796373963356018, 0.767085075378418, 0.7810320854187012, 0.7768479585647583, 0.7928870320320129, 0.7817294001579285, 0.784518837928772, 0.7894002795219421, 0.7852161526679993, 0.7900976538658142, 0.8089261054992676, 0.7887029051780701], "benchmark_130": [653.0, 618.0, 609.0, 585.0, 565.0, 556.0, 538.0, 531.0, 507.0, 503.0, 494.0, 481.0, 463.0, 469.0, 476.0, 461.0, 462.0, 452.0, 444.0, 452.0, 440.0, 439.0, 425.0, 437.0, 436.0, 434.0, 413.0, 403.0, 409.0, 409.0, 402.0, 408.0, 400.0, 389.0, 372.0, 385.0, 376.0, 365.0, 388.0, 382.0, 371.0, 363.0, 358.0, 360.0, 371.0, 369.0, 349.0, 369.0, 343.0, 344.0, 349.0, 354.0, 359.0, 347.0, 321.0, 347.0, 335.0, 323.0, 338.0, 316.0, 334.0, 314.0, 320.0, 297.0, 313.0, 309.0, 302.0, 308.0, 301.0, 274.0, 303.0], "TP": [393.0, 348.0, 347.0, 352.0, 397.0, 396.0, 409.0, 423.0, 446.0, 456.0, 472.0, 458.0, 478.0, 474.0, 466.0, 472.0, 468.0, 475.0, 480.0, 479.0, 478.0, 488.0, 488.0, 478.0, 483.0, 491.0, 491.0, 508.0, 500.0, 509.0, 511.0, 497.0, 502.0, 493.0, 517.0, 500.0, 524.0, 512.0, 511.0, 512.0, 513.0, 520.0, 532.0, 522.0, 518.0, 515.0, 524.0, 519.0, 539.0, 521.0, 522.0, 527.0, 521.0, 522.0, 549.0, 530.0, 540.0, 546.0, 542.0, 542.0, 540.0, 543.0, 548.0, 557.0, 542.0, 547.0, 557.0, 553.0, 555.0, 569.0, 553.0], "TN": [388.0, 468.0, 478.0, 497.0, 472.0, 482.0, 487.0, 480.0, 481.0, 475.0, 468.0, 495.0, 493.0, 491.0, 492.0, 501.0, 504.0, 507.0, 510.0, 503.0, 516.0, 507.0, 521.0, 519.0, 515.0, 509.0, 530.0, 523.0, 525.0, 516.0, 521.0, 529.0, 532.0, 552.0, 545.0, 549.0, 534.0, 557.0, 535.0, 540.0, 550.0, 551.0, 544.0, 552.0, 545.0, 550.0, 561.0, 546.0, 552.0, 569.0, 563.0, 553.0, 554.0, 565.0, 564.0, 557.0, 559.0, 565.0, 554.0, 576.0, 560.0, 577.0, 566.0, 580.0, 579.0, 578.0, 575.0, 573.0, 578.0, 591.0, 578.0], "FP": [329.0, 249.0, 239.0, 220.0, 245.0, 235.0, 230.0, 237.0, 236.0, 242.0, 249.0, 222.0, 224.0, 226.0, 225.0, 216.0, 213.0, 210.0, 207.0, 214.0, 201.0, 210.0, 196.0, 198.0, 202.0, 208.0, 187.0, 194.0, 192.0, 201.0, 196.0, 188.0, 185.0, 165.0, 172.0, 168.0, 183.0, 160.0, 182.0, 177.0, 167.0, 166.0, 173.0, 165.0, 172.0, 167.0, 156.0, 171.0, 165.0, 148.0, 154.0, 164.0, 163.0, 152.0, 153.0, 160.0, 158.0, 152.0, 163.0, 141.0, 157.0, 140.0, 151.0, 137.0, 138.0, 139.0, 142.0, 144.0, 139.0, 126.0, 139.0], "FN": [324.0, 369.0, 370.0, 365.0, 320.0, 321.0, 308.0, 294.0, 271.0, 261.0, 245.0, 259.0, 239.0, 243.0, 251.0, 245.0, 249.0, 242.0, 237.0, 238.0, 239.0, 229.0, 229.0, 239.0, 234.0, 226.0, 226.0, 209.0, 217.0, 208.0, 206.0, 220.0, 215.0, 224.0, 200.0, 217.0, 193.0, 205.0, 206.0, 205.0, 204.0, 197.0, 185.0, 195.0, 199.0, 202.0, 193.0, 198.0, 178.0, 196.0, 195.0, 190.0, 196.0, 195.0, 168.0, 187.0, 177.0, 171.0, 175.0, 175.0, 177.0, 174.0, 169.0, 160.0, 175.0, 170.0, 160.0, 164.0, 162.0, 148.0, 164.0], "Precision": [0.5443213582038879, 0.5829145908355713, 0.5921501517295837, 0.6153846383094788, 0.618380069732666, 0.6275752782821655, 0.6400625705718994, 0.6409090757369995, 0.6539589166641235, 0.65329509973526, 0.6546463370323181, 0.6735293865203857, 0.680911660194397, 0.677142858505249, 0.6743849515914917, 0.6860465407371521, 0.6872246861457825, 0.6934306621551514, 0.6986899375915527, 0.6911976933479309, 0.7039764523506165, 0.6991404294967651, 0.7134503126144409, 0.7071005702018738, 0.7051094770431519, 0.7024320363998413, 0.7241888046264648, 0.7236467003822327, 0.7225433588027954, 0.716901421546936, 0.7227723002433777, 0.7255474328994751, 0.7307132482528687, 0.7492401003837585, 0.7503628730773926, 0.7485029697418213, 0.7411598563194275, 0.761904776096344, 0.7373737096786499, 0.743105947971344, 0.7544117569923401, 0.7580174803733826, 0.7546099424362183, 0.7598253488540649, 0.7507246136665344, 0.7551319599151611, 0.770588219165802, 0.752173900604248, 0.765625, 0.7787742614746094, 0.7721893787384033, 0.7626628279685974, 0.761695921421051, 0.7744807004928589, 0.7820512652397156, 0.7681159377098083, 0.7736389636993408, 0.7822349667549133, 0.7687942981719971, 0.7935578227043152, 0.7747489213943481, 0.7950219511985779, 0.7839770913124084, 0.8025936484336853, 0.7970588207244873, 0.7973760962486267, 0.7968526482582092, 0.7934002876281738, 0.7997118234634399, 0.8187050223350525, 0.7991329431533813],