{"loss": [0.6798379421234131, 0.6473204493522644, 0.6180902719497681, 0.6029248833656311, 0.5940167307853699, 0.5777172446250916, 0.5601786375045776, 0.5451719760894775, 0.5379465818405151, 0.5261275172233582, 0.5087197422981262, 0.5032654404640198, 0.4881182909011841, 0.46405088901519775, 0.4487323462963104, 0.43290606141090393, 0.43335381150245667, 0.4096543788909912, 0.38667920231819153, 0.3695046305656433, 0.3725893795490265, 0.3530663847923279], "accuracy": [0.5808926224708557, 0.6220362782478333, 0.6408647298812866, 0.6610878705978394, 0.6729428172111511, 0.6861924529075623, 0.6952580213546753, 0.7217572927474976, 0.7231520414352417, 0.7364016771316528, 0.7538354396820068, 0.7461645603179932, 0.7601115703582764, 0.7859135270118713, 0.7991631627082825, 0.8040446043014526, 0.793584406375885, 0.8117154836654663, 0.822873055934906, 0.8326359987258911, 0.8389121294021606, 0.8465830087661743], "benchmark_149": [601.0, 542.0, 515.0, 486.0, 469.0, 450.0, 437.0, 399.0, 397.0, 378.0, 353.0, 364.0, 344.0, 307.0, 288.0, 281.0, 296.0, 270.0, 254.0, 240.0, 231.0, 220.0], "TP": [359.0, 436.0, 462.0, 480.0, 488.0, 501.0, 504.0, 516.0, 525.0, 510.0, 540.0, 529.0, 544.0, 557.0, 572.0, 570.0, 579.0, 577.0, 597.0, 589.0, 602.0, 601.0], "TN": [474.0, 456.0, 457.0, 468.0, 477.0, 483.0, 493.0, 519.0, 512.0, 546.0, 541.0, 541.0, 546.0, 570.0, 574.0, 583.0, 559.0, 587.0, 583.0, 605.0, 601.0, 613.0], "FP": [243.0, 261.0, 260.0, 249.0, 240.0, 234.0, 224.0, 198.0, 205.0, 171.0, 176.0, 176.0, 171.0, 147.0, 143.0, 134.0, 158.0, 130.0, 134.0, 112.0, 116.0, 104.0], "FN": [358.0, 281.0, 255.0, 237.0, 229.0, 216.0, 213.0, 201.0, 192.0, 207.0, 177.0, 188.0, 173.0, 160.0, 145.0, 147.0, 138.0, 140.0, 120.0, 128.0, 115.0, 116.0], "Precision": [0.5963455438613892, 0.6255379915237427, 0.6398891806602478, 0.6584362387657166, 0.6703296899795532, 0.6816326379776001, 0.692307710647583, 0.7226890921592712, 0.7191780805587769, 0.7488986849784851, 0.7541899681091309, 0.7503545880317688, 0.7608391642570496, 0.7911931872367859, 0.800000011920929, 0.8096590638160706, 0.7856173515319824, 0.8161244988441467, 0.8166894912719727, 0.840228259563446, 0.8384401202201843, 0.852482259273529], "Recall": [0.5006973743438721, 0.60808926820755, 0.6443514823913574, 0.6694560647010803, 0.6806136965751648, 0.6987447738647461, 0.7029288411140442, 0.7196652889251709, 0.73221755027771, 0.7112970948219299, 0.7531380653381348, 0.7377963662147522, 0.758716881275177, 0.7768479585647583, 0.7977684736251831, 0.7949790954589844, 0.8075313568115234, 0.8047419786453247, 0.8326359987258911, 0.8214783668518066, 0.8396095037460327, 0.8382147550582886], "AUC": [0.6042319536209106, 0.681235134601593, 0.7101231813430786, 0.7309045791625977, 0.7437282800674438, 0.7627688050270081, 0.7787260413169861, 0.8002446889877319, 0.8042546510696411, 0.8163255453109741, 0.8332282900810242, 0.834850549697876, 0.8478415012359619, 0.8690323829650879, 0.8775659799575806, 0.8861335515975952, 0.8827595710754395, 0.8999444246292114, 0.9131861925125122, 0.9218461513519287, 0.9186347126960754, 0.926470935344696], "val_loss": [0.6992420554161072, 0.682845413684845, 0.6830064058303833, 0.716625988483429, 0.7422575354576111, 0.8247454762458801, 0.8106282353401184, 0.883684515953064, 0.9333018660545349, 1.14412522315979, 1.3153948783874512, 1.2594823837280273, 1.4748034477233887, 1.5240544080734253, 1.377402663230896, 1.3663955926895142, 1.4998302459716797, 1.5484919548034668, 1.645906925201416, 1.7887523174285889, 2.0989644527435303, 2.080510139465332], "val_accuracy": [0.3781818151473999, 0.6218181848526001, 0.6218181848526001, 0.3781818151473999, 0.3781818151473999, 0.3781818151473999, 0.3781818151473999, 0.3781818151473999, 0.3781818151473999, 0.3781818151473999, 0.3781818151473999, 0.3781818151473999, 0.3781818151473999, 0.3781818151473999, 0.3781818151473999, 0.3781818151473999, 0.3781818151473999, 0.3781818151473999, 0.3781818151473999, 0.38181817531585693, 0.39636364579200745, 0.38545453548431396], "val_benchmark_149": [171.0, 104.0, 104.0, 171.0, 171.0, 171.0, 171.0, 171.0, 171.0, 171.0, 171.0, 171.0, 171.0, 171.0, 171.0, 171.0, 171.0, 171.0, 171.0, 170.0, 166.0, 169.0], "val_TP": [0.0, 171.0, 171.0, 0.0, 0.0, 0.0, 0.0, 0.0, 0.0, 0.0, 0.0, 0.0, 0.0, 0.0, 0.0, 0.0, 0.0, 0.0, 0.0, 1.0, 5.0, 2.0], "val_TN": [104.0, 0.0, 0.0, 104.0, 104.0, 104.0, 104.0, 104.0, 104.0, 104.0, 104.0, 104.0, 104.0, 104.0, 104.0, 104.0, 104.0, 104.0, 104.0, 104.0, 104.0, 104.0], "val_FP": [0.0, 104.0, 104.0, 0.0, 0.0, 0.0, 0.0, 0.0, 0.0, 0.0, 0.0, 0.0, 0.0, 0.0, 0.0, 0.0, 0.0, 0.0, 0.0, 0.0, 0.0, 0.0], "val_FN": [171.0, 0.0, 0.0, 171.0, 171.0, 171.0, 171.0, 171.0, 171.0, 171.0, 171.0, 171.0, 171.0, 171.0, 171.0, 171.0, 171.0, 171.0, 171.0, 170.0, 166.0, 169.0], "val_Precision": [0.0, 0.6218181848526001, 0.6218181848526001, 0.0, 0.0, 0.0, 0.0, 0.0, 0.0, 0.0, 0.0, 0.0, 0.0, 0.0, 0.0, 0.0, 0.0, 0.0, 0.0, 1.0, 1.0, 1.0], "val_Recall": [0.0, 1.0, 1.0, 0.0, 0.0, 0.0, 0.0, 0.0, 0.0, 0.0, 0.0, 0.0, 0.0, 0.0, 0.0, 0.0, 0.0, 0.0, 0.0, 0.005847953259944916, 0.02923976629972458, 0.011695906519889832], "val_AUC": [0.5, 0.49707603454589844, 0.5591542720794678, 0.46988868713378906, 0.6010177731513977, 0.526512622833252, 0.5445343852043152, 0.5551056861877441, 0.5031207799911499, 0.5484142899513245, 0.6431905031204224, 0.6242409348487854, 0.6572761535644531, 0.6791778802871704, 0.7077710628509521, 0.7231500148773193, 0.6991115212440491, 0.7385852932929993, 0.7315845489501953, 0.7202823162078857, 0.7337775230407715, 0.7149685621261597]}