{"loss": [21.50741195678711, 12.034388542175293, 12.035431861877441, 11.797795295715332, 16.753501892089844, 14.875622749328613, 8.342835426330566, 13.159689903259277, 15.651415824890137, 8.445801734924316, 6.038855075836182, 34.49911117553711, 16.01447105407715, 8.024397850036621, 8.823586463928223, 21.514118194580078, 13.21437931060791, 15.727145195007324, 20.83913803100586, 21.492637634277344, 18.360448837280273], "accuracy": [0.4617563784122467, 0.4985835552215576, 0.49291783571243286, 0.5014164447784424, 0.49575069546699524, 0.5028328895568848, 0.5113314390182495, 0.5113314390182495, 0.49433428049087524, 0.5184136033058167, 0.5269121527671814, 0.49575069546699524, 0.4631727933883667, 0.4900849759578705, 0.519830048084259, 0.4660056531429291, 0.5113314390182495, 0.5070821642875671, 0.5070821642875671, 0.4759206771850586, 0.5099149942398071], "benchmark": [942.0, 708.0, 716.0, 704.0, 712.0, 702.0, 690.0, 690.0, 714.0, 680.0, 668.0, 712.0, 758.0, 720.0, 678.0, 754.0, 690.0, 696.0, 696.0, 740.0, 692.0], "TP": [279.0, 385.0, 347.0, 355.0, 333.0, 388.0, 330.0, 360.0, 366.0, 351.0, 357.0, 335.0, 296.0, 377.0, 336.0, 344.0, 362.0, 327.0, 373.0, 351.0, 359.0], "TN": [373.0, 319.0, 349.0, 353.0, 367.0, 322.0, 392.0, 362.0, 332.0, 381.0, 387.0, 365.0, 358.0, 315.0, 398.0, 314.0, 360.0, 389.0, 343.0, 321.0, 361.0], "FP": [333.0, 387.0, 357.0, 353.0, 339.0, 384.0, 314.0, 344.0, 374.0, 325.0, 319.0, 341.0, 348.0, 391.0, 308.0, 392.0, 346.0, 317.0, 363.0, 385.0, 345.0], "FN": [427.0, 321.0, 359.0, 351.0, 373.0, 318.0, 376.0, 346.0, 340.0, 355.0, 349.0, 371.0, 410.0, 329.0, 370.0, 362.0, 344.0, 379.0, 333.0, 355.0, 347.0], "Precision": [0.45588234066963196, 0.4987046718597412, 0.49289771914482117, 0.5014124512672424, 0.4955357015132904, 0.5025906562805176, 0.5124223828315735, 0.5113636255264282, 0.49459460377693176, 0.5192307829856873, 0.5281065106391907, 0.4955621361732483, 0.45962733030319214, 0.4908854067325592, 0.52173912525177, 0.46739131212234497, 0.5112994313240051, 0.5077639818191528, 0.5067934989929199, 0.47690218687057495, 0.5099431872367859], "Recall": [0.39518412947654724, 0.545325756072998, 0.49150142073631287, 0.5028328895568848, 0.4716714024543762, 0.5495750904083252, 0.46742209792137146, 0.5099149942398071, 0.5184136033058167, 0.4971671402454376, 0.5056657195091248, 0.4745042622089386, 0.41926345229148865, 0.5339943170547485, 0.4759206771850586, 0.4872521162033081, 0.5127478837966919, 0.4631727933883667, 0.5283285975456238, 0.4971671402454376, 0.5084986090660095], "AUC": [0.461752325296402, 0.503326416015625, 0.49520498514175415, 0.5046946406364441, 0.4996870160102844, 0.5094656348228455, 0.5107897520065308, 0.5208090543746948, 0.49583491683006287, 0.5147982835769653, 0.5314463376998901, 0.5011636018753052, 0.46605783700942993, 0.49394506216049194, 0.5192923545837402, 0.462330162525177, 0.510613203048706, 0.5135825276374817, 0.5050277709960938, 0.4765065312385559, 0.5182851552963257], "val_loss": [21.675220489501953, 4.3925909996032715, 18.716772079467773, 2.5057806968688965, 12.511751174926758, 14.0823974609375, 8.144481658935547, 8.595978736877441, 2.767116069793701, 18.7344970703125, 35.56346893310547, 30.2137393951416, 5.990710735321045, 32.20306396484375, 24.265535354614258, 0.040123600512742996, 11.852537155151367, 21.917648315429688, 13.725300788879395, 22.456056594848633, 4.509469985961914], "val_accuracy": [0.6618182063102722, 0.33818182349205017, 0.33818182349205017, 0.6618182063102722, 0.6618182063102722, 0.33818182349205017, 0.6618182063102722, 0.6618182063102722, 0.33818182349205017, 0.33818182349205017, 0.33818182349205017, 0.33818182349205017, 0.6618182063102722, 0.33818182349205017, 0.6618182063102722, 0.33818182349205017, 0.33818182349205017, 0.6618182063102722, 0.33818182349205017, 0.33818182349205017, 0.6618182063102722], "val_benchmark": [93.0, 182.0, 182.0, 93.0, 93.0, 182.0, 93.0, 93.0, 182.0, 182.0, 182.0, 182.0, 93.0, 182.0, 93.0, 182.0, 182.0, 93.0, 182.0, 182.0, 93.0], "val_TP": [182.0, 0.0, 0.0, 182.0, 182.0, 0.0, 182.0, 182.0, 0.0, 0.0, 0.0, 0.0, 182.0, 0.0, 182.0, 0.0, 0.0, 182.0, 0.0, 0.0, 182.0], "val_TN": [0.0, 93.0, 93.0, 0.0, 0.0, 93.0, 0.0, 0.0, 93.0, 93.0, 93.0, 93.0, 0.0, 93.0, 0.0, 93.0, 93.0, 0.0, 93.0, 93.0, 0.0], "val_FP": [93.0, 0.0, 0.0, 93.0, 93.0, 0.0, 93.0, 93.0, 0.0, 0.0, 0.0, 0.0, 93.0, 0.0, 93.0, 0.0, 0.0, 93.0, 0.0, 0.0, 93.0], "val_FN": [0.0, 182.0, 182.0, 0.0, 0.0, 182.0, 0.0, 0.0, 182.0, 182.0, 182.0, 182.0, 0.0, 182.0, 0.0, 182.0, 182.0, 0.0, 182.0, 182.0, 0.0], "val_Precision": [0.6618182063102722, 0.0, 0.0, 0.6618182063102722, 0.6618182063102722, 0.0, 0.6618182063102722, 0.6618182063102722, 0.0, 0.0, 0.0, 0.0, 0.6618182063102722, 0.0, 0.6618182063102722, 0.0, 0.0, 0.6618182063102722, 0.0, 0.0, 0.6618182063102722], "val_Recall": [1.0, 0.0, 0.0, 1.0, 1.0, 0.0, 1.0, 1.0, 0.0, 0.0, 0.0, 0.0, 1.0, 0.0, 1.0, 0.0, 0.0, 1.0, 0.0, 0.0, 1.0], "val_AUC": [0.5, 0.5, 0.5, 0.5, 0.5, 0.5, 0.5, 0.5, 0.5, 0.5, 0.5, 0.5, 0.5, 0.5, 0.5, 0.5, 0.5, 0.5, 0.5, 0.5, 0.5]}