{"loss": [2.492583751678467, 0.20899753272533417, 0.3582751750946045, 0.22378689050674438, 0.24029982089996338, 0.2276638150215149, 0.2064758539199829, 0.253013014793396, 0.24049755930900574, 0.20555615425109863, 0.2061985731124878, 0.19386591017246246, 0.253628134727478, 0.2639228105545044, 0.23342591524124146, 0.2165973037481308, 0.22478388249874115, 0.20977677404880524, 0.18948939442634583, 0.17727605998516083, 0.18256349861621857, 0.18025104701519012], "accuracy": [0.4888423979282379, 0.5111575722694397, 0.5041841268539429, 0.5041841268539429, 0.5, 0.5027893781661987, 0.49163180589675903, 0.48047420382499695, 0.5111575722694397, 0.526499330997467, 0.5, 0.5125523209571838, 0.48744770884513855, 0.48744770884513855, 0.5055788159370422, 0.5125523209571838, 0.5111575722694397, 0.4972105920314789, 0.5111575722694397, 0.5069735050201416, 0.48744770884513855, 0.5], "benchmark": [837.0, 701.0, 711.0, 711.0, 717.0, 713.0, 729.0, 745.0, 701.0, 679.0, 717.0, 699.0, 735.0, 735.0, 709.0, 699.0, 701.0, 721.0, 701.0, 707.0, 735.0, 717.0], "TP": [328.0, 357.0, 355.0, 387.0, 368.0, 338.0, 362.0, 338.0, 360.0, 339.0, 352.0, 406.0, 404.0, 292.0, 353.0, 393.0, 360.0, 363.0, 325.0, 357.0, 356.0, 333.0], "TN": [373.0, 376.0, 368.0, 336.0, 349.0, 383.0, 343.0, 351.0, 373.0, 416.0, 365.0, 329.0, 295.0, 407.0, 372.0, 342.0, 373.0, 350.0, 408.0, 370.0, 343.0, 384.0], "FP": [344.0, 341.0, 349.0, 381.0, 368.0, 334.0, 374.0, 366.0, 344.0, 301.0, 352.0, 388.0, 422.0, 310.0, 345.0, 375.0, 344.0, 367.0, 309.0, 347.0, 374.0, 333.0], "FN": [389.0, 360.0, 362.0, 330.0, 349.0, 379.0, 355.0, 379.0, 357.0, 378.0, 365.0, 311.0, 313.0, 425.0, 364.0, 324.0, 357.0, 354.0, 392.0, 360.0, 361.0, 384.0], "Precision": [0.488095223903656, 0.5114613175392151, 0.5042613744735718, 0.50390625, 0.5, 0.5029761791229248, 0.49184781312942505, 0.4801136255264282, 0.5113636255264282, 0.5296875238418579, 0.5, 0.511335015296936, 0.48910412192344666, 0.485049843788147, 0.5057306885719299, 0.51171875, 0.5113636255264282, 0.49726027250289917, 0.5126183032989502, 0.5071022510528564, 0.48767122626304626, 0.5], "Recall": [0.4574616551399231, 0.49790793657302856, 0.49511855840682983, 0.5397489666938782, 0.5132496356964111, 0.4714086353778839, 0.5048814415931702, 0.4714086353778839, 0.5020920634269714, 0.47280335426330566, 0.49093446135520935, 0.5662482380867004, 0.5634588599205017, 0.4072524309158325, 0.4923291504383087, 0.5481171607971191, 0.5020920634269714, 0.5062761306762695, 0.4532775580883026, 0.49790793657302856, 0.4965132474899292, 0.4644351601600647], "AUC": [0.47992759943008423, 0.5058297514915466, 0.501532793045044, 0.5168083906173706, 0.5039331912994385, 0.5012876987457275, 0.4927113652229309, 0.48932674527168274, 0.5030228495597839, 0.5247349739074707, 0.5003326535224915, 0.5138089060783386, 0.493508905172348, 0.5038339495658875, 0.5163784623146057, 0.49990469217300415, 0.5179774761199951, 0.49547940492630005, 0.5088817477226257, 0.5180299878120422, 0.49266472458839417, 0.5042891502380371], "val_loss": [0.3355039954185486, 0.17004866898059845, 0.216563880443573, 0.1717897653579712, 0.16666075587272644, 0.19489535689353943, 0.16700109839439392, 0.18805845081806183, 0.17581817507743835, 0.17024017870426178, 0.17412658035755157, 0.2209031879901886, 0.3074132204055786, 0.1676226556301117, 0.6226246356964111, 0.1789107769727707, 0.22125424444675446, 0.16843369603157043, 0.16735106706619263, 0.2040703147649765, 0.17108096182346344, 0.16902130842208862], "val_accuracy": [0.3781818151473999, 0.6218181848526001, 0.3781818151473999, 0.6218181848526001, 0.6218181848526001, 0.3781818151473999, 0.6218181848526001, 0.3781818151473999, 0.6218181848526001, 0.6218181848526001, 0.6218181848526001, 0.6218181848526001, 0.3781818151473999, 0.6218181848526001, 0.3781818151473999, 0.3781818151473999, 0.3781818151473999, 0.6218181848526001, 0.6218181848526001, 0.3781818151473999, 0.6218181848526001, 0.6218181848526001], "val_benchmark": [171.0, 104.0, 171.0, 104.0, 104.0, 171.0, 104.0, 171.0, 104.0, 104.0, 104.0, 104.0, 171.0, 104.0, 171.0, 171.0, 171.0, 104.0, 104.0, 171.0, 104.0, 104.0], "val_TP": [0.0, 171.0, 0.0, 171.0, 171.0, 0.0, 171.0, 0.0, 171.0, 171.0, 171.0, 171.0, 0.0, 171.0, 0.0, 0.0, 0.0, 171.0, 171.0, 0.0, 171.0, 171.0], "val_TN": [104.0, 0.0, 104.0, 0.0, 0.0, 104.0, 0.0, 104.0, 0.0, 0.0, 0.0, 0.0, 104.0, 0.0, 104.0, 104.0, 104.0, 0.0, 0.0, 104.0, 0.0, 0.0], "val_FP": [0.0, 104.0, 0.0, 104.0, 104.0, 0.0, 104.0, 0.0, 104.0, 104.0, 104.0, 104.0, 0.0, 104.0, 0.0, 0.0, 0.0, 104.0, 104.0, 0.0, 104.0, 104.0], "val_FN": [171.0, 0.0, 171.0, 0.0, 0.0, 171.0, 0.0, 171.0, 0.0, 0.0, 0.0, 0.0, 171.0, 0.0, 171.0, 171.0, 171.0, 0.0, 0.0, 171.0, 0.0, 0.0], "val_Precision": [0.0, 0.6218181848526001, 0.0, 0.6218181848526001, 0.6218181848526001, 0.0, 0.6218181848526001, 0.0, 0.6218181848526001, 0.6218181848526001, 0.6218181848526001, 0.6218181848526001, 0.0, 0.6218181848526001, 0.0, 0.0, 0.0, 0.6218181848526001, 0.6218181848526001, 0.0, 0.6218181848526001, 0.6218181848526001], "val_Recall": [0.0, 1.0, 0.0, 1.0, 1.0, 0.0, 1.0, 0.0, 1.0, 1.0, 1.0, 1.0, 0.0, 1.0, 0.0, 0.0, 0.0, 1.0, 1.0, 0.0, 1.0, 1.0], "val_AUC": [0.5, 0.5, 0.5, 0.5, 0.5, 0.5, 0.5, 0.5, 0.5, 0.5, 0.5, 0.5, 0.5, 0.5, 0.5, 0.5, 0.5, 0.5, 0.5, 0.5, 0.5, 0.5]}