{"loss": [12.946422576904297, 0.9454976916313171, 0.9421257972717285, 1.3236085176467896, 0.6753270030021667, 0.725333571434021, 1.010100245475769, 0.6886151432991028, 1.0262097120285034, 0.6716655492782593, 0.7003714442253113, 0.7476984262466431, 0.6589330434799194, 0.7267231941223145, 0.7740586996078491, 0.6512160897254944, 0.8429100513458252, 0.7891817092895508, 0.7019230127334595, 0.9369609355926514, 0.6537529826164246, 0.6559697985649109, 0.8806179761886597], "accuracy": [0.5446265935897827, 0.5928961634635925, 0.6038251519203186, 0.5947176814079285, 0.6293260455131531, 0.6229507923126221, 0.6275045275688171, 0.6466302275657654, 0.6047359108924866, 0.6438980102539062, 0.6329690217971802, 0.625683069229126, 0.6275045275688171, 0.6557376980781555, 0.6284152865409851, 0.6448087692260742, 0.6375227570533752, 0.6375227570533752, 0.6557376980781555, 0.6284152865409851, 0.6548269391059875, 0.6493625044822693, 0.6211293339729309], "benchmark_2": [500.0, 447.0, 435.0, 445.0, 407.0, 414.0, 409.0, 388.0, 434.0, 391.0, 403.0, 411.0, 409.0, 378.0, 408.0, 390.0, 398.0, 398.0, 378.0, 408.0, 379.0, 385.0, 416.0], "TP": [479.0, 591.0, 597.0, 554.0, 653.0, 651.0, 629.0, 702.0, 613.0, 687.0, 655.0, 638.0, 670.0, 714.0, 664.0, 691.0, 671.0, 668.0, 711.0, 668.0, 707.0, 690.0, 629.0], "TN": [119.0, 60.0, 66.0, 99.0, 38.0, 33.0, 60.0, 8.0, 51.0, 20.0, 40.0, 49.0, 19.0, 6.0, 26.0, 17.0, 29.0, 32.0, 9.0, 22.0, 12.0, 23.0, 53.0], "FP": [256.0, 315.0, 309.0, 276.0, 337.0, 342.0, 315.0, 367.0, 324.0, 355.0, 335.0, 326.0, 356.0, 369.0, 349.0, 358.0, 346.0, 343.0, 366.0, 353.0, 363.0, 352.0, 322.0], "FN": [244.0, 132.0, 126.0, 169.0, 70.0, 72.0, 94.0, 21.0, 110.0, 36.0, 68.0, 85.0, 53.0, 9.0, 59.0, 32.0, 52.0, 55.0, 12.0, 55.0, 16.0, 33.0, 94.0], "Precision": [0.6517006754875183, 0.6523178815841675, 0.6589403748512268, 0.66746985912323, 0.6595959663391113, 0.6555891036987305, 0.6663135886192322, 0.6566885113716125, 0.6542155742645264, 0.6593090295791626, 0.6616161465644836, 0.6618257164955139, 0.6530214548110962, 0.6592797636985779, 0.6554787755012512, 0.6587225794792175, 0.659783661365509, 0.6607319712638855, 0.6601671576499939, 0.654260516166687, 0.6607476472854614, 0.6621881127357483, 0.6614090204238892], "Recall": [0.6625173091888428, 0.817427396774292, 0.8257261514663696, 0.7662517428398132, 0.9031811952590942, 0.9004149436950684, 0.8699861764907837, 0.9709543585777283, 0.8478561639785767, 0.9502074718475342, 0.9059474468231201, 0.8824343085289001, 0.9266943335533142, 0.9875518679618835, 0.9183955788612366, 0.9557399749755859, 0.9280774593353271, 0.9239280819892883, 0.9834024906158447, 0.9239280819892883, 0.977869987487793, 0.954356849193573, 0.8699861764907837], "AUC": [0.4979308843612671, 0.5066002011299133, 0.4964112341403961, 0.5177556276321411, 0.5279778838157654, 0.5104491114616394, 0.5162138938903809, 0.4781835079193115, 0.4957695007324219, 0.4909672737121582, 0.5356735587120056, 0.5149267315864563, 0.533062219619751, 0.4961567521095276, 0.5019916296005249, 0.5294513702392578, 0.5300230383872986, 0.5253628492355347, 0.47720983624458313, 0.494895339012146, 0.5318138003349304, 0.5199557542800903, 0.5042139291763306], "val_loss": [0.6726692318916321, 0.692898154258728, 0.6735519170761108, 0.6741672158241272, 1.5479539632797241, 0.9334627985954285, 5.491334438323975, 0.7394790649414062, 10.187202453613281, 0.8776161074638367, 1.6371052265167236, 1.4740532636642456, 0.7013888359069824, 3.478403329849243, 0.6847831010818481, 3.592474937438965, 0.6740720868110657, 0.6810059547424316, 0.772578239440918, 3.3092238903045654, 1.4152202606201172, 2.828927993774414, 3.6354730129241943], "val_accuracy": [0.6000000238418579, 0.6000000238418579, 0.607272744178772, 0.6000000238418579, 0.6000000238418579, 0.4000000059604645, 0.4000000059604645, 0.6000000238418579, 0.6000000238418579, 0.4000000059604645, 0.4000000059604645, 0.6000000238418579, 0.4000000059604645, 0.4000000059604645, 0.6000000238418579, 0.6000000238418579, 0.6000000238418579, 0.6000000238418579, 0.4000000059604645, 0.4000000059604645, 0.4000000059604645, 0.4000000059604645, 0.6000000238418579], "val_benchmark_2": [110.0, 110.0, 108.0, 110.0, 110.0, 165.0, 165.0, 110.0, 110.0, 165.0, 165.0, 110.0, 165.0, 165.0, 110.0, 110.0, 110.0, 110.0, 165.0, 165.0, 165.0, 165.0, 110.0], "val_TP": [165.0, 165.0, 164.0, 165.0, 165.0, 0.0, 0.0, 165.0, 165.0, 0.0, 0.0, 165.0, 0.0, 0.0, 165.0, 165.0, 165.0, 165.0, 0.0, 0.0, 0.0, 0.0, 165.0], "val_TN": [0.0, 0.0, 3.0, 0.0, 0.0, 110.0, 110.0, 0.0, 0.0, 110.0, 110.0, 0.0, 110.0, 110.0, 0.0, 0.0, 0.0, 0.0, 110.0, 110.0, 110.0, 110.0, 0.0], "val_FP": [110.0, 110.0, 107.0, 110.0, 110.0, 0.0, 0.0, 110.0, 110.0, 0.0, 0.0, 110.0, 0.0, 0.0, 110.0, 110.0, 110.0, 110.0, 0.0, 0.0, 0.0, 0.0, 110.0], "val_FN": [0.0, 0.0, 1.0, 0.0, 0.0, 165.0, 165.0, 0.0, 0.0, 165.0, 165.0, 0.0, 165.0, 165.0, 0.0, 0.0, 0.0, 0.0, 165.0, 165.0, 165.0, 165.0, 0.0], "val_Precision": [0.6000000238418579, 0.6000000238418579, 0.6051660776138306, 0.6000000238418579, 0.6000000238418579, 0.0, 0.0, 0.6000000238418579, 0.6000000238418579, 0.0, 0.0, 0.6000000238418579, 0.0, 0.0, 0.6000000238418579, 0.6000000238418579, 0.6000000238418579, 0.6000000238418579, 0.0, 0.0, 0.0, 0.0, 0.6000000238418579], "val_Recall": [1.0, 1.0, 0.9939393997192383, 1.0, 1.0, 0.0, 0.0, 1.0, 1.0, 0.0, 0.0, 1.0, 0.0, 0.0, 1.0, 1.0, 1.0, 1.0, 0.0, 0.0, 0.0, 0.0, 1.0], "val_AUC": [0.5255647301673889, 0.527603268623352, 0.5095316767692566, 0.4509091079235077, 0.5014876127243042, 0.4922313690185547, 0.5, 0.5755096673965454, 0.5, 0.5063360929489136, 0.5344903469085693, 0.5006611347198486, 0.5151515603065491, 0.5, 0.5653719305992126, 0.5, 0.4977961480617523, 0.5318732857704163, 0.5442975163459778, 0.5756474137306213, 0.6093939542770386, 0.5985124111175537, 0.5]}