{"loss": [0.3423950970172882, 0.3312685787677765, 0.3257957696914673, 0.32317352294921875, 0.32118120789527893, 0.3201560378074646, 0.31942325830459595, 0.31868836283683777, 0.31765055656433105, 0.3172314465045929, 0.31653252243995667, 0.31587064266204834, 0.31565338373184204, 0.31421661376953125, 0.3138308823108673, 0.312980592250824, 0.3125505745410919, 0.31173175573349, 0.310262531042099, 0.31023237109184265, 0.30929023027420044], "accuracy": [0.6539162397384644, 0.6539162397384644, 0.6539162397384644, 0.6539162397384644, 0.6539162397384644, 0.6539162397384644, 0.6539162397384644, 0.6539162397384644, 0.6539162397384644, 0.6539162397384644, 0.6539162397384644, 0.6539162397384644, 0.6539162397384644, 0.6539162397384644, 0.6539162397384644, 0.6539162397384644, 0.6539162397384644, 0.6548269391059875, 0.6557376980781555, 0.6557376980781555, 0.6584699749946594], "benchmark_22": [380.0, 380.0, 380.0, 380.0, 380.0, 380.0, 380.0, 380.0, 380.0, 380.0, 380.0, 380.0, 380.0, 380.0, 380.0, 380.0, 380.0, 379.0, 378.0, 378.0, 375.0], "TP": [718.0, 718.0, 718.0, 718.0, 718.0, 718.0, 718.0, 718.0, 718.0, 718.0, 718.0, 718.0, 718.0, 718.0, 718.0, 717.0, 717.0, 716.0, 717.0, 715.0, 714.0], "TN": [0.0, 0.0, 0.0, 0.0, 0.0, 0.0, 0.0, 0.0, 0.0, 0.0, 0.0, 0.0, 0.0, 0.0, 0.0, 1.0, 1.0, 3.0, 3.0, 5.0, 9.0], "FP": [380.0, 380.0, 380.0, 380.0, 380.0, 380.0, 380.0, 380.0, 380.0, 380.0, 380.0, 380.0, 380.0, 380.0, 380.0, 379.0, 379.0, 377.0, 377.0, 375.0, 371.0], "FN": [0.0, 0.0, 0.0, 0.0, 0.0, 0.0, 0.0, 0.0, 0.0, 0.0, 0.0, 0.0, 0.0, 0.0, 0.0, 1.0, 1.0, 2.0, 1.0, 3.0, 4.0], "Precision": [0.6539162397384644, 0.6539162397384644, 0.6539162397384644, 0.6539162397384644, 0.6539162397384644, 0.6539162397384644, 0.6539162397384644, 0.6539162397384644, 0.6539162397384644, 0.6539162397384644, 0.6539162397384644, 0.6539162397384644, 0.6539162397384644, 0.6539162397384644, 0.6539162397384644, 0.654197096824646, 0.654197096824646, 0.6550777554512024, 0.6553930640220642, 0.6559633016586304, 0.6580645442008972], "Recall": [1.0, 1.0, 1.0, 1.0, 1.0, 1.0, 1.0, 1.0, 1.0, 1.0, 1.0, 1.0, 1.0, 1.0, 1.0, 0.9986072182655334, 0.9986072182655334, 0.9972144961357117, 0.9986072182655334, 0.9958217144012451, 0.9944289922714233], "AUC": [0.5287677645683289, 0.5233286619186401, 0.5528625249862671, 0.5598922967910767, 0.5700355172157288, 0.5732425451278687, 0.577763557434082, 0.5800505876541138, 0.593142569065094, 0.594982385635376, 0.6038686037063599, 0.6074365973472595, 0.6011233329772949, 0.6175286173820496, 0.6230391263961792, 0.622102677822113, 0.6290022730827332, 0.6355152726173401, 0.6415994763374329, 0.6440460085868835, 0.6571727395057678], "val_loss": [0.3554069399833679, 0.3472021222114563, 0.34157341718673706, 0.33900901675224304, 0.33672165870666504, 0.3357838988304138, 0.33514583110809326, 0.33436155319213867, 0.33433130383491516, 0.3344556987285614, 0.3344687223434448, 0.3342461884021759, 0.33378857374191284, 0.3337201476097107, 0.3337844908237457, 0.3332967758178711, 0.33338823914527893, 0.3339167833328247, 0.3336776793003082, 0.3332937955856323, 0.33336347341537476], "val_accuracy": [0.6181818246841431, 0.6181818246841431, 0.6181818246841431, 0.6181818246841431, 0.6181818246841431, 0.6181818246841431, 0.6181818246841431, 0.6181818246841431, 0.6181818246841431, 0.6181818246841431, 0.6181818246841431, 0.6181818246841431, 0.6181818246841431, 0.6181818246841431, 0.6181818246841431, 0.6181818246841431, 0.6181818246841431, 0.6181818246841431, 0.6181818246841431, 0.6181818246841431, 0.6181818246841431], "val_benchmark_22": [105.0, 105.0, 105.0, 105.0, 105.0, 105.0, 105.0, 105.0, 105.0, 105.0, 105.0, 105.0, 105.0, 105.0, 105.0, 105.0, 105.0, 105.0, 105.0, 105.0, 105.0], "val_TP": [170.0, 170.0, 170.0, 170.0, 170.0, 170.0, 170.0, 170.0, 170.0, 170.0, 170.0, 170.0, 170.0, 170.0, 170.0, 170.0, 170.0, 170.0, 170.0, 170.0, 170.0], "val_TN": [0.0, 0.0, 0.0, 0.0, 0.0, 0.0, 0.0, 0.0, 0.0, 0.0, 0.0, 0.0, 0.0, 0.0, 0.0, 0.0, 0.0, 0.0, 0.0, 0.0, 0.0], "val_FP": [105.0, 105.0, 105.0, 105.0, 105.0, 105.0, 105.0, 105.0, 105.0, 105.0, 105.0, 105.0, 105.0, 105.0, 105.0, 105.0, 105.0, 105.0, 105.0, 105.0, 105.0], "val_FN": [0.0, 0.0, 0.0, 0.0, 0.0, 0.0, 0.0, 0.0, 0.0, 0.0, 0.0, 0.0, 0.0, 0.0, 0.0, 0.0, 0.0, 0.0, 0.0, 0.0, 0.0], "val_Precision": [0.6181818246841431, 0.6181818246841431, 0.6181818246841431, 0.6181818246841431, 0.6181818246841431, 0.6181818246841431, 0.6181818246841431, 0.6181818246841431, 0.6181818246841431, 0.6181818246841431, 0.6181818246841431, 0.6181818246841431, 0.6181818246841431, 0.6181818246841431, 0.6181818246841431, 0.6181818246841431, 0.6181818246841431, 0.6181818246841431, 0.6181818246841431, 0.6181818246841431, 0.6181818246841431], "val_Recall": [1.0, 1.0, 1.0, 1.0, 1.0, 1.0, 1.0, 1.0, 1.0, 1.0, 1.0, 1.0, 1.0, 1.0, 1.0, 1.0, 1.0, 1.0, 1.0, 1.0, 1.0], "val_AUC": [0.5245097875595093, 0.5, 0.5, 0.516246497631073, 0.5203081369400024, 0.5121848583221436, 0.5138655304908752, 0.5008403062820435, 0.49747899174690247, 0.5115405917167664, 0.5184313654899597, 0.4963305592536926, 0.5189356207847595, 0.5214285850524902, 0.5301961302757263, 0.5542016625404358, 0.5379551649093628, 0.541372537612915, 0.5411484241485596, 0.5082352757453918, 0.5636414289474487]}