{"loss": [0.7147308588027954, 0.6962209939956665, 0.694080114364624, 0.6937428116798401, 0.6936399936676025, 0.6935140490531921, 0.6934491991996765, 0.6935136318206787, 0.6935750246047974, 0.6935412287712097, 0.6935204267501831, 0.6934496164321899, 0.693413496017456, 0.6935262680053711, 0.6934521794319153, 0.6935111880302429, 0.6935608983039856, 0.6936095356941223, 0.6934149861335754, 0.6934030055999756, 0.6934464573860168], "accuracy": [0.5, 0.5, 0.49858957529067993, 0.48730605840682983, 0.49224260449409485, 0.49435824155807495, 0.4929478168487549, 0.4957686960697174, 0.4837799668312073, 0.49858957529067993, 0.49224260449409485, 0.5, 0.5014104247093201, 0.4929478168487549, 0.49647390842437744, 0.5007052421569824, 0.49435824155807495, 0.49224260449409485, 0.4908321499824524, 0.49647390842437744, 0.5007052421569824], "benchmark_29": [709.0, 709.0, 711.0, 727.0, 720.0, 717.0, 719.0, 715.0, 732.0, 711.0, 720.0, 709.0, 707.0, 719.0, 714.0, 708.0, 717.0, 720.0, 722.0, 714.0, 708.0], "TP": [0.0, 0.0, 46.0, 280.0, 183.0, 409.0, 323.0, 327.0, 318.0, 270.0, 327.0, 315.0, 371.0, 420.0, 385.0, 420.0, 306.0, 308.0, 397.0, 343.0, 288.0], "TN": [709.0, 709.0, 661.0, 411.0, 515.0, 292.0, 376.0, 376.0, 368.0, 437.0, 371.0, 394.0, 340.0, 279.0, 319.0, 290.0, 395.0, 390.0, 299.0, 361.0, 422.0], "FP": [0.0, 0.0, 48.0, 298.0, 194.0, 417.0, 333.0, 333.0, 341.0, 272.0, 338.0, 315.0, 369.0, 430.0, 390.0, 419.0, 314.0, 319.0, 410.0, 348.0, 287.0], "FN": [709.0, 709.0, 663.0, 429.0, 526.0, 300.0, 386.0, 382.0, 391.0, 439.0, 382.0, 394.0, 338.0, 289.0, 324.0, 289.0, 403.0, 401.0, 312.0, 366.0, 421.0], "Precision": [0.0, 0.0, 0.4893617033958435, 0.4844290614128113, 0.485411137342453, 0.495157390832901, 0.4923780560493469, 0.4954545497894287, 0.4825493097305298, 0.49815496802330017, 0.4917293190956116, 0.5, 0.5013513565063477, 0.4941176474094391, 0.49677419662475586, 0.5005959272384644, 0.4935483932495117, 0.4912280738353729, 0.4919454753398895, 0.49638205766677856, 0.5008695721626282], "Recall": [0.0, 0.0, 0.06488011032342911, 0.3949224352836609, 0.25811001658439636, 0.5768688321113586, 0.4555712342262268, 0.46121296286582947, 0.4485190510749817, 0.38081803917884827, 0.46121296286582947, 0.4442877173423767, 0.5232722163200378, 0.592383623123169, 0.5430183410644531, 0.592383623123169, 0.43159380555152893, 0.43441465497016907, 0.5599435567855835, 0.4837799668312073, 0.4062059223651886], "AUC": [0.44888609647750854, 0.4513299763202667, 0.4719812273979187, 0.47518107295036316, 0.48032352328300476, 0.4910619556903839, 0.4938410222530365, 0.4846343696117401, 0.49071580171585083, 0.49001556634902954, 0.482199490070343, 0.4824003279209137, 0.49446070194244385, 0.4933815002441406, 0.49141404032707214, 0.4887085258960724, 0.48996874690055847, 0.4743098020553589, 0.49397727847099304, 0.49462980031967163, 0.49433737993240356], "val_loss": [0.7317753434181213, 0.7088441848754883, 0.7026394009590149, 0.70191490650177, 0.7007638812065125, 0.699557900428772, 0.6995025277137756, 0.7000640630722046, 0.7003610730171204, 0.7004900574684143, 0.6998760104179382, 0.6980724930763245, 0.6991203427314758, 0.7009609341621399, 0.7009184956550598, 0.701513946056366, 0.7004901170730591, 0.699750542640686, 0.7011845111846924, 0.7006192207336426, 0.7003288269042969], "val_accuracy": [0.34909090399742126, 0.34909090399742126, 0.34909090399742126, 0.34909090399742126, 0.34909090399742126, 0.34909090399742126, 0.34909090399742126, 0.34909090399742126, 0.34909090399742126, 0.34909090399742126, 0.34909090399742126, 0.34909090399742126, 0.34909090399742126, 0.34909090399742126, 0.34909090399742126, 0.34909090399742126, 0.34909090399742126, 0.34909090399742126, 0.34909090399742126, 0.34909090399742126, 0.34909090399742126], "val_benchmark_29": [179.0, 179.0, 179.0, 179.0, 179.0, 179.0, 179.0, 179.0, 179.0, 179.0, 179.0, 179.0, 179.0, 179.0, 179.0, 179.0, 179.0, 179.0, 179.0, 179.0, 179.0], "val_TP": [0.0, 0.0, 0.0, 0.0, 0.0, 0.0, 0.0, 0.0, 0.0, 0.0, 0.0, 0.0, 0.0, 0.0, 0.0, 0.0, 0.0, 0.0, 0.0, 0.0, 0.0], "val_TN": [96.0, 96.0, 96.0, 96.0, 96.0, 96.0, 96.0, 96.0, 96.0, 96.0, 96.0, 96.0, 96.0, 96.0, 96.0, 96.0, 96.0, 96.0, 96.0, 96.0, 96.0], "val_FP": [0.0, 0.0, 0.0, 0.0, 0.0, 0.0, 0.0, 0.0, 0.0, 0.0, 0.0, 0.0, 0.0, 0.0, 0.0, 0.0, 0.0, 0.0, 0.0, 0.0, 0.0], "val_FN": [179.0, 179.0, 179.0, 179.0, 179.0, 179.0, 179.0, 179.0, 179.0, 179.0, 179.0, 179.0, 179.0, 179.0, 179.0, 179.0, 179.0, 179.0, 179.0, 179.0, 179.0], "val_Precision": [0.0, 0.0, 0.0, 0.0, 0.0, 0.0, 0.0, 0.0, 0.0, 0.0, 0.0, 0.0, 0.0, 0.0, 0.0, 0.0, 0.0, 0.0, 0.0, 0.0, 0.0], "val_Recall": [0.0, 0.0, 0.0, 0.0, 0.0, 0.0, 0.0, 0.0, 0.0, 0.0, 0.0, 0.0, 0.0, 0.0, 0.0, 0.0, 0.0, 0.0, 0.0, 0.0, 0.0], "val_AUC": [0.505586564540863, 0.5027933120727539, 0.5, 0.5, 0.5095728635787964, 0.5, 0.5, 0.5, 0.4972067177295685, 0.5020368099212646, 0.5, 0.5074779391288757, 0.5, 0.5380877256393433, 0.5258671045303345, 0.5083798766136169, 0.5, 0.5, 0.5201641321182251, 0.49962174892425537, 0.5]}