{"loss": [0.6897663474082947, 0.6865487694740295, 0.6867009997367859, 0.6850494146347046, 0.6855902075767517, 0.6853650212287903, 0.6848524808883667, 0.6847333312034607, 0.6840804219245911, 0.6845250725746155, 0.6844474673271179, 0.6845171451568604, 0.6845146417617798, 0.6845672726631165, 0.6853547096252441, 0.6840642690658569, 0.6844951510429382, 0.6836039423942566, 0.6838181614875793, 0.6844527721405029, 0.6837942600250244], "accuracy": [0.523876428604126, 0.5358145833015442, 0.5323033928871155, 0.5393258333206177, 0.5308988690376282, 0.5372191071510315, 0.5273876190185547, 0.5421348214149475, 0.5351123809814453, 0.540730357170105, 0.528792142868042, 0.538623571395874, 0.5344101190567017, 0.5294944047927856, 0.5372191071510315, 0.5351123809814453, 0.5372191071510315, 0.5330055952072144, 0.5428370833396912, 0.5358145833015442, 0.5358145833015442], "benchmark_45": [678.0, 661.0, 666.0, 656.0, 668.0, 659.0, 673.0, 652.0, 662.0, 654.0, 671.0, 657.0, 663.0, 670.0, 659.0, 662.0, 659.0, 665.0, 651.0, 661.0, 661.0], "TP": [342.0, 358.0, 352.0, 327.0, 341.0, 367.0, 354.0, 365.0, 374.0, 398.0, 352.0, 363.0, 352.0, 359.0, 376.0, 391.0, 399.0, 383.0, 357.0, 387.0, 391.0], "TN": [404.0, 405.0, 406.0, 441.0, 415.0, 398.0, 397.0, 407.0, 388.0, 372.0, 401.0, 404.0, 409.0, 395.0, 389.0, 371.0, 366.0, 376.0, 416.0, 376.0, 372.0], "FP": [308.0, 307.0, 306.0, 271.0, 297.0, 314.0, 315.0, 305.0, 324.0, 340.0, 311.0, 308.0, 303.0, 317.0, 323.0, 341.0, 346.0, 336.0, 296.0, 336.0, 340.0], "FN": [370.0, 354.0, 360.0, 385.0, 371.0, 345.0, 358.0, 347.0, 338.0, 314.0, 360.0, 349.0, 360.0, 353.0, 336.0, 321.0, 313.0, 329.0, 355.0, 325.0, 321.0], "Precision": [0.5261538624763489, 0.5383458733558655, 0.5349544286727905, 0.546822726726532, 0.5344827771186829, 0.538913369178772, 0.5291479825973511, 0.5447761416435242, 0.5358166098594666, 0.5392953753471375, 0.5309200882911682, 0.5409836173057556, 0.5374045968055725, 0.5310651063919067, 0.5379112958908081, 0.5341529846191406, 0.5355704426765442, 0.5326842665672302, 0.5467075109481812, 0.5352697372436523, 0.5348837375640869], "Recall": [0.48033708333969116, 0.5028089880943298, 0.49438202381134033, 0.4592696726322174, 0.47893258929252625, 0.5154494643211365, 0.49719101190567017, 0.5126404762268066, 0.5252808928489685, 0.5589887499809265, 0.49438202381134033, 0.5098314881324768, 0.49438202381134033, 0.5042135119438171, 0.5280898809432983, 0.5491573214530945, 0.5603932738304138, 0.5379213690757751, 0.5014045238494873, 0.5435393452644348, 0.5491573214530945], "AUC": [0.5454379916191101, 0.5614200234413147, 0.5561334490776062, 0.5621508359909058, 0.5624665021896362, 0.5611290335655212, 0.5605599284172058, 0.5605195760726929, 0.5634409189224243, 0.5633649826049805, 0.5616477727890015, 0.5617001056671143, 0.5645357370376587, 0.5655496716499329, 0.5603675842285156, 0.5653918385505676, 0.563488245010376, 0.5659175515174866, 0.5668525099754333, 0.5640238523483276, 0.567112922668457], "val_loss": [0.681361973285675, 0.6818426251411438, 0.6833763718605042, 0.6814300417900085, 0.6797534227371216, 0.6781113147735596, 0.6766049861907959, 0.6766407489776611, 0.675140380859375, 0.6769698858261108, 0.6762468218803406, 0.6767852902412415, 0.676514208316803, 0.6750869154930115, 0.6717541217803955, 0.6720808148384094, 0.6740896105766296, 0.6743096113204956, 0.6708495020866394, 0.6726940274238586, 0.6795545816421509], "val_accuracy": [0.6399999856948853, 0.6399999856948853, 0.6399999856948853, 0.6399999856948853, 0.6399999856948853, 0.6399999856948853, 0.6399999856948853, 0.6399999856948853, 0.6399999856948853, 0.6399999856948853, 0.6399999856948853, 0.6399999856948853, 0.6399999856948853, 0.6399999856948853, 0.6399999856948853, 0.6399999856948853, 0.6399999856948853, 0.6399999856948853, 0.6399999856948853, 0.6399999856948853, 0.6399999856948853], "val_benchmark_45": [99.0, 99.0, 99.0, 99.0, 99.0, 99.0, 99.0, 99.0, 99.0, 99.0, 99.0, 99.0, 99.0, 99.0, 99.0, 99.0, 99.0, 99.0, 99.0, 99.0, 99.0], "val_TP": [176.0, 176.0, 176.0, 176.0, 176.0, 176.0, 176.0, 176.0, 176.0, 176.0, 176.0, 176.0, 176.0, 176.0, 176.0, 176.0, 176.0, 176.0, 176.0, 176.0, 176.0], "val_TN": [0.0, 0.0, 0.0, 0.0, 0.0, 0.0, 0.0, 0.0, 0.0, 0.0, 0.0, 0.0, 0.0, 0.0, 0.0, 0.0, 0.0, 0.0, 0.0, 0.0, 0.0], "val_FP": [99.0, 99.0, 99.0, 99.0, 99.0, 99.0, 99.0, 99.0, 99.0, 99.0, 99.0, 99.0, 99.0, 99.0, 99.0, 99.0, 99.0, 99.0, 99.0, 99.0, 99.0], "val_FN": [0.0, 0.0, 0.0, 0.0, 0.0, 0.0, 0.0, 0.0, 0.0, 0.0, 0.0, 0.0, 0.0, 0.0, 0.0, 0.0, 0.0, 0.0, 0.0, 0.0, 0.0], "val_Precision": [0.6399999856948853, 0.6399999856948853, 0.6399999856948853, 0.6399999856948853, 0.6399999856948853, 0.6399999856948853, 0.6399999856948853, 0.6399999856948853, 0.6399999856948853, 0.6399999856948853, 0.6399999856948853, 0.6399999856948853, 0.6399999856948853, 0.6399999856948853, 0.6399999856948853, 0.6399999856948853, 0.6399999856948853, 0.6399999856948853, 0.6399999856948853, 0.6399999856948853, 0.6399999856948853], "val_Recall": [1.0, 1.0, 1.0, 1.0, 1.0, 1.0, 1.0, 1.0, 1.0, 1.0, 1.0, 1.0, 1.0, 1.0, 1.0, 1.0, 1.0, 1.0, 1.0, 1.0, 1.0], "val_AUC": [0.4905303120613098, 0.5028409361839294, 0.4943181872367859, 0.5082070827484131, 0.5006313323974609, 0.4949781894683838, 0.4985077977180481, 0.4985077977180481, 0.508838415145874, 0.5079200863838196, 0.5288969278335571, 0.5101871490478516, 0.49793389439582825, 0.5439623594284058, 0.5503902435302734, 0.5254820585250854, 0.5165002346038818, 0.5010330677032471, 0.5343491435050964, 0.5365587472915649, 0.5309343338012695]}