{"loss": [0.08394014835357666, 0.08268915116786957, 0.08282224833965302, 0.0829746276140213, 0.08325058966875076, 0.08284226804971695, 0.08350831270217896, 0.08286254853010178, 0.08276526629924774, 0.0829063355922699, 0.08257898688316345, 0.08233732730150223, 0.08272366970777512, 0.08233780413866043, 0.0824844241142273, 0.0828675851225853, 0.08221405744552612, 0.08278290182352066, 0.08246148377656937, 0.08205398172140121, 0.0828588679432869], "accuracy": [0.6083788871765137, 0.62386155128479, 0.6402550339698792, 0.6357012987136841, 0.624772310256958, 0.6448087692260742, 0.625683069229126, 0.6429872512817383, 0.6402550339698792, 0.6393442749977112, 0.6384335160255432, 0.6438980102539062, 0.6411657333374023, 0.6466302275657654, 0.6411657333374023, 0.6411657333374023, 0.6420764923095703, 0.6293260455131531, 0.6457194685935974, 0.6466302275657654, 0.6429872512817383], "benchmark_55": [430.0, 413.0, 395.0, 400.0, 412.0, 390.0, 411.0, 392.0, 395.0, 396.0, 397.0, 391.0, 394.0, 388.0, 394.0, 394.0, 393.0, 407.0, 389.0, 388.0, 392.0], "TP": [624.0, 647.0, 665.0, 668.0, 671.0, 673.0, 667.0, 679.0, 687.0, 684.0, 685.0, 692.0, 697.0, 697.0, 691.0, 697.0, 694.0, 685.0, 701.0, 698.0, 695.0], "TN": [44.0, 38.0, 38.0, 30.0, 15.0, 35.0, 20.0, 27.0, 16.0, 18.0, 16.0, 15.0, 7.0, 13.0, 13.0, 7.0, 11.0, 6.0, 8.0, 12.0, 11.0], "FP": [340.0, 346.0, 346.0, 354.0, 369.0, 349.0, 364.0, 357.0, 368.0, 366.0, 368.0, 369.0, 377.0, 371.0, 371.0, 377.0, 373.0, 378.0, 376.0, 372.0, 373.0], "FN": [90.0, 67.0, 49.0, 46.0, 43.0, 41.0, 47.0, 35.0, 27.0, 30.0, 29.0, 22.0, 17.0, 17.0, 23.0, 17.0, 20.0, 29.0, 13.0, 16.0, 19.0], "Precision": [0.6473029255867004, 0.65156090259552, 0.6577646136283875, 0.6536203622817993, 0.6451923251152039, 0.6585127115249634, 0.6469447016716003, 0.6554054021835327, 0.6511848568916321, 0.6514285802841187, 0.6505222916603088, 0.6522148847579956, 0.6489757895469666, 0.6526217460632324, 0.6506591439247131, 0.6489757895469666, 0.6504217386245728, 0.6444026231765747, 0.6508820652961731, 0.6523364782333374, 0.6507490873336792], "Recall": [0.8739495873451233, 0.906162440776825, 0.9313725233078003, 0.9355742335319519, 0.9397758841514587, 0.9425770044326782, 0.9341736435890198, 0.9509803652763367, 0.9621848464012146, 0.9579831957817078, 0.9593837261199951, 0.9691876769065857, 0.976190447807312, 0.976190447807312, 0.9677870869636536, 0.976190447807312, 0.9719887971878052, 0.9593837261199951, 0.981792688369751, 0.9775910377502441, 0.9733893275260925], "AUC": [0.4924209415912628, 0.5364072918891907, 0.5181763172149658, 0.5114014744758606, 0.49759095907211304, 0.5116895437240601, 0.49789005517959595, 0.5042126178741455, 0.5113576650619507, 0.49292975664138794, 0.5115947723388672, 0.5252119302749634, 0.5101650357246399, 0.5242854952812195, 0.5149447917938232, 0.49361541867256165, 0.5242235064506531, 0.5044223666191101, 0.5145909786224365, 0.5330134630203247, 0.5042198896408081], "val_loss": [0.08614128082990646, 0.08607300370931625, 0.08601484447717667, 0.08596352487802505, 0.08592098951339722, 0.08587805181741714, 0.08584052324295044, 0.08580689877271652, 0.08578339964151382, 0.08576369285583496, 0.08574555814266205, 0.0857318639755249, 0.08571892976760864, 0.08570529520511627, 0.08569198846817017, 0.08568694442510605, 0.08567745238542557, 0.08567415177822113, 0.0856698602437973, 0.0856548622250557, 0.0856323167681694], "val_accuracy": [0.6327272653579712, 0.6327272653579712, 0.6327272653579712, 0.6327272653579712, 0.6327272653579712, 0.6327272653579712, 0.6327272653579712, 0.6327272653579712, 0.6327272653579712, 0.6327272653579712, 0.6327272653579712, 0.6327272653579712, 0.6327272653579712, 0.6327272653579712, 0.6327272653579712, 0.6327272653579712, 0.6327272653579712, 0.6327272653579712, 0.6327272653579712, 0.6327272653579712, 0.6327272653579712], "val_benchmark_55": [101.0, 101.0, 101.0, 101.0, 101.0, 101.0, 101.0, 101.0, 101.0, 101.0, 101.0, 101.0, 101.0, 101.0, 101.0, 101.0, 101.0, 101.0, 101.0, 101.0, 101.0], "val_TP": [174.0, 174.0, 174.0, 174.0, 174.0, 174.0, 174.0, 174.0, 174.0, 174.0, 174.0, 174.0, 174.0, 174.0, 174.0, 174.0, 174.0, 174.0, 174.0, 174.0, 174.0], "val_TN": [0.0, 0.0, 0.0, 0.0, 0.0, 0.0, 0.0, 0.0, 0.0, 0.0, 0.0, 0.0, 0.0, 0.0, 0.0, 0.0, 0.0, 0.0, 0.0, 0.0, 0.0], "val_FP": [101.0, 101.0, 101.0, 101.0, 101.0, 101.0, 101.0, 101.0, 101.0, 101.0, 101.0, 101.0, 101.0, 101.0, 101.0, 101.0, 101.0, 101.0, 101.0, 101.0, 101.0], "val_FN": [0.0, 0.0, 0.0, 0.0, 0.0, 0.0, 0.0, 0.0, 0.0, 0.0, 0.0, 0.0, 0.0, 0.0, 0.0, 0.0, 0.0, 0.0, 0.0, 0.0, 0.0], "val_Precision": [0.6327272653579712, 0.6327272653579712, 0.6327272653579712, 0.6327272653579712, 0.6327272653579712, 0.6327272653579712, 0.6327272653579712, 0.6327272653579712, 0.6327272653579712, 0.6327272653579712, 0.6327272653579712, 0.6327272653579712, 0.6327272653579712, 0.6327272653579712, 0.6327272653579712, 0.6327272653579712, 0.6327272653579712, 0.6327272653579712, 0.6327272653579712, 0.6327272653579712, 0.6327272653579712], "val_Recall": [1.0, 1.0, 1.0, 1.0, 1.0, 1.0, 1.0, 1.0, 1.0, 1.0, 1.0, 1.0, 1.0, 1.0, 1.0, 1.0, 1.0, 1.0, 1.0, 1.0, 1.0], "val_AUC": [0.5, 0.5, 0.5, 0.5, 0.5, 0.5, 0.5, 0.5, 0.5, 0.5, 0.5, 0.5, 0.5, 0.5, 0.5, 0.5, 0.5, 0.5, 0.5, 0.5, 0.5]}