{"loss": [0.458161860704422, 0.4359564185142517, 0.429847776889801, 0.4031631052494049, 0.3909371793270111, 0.38411036133766174, 0.37314435839653015, 0.36505648493766785, 0.36558997631073, 0.34929272532463074, 0.34011828899383545, 0.341913104057312, 0.33422890305519104, 0.3371855616569519, 0.3268735408782959, 0.3411838114261627, 0.32059434056282043, 0.3034941554069519, 0.29894930124282837, 0.31393393874168396, 0.3064872920513153], "accuracy": [0.5314637422561646, 0.5417236685752869, 0.5526675581932068, 0.5875512957572937, 0.593707263469696, 0.5875512957572937, 0.5930232405662537, 0.6169630885124207, 0.5971271991729736, 0.6203830242156982, 0.6176470518112183, 0.6067031621932983, 0.6272229552268982, 0.6333789229393005, 0.6306429505348206, 0.6183310747146606, 0.629958987236023, 0.6538987755775452, 0.6566347479820251, 0.6463748216629028, 0.6381669044494629], "benchmark_73": [685.0, 670.0, 654.0, 603.0, 594.0, 603.0, 595.0, 560.0, 589.0, 555.0, 559.0, 575.0, 545.0, 536.0, 540.0, 558.0, 541.0, 506.0, 502.0, 517.0, 529.0], "TP": [398.0, 390.0, 380.0, 443.0, 405.0, 417.0, 420.0, 434.0, 426.0, 431.0, 444.0, 427.0, 447.0, 435.0, 433.0, 424.0, 456.0, 443.0, 442.0, 445.0, 426.0], "TN": [379.0, 402.0, 428.0, 416.0, 463.0, 442.0, 447.0, 468.0, 447.0, 476.0, 459.0, 460.0, 470.0, 491.0, 489.0, 480.0, 465.0, 513.0, 518.0, 500.0, 507.0], "FP": [352.0, 329.0, 303.0, 315.0, 268.0, 289.0, 284.0, 263.0, 284.0, 255.0, 272.0, 271.0, 261.0, 240.0, 242.0, 251.0, 266.0, 218.0, 213.0, 231.0, 224.0], "FN": [333.0, 341.0, 351.0, 288.0, 326.0, 314.0, 311.0, 297.0, 305.0, 300.0, 287.0, 304.0, 284.0, 296.0, 298.0, 307.0, 275.0, 288.0, 289.0, 286.0, 305.0], "Precision": [0.5306666493415833, 0.5424200296401978, 0.5563689470291138, 0.5844327211380005, 0.601783037185669, 0.5906515717506409, 0.5965909361839294, 0.6226685643196106, 0.6000000238418579, 0.6282798647880554, 0.6201117038726807, 0.6117478609085083, 0.6313559412956238, 0.644444465637207, 0.6414814591407776, 0.6281481385231018, 0.6315789222717285, 0.6701966524124146, 0.6748091578483582, 0.6582840085029602, 0.6553846001625061], "Recall": [0.5444596409797668, 0.5335157513618469, 0.5198358297348022, 0.606019139289856, 0.5540355443954468, 0.5704514384269714, 0.5745553970336914, 0.593707263469696, 0.5827633142471313, 0.5896033048629761, 0.607387125492096, 0.5841313004493713, 0.6114910840988159, 0.595075249671936, 0.592339277267456, 0.5800273418426514, 0.6238030195236206, 0.606019139289856, 0.604651153087616, 0.6087551116943359, 0.5827633142471313], "AUC": [0.5455253720283508, 0.5777002573013306, 0.5961025953292847, 0.6230899691581726, 0.644058108329773, 0.6431747078895569, 0.6462849974632263, 0.6679528951644897, 0.6433675289154053, 0.6730608940124512, 0.6880994439125061, 0.6640361547470093, 0.691088080406189, 0.6867136359214783, 0.6975172162055969, 0.6875894069671631, 0.7005526423454285, 0.7259259223937988, 0.7344089150428772, 0.7170807123184204, 0.7183345556259155], "val_loss": [0.34527483582496643, 0.3496021628379822, 0.44457361102104187, 0.3577418029308319, 0.5222895741462708, 0.5988439321517944, 0.7066891193389893, 0.6664361953735352, 0.74361252784729, 1.2497237920761108, 1.083972692489624, 0.8663690090179443, 1.5083893537521362, 0.9316087961196899, 1.675283432006836, 1.768914818763733, 1.465855598449707, 1.9181060791015625, 1.755133032798767, 1.6585454940795898, 1.8804795742034912], "val_accuracy": [0.5709090828895569, 0.5709090828895569, 0.5709090828895569, 0.5709090828895569, 0.5709090828895569, 0.5709090828895569, 0.5709090828895569, 0.5709090828895569, 0.5709090828895569, 0.5709090828895569, 0.5709090828895569, 0.5709090828895569, 0.5709090828895569, 0.5709090828895569, 0.5709090828895569, 0.5709090828895569, 0.5709090828895569, 0.5709090828895569, 0.5709090828895569, 0.5709090828895569, 0.5709090828895569], "val_benchmark_73": [118.0, 118.0, 118.0, 118.0, 118.0, 118.0, 118.0, 118.0, 118.0, 118.0, 118.0, 118.0, 118.0, 118.0, 118.0, 118.0, 118.0, 118.0, 118.0, 118.0, 118.0], "val_TP": [157.0, 157.0, 157.0, 157.0, 157.0, 157.0, 157.0, 157.0, 157.0, 157.0, 157.0, 157.0, 157.0, 157.0, 157.0, 157.0, 157.0, 157.0, 157.0, 157.0, 157.0], "val_TN": [0.0, 0.0, 0.0, 0.0, 0.0, 0.0, 0.0, 0.0, 0.0, 0.0, 0.0, 0.0, 0.0, 0.0, 0.0, 0.0, 0.0, 0.0, 0.0, 0.0, 0.0], "val_FP": [118.0, 118.0, 118.0, 118.0, 118.0, 118.0, 118.0, 118.0, 118.0, 118.0, 118.0, 118.0, 118.0, 118.0, 118.0, 118.0, 118.0, 118.0, 118.0, 118.0, 118.0], "val_FN": [0.0, 0.0, 0.0, 0.0, 0.0, 0.0, 0.0, 0.0, 0.0, 0.0, 0.0, 0.0, 0.0, 0.0, 0.0, 0.0, 0.0, 0.0, 0.0, 0.0, 0.0], "val_Precision": [0.5709090828895569, 0.5709090828895569, 0.5709090828895569, 0.5709090828895569, 0.5709090828895569, 0.5709090828895569, 0.5709090828895569, 0.5709090828895569, 0.5709090828895569, 0.5709090828895569, 0.5709090828895569, 0.5709090828895569, 0.5709090828895569, 0.5709090828895569, 0.5709090828895569, 0.5709090828895569, 0.5709090828895569, 0.5709090828895569, 0.5709090828895569, 0.5709090828895569, 0.5709090828895569], "val_Recall": [1.0, 1.0, 1.0, 1.0, 1.0, 1.0, 1.0, 1.0, 1.0, 1.0, 1.0, 1.0, 1.0, 1.0, 1.0, 1.0, 1.0, 1.0, 1.0, 1.0, 1.0], "val_AUC": [0.5, 0.5, 0.5220231413841248, 0.5214563012123108, 0.5, 0.5126309394836426, 0.5, 0.5051819086074829, 0.5116592645645142, 0.5, 0.5, 0.5588632225990295, 0.5457735061645508, 0.5734913349151611, 0.5169491767883301, 0.5351938009262085, 0.5828835368156433, 0.5617780089378357, 0.578673243522644, 0.5981053709983826, 0.6023966073989868]}