{"loss": [0.32830044627189636, 0.32472825050354004, 0.31832998991012573, 0.31590163707733154, 0.31799671053886414, 0.3250027000904083, 0.3199072480201721, 0.3224464952945709, 0.317010760307312, 0.31935611367225647, 0.31551939249038696, 0.3166452646255493, 0.3151916563510895, 0.3157951831817627, 0.31467950344085693, 0.3133254051208496, 0.3138318359851837, 0.3121275007724762, 0.3076516091823578, 0.31135180592536926, 0.3081359267234802], "accuracy": [0.6147540807723999, 0.6493625044822693, 0.6548269391059875, 0.6548269391059875, 0.6475409865379333, 0.6484517455101013, 0.6511839628219604, 0.6520947217941284, 0.6584699749946594, 0.6402550339698792, 0.6557376980781555, 0.6493625044822693, 0.6539162397384644, 0.6539162397384644, 0.6530054807662964, 0.6548269391059875, 0.6584699749946594, 0.6539162397384644, 0.6584699749946594, 0.6639344096183777, 0.6703096628189087], "benchmark_87": [423.0, 385.0, 379.0, 379.0, 387.0, 386.0, 383.0, 382.0, 375.0, 395.0, 378.0, 385.0, 380.0, 380.0, 381.0, 379.0, 375.0, 380.0, 375.0, 369.0, 362.0], "TP": [613.0, 706.0, 700.0, 707.0, 642.0, 710.0, 652.0, 716.0, 710.0, 654.0, 678.0, 702.0, 705.0, 705.0, 674.0, 698.0, 685.0, 682.0, 666.0, 642.0, 646.0], "TN": [62.0, 7.0, 19.0, 12.0, 69.0, 2.0, 63.0, 0.0, 13.0, 49.0, 42.0, 11.0, 13.0, 13.0, 43.0, 21.0, 38.0, 36.0, 57.0, 87.0, 90.0], "FP": [320.0, 375.0, 363.0, 370.0, 313.0, 380.0, 319.0, 382.0, 369.0, 333.0, 340.0, 371.0, 369.0, 369.0, 339.0, 361.0, 344.0, 346.0, 325.0, 295.0, 292.0], "FN": [103.0, 10.0, 16.0, 9.0, 74.0, 6.0, 64.0, 0.0, 6.0, 62.0, 38.0, 14.0, 11.0, 11.0, 42.0, 18.0, 31.0, 34.0, 50.0, 74.0, 70.0], "Precision": [0.6570203900337219, 0.653099000453949, 0.6585136651992798, 0.6564531326293945, 0.672251284122467, 0.6513761281967163, 0.6714727282524109, 0.6520947217941284, 0.6580166816711426, 0.6626139879226685, 0.6660118103027344, 0.6542404294013977, 0.6564245820045471, 0.6564245820045471, 0.6653504371643066, 0.6591123938560486, 0.6656948328018188, 0.6634241342544556, 0.6720484495162964, 0.6851654052734375, 0.6886993646621704], "Recall": [0.8561452627182007, 0.9860334992408752, 0.9776536226272583, 0.9874301552772522, 0.8966480493545532, 0.9916201233863831, 0.910614550113678, 1.0, 0.9916201233863831, 0.9134078025817871, 0.9469273686408997, 0.9804469347000122, 0.9846368432044983, 0.9846368432044983, 0.9413408041000366, 0.9748603105545044, 0.9567039012908936, 0.9525139927864075, 0.9301676154136658, 0.8966480493545532, 0.9022346138954163], "AUC": [0.5376893877983093, 0.5432650446891785, 0.5913616418838501, 0.6075711250305176, 0.6076990962028503, 0.5394516587257385, 0.5981273055076599, 0.5644487738609314, 0.6010997891426086, 0.5961767435073853, 0.6110554337501526, 0.604801595211029, 0.6163385510444641, 0.6058930158615112, 0.6181429028511047, 0.6287567019462585, 0.6206272840499878, 0.6424891352653503, 0.6586054563522339, 0.6346558332443237, 0.6500153541564941], "val_loss": [0.3403964936733246, 0.3396356701850891, 0.3397485315799713, 0.34452494978904724, 0.3411991596221924, 0.3724914789199829, 0.3515150547027588, 0.34512147307395935, 0.433798611164093, 0.4484139382839203, 0.43640512228012085, 0.40007907152175903, 0.4028599262237549, 0.548678994178772, 0.5409329533576965, 0.5820610523223877, 0.43554553389549255, 0.43663468956947327, 0.5086911916732788, 0.5732160806655884, 0.8170579075813293], "val_accuracy": [0.6254545450210571, 0.6254545450210571, 0.6254545450210571, 0.6254545450210571, 0.6254545450210571, 0.37454545497894287, 0.3781818151473999, 0.6254545450210571, 0.37454545497894287, 0.37454545497894287, 0.37454545497894287, 0.37454545497894287, 0.37454545497894287, 0.37454545497894287, 0.37454545497894287, 0.37454545497894287, 0.37454545497894287, 0.37454545497894287, 0.37454545497894287, 0.37454545497894287, 0.37454545497894287], "val_benchmark_87": [103.0, 103.0, 103.0, 103.0, 103.0, 172.0, 171.0, 103.0, 172.0, 172.0, 172.0, 172.0, 172.0, 172.0, 172.0, 172.0, 172.0, 172.0, 172.0, 172.0, 172.0], "val_TP": [172.0, 172.0, 172.0, 171.0, 172.0, 0.0, 2.0, 172.0, 0.0, 0.0, 0.0, 0.0, 0.0, 0.0, 0.0, 0.0, 0.0, 0.0, 0.0, 0.0, 0.0], "val_TN": [0.0, 0.0, 0.0, 1.0, 0.0, 103.0, 102.0, 0.0, 103.0, 103.0, 103.0, 103.0, 103.0, 103.0, 103.0, 103.0, 103.0, 103.0, 103.0, 103.0, 103.0], "val_FP": [103.0, 103.0, 103.0, 102.0, 103.0, 0.0, 1.0, 103.0, 0.0, 0.0, 0.0, 0.0, 0.0, 0.0, 0.0, 0.0, 0.0, 0.0, 0.0, 0.0, 0.0], "val_FN": [0.0, 0.0, 0.0, 1.0, 0.0, 172.0, 170.0, 0.0, 172.0, 172.0, 172.0, 172.0, 172.0, 172.0, 172.0, 172.0, 172.0, 172.0, 172.0, 172.0, 172.0], "val_Precision": [0.6254545450210571, 0.6254545450210571, 0.6254545450210571, 0.6263736486434937, 0.6254545450210571, 0.0, 0.6666666865348816, 0.6254545450210571, 0.0, 0.0, 0.0, 0.0, 0.0, 0.0, 0.0, 0.0, 0.0, 0.0, 0.0, 0.0, 0.0], "val_Recall": [1.0, 1.0, 1.0, 0.9941860437393188, 1.0, 0.0, 0.011627906933426857, 1.0, 0.0, 0.0, 0.0, 0.0, 0.0, 0.0, 0.0, 0.0, 0.0, 0.0, 0.0, 0.0, 0.0], "val_AUC": [0.5291262269020081, 0.499040424823761, 0.5652235746383667, 0.5171878933906555, 0.52658611536026, 0.564009964466095, 0.5685256123542786, 0.5663242340087891, 0.5797865986824036, 0.5081000328063965, 0.5082693696022034, 0.5216470956802368, 0.5612440705299377, 0.5440844297409058, 0.5122488141059875, 0.6027036905288696, 0.5860239863395691, 0.48142921924591064, 0.5761176347732544, 0.6304752826690674, 0.5854877233505249]}