{"loss": [0.17281021177768707, 0.17237842082977295, 0.17244434356689453, 0.17221508920192719, 0.1719779074192047, 0.17205297946929932, 0.17182020843029022, 0.17167487740516663, 0.1716548055410385, 0.17152048647403717, 0.17152203619480133, 0.17136791348457336, 0.17139115929603577, 0.17125141620635986, 0.1710515171289444, 0.1710704267024994, 0.17090079188346863, 0.17077365517616272, 0.1709129363298416, 0.1706443428993225, 0.17053355276584625], "accuracy": [0.5364145636558533, 0.5462185144424438, 0.5455182194709778, 0.5497198700904846, 0.5560224056243896, 0.5504201650619507, 0.5581232309341431, 0.5679271817207336, 0.5644257664680481, 0.5651260614395142, 0.5728291273117065, 0.5700280070304871, 0.5686274766921997, 0.575630247592926, 0.5742297172546387, 0.5770308375358582, 0.5784313678741455, 0.5910364389419556, 0.5896358489990234, 0.5847339034080505, 0.5847339034080505], "benchmark_89": [662.0, 648.0, 649.0, 643.0, 634.0, 642.0, 631.0, 617.0, 622.0, 621.0, 610.0, 614.0, 616.0, 606.0, 608.0, 604.0, 602.0, 584.0, 586.0, 593.0, 593.0], "TP": [497.0, 479.0, 466.0, 434.0, 425.0, 414.0, 413.0, 407.0, 399.0, 396.0, 395.0, 391.0, 386.0, 388.0, 389.0, 388.0, 387.0, 396.0, 391.0, 389.0, 391.0], "TN": [269.0, 301.0, 313.0, 351.0, 369.0, 372.0, 384.0, 404.0, 407.0, 411.0, 423.0, 423.0, 426.0, 434.0, 431.0, 436.0, 439.0, 448.0, 451.0, 446.0, 444.0], "FP": [445.0, 413.0, 401.0, 363.0, 345.0, 342.0, 330.0, 310.0, 307.0, 303.0, 291.0, 291.0, 288.0, 280.0, 283.0, 278.0, 275.0, 266.0, 263.0, 268.0, 270.0], "FN": [217.0, 235.0, 248.0, 280.0, 289.0, 300.0, 301.0, 307.0, 315.0, 318.0, 319.0, 323.0, 328.0, 326.0, 325.0, 326.0, 327.0, 318.0, 323.0, 325.0, 323.0], "Precision": [0.5276008248329163, 0.536995530128479, 0.5374855995178223, 0.5445420145988464, 0.551948070526123, 0.5476190447807312, 0.5558546185493469, 0.5676429271697998, 0.5651558041572571, 0.5665236115455627, 0.5758017301559448, 0.5733137726783752, 0.5727003216743469, 0.5808383226394653, 0.5788690447807312, 0.5825825929641724, 0.5845921635627747, 0.5981873273849487, 0.5978593230247498, 0.5920852422714233, 0.5915279984474182], "Recall": [0.6960784196853638, 0.6708683371543884, 0.6526610851287842, 0.6078431606292725, 0.5952380895614624, 0.5798319578170776, 0.5784313678741455, 0.5700280070304871, 0.5588235259056091, 0.5546218752861023, 0.5532212853431702, 0.5476190447807312, 0.5406162738800049, 0.5434173941612244, 0.5448179244995117, 0.5434173941612244, 0.5420168042182922, 0.5546218752861023, 0.5476190447807312, 0.5448179244995117, 0.5476190447807312], "AUC": [0.5611833333969116, 0.5647150874137878, 0.5596376061439514, 0.5689089894294739, 0.569482684135437, 0.5732823014259338, 0.5772966146469116, 0.5811795592308044, 0.5815885066986084, 0.5847044587135315, 0.5826566815376282, 0.589954674243927, 0.585572361946106, 0.590954065322876, 0.5968849062919617, 0.5945113301277161, 0.5962365865707397, 0.6035629510879517, 0.5978116989135742, 0.6041632294654846, 0.6068946719169617], "val_loss": [0.16911590099334717, 0.169967919588089, 0.1707899570465088, 0.1715802252292633, 0.17233911156654358, 0.1730174571275711, 0.17354126274585724, 0.1741044521331787, 0.1747097223997116, 0.1752796471118927, 0.17579981684684753, 0.17627079784870148, 0.1766844391822815, 0.17707973718643188, 0.17753073573112488, 0.177729532122612, 0.17781485617160797, 0.17776775360107422, 0.17732208967208862, 0.17703063786029816, 0.1762218475341797], "val_accuracy": [0.6327272653579712, 0.6327272653579712, 0.6327272653579712, 0.6327272653579712, 0.6327272653579712, 0.6327272653579712, 0.4509090781211853, 0.4000000059604645, 0.38545453548431396, 0.38545453548431396, 0.389090895652771, 0.38545453548431396, 0.389090895652771, 0.3927272856235504, 0.4000000059604645, 0.40727272629737854, 0.4145454466342926, 0.4145454466342926, 0.44363635778427124, 0.4618181884288788, 0.4618181884288788], "val_benchmark_89": [101.0, 101.0, 101.0, 101.0, 101.0, 101.0, 151.0, 165.0, 169.0, 169.0, 168.0, 169.0, 168.0, 167.0, 165.0, 163.0, 161.0, 161.0, 153.0, 148.0, 148.0], "val_TP": [174.0, 174.0, 174.0, 174.0, 174.0, 174.0, 32.0, 15.0, 8.0, 7.0, 8.0, 8.0, 9.0, 12.0, 15.0, 17.0, 20.0, 22.0, 31.0, 36.0, 39.0], "val_TN": [0.0, 0.0, 0.0, 0.0, 0.0, 0.0, 92.0, 95.0, 98.0, 99.0, 99.0, 98.0, 98.0, 96.0, 95.0, 95.0, 94.0, 92.0, 91.0, 91.0, 88.0], "val_FP": [101.0, 101.0, 101.0, 101.0, 101.0, 101.0, 9.0, 6.0, 3.0, 2.0, 2.0, 3.0, 3.0, 5.0, 6.0, 6.0, 7.0, 9.0, 10.0, 10.0, 13.0], "val_FN": [0.0, 0.0, 0.0, 0.0, 0.0, 0.0, 142.0, 159.0, 166.0, 167.0, 166.0, 166.0, 165.0, 162.0, 159.0, 157.0, 154.0, 152.0, 143.0, 138.0, 135.0], "val_Precision": [0.6327272653579712, 0.6327272653579712, 0.6327272653579712, 0.6327272653579712, 0.6327272653579712, 0.6327272653579712, 0.7804877758026123, 0.7142857313156128, 0.7272727489471436, 0.7777777910232544, 0.800000011920929, 0.7272727489471436, 0.75, 0.7058823704719543, 0.7142857313156128, 0.739130437374115, 0.7407407164573669, 0.7096773982048035, 0.7560975551605225, 0.782608687877655, 0.75], "val_Recall": [1.0, 1.0, 1.0, 1.0, 1.0, 1.0, 0.18390804529190063, 0.08620689809322357, 0.04597701132297516, 0.04022988677024841, 0.04597701132297516, 0.04597701132297516, 0.0517241396009922, 0.06896551698446274, 0.08620689809322357, 0.09770114719867706, 0.1149425283074379, 0.12643678486347198, 0.1781609207391739, 0.2068965584039688, 0.22413793206214905], "val_AUC": [0.5, 0.5, 0.5, 0.5, 0.5, 0.5057471394538879, 0.5208262205123901, 0.5546546578407288, 0.5312677621841431, 0.5313531160354614, 0.549960196018219, 0.5334585309028625, 0.5451803207397461, 0.5530328750610352, 0.546090841293335, 0.5505576729774475, 0.5548253059387207, 0.5480824112892151, 0.5447251796722412, 0.5597473382949829, 0.5846989750862122]}