{"loss": [1.568077564239502, 0.17478282749652863, 0.17461638152599335, 0.1741703748703003, 0.1736183613538742, 0.17397183179855347, 0.1737150400876999, 0.1755232810974121, 0.17390654981136322, 0.17352236807346344, 0.173930823802948, 0.17409731447696686, 0.17398706078529358, 0.17447184026241302, 0.17361675202846527, 0.1737401783466339, 0.17380842566490173, 0.17434822022914886, 0.17461305856704712, 0.17433831095695496, 0.17403599619865417], "accuracy": [0.4860529899597168, 0.4783821403980255, 0.5048814415931702, 0.49860531091690063, 0.5055788159370422, 0.49163180589675903, 0.4860529899597168, 0.5097628831863403, 0.5181310772895813, 0.5055788159370422, 0.5069735050201416, 0.5125523209571838, 0.5013946890830994, 0.49860531091690063, 0.4972105920314789, 0.5097628831863403, 0.47768479585647583, 0.5, 0.47629010677337646, 0.49163180589675903, 0.4958159029483795], "benchmark": [841.0, 748.0, 710.0, 719.0, 709.0, 729.0, 737.0, 703.0, 691.0, 709.0, 707.0, 699.0, 715.0, 719.0, 721.0, 703.0, 749.0, 717.0, 751.0, 729.0, 723.0], "TP": [289.0, 409.0, 222.0, 502.0, 420.0, 314.0, 486.0, 247.0, 445.0, 468.0, 341.0, 441.0, 334.0, 383.0, 334.0, 308.0, 381.0, 253.0, 476.0, 343.0, 413.0], "TN": [408.0, 277.0, 502.0, 213.0, 305.0, 391.0, 211.0, 484.0, 298.0, 257.0, 386.0, 294.0, 385.0, 332.0, 379.0, 423.0, 304.0, 464.0, 207.0, 362.0, 298.0], "FP": [309.0, 440.0, 215.0, 504.0, 412.0, 326.0, 506.0, 233.0, 419.0, 460.0, 331.0, 423.0, 332.0, 385.0, 338.0, 294.0, 413.0, 253.0, 510.0, 355.0, 419.0], "FN": [428.0, 308.0, 495.0, 215.0, 297.0, 403.0, 231.0, 470.0, 272.0, 249.0, 376.0, 276.0, 383.0, 334.0, 383.0, 409.0, 336.0, 464.0, 241.0, 374.0, 304.0], "Precision": [0.4832775890827179, 0.4817432165145874, 0.508009135723114, 0.4990059733390808, 0.504807710647583, 0.4906249940395355, 0.48991936445236206, 0.5145833492279053, 0.5150462985038757, 0.5043103694915771, 0.507440447807312, 0.5104166865348816, 0.5015015006065369, 0.4986979067325592, 0.4970238208770752, 0.5116279125213623, 0.47984886169433594, 0.5, 0.48275861144065857, 0.4914039969444275, 0.49639421701431274], "Recall": [0.40306833386421204, 0.5704323649406433, 0.3096234202384949, 0.7001394629478455, 0.5857740640640259, 0.43793582916259766, 0.6778242588043213, 0.3444909453392029, 0.6206415891647339, 0.6527196764945984, 0.4755927622318268, 0.6150627732276917, 0.46582984924316406, 0.5341701507568359, 0.46582984924316406, 0.4295676350593567, 0.5313807725906372, 0.35285913944244385, 0.6638772487640381, 0.4783821403980255, 0.5760111808776855], "AUC": [0.48252442479133606, 0.4851163625717163, 0.5143243670463562, 0.48658403754234314, 0.5032485127449036, 0.493411660194397, 0.4746619462966919, 0.49192941188812256, 0.5085452198982239, 0.4978097081184387, 0.5075920820236206, 0.5170884728431702, 0.49872592091560364, 0.49562913179397583, 0.4991304874420166, 0.5140112042427063, 0.47778594493865967, 0.5012040734291077, 0.47355517745018005, 0.4898655414581299, 0.4957030713558197], "val_loss": [0.17032526433467865, 0.17831020057201385, 0.17447206377983093, 0.17662908136844635, 0.18084652721881866, 0.17498522996902466, 0.17499873042106628, 0.17075324058532715, 0.17579291760921478, 0.17873439192771912, 0.1730366349220276, 0.17839005589485168, 0.1717333346605301, 0.1847880631685257, 0.17856447398662567, 0.1717216968536377, 0.1736004650592804, 0.16827426850795746, 0.1709861010313034, 0.17137198150157928, 0.17375387251377106], "val_accuracy": [0.6363636255264282, 0.3781818151473999, 0.3781818151473999, 0.3781818151473999, 0.3781818151473999, 0.3781818151473999, 0.3781818151473999, 0.6218181848526001, 0.3781818151473999, 0.3781818151473999, 0.6218181848526001, 0.3781818151473999, 0.6218181848526001, 0.3781818151473999, 0.3781818151473999, 0.6218181848526001, 0.3781818151473999, 0.6218181848526001, 0.6218181848526001, 0.6218181848526001, 0.3781818151473999], "val_benchmark": [100.0, 171.0, 171.0, 171.0, 171.0, 171.0, 171.0, 104.0, 171.0, 171.0, 104.0, 171.0, 104.0, 171.0, 171.0, 104.0, 171.0, 104.0, 104.0, 104.0, 171.0], "val_TP": [169.0, 0.0, 0.0, 0.0, 0.0, 0.0, 0.0, 171.0, 0.0, 0.0, 171.0, 0.0, 171.0, 0.0, 0.0, 171.0, 0.0, 171.0, 171.0, 171.0, 0.0], "val_TN": [6.0, 104.0, 104.0, 104.0, 104.0, 104.0, 104.0, 0.0, 104.0, 104.0, 0.0, 104.0, 0.0, 104.0, 104.0, 0.0, 104.0, 0.0, 0.0, 0.0, 104.0], "val_FP": [98.0, 0.0, 0.0, 0.0, 0.0, 0.0, 0.0, 104.0, 0.0, 0.0, 104.0, 0.0, 104.0, 0.0, 0.0, 104.0, 0.0, 104.0, 104.0, 104.0, 0.0], "val_FN": [2.0, 171.0, 171.0, 171.0, 171.0, 171.0, 171.0, 0.0, 171.0, 171.0, 0.0, 171.0, 0.0, 171.0, 171.0, 0.0, 171.0, 0.0, 0.0, 0.0, 171.0], "val_Precision": [0.6329588294029236, 0.0, 0.0, 0.0, 0.0, 0.0, 0.0, 0.6218181848526001, 0.0, 0.0, 0.6218181848526001, 0.0, 0.6218181848526001, 0.0, 0.0, 0.6218181848526001, 0.0, 0.6218181848526001, 0.6218181848526001, 0.6218181848526001, 0.0], "val_Recall": [0.988304078578949, 0.0, 0.0, 0.0, 0.0, 0.0, 0.0, 1.0, 0.0, 0.0, 1.0, 0.0, 1.0, 0.0, 0.0, 1.0, 0.0, 1.0, 1.0, 1.0, 0.0], "val_AUC": [0.5631185173988342, 0.5404295921325684, 0.5058479309082031, 0.5, 0.5, 0.5, 0.5, 0.5, 0.5, 0.5, 0.5, 0.5, 0.5, 0.5, 0.5, 0.5, 0.5, 0.5, 0.5, 0.5, 0.5]}