{"loss": [0.020793713629245758, 0.02081943117082119, 0.02068779058754444, 0.020671548321843147, 0.020704807713627815, 0.020710736513137817, 0.020775800570845604, 0.020693454891443253, 0.0206692423671484, 0.020668042823672295, 0.0206596776843071, 0.020655252039432526, 0.020715633407235146, 0.020687002688646317, 0.020634934306144714, 0.02067236416041851, 0.02066010609269142, 0.020656643435359, 0.020659824833273888, 0.020638784393668175, 0.0206224974244833], "accuracy": [0.6293260455131531, 0.6438980102539062, 0.6438980102539062, 0.6438980102539062, 0.6438980102539062, 0.6438980102539062, 0.6438980102539062, 0.6438980102539062, 0.6438980102539062, 0.6438980102539062, 0.6438980102539062, 0.6438980102539062, 0.6438980102539062, 0.6438980102539062, 0.6438980102539062, 0.6438980102539062, 0.6438980102539062, 0.6438980102539062, 0.6438980102539062, 0.6438980102539062, 0.6438980102539062], "benchmark": [407.0, 391.0, 391.0, 391.0, 391.0, 391.0, 391.0, 391.0, 391.0, 391.0, 391.0, 391.0, 391.0, 391.0, 391.0, 391.0, 391.0, 391.0, 391.0, 391.0, 391.0], "TP": [667.0, 707.0, 707.0, 707.0, 707.0, 707.0, 707.0, 707.0, 707.0, 707.0, 707.0, 707.0, 707.0, 707.0, 707.0, 707.0, 707.0, 707.0, 707.0, 707.0, 707.0], "TN": [24.0, 0.0, 0.0, 0.0, 0.0, 0.0, 0.0, 0.0, 0.0, 0.0, 0.0, 0.0, 0.0, 0.0, 0.0, 0.0, 0.0, 0.0, 0.0, 0.0, 0.0], "FP": [367.0, 391.0, 391.0, 391.0, 391.0, 391.0, 391.0, 391.0, 391.0, 391.0, 391.0, 391.0, 391.0, 391.0, 391.0, 391.0, 391.0, 391.0, 391.0, 391.0, 391.0], "FN": [40.0, 0.0, 0.0, 0.0, 0.0, 0.0, 0.0, 0.0, 0.0, 0.0, 0.0, 0.0, 0.0, 0.0, 0.0, 0.0, 0.0, 0.0, 0.0, 0.0, 0.0], "Precision": [0.6450676918029785, 0.6438980102539062, 0.6438980102539062, 0.6438980102539062, 0.6438980102539062, 0.6438980102539062, 0.6438980102539062, 0.6438980102539062, 0.6438980102539062, 0.6438980102539062, 0.6438980102539062, 0.6438980102539062, 0.6438980102539062, 0.6438980102539062, 0.6438980102539062, 0.6438980102539062, 0.6438980102539062, 0.6438980102539062, 0.6438980102539062, 0.6438980102539062, 0.6438980102539062], "Recall": [0.9434229135513306, 1.0, 1.0, 1.0, 1.0, 1.0, 1.0, 1.0, 1.0, 1.0, 1.0, 1.0, 1.0, 1.0, 1.0, 1.0, 1.0, 1.0, 1.0, 1.0, 1.0], "AUC": [0.48051995038986206, 0.47909653186798096, 0.45646023750305176, 0.45355361700057983, 0.47013604640960693, 0.46544599533081055, 0.4526691436767578, 0.45164358615875244, 0.46649324893951416, 0.4681645333766937, 0.47086137533187866, 0.47983086109161377, 0.4516381621360779, 0.4599727690219879, 0.4794456362724304, 0.46517473459243774, 0.4762803018093109, 0.4580700397491455, 0.45920589566230774, 0.47317832708358765, 0.4959140419960022], "val_loss": [0.020472265779972076, 0.02039760909974575, 0.020420093089342117, 0.020414765924215317, 0.02039875090122223, 0.020391495898365974, 0.020397329702973366, 0.020391125231981277, 0.02038903534412384, 0.020397447049617767, 0.020387470722198486, 0.02039453200995922, 0.020445318892598152, 0.02039388380944729, 0.020384658128023148, 0.02038324624300003, 0.02039273828268051, 0.020381882786750793, 0.020388340577483177, 0.020398009568452835, 0.02039550431072712], "val_accuracy": [0.6581818461418152, 0.6581818461418152, 0.6581818461418152, 0.6581818461418152, 0.6581818461418152, 0.6581818461418152, 0.6581818461418152, 0.6581818461418152, 0.6581818461418152, 0.6581818461418152, 0.6581818461418152, 0.6581818461418152, 0.6581818461418152, 0.6581818461418152, 0.6581818461418152, 0.6581818461418152, 0.6581818461418152, 0.6581818461418152, 0.6581818461418152, 0.6581818461418152, 0.6581818461418152], "val_benchmark": [94.0, 94.0, 94.0, 94.0, 94.0, 94.0, 94.0, 94.0, 94.0, 94.0, 94.0, 94.0, 94.0, 94.0, 94.0, 94.0, 94.0, 94.0, 94.0, 94.0, 94.0], "val_TP": [181.0, 181.0, 181.0, 181.0, 181.0, 181.0, 181.0, 181.0, 181.0, 181.0, 181.0, 181.0, 181.0, 181.0, 181.0, 181.0, 181.0, 181.0, 181.0, 181.0, 181.0], "val_TN": [0.0, 0.0, 0.0, 0.0, 0.0, 0.0, 0.0, 0.0, 0.0, 0.0, 0.0, 0.0, 0.0, 0.0, 0.0, 0.0, 0.0, 0.0, 0.0, 0.0, 0.0], "val_FP": [94.0, 94.0, 94.0, 94.0, 94.0, 94.0, 94.0, 94.0, 94.0, 94.0, 94.0, 94.0, 94.0, 94.0, 94.0, 94.0, 94.0, 94.0, 94.0, 94.0, 94.0], "val_FN": [0.0, 0.0, 0.0, 0.0, 0.0, 0.0, 0.0, 0.0, 0.0, 0.0, 0.0, 0.0, 0.0, 0.0, 0.0, 0.0, 0.0, 0.0, 0.0, 0.0, 0.0], "val_Precision": [0.6581818461418152, 0.6581818461418152, 0.6581818461418152, 0.6581818461418152, 0.6581818461418152, 0.6581818461418152, 0.6581818461418152, 0.6581818461418152, 0.6581818461418152, 0.6581818461418152, 0.6581818461418152, 0.6581818461418152, 0.6581818461418152, 0.6581818461418152, 0.6581818461418152, 0.6581818461418152, 0.6581818461418152, 0.6581818461418152, 0.6581818461418152, 0.6581818461418152, 0.6581818461418152], "val_Recall": [1.0, 1.0, 1.0, 1.0, 1.0, 1.0, 1.0, 1.0, 1.0, 1.0, 1.0, 1.0, 1.0, 1.0, 1.0, 1.0, 1.0, 1.0, 1.0, 1.0, 1.0], "val_AUC": [0.4920065402984619, 0.47061243653297424, 0.4987657070159912, 0.49653229117393494, 0.4941812753677368, 0.4926237165927887, 0.5015869140625, 0.49109557271003723, 0.5038791298866272, 0.5150464177131653, 0.48668742179870605, 0.5124896764755249, 0.48615849018096924, 0.5035852789878845, 0.4887445569038391, 0.49109557271003723, 0.5, 0.49406370520591736, 0.5004114508628845, 0.5, 0.4973844885826111]}