{"loss": [0.693632960319519, 0.6924418210983276, 0.6916787028312683, 0.6896728277206421, 0.6880224347114563, 0.6876540780067444, 0.6834242343902588, 0.6820468306541443, 0.6769191026687622, 0.6766359210014343, 0.6723819375038147, 0.6705870628356934, 0.6646978259086609, 0.6596482992172241, 0.651996910572052, 0.6557649374008179, 0.6517237424850464, 0.6477336883544922, 0.6406629085540771, 0.6403919458389282, 0.6401761174201965, 0.6409936547279358, 0.630193829536438, 0.6311606168746948, 0.6256605386734009, 0.6191451549530029, 0.6225584149360657, 0.6235742568969727, 0.6220589876174927, 0.6202605962753296, 0.6191126108169556, 0.6206710934638977, 0.6163129806518555, 0.6142575740814209, 0.6151973605155945, 0.6125969886779785, 0.6106858849525452], "accuracy": [0.5020920634269714, 0.5160390734672546, 0.5076708793640137, 0.5327754616737366, 0.5411436557769775, 0.5362622141838074, 0.5529986023902893, 0.5599721074104309, 0.5822873115539551, 0.5725244283676147, 0.5857740640640259, 0.5892608165740967, 0.6059972047805786, 0.625523030757904, 0.633891224861145, 0.6094839572906494, 0.6227335929870605, 0.6192468404769897, 0.6276150345802307, 0.6276150345802307, 0.6192468404769897, 0.6192468404769897, 0.6380752921104431, 0.6394700407981873, 0.6492329239845276, 0.650627613067627, 0.6464434862136841, 0.6436541080474854, 0.6408647298812866, 0.6478382349014282, 0.6520223021507263, 0.6478382349014282, 0.6464434862136841, 0.650627613067627, 0.6485355496406555, 0.65969318151474, 0.650627613067627], "benchmark_773": [714.0, 694.0, 706.0, 670.0, 658.0, 665.0, 641.0, 631.0, 599.0, 613.0, 594.0, 589.0, 565.0, 537.0, 525.0, 560.0, 541.0, 546.0, 534.0, 534.0, 546.0, 546.0, 519.0, 517.0, 503.0, 501.0, 507.0, 511.0, 515.0, 505.0, 499.0, 505.0, 507.0, 501.0, 504.0, 488.0, 501.0], "TP": [335.0, 376.0, 379.0, 361.0, 383.0, 380.0, 375.0, 371.0, 420.0, 402.0, 414.0, 415.0, 426.0, 435.0, 443.0, 440.0, 450.0, 450.0, 444.0, 454.0, 450.0, 449.0, 449.0, 451.0, 466.0, 466.0, 461.0, 462.0, 464.0, 456.0, 468.0, 460.0, 474.0, 456.0, 461.0, 471.0, 456.0], "TN": [385.0, 364.0, 349.0, 403.0, 393.0, 389.0, 418.0, 432.0, 415.0, 419.0, 426.0, 430.0, 443.0, 462.0, 466.0, 434.0, 443.0, 438.0, 456.0, 446.0, 438.0, 439.0, 466.0, 466.0, 465.0, 467.0, 466.0, 461.0, 455.0, 473.0, 467.0, 469.0, 453.0, 477.0, 469.0, 475.0, 477.0], "FP": [332.0, 353.0, 368.0, 314.0, 324.0, 328.0, 299.0, 285.0, 302.0, 298.0, 291.0, 287.0, 274.0, 255.0, 251.0, 283.0, 274.0, 279.0, 261.0, 271.0, 279.0, 278.0, 251.0, 251.0, 252.0, 250.0, 251.0, 256.0, 262.0, 244.0, 250.0, 248.0, 264.0, 240.0, 248.0, 242.0, 240.0], "FN": [382.0, 341.0, 338.0, 356.0, 334.0, 337.0, 342.0, 346.0, 297.0, 315.0, 303.0, 302.0, 291.0, 282.0, 274.0, 277.0, 267.0, 267.0, 273.0, 263.0, 267.0, 268.0, 268.0, 266.0, 251.0, 251.0, 256.0, 255.0, 253.0, 261.0, 249.0, 257.0, 243.0, 261.0, 256.0, 246.0, 261.0], "Precision": [0.5022488832473755, 0.5157750248908997, 0.5073627829551697, 0.5348148345947266, 0.5417255759239197, 0.5367231369018555, 0.5563797950744629, 0.5655487775802612, 0.5817174315452576, 0.5742856860160828, 0.5872340202331543, 0.5911681056022644, 0.6085714101791382, 0.6304348111152649, 0.6383285522460938, 0.6085754036903381, 0.6215469837188721, 0.6172839403152466, 0.6297872066497803, 0.6262068748474121, 0.6172839403152466, 0.6176065802574158, 0.6414285898208618, 0.6424501538276672, 0.6490250825881958, 0.6508380174636841, 0.6474719047546387, 0.6434540152549744, 0.6391184329986572, 0.6514285802841187, 0.6518105864524841, 0.6497175097465515, 0.642276406288147, 0.6551724076271057, 0.6502115726470947, 0.6605890393257141, 0.6551724076271057], "Recall": [0.4672245383262634, 0.5244072675704956, 0.5285913348197937, 0.5034867525100708, 0.5341701507568359, 0.5299860239028931, 0.5230125784873962, 0.517433762550354, 0.5857740640640259, 0.560669481754303, 0.5774058699607849, 0.5788005590438843, 0.5941422581672668, 0.6066945791244507, 0.6178521513938904, 0.6136680841445923, 0.6276150345802307, 0.6276150345802307, 0.6192468404769897, 0.633193850517273, 0.6276150345802307, 0.6262203454971313, 0.6262203454971313, 0.6290097832679749, 0.6499302387237549, 0.6499302387237549, 0.6429567933082581, 0.6443514823913574, 0.6471408605575562, 0.6359832882881165, 0.6527196764945984, 0.6415620446205139, 0.6610878705978394, 0.6359832882881165, 0.6429567933082581, 0.6569037437438965, 0.6359832882881165], "AUC": [0.5073713064193726, 0.5224834680557251, 0.529997706413269, 0.5447685122489929, 0.5561215877532959, 0.5523324012756348, 0.5753244757652283, 0.583942711353302, 0.608155369758606, 0.6043204665184021, 0.6225400567054749, 0.6307467818260193, 0.6408549547195435, 0.6542621850967407, 0.6727006435394287, 0.6551754474639893, 0.6637712121009827, 0.6704627275466919, 0.6812672019004822, 0.6818400621414185, 0.6798102855682373, 0.6773934364318848, 0.6957676410675049, 0.695289134979248, 0.7019553184509277, 0.7129086852073669, 0.7076430916786194, 0.7043478488922119, 0.7042515873908997, 0.7082382440567017, 0.7086565494537354, 0.7098556756973267, 0.7177433967590332, 0.7188356518745422, 0.7144843339920044, 0.7206621766090393, 0.724108099937439], "val_loss": [0.6777678728103638, 0.682245671749115, 0.682944655418396, 0.6759812831878662, 0.6766554117202759, 0.6802052855491638, 0.6784790754318237, 0.6588151454925537, 0.6499243974685669, 0.6532523036003113, 0.6399344801902771, 0.6399825811386108, 0.6400914788246155, 0.6784781813621521, 0.6604850888252258, 0.6271596550941467, 0.6121670007705688, 0.7084987759590149, 0.6955526471138, 0.6120360493659973, 0.6191079020500183, 0.7147325277328491, 0.6142797470092773, 0.5978638529777527, 0.642627477645874, 0.5902689695358276, 0.5956137180328369, 0.6054326295852661, 0.5973330140113831, 0.620779812335968, 0.5879045128822327, 0.6048983335494995, 0.5822939276695251, 0.6232192516326904, 0.6267232894897461, 0.6269599795341492, 0.594161331653595], "val_accuracy": [0.6218181848526001, 0.6218181848526001, 0.6218181848526001, 0.6218181848526001, 0.6218181848526001, 0.585454523563385, 0.5745454430580139, 0.6327272653579712, 0.6218181848526001, 0.6218181848526001, 0.6254545450210571, 0.6218181848526001, 0.6218181848526001, 0.5199999809265137, 0.6218181848526001, 0.6290909051895142, 0.6945454478263855, 0.5090909004211426, 0.5236363410949707, 0.6509090662002563, 0.6363636255264282, 0.5127272605895996, 0.6363636255264282, 0.6836363673210144, 0.589090883731842, 0.6909090876579285, 0.6800000071525574, 0.6509090662002563, 0.6581818461418152, 0.607272744178772, 0.6872727274894714, 0.6509090662002563, 0.6909090876579285, 0.6581818461418152, 0.6545454263687134, 0.614545464515686, 0.6618182063102722], "val_benchmark_773": [104.0, 104.0, 104.0, 104.0, 104.0, 114.0, 117.0, 101.0, 104.0, 104.0, 103.0, 104.0, 104.0, 132.0, 104.0, 102.0, 84.0, 135.0, 131.0, 96.0, 100.0, 134.0, 100.0, 87.0, 113.0, 85.0, 88.0, 96.0, 94.0, 108.0, 86.0, 96.0, 85.0, 94.0, 95.0, 106.0, 93.0], "val_TP": [171.0, 171.0, 171.0, 171.0, 171.0, 114.0, 94.0, 167.0, 171.0, 171.0, 171.0, 171.0, 171.0, 53.0, 171.0, 171.0, 162.0, 42.0, 47.0, 128.0, 170.0, 45.0, 114.0, 138.0, 82.0, 151.0, 161.0, 169.0, 166.0, 92.0, 142.0, 110.0, 149.0, 169.0, 170.0, 92.0, 117.0], "val_TN": [0.0, 0.0, 0.0, 0.0, 0.0, 47.0, 64.0, 7.0, 0.0, 0.0, 1.0, 0.0, 0.0, 90.0, 0.0, 2.0, 29.0, 98.0, 97.0, 51.0, 5.0, 96.0, 61.0, 50.0, 80.0, 39.0, 26.0, 10.0, 15.0, 75.0, 47.0, 69.0, 41.0, 12.0, 10.0, 77.0, 65.0], "val_FP": [104.0, 104.0, 104.0, 104.0, 104.0, 57.0, 40.0, 97.0, 104.0, 104.0, 103.0, 104.0, 104.0, 14.0, 104.0, 102.0, 75.0, 6.0, 7.0, 53.0, 99.0, 8.0, 43.0, 54.0, 24.0, 65.0, 78.0, 94.0, 89.0, 29.0, 57.0, 35.0, 63.0, 92.0, 94.0, 27.0, 39.0], "val_FN": [0.0, 0.0, 0.0, 0.0, 0.0, 57.0, 77.0, 4.0, 0.0, 0.0, 0.0, 0.0, 0.0, 118.0, 0.0, 0.0, 9.0, 129.0, 124.0, 43.0, 1.0, 126.0, 57.0, 33.0, 89.0, 20.0, 10.0, 2.0, 5.0, 79.0, 29.0, 61.0, 22.0, 2.0, 1.0, 79.0, 54.0],