{"loss": [0.6912601590156555, 0.68814617395401, 0.6845009922981262, 0.6804508566856384, 0.6765214800834656, 0.6722827553749084, 0.6677114367485046, 0.6632552146911621, 0.6591379046440125, 0.6568257808685303, 0.6531156897544861, 0.6482766270637512, 0.6482985615730286, 0.6454524397850037, 0.6405211091041565, 0.6405048370361328, 0.638723611831665, 0.6385911107063293, 0.631984531879425, 0.6328573822975159, 0.6306089758872986, 0.6301801204681396, 0.6250702142715454, 0.6249831914901733, 0.6238958239555359, 0.620974600315094, 0.6202321648597717, 0.6157917976379395, 0.6143547892570496, 0.6117640733718872, 0.6102287173271179, 0.6054902672767639, 0.6047335863113403, 0.6029044389724731, 0.6004806756973267, 0.5927267670631409, 0.5953966379165649, 0.5917484164237976, 0.5909328460693359, 0.5921589136123657, 0.5856982469558716, 0.5839024186134338, 0.5814273953437805, 0.5780687928199768, 0.575921893119812, 0.5712505578994751, 0.5818754434585571, 0.5692995190620422, 0.5673809051513672], "accuracy": [0.555787980556488, 0.5753138065338135, 0.5655509233474731, 0.5767084956169128, 0.5774058699607849, 0.5829846858978271, 0.6108786463737488, 0.6032078266143799, 0.6101813316345215, 0.6101813316345215, 0.60808926820755, 0.6185495257377625, 0.6213389039039612, 0.6241283416748047, 0.6311017870903015, 0.6241283416748047, 0.6304044723510742, 0.6304044723510742, 0.6352859139442444, 0.6478382349014282, 0.6408647298812866, 0.6555090546607971, 0.6394700407981873, 0.6562064290046692, 0.6541143655776978, 0.6645746231079102, 0.6492329239845276, 0.6443514823913574, 0.6562064290046692, 0.6708507537841797, 0.6582984924316406, 0.672245442867279, 0.6785216331481934, 0.677126944065094, 0.6708507537841797, 0.6903765797615051, 0.6889818906784058, 0.6931659579277039, 0.7001394629478455, 0.6813110113143921, 0.6994421482086182, 0.6959553956985474, 0.6799163222312927, 0.7029288411140442, 0.7036262154579163, 0.7050209045410156, 0.6952580213546753, 0.7092050313949585, 0.7182705998420715], "benchmark_945": [637.0, 609.0, 623.0, 607.0, 606.0, 598.0, 558.0, 569.0, 559.0, 559.0, 562.0, 547.0, 543.0, 539.0, 529.0, 539.0, 530.0, 530.0, 523.0, 505.0, 515.0, 494.0, 517.0, 493.0, 496.0, 481.0, 503.0, 510.0, 493.0, 472.0, 490.0, 470.0, 461.0, 463.0, 472.0, 444.0, 446.0, 440.0, 430.0, 457.0, 431.0, 436.0, 459.0, 426.0, 425.0, 423.0, 437.0, 417.0, 404.0], "TP": [194.0, 309.0, 362.0, 382.0, 376.0, 394.0, 425.0, 420.0, 402.0, 399.0, 390.0, 408.0, 404.0, 412.0, 405.0, 407.0, 418.0, 408.0, 414.0, 431.0, 425.0, 428.0, 423.0, 444.0, 428.0, 425.0, 427.0, 425.0, 422.0, 438.0, 437.0, 443.0, 443.0, 442.0, 430.0, 459.0, 452.0, 456.0, 464.0, 449.0, 453.0, 457.0, 446.0, 454.0, 455.0, 477.0, 464.0, 464.0, 478.0], "TN": [603.0, 516.0, 449.0, 445.0, 452.0, 442.0, 451.0, 445.0, 473.0, 476.0, 482.0, 479.0, 487.0, 483.0, 500.0, 488.0, 486.0, 496.0, 497.0, 498.0, 494.0, 512.0, 494.0, 497.0, 510.0, 528.0, 504.0, 499.0, 519.0, 524.0, 507.0, 521.0, 530.0, 529.0, 532.0, 531.0, 536.0, 538.0, 540.0, 528.0, 550.0, 541.0, 529.0, 554.0, 554.0, 534.0, 533.0, 553.0, 552.0], "FP": [114.0, 201.0, 268.0, 272.0, 265.0, 275.0, 266.0, 272.0, 244.0, 241.0, 235.0, 238.0, 230.0, 234.0, 217.0, 229.0, 231.0, 221.0, 220.0, 219.0, 223.0, 205.0, 223.0, 220.0, 207.0, 189.0, 213.0, 218.0, 198.0, 193.0, 210.0, 196.0, 187.0, 188.0, 185.0, 186.0, 181.0, 179.0, 177.0, 189.0, 167.0, 176.0, 188.0, 163.0, 163.0, 183.0, 184.0, 164.0, 165.0], "FN": [523.0, 408.0, 355.0, 335.0, 341.0, 323.0, 292.0, 297.0, 315.0, 318.0, 327.0, 309.0, 313.0, 305.0, 312.0, 310.0, 299.0, 309.0, 303.0, 286.0, 292.0, 289.0, 294.0, 273.0, 289.0, 292.0, 290.0, 292.0, 295.0, 279.0, 280.0, 274.0, 274.0, 275.0, 287.0, 258.0, 265.0, 261.0, 253.0, 268.0, 264.0, 260.0, 271.0, 263.0, 262.0, 240.0, 253.0, 253.0, 239.0], "Precision": [0.6298701167106628, 0.6058823466300964, 0.5746031999588013, 0.5840978622436523, 0.5865834355354309, 0.5889387130737305, 0.6150506734848022, 0.6069363951683044, 0.6222910284996033, 0.6234375238418579, 0.6240000128746033, 0.6315789222717285, 0.6372239589691162, 0.6377708911895752, 0.651125431060791, 0.6399371027946472, 0.6440678238868713, 0.6486486196517944, 0.652996838092804, 0.6630769371986389, 0.6558641791343689, 0.6761453151702881, 0.6547987461090088, 0.6686747074127197, 0.6740157604217529, 0.6921824216842651, 0.667187511920929, 0.6609642505645752, 0.6806451678276062, 0.6941362619400024, 0.6754250526428223, 0.693270742893219, 0.7031745910644531, 0.7015873193740845, 0.6991869807243347, 0.7116279006004333, 0.7140600085258484, 0.7181102633476257, 0.7238689661026001, 0.7037617564201355, 0.7306451797485352, 0.7219589352607727, 0.7034700512886047, 0.7358185052871704, 0.7362459301948547, 0.7227272987365723, 0.7160493731498718, 0.7388535141944885, 0.7433903813362122], "Recall": [0.27057182788848877, 0.43096235394477844, 0.5048814415931702, 0.5327754616737366, 0.5244072675704956, 0.5495118498802185, 0.5927475690841675, 0.5857740640640259, 0.560669481754303, 0.5564853549003601, 0.5439330339431763, 0.569037675857544, 0.5634588599205017, 0.5746164321899414, 0.5648535490036011, 0.5676429271697998, 0.5829846858978271, 0.569037675857544, 0.5774058699607849, 0.6011157631874084, 0.5927475690841675, 0.5969316363334656, 0.589958131313324, 0.6192468404769897, 0.5969316363334656, 0.5927475690841675, 0.5955369472503662, 0.5927475690841675, 0.5885634422302246, 0.6108786463737488, 0.6094839572906494, 0.6178521513938904, 0.6178521513938904, 0.616457462310791, 0.5997210741043091, 0.6401673555374146, 0.6304044723510742, 0.6359832882881165, 0.6471408605575562, 0.6262203454971313, 0.6317991614341736, 0.6373779773712158, 0.6220362782478333, 0.633193850517273, 0.6345885396003723, 0.6652719378471375, 0.6471408605575562, 0.6471408605575562, 0.6666666865348816], "AUC": [0.5640326738357544, 0.6111052632331848, 0.6227754354476929, 0.6298549175262451, 0.6362147331237793, 0.6383943557739258, 0.6461828947067261, 0.6492961049079895, 0.6529433727264404, 0.6524239778518677, 0.6527138352394104, 0.673168420791626, 0.6650579571723938, 0.6695523858070374, 0.6814218759536743, 0.6781442165374756, 0.6771882176399231, 0.6803637146949768, 0.6901295185089111, 0.6934469938278198, 0.6927477121353149, 0.6953756809234619, 0.6982079744338989, 0.7049158811569214, 0.7024990320205688, 0.7085913419723511, 0.7047573924064636, 0.7131810784339905, 0.715981125831604, 0.7257206439971924, 0.7264695167541504, 0.7342959642410278, 0.729845404624939, 0.7348844408988953, 0.7382232546806335, 0.751736581325531, 0.7440131902694702, 0.7518376708030701, 0.7520049810409546, 0.7496999502182007, 0.7600386142730713, 0.7631052732467651, 0.7611347436904907, 0.7671852707862854, 0.7718021869659424, 0.7785316109657288, 0.7619906067848206, 0.7816652655601501, 0.7814493179321289], "val_loss": [0.6999950408935547, 0.7122321128845215, 0.7393176555633545, 0.7855896949768066, 0.8511247634887695, 0.935786783695221, 1.0057134628295898, 1.021424412727356, 0.9507812261581421, 0.8787986040115356, 0.7934793829917908, 0.7390361428260803, 0.6925151348114014, 0.6680067181587219, 0.6520402431488037, 0.6362929940223694, 0.6311221122741699, 0.625357449054718, 0.6221106648445129, 0.6184722185134888, 0.6159765124320984, 0.6151674389839172, 0.611809492111206, 0.6051936745643616, 0.6072714328765869, 0.6026626825332642, 0.6059020757675171, 0.598146915435791, 0.5943683385848999, 0.5960895419120789, 0.597199559211731, 0.5979926586151123, 0.5947738289833069, 0.5957112312316895, 0.5878907442092896, 0.5913596749305725, 0.5882704257965088, 0.5848730802536011, 0.5866339802742004, 0.5806031823158264, 0.579774022102356, 0.5793031454086304, 0.5820525288581848, 0.5866848826408386, 0.5776520371437073, 0.5754170417785645, 0.577646017074585, 0.5717334747314453, 0.575891375541687],