{"loss": [1.2239803075790405, 0.18139345943927765, 0.12259107083082199, 0.09248433262109756, 0.08720804750919342, 0.09065684676170349, 0.08866023272275925, 0.09025327861309052, 0.09134131669998169, 0.09858836978673935, 0.08838605880737305, 0.0927596464753151, 0.1015961542725563, 0.09045783430337906, 0.0885036289691925, 0.0930698961019516, 0.08979117125272751, 0.09197824448347092, 0.09415462613105774, 0.08916587382555008, 0.09318378567695618, 0.09118016064167023], "accuracy": [0.4930264949798584, 0.5055788159370422, 0.5111575722694397, 0.49442121386528015, 0.5195258259773254, 0.4937238395214081, 0.5069735050201416, 0.4895397424697876, 0.4958159029483795, 0.509065568447113, 0.5230125784873962, 0.5223152041435242, 0.4972105920314789, 0.5013946890830994, 0.49790793657302856, 0.48465830087661743, 0.5146443247795105, 0.4790794849395752, 0.5048814415931702, 0.5118549466133118, 0.5139470100402832, 0.47629010677337646], "benchmark_8": [727.0, 709.0, 701.0, 725.0, 689.0, 726.0, 707.0, 732.0, 723.0, 704.0, 684.0, 685.0, 721.0, 715.0, 720.0, 739.0, 696.0, 747.0, 710.0, 700.0, 697.0, 751.0], "TP": [373.0, 382.0, 386.0, 389.0, 331.0, 426.0, 406.0, 386.0, 334.0, 342.0, 369.0, 386.0, 376.0, 263.0, 325.0, 367.0, 321.0, 310.0, 312.0, 342.0, 352.0, 349.0], "TN": [334.0, 343.0, 347.0, 320.0, 414.0, 282.0, 321.0, 316.0, 377.0, 388.0, 381.0, 363.0, 337.0, 456.0, 389.0, 328.0, 417.0, 377.0, 412.0, 392.0, 385.0, 334.0], "FP": [383.0, 374.0, 370.0, 397.0, 303.0, 435.0, 396.0, 401.0, 340.0, 329.0, 336.0, 354.0, 380.0, 261.0, 328.0, 389.0, 300.0, 340.0, 305.0, 325.0, 332.0, 383.0], "FN": [344.0, 335.0, 331.0, 328.0, 386.0, 291.0, 311.0, 331.0, 383.0, 375.0, 348.0, 331.0, 341.0, 454.0, 392.0, 350.0, 396.0, 407.0, 405.0, 375.0, 365.0, 368.0], "Precision": [0.49338623881340027, 0.5052909851074219, 0.5105820298194885, 0.49491095542907715, 0.5220820307731628, 0.4947735071182251, 0.5062344074249268, 0.49047014117240906, 0.49554896354675293, 0.5096870064735413, 0.5234042406082153, 0.5216216444969177, 0.49735450744628906, 0.5019084215164185, 0.4977028965950012, 0.48544973134994507, 0.5169082283973694, 0.4769230782985687, 0.5056726336479187, 0.5127436518669128, 0.5146198868751526, 0.4767759442329407], "Recall": [0.5202231407165527, 0.5327754616737366, 0.5383542776107788, 0.5425383448600769, 0.4616457521915436, 0.5941422581672668, 0.5662482380867004, 0.5383542776107788, 0.46582984924316406, 0.47698745131492615, 0.5146443247795105, 0.5383542776107788, 0.5244072675704956, 0.36680614948272705, 0.4532775580883026, 0.5118549466133118, 0.4476987421512604, 0.4323570430278778, 0.4351464509963989, 0.47698745131492615, 0.49093446135520935, 0.4867503345012665], "AUC": [0.49194303154945374, 0.517104983329773, 0.5191357731819153, 0.4997412860393524, 0.5250015258789062, 0.5023283958435059, 0.5096967220306396, 0.5069472193717957, 0.49672719836235046, 0.5271314978599548, 0.52464359998703, 0.5266159772872925, 0.5155537128448486, 0.5028069019317627, 0.4993678033351898, 0.4915121793746948, 0.5084003210067749, 0.47761088609695435, 0.5187554955482483, 0.5091851949691772, 0.5099817514419556, 0.4843772053718567], "val_loss": [0.3104943633079529, 0.08508533984422684, 0.08458537608385086, 0.08429671823978424, 0.08329901844263077, 0.10356247425079346, 0.08365236967802048, 0.08566144853830338, 0.09421112388372421, 0.08322503417730331, 0.08895055949687958, 0.14513716101646423, 0.11603280901908875, 0.08342189341783524, 0.08471206575632095, 0.08710154891014099, 0.08402208983898163, 0.08400395512580872, 0.10179950296878815, 0.10307011008262634, 0.08732124418020248, 0.08387058228254318], "val_accuracy": [0.3781818151473999, 0.6218181848526001, 0.6218181848526001, 0.6218181848526001, 0.6218181848526001, 0.3781818151473999, 0.6218181848526001, 0.614545464515686, 0.6218181848526001, 0.6218181848526001, 0.389090895652771, 0.3781818151473999, 0.3781818151473999, 0.6218181848526001, 0.6218181848526001, 0.45818182826042175, 0.6218181848526001, 0.6218181848526001, 0.3781818151473999, 0.3781818151473999, 0.6218181848526001, 0.6218181848526001], "val_benchmark_8": [171.0, 104.0, 104.0, 104.0, 104.0, 171.0, 104.0, 106.0, 104.0, 104.0, 168.0, 171.0, 171.0, 104.0, 104.0, 149.0, 104.0, 104.0, 171.0, 171.0, 104.0, 104.0], "val_TP": [0.0, 171.0, 171.0, 171.0, 171.0, 0.0, 171.0, 155.0, 171.0, 171.0, 3.0, 0.0, 0.0, 171.0, 171.0, 31.0, 171.0, 171.0, 0.0, 0.0, 171.0, 171.0], "val_TN": [104.0, 0.0, 0.0, 0.0, 0.0, 104.0, 0.0, 14.0, 0.0, 0.0, 104.0, 104.0, 104.0, 0.0, 0.0, 95.0, 0.0, 0.0, 104.0, 104.0, 0.0, 0.0], "val_FP": [0.0, 104.0, 104.0, 104.0, 104.0, 0.0, 104.0, 90.0, 104.0, 104.0, 0.0, 0.0, 0.0, 104.0, 104.0, 9.0, 104.0, 104.0, 0.0, 0.0, 104.0, 104.0], "val_FN": [171.0, 0.0, 0.0, 0.0, 0.0, 171.0, 0.0, 16.0, 0.0, 0.0, 168.0, 171.0, 171.0, 0.0, 0.0, 140.0, 0.0, 0.0, 171.0, 171.0, 0.0, 0.0], "val_Precision": [0.0, 0.6218181848526001, 0.6218181848526001, 0.6218181848526001, 0.6218181848526001, 0.0, 0.6218181848526001, 0.6326530575752258, 0.6218181848526001, 0.6218181848526001, 1.0, 0.0, 0.0, 0.6218181848526001, 0.6218181848526001, 0.7749999761581421, 0.6218181848526001, 0.6218181848526001, 0.0, 0.0, 0.6218181848526001, 0.6218181848526001], "val_Recall": [0.0, 1.0, 1.0, 1.0, 1.0, 0.0, 1.0, 0.9064327478408813, 1.0, 1.0, 0.017543859779834747, 0.0, 0.0, 1.0, 1.0, 0.1812865436077118, 1.0, 1.0, 0.0, 0.0, 1.0, 1.0], "val_AUC": [0.5, 0.5031489133834839, 0.5249662399291992, 0.5161943435668945, 0.5573549270629883, 0.5135796070098877, 0.5736898183822632, 0.543297290802002, 0.5366902947425842, 0.5653958916664124, 0.5376461744308472, 0.5688259601593018, 0.5781883001327515, 0.5365215539932251, 0.5642150044441223, 0.5432130098342896, 0.5515069961547852, 0.5614315867424011, 0.5583670735359192, 0.5557242035865784, 0.5654520988464355, 0.554065465927124]}