{"loss": [0.044069208204746246, 0.043173450976610184, 0.04317927360534668, 0.04258059710264206, 0.04279189184308052, 0.04266738146543503, 0.04258574917912483, 0.0422513522207737, 0.041884951293468475, 0.04139318689703941, 0.041422996670007706, 0.04085441306233406, 0.04076668992638588, 0.04054277390241623, 0.040113527327775955, 0.03985179588198662, 0.03961019217967987, 0.03953126445412636, 0.03948044404387474, 0.03889721632003784, 0.038813699036836624, 0.03836191073060036, 0.03915462642908096, 0.03821289539337158], "accuracy": [0.4972105920314789, 0.5341701507568359, 0.5285913348197937, 0.5571827292442322, 0.5453277826309204, 0.5550906658172607, 0.5425383448600769, 0.5529986023902893, 0.5822873115539551, 0.5969316363334656, 0.5801952481269836, 0.6025104522705078, 0.6108786463737488, 0.6185495257377625, 0.6408647298812866, 0.6408647298812866, 0.651324987411499, 0.6443514823913574, 0.6562064290046692, 0.6569037437438965, 0.6471408605575562, 0.6743375062942505, 0.6589958071708679, 0.6847977638244629], "benchmark_11": [721.0, 668.0, 676.0, 635.0, 652.0, 638.0, 656.0, 641.0, 599.0, 578.0, 602.0, 570.0, 558.0, 547.0, 515.0, 515.0, 500.0, 510.0, 493.0, 492.0, 506.0, 467.0, 489.0, 452.0], "TP": [361.0, 385.0, 354.0, 395.0, 387.0, 388.0, 360.0, 365.0, 380.0, 370.0, 364.0, 378.0, 411.0, 392.0, 425.0, 404.0, 412.0, 398.0, 430.0, 427.0, 423.0, 454.0, 440.0, 462.0], "TN": [352.0, 381.0, 404.0, 404.0, 395.0, 408.0, 418.0, 428.0, 455.0, 486.0, 468.0, 486.0, 465.0, 495.0, 494.0, 515.0, 522.0, 526.0, 511.0, 515.0, 505.0, 513.0, 505.0, 520.0], "FP": [365.0, 336.0, 313.0, 313.0, 322.0, 309.0, 299.0, 289.0, 262.0, 231.0, 249.0, 231.0, 252.0, 222.0, 223.0, 202.0, 195.0, 191.0, 206.0, 202.0, 212.0, 204.0, 212.0, 197.0], "FN": [356.0, 332.0, 363.0, 322.0, 330.0, 329.0, 357.0, 352.0, 337.0, 347.0, 353.0, 339.0, 306.0, 325.0, 292.0, 313.0, 305.0, 319.0, 287.0, 290.0, 294.0, 263.0, 277.0, 255.0], "Precision": [0.497245192527771, 0.5339806079864502, 0.530734658241272, 0.5579096078872681, 0.5458391904830933, 0.5566714406013489, 0.5462822318077087, 0.5581039786338806, 0.5919002890586853, 0.6156405806541443, 0.593800961971283, 0.6206896305084229, 0.6199095249176025, 0.638436496257782, 0.6558641791343689, 0.6666666865348816, 0.6787479519844055, 0.6757215857505798, 0.6761006116867065, 0.678855299949646, 0.6661417484283447, 0.6899695992469788, 0.6748466491699219, 0.7010622024536133], "Recall": [0.5034867525100708, 0.5369595289230347, 0.4937238395214081, 0.5509065389633179, 0.5397489666938782, 0.5411436557769775, 0.5020920634269714, 0.509065568447113, 0.5299860239028931, 0.5160390734672546, 0.5076708793640137, 0.5271966457366943, 0.573221743106842, 0.5467224717140198, 0.5927475690841675, 0.5634588599205017, 0.5746164321899414, 0.5550906658172607, 0.5997210741043091, 0.5955369472503662, 0.589958131313324, 0.633193850517273, 0.6136680841445923, 0.6443514823913574], "AUC": [0.5035859942436218, 0.5488028526306152, 0.5498055815696716, 0.573233425617218, 0.5565680265426636, 0.5658485293388367, 0.5646026730537415, 0.5897801518440247, 0.6123473048210144, 0.6364871263504028, 0.6221792697906494, 0.6538819670677185, 0.666043221950531, 0.665421724319458, 0.6817671656608582, 0.6919249892234802, 0.7036106586456299, 0.6963016390800476, 0.7087041139602661, 0.7178241610527039, 0.7135311365127563, 0.7340577244758606, 0.7139930129051208, 0.7423734664916992], "val_loss": [0.045655444264411926, 0.04480626434087753, 0.04391518980264664, 0.04323833808302879, 0.04321683570742607, 0.04274044930934906, 0.04201211780309677, 0.04173220321536064, 0.041616953909397125, 0.04181886836886406, 0.042539797723293304, 0.04355340078473091, 0.04530162736773491, 0.04894327372312546, 0.054020121693611145, 0.05941368639469147, 0.06676284223794937, 0.07247230410575867, 0.08190997689962387, 0.09112083166837692, 0.0950348898768425, 0.10328888148069382, 0.10461506247520447, 0.11380799859762192], "val_accuracy": [0.3781818151473999, 0.3781818151473999, 0.3781818151473999, 0.6254545450210571, 0.6036363840103149, 0.6218181848526001, 0.6218181848526001, 0.6218181848526001, 0.6218181848526001, 0.6218181848526001, 0.6218181848526001, 0.6218181848526001, 0.6218181848526001, 0.6218181848526001, 0.6218181848526001, 0.6218181848526001, 0.6218181848526001, 0.6218181848526001, 0.6218181848526001, 0.6218181848526001, 0.6218181848526001, 0.6218181848526001, 0.6218181848526001, 0.6218181848526001], "val_benchmark_11": [171.0, 171.0, 171.0, 103.0, 109.0, 104.0, 104.0, 104.0, 104.0, 104.0, 104.0, 104.0, 104.0, 104.0, 104.0, 104.0, 104.0, 104.0, 104.0, 104.0, 104.0, 104.0, 104.0, 104.0], "val_TP": [0.0, 0.0, 0.0, 165.0, 138.0, 171.0, 171.0, 171.0, 171.0, 171.0, 171.0, 171.0, 171.0, 171.0, 171.0, 171.0, 171.0, 171.0, 171.0, 171.0, 171.0, 171.0, 171.0, 171.0], "val_TN": [104.0, 104.0, 104.0, 7.0, 28.0, 0.0, 0.0, 0.0, 0.0, 0.0, 0.0, 0.0, 0.0, 0.0, 0.0, 0.0, 0.0, 0.0, 0.0, 0.0, 0.0, 0.0, 0.0, 0.0], "val_FP": [0.0, 0.0, 0.0, 97.0, 76.0, 104.0, 104.0, 104.0, 104.0, 104.0, 104.0, 104.0, 104.0, 104.0, 104.0, 104.0, 104.0, 104.0, 104.0, 104.0, 104.0, 104.0, 104.0, 104.0], "val_FN": [171.0, 171.0, 171.0, 6.0, 33.0, 0.0, 0.0, 0.0, 0.0, 0.0, 0.0, 0.0, 0.0, 0.0, 0.0, 0.0, 0.0, 0.0, 0.0, 0.0, 0.0, 0.0, 0.0, 0.0], "val_Precision": [0.0, 0.0, 0.0, 0.6297709941864014, 0.644859790802002, 0.6218181848526001, 0.6218181848526001, 0.6218181848526001, 0.6218181848526001, 0.6218181848526001, 0.6218181848526001, 0.6218181848526001, 0.6218181848526001, 0.6218181848526001, 0.6218181848526001, 0.6218181848526001, 0.6218181848526001, 0.6218181848526001, 0.6218181848526001, 0.6218181848526001, 0.6218181848526001, 0.6218181848526001, 0.6218181848526001, 0.6218181848526001], "val_Recall": [0.0, 0.0, 0.0, 0.9649122953414917, 0.8070175647735596, 1.0, 1.0, 1.0, 1.0, 1.0, 1.0, 1.0, 1.0, 1.0, 1.0, 1.0, 1.0, 1.0, 1.0, 1.0, 1.0, 1.0, 1.0, 1.0], "val_AUC": [0.5, 0.5, 0.5, 0.5, 0.5146198868751526, 0.5146198868751526, 0.5204678177833557, 0.5614035129547119, 0.5611504912376404, 0.563652753829956, 0.5446749329566956, 0.5634840726852417, 0.5806061625480652, 0.5681511163711548, 0.589631199836731, 0.5893781185150146, 0.5558648109436035, 0.566689133644104, 0.5816745162010193, 0.586285412311554, 0.5881691575050354, 0.6131634712219238, 0.5738304257392883, 0.5689665079116821]}