{"loss": [0.6965981721878052, 0.6962488889694214, 0.6929771900177002, 0.6929221749305725, 0.6899272203445435, 0.6898483037948608, 0.6867794394493103, 0.6854748725891113, 0.6848520040512085, 0.6819274425506592, 0.6787737607955933, 0.671718955039978, 0.672415018081665, 0.6633169054985046, 0.6635825037956238, 0.6595923900604248, 0.6531068682670593, 0.6536194682121277, 0.6507667303085327, 0.642882764339447, 0.6449249386787415, 0.6410776376724243, 0.6341286897659302, 0.6347240209579468, 0.6362302899360657, 0.6332762837409973, 0.6255768537521362, 0.6303936243057251, 0.6236579418182373, 0.6241844296455383, 0.6221030950546265, 0.6189994215965271, 0.6153530478477478, 0.6208951473236084, 0.617907702922821, 0.6128060817718506, 0.6126393675804138, 0.6110167503356934, 0.6025539040565491, 0.6043863892555237, 0.6000192761421204, 0.6027088165283203, 0.5999632477760315, 0.5948361754417419, 0.5977761745452881, 0.6007668375968933, 0.5919018983840942, 0.589627206325531, 0.5909007787704468, 0.5930980443954468, 0.5895234942436218, 0.5843701958656311, 0.5849718451499939, 0.5824533104896545], "accuracy": [0.49163180589675903, 0.48744770884513855, 0.5, 0.5160390734672546, 0.5306833982467651, 0.5327754616737366, 0.5460250973701477, 0.5467224717140198, 0.5550906658172607, 0.5509065389633179, 0.5669456124305725, 0.5934448838233948, 0.573221743106842, 0.6025104522705078, 0.5843793749809265, 0.6046025156974792, 0.6150627732276917, 0.6136680841445923, 0.6101813316345215, 0.6297070980072021, 0.625523030757904, 0.6311017870903015, 0.642259418964386, 0.6227335929870605, 0.6297070980072021, 0.6227335929870605, 0.6429567933082581, 0.6408647298812866, 0.6457461714744568, 0.6520223021507263, 0.6478382349014282, 0.6415620446205139, 0.6562064290046692, 0.6436541080474854, 0.6541143655776978, 0.6576011180877686, 0.6562064290046692, 0.6610878705978394, 0.6715481281280518, 0.6750348806381226, 0.6729428172111511, 0.6792189478874207, 0.6576011180877686, 0.6834030747413635, 0.6638772487640381, 0.6645746231079102, 0.6834030747413635, 0.6792189478874207, 0.672245442867279, 0.6820083856582642, 0.6701534390449524, 0.6694560647010803, 0.6715481281280518, 0.6847977638244629], "benchmark_287": [729.0, 735.0, 717.0, 694.0, 673.0, 670.0, 651.0, 650.0, 638.0, 644.0, 621.0, 583.0, 612.0, 570.0, 596.0, 567.0, 552.0, 554.0, 559.0, 531.0, 537.0, 529.0, 513.0, 541.0, 531.0, 541.0, 512.0, 515.0, 508.0, 499.0, 505.0, 514.0, 493.0, 511.0, 496.0, 491.0, 493.0, 486.0, 471.0, 466.0, 469.0, 460.0, 491.0, 454.0, 482.0, 481.0, 454.0, 460.0, 470.0, 456.0, 473.0, 474.0, 471.0, 452.0], "TP": [403.0, 325.0, 382.0, 353.0, 359.0, 365.0, 358.0, 364.0, 371.0, 386.0, 390.0, 412.0, 372.0, 414.0, 416.0, 419.0, 437.0, 423.0, 451.0, 440.0, 438.0, 460.0, 471.0, 436.0, 460.0, 450.0, 459.0, 467.0, 460.0, 468.0, 465.0, 456.0, 471.0, 452.0, 476.0, 465.0, 474.0, 476.0, 477.0, 477.0, 482.0, 485.0, 476.0, 487.0, 469.0, 486.0, 494.0, 481.0, 477.0, 477.0, 475.0, 477.0, 485.0, 481.0], "TN": [302.0, 374.0, 335.0, 387.0, 402.0, 399.0, 425.0, 420.0, 425.0, 404.0, 423.0, 439.0, 450.0, 450.0, 422.0, 448.0, 445.0, 457.0, 424.0, 463.0, 459.0, 445.0, 450.0, 457.0, 443.0, 443.0, 463.0, 452.0, 466.0, 467.0, 464.0, 464.0, 470.0, 471.0, 462.0, 478.0, 467.0, 472.0, 486.0, 491.0, 483.0, 489.0, 467.0, 493.0, 483.0, 467.0, 486.0, 493.0, 487.0, 501.0, 486.0, 483.0, 478.0, 501.0], "FP": [415.0, 343.0, 382.0, 330.0, 315.0, 318.0, 292.0, 297.0, 292.0, 313.0, 294.0, 278.0, 267.0, 267.0, 295.0, 269.0, 272.0, 260.0, 293.0, 254.0, 258.0, 272.0, 267.0, 260.0, 274.0, 274.0, 254.0, 265.0, 251.0, 250.0, 253.0, 253.0, 247.0, 246.0, 255.0, 239.0, 250.0, 245.0, 231.0, 226.0, 234.0, 228.0, 250.0, 224.0, 234.0, 250.0, 231.0, 224.0, 230.0, 216.0, 231.0, 234.0, 239.0, 216.0], "FN": [314.0, 392.0, 335.0, 364.0, 358.0, 352.0, 359.0, 353.0, 346.0, 331.0, 327.0, 305.0, 345.0, 303.0, 301.0, 298.0, 280.0, 294.0, 266.0, 277.0, 279.0, 257.0, 246.0, 281.0, 257.0, 267.0, 258.0, 250.0, 257.0, 249.0, 252.0, 261.0, 246.0, 265.0, 241.0, 252.0, 243.0, 241.0, 240.0, 240.0, 235.0, 232.0, 241.0, 230.0, 248.0, 231.0, 223.0, 236.0, 240.0, 240.0, 242.0, 240.0, 232.0, 236.0], "Precision": [0.49266502261161804, 0.4865269362926483, 0.5, 0.516837477684021, 0.5326409339904785, 0.5344070196151733, 0.5507692098617554, 0.5506808161735535, 0.5595777034759521, 0.552217423915863, 0.5701754093170166, 0.5971014499664307, 0.5821596384048462, 0.607929527759552, 0.5850914120674133, 0.6090116500854492, 0.6163610816001892, 0.6193264722824097, 0.6061828136444092, 0.6340057849884033, 0.6293103694915771, 0.6284152865409851, 0.6382113695144653, 0.6264367699623108, 0.6267030239105225, 0.6215469837188721, 0.6437587738037109, 0.6379781365394592, 0.646976113319397, 0.6518105864524841, 0.6476323008537292, 0.6431593894958496, 0.655988872051239, 0.6475644707679749, 0.6511628031730652, 0.6605113744735718, 0.6546961069107056, 0.6601941585540771, 0.6737288236618042, 0.6785206198692322, 0.673184335231781, 0.6802244186401367, 0.6556473970413208, 0.6849507689476013, 0.6671408414840698, 0.6603260636329651, 0.6813793182373047, 0.6822695136070251, 0.6746817827224731, 0.6883116960525513, 0.6728045344352722, 0.6708860993385315, 0.669889509677887, 0.6901004314422607], "Recall": [0.5620641708374023, 0.4532775580883026, 0.5327754616737366, 0.4923291504383087, 0.5006973743438721, 0.509065568447113, 0.4993026554584503, 0.5076708793640137, 0.517433762550354, 0.5383542776107788, 0.5439330339431763, 0.5746164321899414, 0.5188284516334534, 0.5774058699607849, 0.5801952481269836, 0.5843793749809265, 0.6094839572906494, 0.589958131313324, 0.6290097832679749, 0.6136680841445923, 0.6108786463737488, 0.6415620446205139, 0.6569037437438965, 0.60808926820755, 0.6415620446205139, 0.6276150345802307, 0.6401673555374146, 0.651324987411499, 0.6415620446205139, 0.6527196764945984, 0.6485355496406555, 0.6359832882881165, 0.6569037437438965, 0.6304044723510742, 0.6638772487640381, 0.6485355496406555, 0.6610878705978394, 0.6638772487640381, 0.6652719378471375, 0.6652719378471375, 0.672245442867279, 0.6764295697212219, 0.6638772487640381, 0.6792189478874207, 0.6541143655776978, 0.6778242588043213, 0.6889818906784058, 0.6708507537841797, 0.6652719378471375, 0.6652719378471375, 0.6624825596809387, 0.6652719378471375, 0.6764295697212219, 0.6708507537841797], "AUC": [0.48271793127059937, 0.48614054918289185, 0.517212986946106, 0.5264098048210144, 0.5373913645744324, 0.5429303050041199, 0.5644013285636902, 0.5692846775054932, 0.5707271099090576, 0.5850495100021362, 0.5986453890800476, 0.6298422813415527, 0.6172549724578857, 0.6500479578971863, 0.6404610872268677, 0.6484091281890869, 0.6623775362968445, 0.6591134667396545, 0.6669156551361084, 0.680401623249054, 0.6736032366752625, 0.681522011756897, 0.6930132508277893, 0.6882709264755249, 0.6863987445831299, 0.6880228519439697, 0.705742597579956, 0.6959359049797058, 0.7055976986885071, 0.7045851349830627, 0.7072734236717224, 0.7131683230400085, 0.7196117639541626, 0.7116715312004089, 0.7134144306182861, 0.7230868339538574, 0.7211698889732361, 0.7266718745231628, 0.7383517622947693, 0.7324481010437012, 0.7435171008110046, 0.7365348935127258, 0.7375045418739319, 0.7445345520973206, 0.741524338722229, 0.7368461489677429, 0.7510839700698853, 0.7504041194915771, 0.7473803162574768, 0.7468424439430237, 0.7501532435417175, 0.7578551769256592, 0.7568358778953552, 0.7598217129707336],