{"loss": [0.6932078003883362, 0.6912755370140076, 0.6879575252532959, 0.682953953742981, 0.679006040096283, 0.6752489805221558, 0.6680806279182434, 0.6649332642555237, 0.6622998714447021, 0.6559782028198242, 0.6539148688316345, 0.6462107300758362, 0.6442865133285522, 0.6422774791717529, 0.6402794122695923, 0.6378151774406433, 0.6280306577682495, 0.6330073475837708, 0.6296215653419495, 0.625503659248352, 0.6240559816360474, 0.6175611019134521, 0.6174238324165344, 0.6094029545783997, 0.6121885180473328, 0.6113555431365967, 0.6079810261726379, 0.6027869582176208, 0.6029491424560547, 0.6031948924064636, 0.5959648489952087, 0.5915481448173523, 0.5937341451644897, 0.5854835510253906, 0.5868266224861145, 0.5930191278457642, 0.5953033566474915, 0.5862667560577393], "accuracy": [0.49790793657302856, 0.5230125784873962, 0.5516039133071899, 0.5711296796798706, 0.5683403015136719, 0.5746164321899414, 0.586471438407898, 0.599023699760437, 0.5948396325111389, 0.6143653988838196, 0.6011157631874084, 0.6178521513938904, 0.6178521513938904, 0.6283124089241028, 0.6283124089241028, 0.6276150345802307, 0.6401673555374146, 0.6366806030273438, 0.6429567933082581, 0.6450487971305847, 0.651324987411499, 0.6527196764945984, 0.65969318151474, 0.6617852449417114, 0.6617852449417114, 0.6555090546607971, 0.6652719378471375, 0.6750348806381226, 0.6736401915550232, 0.6652719378471375, 0.6785216331481934, 0.6847977638244629, 0.6757321953773499, 0.6778242588043213, 0.6875871419906616, 0.6757321953773499, 0.6694560647010803, 0.6882845163345337], "benchmark_207": [720.0, 684.0, 643.0, 615.0, 619.0, 610.0, 593.0, 575.0, 581.0, 553.0, 572.0, 548.0, 548.0, 533.0, 533.0, 534.0, 516.0, 521.0, 512.0, 509.0, 500.0, 498.0, 488.0, 485.0, 485.0, 494.0, 480.0, 466.0, 468.0, 480.0, 461.0, 452.0, 465.0, 462.0, 448.0, 465.0, 474.0, 447.0], "TP": [433.0, 340.0, 331.0, 322.0, 293.0, 288.0, 323.0, 312.0, 333.0, 349.0, 348.0, 364.0, 379.0, 390.0, 388.0, 387.0, 408.0, 392.0, 409.0, 406.0, 415.0, 420.0, 438.0, 426.0, 436.0, 430.0, 434.0, 449.0, 446.0, 444.0, 457.0, 458.0, 455.0, 458.0, 453.0, 467.0, 450.0, 453.0], "TN": [281.0, 410.0, 460.0, 497.0, 522.0, 536.0, 518.0, 547.0, 520.0, 532.0, 514.0, 522.0, 507.0, 511.0, 513.0, 513.0, 510.0, 521.0, 513.0, 519.0, 519.0, 516.0, 508.0, 523.0, 513.0, 510.0, 520.0, 519.0, 520.0, 510.0, 516.0, 524.0, 514.0, 514.0, 533.0, 502.0, 510.0, 534.0], "FP": [436.0, 307.0, 257.0, 220.0, 195.0, 181.0, 199.0, 170.0, 197.0, 185.0, 203.0, 195.0, 210.0, 206.0, 204.0, 204.0, 207.0, 196.0, 204.0, 198.0, 198.0, 201.0, 209.0, 194.0, 204.0, 207.0, 197.0, 198.0, 197.0, 207.0, 201.0, 193.0, 203.0, 203.0, 184.0, 215.0, 207.0, 183.0], "FN": [284.0, 377.0, 386.0, 395.0, 424.0, 429.0, 394.0, 405.0, 384.0, 368.0, 369.0, 353.0, 338.0, 327.0, 329.0, 330.0, 309.0, 325.0, 308.0, 311.0, 302.0, 297.0, 279.0, 291.0, 281.0, 287.0, 283.0, 268.0, 271.0, 273.0, 260.0, 259.0, 262.0, 259.0, 264.0, 250.0, 267.0, 264.0], "Precision": [0.4982738792896271, 0.5255023241043091, 0.5629251599311829, 0.5940959453582764, 0.6004098653793335, 0.6140725016593933, 0.6187739372253418, 0.6473029255867004, 0.6283018589019775, 0.653558075428009, 0.6315789222717285, 0.6511628031730652, 0.6434634923934937, 0.6543624401092529, 0.6554054021835327, 0.6548223495483398, 0.6634146571159363, 0.6666666865348816, 0.6672104597091675, 0.6721854209899902, 0.6769983768463135, 0.6763284802436829, 0.6769706606864929, 0.6870967745780945, 0.6812499761581421, 0.6750392317771912, 0.6877971291542053, 0.6939721703529358, 0.6936236619949341, 0.6820276379585266, 0.6945288777351379, 0.7035330533981323, 0.6914893388748169, 0.6928895711898804, 0.7111459970474243, 0.6847507357597351, 0.6849315166473389, 0.7122641801834106], "Recall": [0.6039051413536072, 0.47419804334640503, 0.4616457521915436, 0.44909343123435974, 0.4086471498012543, 0.40167364478111267, 0.4504881501197815, 0.4351464509963989, 0.4644351601600647, 0.4867503345012665, 0.4853556454181671, 0.5076708793640137, 0.5285913348197937, 0.5439330339431763, 0.5411436557769775, 0.5397489666938782, 0.569037675857544, 0.5467224717140198, 0.5704323649406433, 0.5662482380867004, 0.5788005590438843, 0.5857740640640259, 0.6108786463737488, 0.5941422581672668, 0.60808926820755, 0.5997210741043091, 0.6052998900413513, 0.6262203454971313, 0.6220362782478333, 0.6192468404769897, 0.6373779773712158, 0.6387726664543152, 0.6345885396003723, 0.6387726664543152, 0.6317991614341736, 0.651324987411499, 0.6276150345802307, 0.6317991614341736], "AUC": [0.5029157996177673, 0.5402897000312805, 0.5550944805145264, 0.5702232122421265, 0.581314742565155, 0.5908539295196533, 0.6086786985397339, 0.6253635287284851, 0.6248937249183655, 0.6358733773231506, 0.6427028775215149, 0.6701194047927856, 0.6597884297370911, 0.6695970892906189, 0.6727317571640015, 0.6759276986122131, 0.6938807964324951, 0.6833339929580688, 0.6905866265296936, 0.6968015432357788, 0.6997290253639221, 0.7083977460861206, 0.709662139415741, 0.7222698926925659, 0.7148587107658386, 0.7187636494636536, 0.7232103943824768, 0.7315474152565002, 0.7302802205085754, 0.727206826210022, 0.7415448427200317, 0.743739902973175, 0.7413327097892761, 0.7520399689674377, 0.749968409538269, 0.7433245778083801, 0.7371467351913452, 0.7503039240837097], "val_loss": [0.6973539590835571, 0.7008469700813293, 0.7062707543373108, 0.7070540189743042, 0.7031960487365723, 0.6920991539955139, 0.682096004486084, 0.6528466939926147, 0.6596677303314209, 0.6780518889427185, 0.6515940427780151, 0.6817126274108887, 0.6152595281600952, 0.6924486756324768, 0.6545974016189575, 0.6029615998268127, 0.6263332962989807, 0.5913927555084229, 0.597720742225647, 0.6983389854431152, 0.6967266201972961, 0.6023357510566711, 0.724456250667572, 0.6798918843269348, 0.6103097796440125, 0.5923742055892944, 0.5963620543479919, 0.6673343777656555, 0.6043573617935181, 0.6124244332313538, 0.7010392546653748, 0.6006057262420654, 0.6148359775543213, 0.7424384951591492, 0.5991514325141907, 0.6439937949180603, 0.6693534851074219, 0.7117164134979248], "val_accuracy": [0.3781818151473999, 0.3781818151473999, 0.3781818151473999, 0.41090908646583557, 0.4290909171104431, 0.4909090995788574, 0.5054545402526855, 0.6036363840103149, 0.581818163394928, 0.5309090614318848, 0.585454523563385, 0.5345454812049866, 0.6509090662002563, 0.5090909004211426, 0.5709090828895569, 0.6690909266471863, 0.614545464515686, 0.6909090876579285, 0.6836363673210144, 0.5309090614318848, 0.5490909218788147, 0.6545454263687134, 0.5454545617103577, 0.578181803226471, 0.6254545450210571, 0.6618182063102722, 0.6836363673210144, 0.5745454430580139, 0.6545454263687134, 0.6618182063102722, 0.5454545617103577, 0.6690909266471863, 0.6399999856948853, 0.5600000023841858, 0.6436363458633423, 0.6218181848526001, 0.6036363840103149, 0.5709090828895569], "val_benchmark_207": [171.0, 171.0, 171.0, 162.0, 157.0, 140.0, 136.0, 109.0, 115.0, 129.0, 114.0, 128.0, 96.0, 135.0, 118.0, 91.0, 106.0, 85.0, 87.0, 129.0, 124.0, 95.0, 125.0, 116.0, 103.0, 93.0, 87.0, 117.0, 95.0, 93.0, 125.0, 91.0, 99.0, 121.0, 98.0, 104.0, 109.0, 118.0], "val_TP": [0.0, 0.0, 0.0, 9.0, 15.0, 38.0, 49.0, 129.0, 77.0, 53.0, 83.0, 52.0, 136.0, 45.0, 73.0, 131.0, 94.0, 151.0, 148.0, 51.0, 59.0, 123.0, 54.0, 63.0, 97.0, 114.0, 161.0, 63.0, 106.0, 108.0, 52.0, 113.0, 100.0, 58.0, 104.0, 87.0, 77.0, 61.0], "val_TN": [104.0, 104.0, 104.0, 104.0, 103.0, 97.0, 90.0, 37.0, 83.0, 93.0, 78.0, 95.0, 43.0, 95.0, 84.0, 53.0, 75.0, 39.0, 40.0, 95.0, 92.0, 57.0, 96.0, 96.0, 75.0, 68.0, 27.0, 95.0, 74.0, 74.0, 98.0, 71.0, 76.0, 96.0, 73.0, 84.0, 89.0, 96.0], "val_FP": [0.0, 0.0, 0.0, 0.0, 1.0, 7.0, 14.0, 67.0, 21.0, 11.0, 26.0, 9.0, 61.0, 9.0, 20.0, 51.0, 29.0, 65.0, 64.0, 9.0, 12.0, 47.0, 8.0, 8.0, 29.0, 36.0, 77.0, 9.0, 30.0, 30.0, 6.0, 33.0, 28.0, 8.0, 31.0, 20.0, 15.0, 8.0],