{"loss": [0.17264042794704437, 0.16856588423252106, 0.16755801439285278, 0.1654752939939499, 0.16117890179157257, 0.1585460752248764, 0.1572078913450241, 0.1553863286972046, 0.15374724566936493, 0.1519402116537094, 0.1517828106880188, 0.1511867791414261, 0.1465287208557129, 0.1474200189113617, 0.1458701640367508, 0.14679419994354248, 0.14382629096508026, 0.14228543639183044, 0.14119988679885864, 0.14091742038726807, 0.13966025412082672, 0.13934583961963654, 0.1381681263446808, 0.13654200732707977, 0.13749390840530396, 0.13613228499889374, 0.13352841138839722, 0.13397829234600067, 0.1324445605278015, 0.12966471910476685, 0.12779270112514496, 0.12809590995311737, 0.12589147686958313, 0.12491177767515182, 0.1251630187034607, 0.12540486454963684, 0.1242033839225769, 0.12055107206106186, 0.12110242247581482, 0.11961469054222107, 0.11906467378139496, 0.12001070380210876, 0.11592613160610199, 0.1160556972026825, 0.11805238574743271, 0.11504460871219635, 0.1116199642419815, 0.11384671181440353, 0.1109720841050148, 0.10835157334804535, 0.10696286708116531, 0.10893981903791428, 0.10639669746160507, 0.1049262210726738, 0.10216770321130753, 0.10489556938409805, 0.10017236322164536, 0.10402410477399826, 0.10070565342903137, 0.10060084611177444, 0.09607226401567459, 0.0910068228840828], "accuracy": [0.5216178297996521, 0.5578800439834595, 0.5850766897201538, 0.5955369472503662, 0.616457462310791, 0.6499302387237549, 0.6499302387237549, 0.6617852449417114, 0.6541143655776978, 0.6841003894805908, 0.6715481281280518, 0.6576011180877686, 0.6875871419906616, 0.6966527104377747, 0.6861924529075623, 0.6847977638244629, 0.6994421482086182, 0.7105997204780579, 0.7057182788848877, 0.6973500847816467, 0.7133890986442566, 0.7126917839050293, 0.7252440452575684, 0.7287307977676392, 0.7259414196014404, 0.7308228611946106, 0.7280334830284119, 0.741283118724823, 0.7357043027877808, 0.7426778078079224, 0.7377963662147522, 0.7475592494010925, 0.7559275031089783, 0.7566248178482056, 0.7552301287651062, 0.7601115703582764, 0.7573221921920776, 0.7573221921920776, 0.7580195069313049, 0.7629009485244751, 0.7691771388053894, 0.7663877010345459, 0.7656903862953186, 0.7852161526679993, 0.7789400219917297, 0.7691771388053894, 0.784518837928772, 0.7796373963356018, 0.7824267745018005, 0.7894002795219421, 0.7921896576881409, 0.7914923429489136, 0.7956764101982117, 0.8158996105194092, 0.8131101727485657, 0.801952600479126, 0.8138075470924377, 0.8005578517913818, 0.8089261054992676, 0.8179916143417358, 0.8172942996025085, 0.8256624937057495], "benchmark_184": [686.0, 634.0, 595.0, 580.0, 550.0, 502.0, 502.0, 485.0, 496.0, 453.0, 471.0, 491.0, 448.0, 435.0, 450.0, 452.0, 431.0, 415.0, 422.0, 434.0, 411.0, 412.0, 394.0, 389.0, 393.0, 386.0, 390.0, 371.0, 379.0, 369.0, 376.0, 362.0, 350.0, 349.0, 351.0, 344.0, 348.0, 348.0, 347.0, 340.0, 331.0, 335.0, 336.0, 308.0, 317.0, 331.0, 309.0, 316.0, 312.0, 302.0, 298.0, 299.0, 293.0, 264.0, 268.0, 284.0, 267.0, 286.0, 274.0, 261.0, 262.0, 250.0], "TP": [346.0, 364.0, 364.0, 384.0, 410.0, 434.0, 441.0, 464.0, 462.0, 475.0, 465.0, 471.0, 484.0, 502.0, 485.0, 479.0, 493.0, 502.0, 499.0, 498.0, 511.0, 507.0, 517.0, 516.0, 509.0, 517.0, 518.0, 520.0, 531.0, 523.0, 523.0, 537.0, 540.0, 541.0, 547.0, 542.0, 540.0, 547.0, 538.0, 561.0, 549.0, 554.0, 546.0, 564.0, 556.0, 560.0, 579.0, 570.0, 564.0, 571.0, 572.0, 569.0, 570.0, 591.0, 587.0, 581.0, 589.0, 567.0, 576.0, 587.0, 594.0, 595.0], "TN": [402.0, 436.0, 475.0, 470.0, 474.0, 498.0, 491.0, 485.0, 476.0, 506.0, 498.0, 472.0, 502.0, 497.0, 499.0, 503.0, 510.0, 517.0, 513.0, 502.0, 512.0, 515.0, 523.0, 529.0, 532.0, 531.0, 526.0, 543.0, 524.0, 542.0, 535.0, 535.0, 544.0, 544.0, 536.0, 548.0, 546.0, 539.0, 549.0, 533.0, 554.0, 545.0, 552.0, 562.0, 561.0, 543.0, 546.0, 548.0, 558.0, 561.0, 564.0, 566.0, 571.0, 579.0, 579.0, 569.0, 578.0, 581.0, 584.0, 586.0, 578.0, 589.0], "FP": [315.0, 281.0, 242.0, 247.0, 243.0, 219.0, 226.0, 232.0, 241.0, 211.0, 219.0, 245.0, 215.0, 220.0, 218.0, 214.0, 207.0, 200.0, 204.0, 215.0, 205.0, 202.0, 194.0, 188.0, 185.0, 186.0, 191.0, 174.0, 193.0, 175.0, 182.0, 182.0, 173.0, 173.0, 181.0, 169.0, 171.0, 178.0, 168.0, 184.0, 163.0, 172.0, 165.0, 155.0, 156.0, 174.0, 171.0, 169.0, 159.0, 156.0, 153.0, 151.0, 146.0, 138.0, 138.0, 148.0, 139.0, 136.0, 133.0, 131.0, 139.0, 128.0], "FN": [371.0, 353.0, 353.0, 333.0, 307.0, 283.0, 276.0, 253.0, 255.0, 242.0, 252.0, 246.0, 233.0, 215.0, 232.0, 238.0, 224.0, 215.0, 218.0, 219.0, 206.0, 210.0, 200.0, 201.0, 208.0, 200.0, 199.0, 197.0, 186.0, 194.0, 194.0, 180.0, 177.0, 176.0, 170.0, 175.0, 177.0, 170.0, 179.0, 156.0, 168.0, 163.0, 171.0, 153.0, 161.0, 157.0, 138.0, 147.0, 153.0, 146.0, 145.0, 148.0, 147.0, 126.0, 130.0, 136.0, 128.0, 150.0, 141.0, 130.0, 123.0, 122.0], "Precision": [0.5234493017196655, 0.5643410682678223, 0.6006600856781006, 0.6085578203201294, 0.6278713345527649, 0.664624810218811, 0.6611694097518921, 0.6666666865348816, 0.6571835279464722, 0.6924198269844055, 0.6798245906829834, 0.6578212380409241, 0.6924177408218384, 0.6952908635139465, 0.6899003982543945, 0.6911976933479309, 0.704285740852356, 0.7150996923446655, 0.7098150849342346, 0.6984572410583496, 0.7136871218681335, 0.7150917053222656, 0.7271448373794556, 0.7329545617103577, 0.7334293723106384, 0.7354196310043335, 0.7306064963340759, 0.7492795586585999, 0.7334254384040833, 0.7492836713790894, 0.7418439984321594, 0.7468706369400024, 0.7573632597923279, 0.7577030658721924, 0.7513736486434937, 0.7623066306114197, 0.7594936490058899, 0.7544827461242676, 0.7620396614074707, 0.7530201077461243, 0.7710674405097961, 0.7630854249000549, 0.7679324746131897, 0.7844228148460388, 0.7808988690376282, 0.7629427909851074, 0.7720000147819519, 0.7713125944137573, 0.7800830006599426, 0.7854195237159729, 0.7889655232429504, 0.7902777791023254, 0.7960894107818604, 0.8106995820999146, 0.8096551895141602, 0.7969821691513062, 0.8090659379959106, 0.8065434098243713, 0.8124118447303772, 0.8175487518310547, 0.8103683590888977, 0.8229598999023438], "Recall": [0.482566237449646, 0.5076708793640137, 0.5076708793640137, 0.5355648398399353, 0.5718270540237427, 0.6052998900413513, 0.6150627732276917, 0.6471408605575562, 0.6443514823913574, 0.6624825596809387, 0.6485355496406555, 0.6569037437438965, 0.6750348806381226, 0.7001394629478455, 0.6764295697212219, 0.668061375617981, 0.6875871419906616, 0.7001394629478455, 0.6959553956985474, 0.6945606470108032, 0.7126917839050293, 0.7071129679679871, 0.7210599780082703, 0.7196652889251709, 0.7099023461341858, 0.7210599780082703, 0.7224546670913696, 0.7252440452575684, 0.7405857443809509, 0.7294281721115112, 0.7294281721115112, 0.7489539980888367, 0.7531380653381348, 0.7545327544212341, 0.7629009485244751, 0.7559275031089783, 0.7531380653381348, 0.7629009485244751, 0.750348687171936, 0.7824267745018005, 0.7656903862953186, 0.7726638913154602, 0.7615062594413757, 0.7866109013557434, 0.7754532694816589, 0.7810320854187012, 0.8075313568115234, 0.7949790954589844, 0.7866109013557434, 0.7963737845420837, 0.7977684736251831, 0.793584406375885, 0.7949790954589844, 0.8242678046226501, 0.8186889886856079, 0.8103207945823669, 0.8214783668518066, 0.7907949686050415, 0.8033472895622253, 0.8186889886856079, 0.8284518718719482, 0.8298465609550476],