{"loss": [0.17229913175106049, 0.1701546460390091, 0.16673055291175842, 0.1648140698671341, 0.16265138983726501, 0.16168126463890076, 0.1603553742170334, 0.15895597636699677, 0.15844134986400604, 0.15919551253318787, 0.15553632378578186, 0.15471377968788147, 0.15271402895450592, 0.15298032760620117, 0.1536494642496109, 0.1509709507226944, 0.14952093362808228, 0.14814892411231995, 0.14778029918670654, 0.14711076021194458, 0.1436423361301422, 0.1429610401391983, 0.1415797919034958, 0.1433320790529251, 0.14183667302131653, 0.13733866810798645, 0.13699130713939667, 0.13680067658424377, 0.13602544367313385, 0.13533930480480194, 0.13643878698349, 0.13365745544433594, 0.1336706578731537, 0.13181304931640625, 0.12776386737823486, 0.1271069049835205, 0.12804517149925232, 0.12893754243850708, 0.12791334092617035, 0.1251903474330902, 0.12264124304056168, 0.12651503086090088, 0.12046008557081223], "accuracy": [0.5460250973701477, 0.5725244283676147, 0.5948396325111389, 0.6283124089241028, 0.6199442148208618, 0.6185495257377625, 0.6290097832679749, 0.6394700407981873, 0.6471408605575562, 0.6527196764945984, 0.6576011180877686, 0.6715481281280518, 0.6638772487640381, 0.6582984924316406, 0.6610878705978394, 0.6736401915550232, 0.6785216331481934, 0.6938633322715759, 0.6813110113143921, 0.6764295697212219, 0.715481162071228, 0.7133890986442566, 0.7085076570510864, 0.715481162071228, 0.7140864729881287, 0.7259414196014404, 0.7168758511543274, 0.7119944095611572, 0.7280334830284119, 0.7266387939453125, 0.7224546670913696, 0.7370990514755249, 0.7280334830284119, 0.7384937405586243, 0.7531380653381348, 0.7622036337852478, 0.7531380653381348, 0.7566248178482056, 0.7566248178482056, 0.7615062594413757, 0.7747559547424316, 0.7489539980888367, 0.784518837928772], "benchmark_120": [651.0, 613.0, 581.0, 533.0, 545.0, 547.0, 532.0, 517.0, 506.0, 498.0, 491.0, 471.0, 482.0, 490.0, 486.0, 468.0, 461.0, 439.0, 457.0, 464.0, 408.0, 411.0, 418.0, 408.0, 410.0, 393.0, 406.0, 413.0, 390.0, 392.0, 398.0, 377.0, 390.0, 375.0, 354.0, 341.0, 354.0, 349.0, 349.0, 342.0, 323.0, 360.0, 309.0], "TP": [404.0, 325.0, 351.0, 422.0, 425.0, 428.0, 444.0, 426.0, 456.0, 463.0, 451.0, 484.0, 471.0, 460.0, 473.0, 459.0, 477.0, 499.0, 472.0, 475.0, 508.0, 501.0, 493.0, 502.0, 494.0, 505.0, 510.0, 488.0, 506.0, 507.0, 510.0, 518.0, 515.0, 522.0, 530.0, 534.0, 527.0, 531.0, 526.0, 540.0, 549.0, 531.0, 544.0], "TN": [379.0, 496.0, 502.0, 479.0, 464.0, 459.0, 458.0, 491.0, 472.0, 473.0, 492.0, 479.0, 481.0, 484.0, 475.0, 507.0, 496.0, 496.0, 505.0, 495.0, 518.0, 522.0, 523.0, 524.0, 530.0, 536.0, 518.0, 533.0, 538.0, 535.0, 526.0, 539.0, 529.0, 537.0, 550.0, 559.0, 553.0, 554.0, 559.0, 552.0, 562.0, 543.0, 581.0], "FP": [338.0, 221.0, 215.0, 238.0, 253.0, 258.0, 259.0, 226.0, 245.0, 244.0, 225.0, 238.0, 236.0, 233.0, 242.0, 210.0, 221.0, 221.0, 212.0, 222.0, 199.0, 195.0, 194.0, 193.0, 187.0, 181.0, 199.0, 184.0, 179.0, 182.0, 191.0, 178.0, 188.0, 180.0, 167.0, 158.0, 164.0, 163.0, 158.0, 165.0, 155.0, 174.0, 136.0], "FN": [313.0, 392.0, 366.0, 295.0, 292.0, 289.0, 273.0, 291.0, 261.0, 254.0, 266.0, 233.0, 246.0, 257.0, 244.0, 258.0, 240.0, 218.0, 245.0, 242.0, 209.0, 216.0, 224.0, 215.0, 223.0, 212.0, 207.0, 229.0, 211.0, 210.0, 207.0, 199.0, 202.0, 195.0, 187.0, 183.0, 190.0, 186.0, 191.0, 177.0, 168.0, 186.0, 173.0], "Precision": [0.5444744229316711, 0.5952380895614624, 0.620141327381134, 0.6393939256668091, 0.6268436312675476, 0.6239067316055298, 0.6315789222717285, 0.6533742547035217, 0.6504992842674255, 0.6548797488212585, 0.6671597361564636, 0.6703600883483887, 0.6661952137947083, 0.663780689239502, 0.6615384817123413, 0.6860986351966858, 0.6833810806274414, 0.6930555701255798, 0.6900584697723389, 0.6814920902252197, 0.7185289859771729, 0.7198275923728943, 0.7176128029823303, 0.7223021388053894, 0.7254038453102112, 0.7361515760421753, 0.7193229794502258, 0.726190447807312, 0.7386861443519592, 0.7358490824699402, 0.7275320887565613, 0.7442528605461121, 0.7325747013092041, 0.7435897588729858, 0.760401725769043, 0.7716763019561768, 0.7626628279685974, 0.7651296854019165, 0.7690058350563049, 0.7659574747085571, 0.7798295617103577, 0.7531914710998535, 0.800000011920929], "Recall": [0.5634588599205017, 0.4532775580883026, 0.4895397424697876, 0.5885634422302246, 0.5927475690841675, 0.5969316363334656, 0.6192468404769897, 0.5941422581672668, 0.6359832882881165, 0.6457461714744568, 0.6290097832679749, 0.6750348806381226, 0.6569037437438965, 0.6415620446205139, 0.65969318151474, 0.6401673555374146, 0.6652719378471375, 0.6959553956985474, 0.6582984924316406, 0.6624825596809387, 0.7085076570510864, 0.6987447738647461, 0.6875871419906616, 0.7001394629478455, 0.6889818906784058, 0.7043235898017883, 0.7112970948219299, 0.6806136965751648, 0.7057182788848877, 0.7071129679679871, 0.7112970948219299, 0.7224546670913696, 0.7182705998420715, 0.7280334830284119, 0.7391910552978516, 0.7447698712348938, 0.7350069880485535, 0.7405857443809509, 0.7336122989654541, 0.7531380653381348, 0.7656903862953186, 0.7405857443809509, 0.758716881275177], "AUC": [0.5608581304550171, 0.5885440111160278, 0.6428205966949463, 0.6585250496864319, 0.6712592840194702, 0.6775179505348206, 0.6809667348861694, 0.6958065629005432, 0.6989937424659729, 0.7015681862831116, 0.7160063982009888, 0.7224876880645752, 0.7316514849662781, 0.7292277812957764, 0.7290099859237671, 0.7401013970375061, 0.7441678643226624, 0.7548596262931824, 0.7610374093055725, 0.7582753896713257, 0.7755690217018127, 0.7777350544929504, 0.7857102751731873, 0.7821660041809082, 0.7810583710670471, 0.802933931350708, 0.8053838610649109, 0.8002534508705139, 0.8069157004356384, 0.8088473677635193, 0.804295539855957, 0.8156388998031616, 0.8129622936248779, 0.8217750191688538, 0.836078941822052, 0.8400792479515076, 0.8347347974777222, 0.8384501934051514, 0.8353358507156372, 0.845925509929657, 0.8534952402114868, 0.8391756415367126, 0.8604989051818848], "val_loss": [0.1677977442741394, 0.1665189564228058, 0.16648654639720917, 0.1663520485162735, 0.16659216582775116, 0.17117132246494293, 0.18644508719444275, 0.19494709372520447, 0.208563894033432, 0.21295081079006195, 0.23493483662605286, 0.2348194420337677, 0.22095248103141785, 0.22073765099048615, 0.18960367143154144, 0.16333575546741486, 0.20971770584583282, 0.20853742957115173, 0.1856057196855545, 0.2006070464849472, 0.16111357510089874, 0.1505601406097412, 0.15012501180171967, 0.16678351163864136, 0.1597519963979721, 0.16020634770393372, 0.21081873774528503, 0.18925252556800842, 0.16966275870800018, 0.1843818873167038, 0.18085606396198273, 0.27771714329719543, 0.157479390501976, 0.19794470071792603, 0.21027791500091553, 0.1706981658935547, 0.18450969457626343, 0.18057286739349365, 0.2235758900642395, 0.17350701987743378, 0.15910783410072327, 0.18643121421337128, 0.19910700619220734], "val_accuracy": [0.6218181848526001, 0.6218181848526001, 0.6218181848526001, 0.6218181848526001, 0.6218181848526001, 0.6618182063102722, 0.3781818151473999, 0.3781818151473999, 0.3781818151473999, 0.3781818151473999, 0.3781818151473999, 0.3781818151473999, 0.40727272629737854, 0.4145454466342926, 0.47999998927116394, 0.585454523563385, 0.4654545485973358, 0.48363634943962097, 0.5527272820472717, 0.5127272605895996, 0.6290909051895142, 0.6618182063102722, 0.6872727274894714, 0.6218181848526001, 0.6254545450210571, 0.6472727060317993, 0.5381818413734436, 0.5672727227210999, 0.6254545450210571, 0.6000000238418579, 0.589090883731842, 0.4909090995788574, 0.6836363673210144, 0.5672727227210999, 0.5418182015419006, 0.6436363458633423, 0.610909104347229, 0.6254545450210571, 0.5454545617103577, 0.6327272653579712, 0.6727272868156433, 0.6181818246841431, 0.6399999856948853],