{"loss": [1.300577163696289, 0.6961367130279541, 0.684187650680542, 0.6801286339759827, 0.6791301965713501, 0.6666286587715149, 0.6795627474784851, 0.6646334528923035, 0.678101122379303, 0.6496648192405701, 0.6564890742301941, 0.6591300368309021, 0.6442497372627258, 0.6602076888084412, 0.6472681760787964, 0.6441040635108948, 0.6372379064559937, 0.629192054271698, 0.6391913890838623, 0.6470975279808044, 0.6397424340248108, 0.6226089596748352, 0.6363454461097717, 0.635936975479126, 0.6347472667694092, 0.6411915421485901, 0.6340698599815369, 0.628406822681427, 0.6304736137390137, 0.6166346073150635], "accuracy": [0.5495118498802185, 0.5285913348197937, 0.5571827292442322, 0.5676429271697998, 0.5843793749809265, 0.569037675857544, 0.5857740640640259, 0.5836820006370544, 0.5857740640640259, 0.6066945791244507, 0.6101813316345215, 0.6122733354568481, 0.6108786463737488, 0.6115760207176208, 0.6052998900413513, 0.6178521513938904, 0.6178521513938904, 0.6471408605575562, 0.6283124089241028, 0.6269177198410034, 0.6311017870903015, 0.6485355496406555, 0.6178521513938904, 0.6311017870903015, 0.6192468404769897, 0.6499302387237549, 0.6380752921104431, 0.6527196764945984, 0.6429567933082581, 0.6478382349014282], "benchmark_1247": [646.0, 676.0, 635.0, 620.0, 596.0, 618.0, 594.0, 597.0, 594.0, 564.0, 559.0, 556.0, 558.0, 557.0, 566.0, 548.0, 548.0, 506.0, 533.0, 535.0, 529.0, 504.0, 548.0, 529.0, 546.0, 502.0, 519.0, 498.0, 512.0, 505.0], "TP": [402.0, 248.0, 344.0, 241.0, 365.0, 328.0, 345.0, 380.0, 340.0, 388.0, 430.0, 423.0, 408.0, 400.0, 397.0, 406.0, 387.0, 457.0, 417.0, 388.0, 414.0, 469.0, 387.0, 392.0, 368.0, 421.0, 378.0, 442.0, 415.0, 414.0], "TN": [386.0, 510.0, 455.0, 573.0, 473.0, 488.0, 495.0, 457.0, 500.0, 482.0, 445.0, 455.0, 468.0, 477.0, 471.0, 480.0, 499.0, 471.0, 484.0, 511.0, 491.0, 461.0, 499.0, 513.0, 520.0, 511.0, 537.0, 494.0, 507.0, 515.0], "FP": [331.0, 207.0, 262.0, 144.0, 244.0, 229.0, 222.0, 260.0, 217.0, 235.0, 272.0, 262.0, 249.0, 240.0, 246.0, 237.0, 218.0, 246.0, 233.0, 206.0, 226.0, 256.0, 218.0, 204.0, 197.0, 206.0, 180.0, 223.0, 210.0, 202.0], "FN": [315.0, 469.0, 373.0, 476.0, 352.0, 389.0, 372.0, 337.0, 377.0, 329.0, 287.0, 294.0, 309.0, 317.0, 320.0, 311.0, 330.0, 260.0, 300.0, 329.0, 303.0, 248.0, 330.0, 325.0, 349.0, 296.0, 339.0, 275.0, 302.0, 303.0], "Precision": [0.5484310984611511, 0.5450549721717834, 0.5676567554473877, 0.6259739995002747, 0.5993431806564331, 0.5888689160346985, 0.6084656119346619, 0.59375, 0.6104129552841187, 0.6227929592132568, 0.6125355958938599, 0.6175182461738586, 0.621004581451416, 0.625, 0.6174183487892151, 0.6314152479171753, 0.6396694183349609, 0.6500711441040039, 0.6415384411811829, 0.6531986594200134, 0.6468750238418579, 0.6468965411186218, 0.6396694183349609, 0.6577181220054626, 0.6513274312019348, 0.6714513301849365, 0.6774193644523621, 0.6646616458892822, 0.6639999747276306, 0.6720778942108154], "Recall": [0.560669481754303, 0.34588563442230225, 0.47977685928344727, 0.3361227214336395, 0.509065568447113, 0.4574616551399231, 0.48117154836654663, 0.5299860239028931, 0.47419804334640503, 0.5411436557769775, 0.5997210741043091, 0.589958131313324, 0.569037675857544, 0.5578800439834595, 0.5536959767341614, 0.5662482380867004, 0.5397489666938782, 0.6373779773712158, 0.581589937210083, 0.5411436557769775, 0.5774058699607849, 0.6541143655776978, 0.5397489666938782, 0.5467224717140198, 0.5132496356964111, 0.5871687531471252, 0.5271966457366943, 0.616457462310791, 0.5788005590438843, 0.5774058699607849], "AUC": [0.5521213412284851, 0.5308632850646973, 0.5911281704902649, 0.5945721864700317, 0.6243179440498352, 0.6124396324157715, 0.6368070244789124, 0.6353539228439331, 0.6277483701705933, 0.6504155993461609, 0.665936291217804, 0.6664108633995056, 0.6632120609283447, 0.6628637909889221, 0.6638169288635254, 0.6654149293899536, 0.6773000359535217, 0.6906255483627319, 0.6757691502571106, 0.6894311904907227, 0.6855068206787109, 0.7062551379203796, 0.6770744919776917, 0.6863987445831299, 0.691169261932373, 0.6934236884117126, 0.6911507844924927, 0.707553505897522, 0.7019533514976501, 0.7108341455459595], "val_loss": [0.7097307443618774, 0.6922726035118103, 0.7220373749732971, 0.6569787859916687, 0.7403203248977661, 0.6415049433708191, 0.6808451414108276, 0.7100396156311035, 1.417797565460205, 0.6231534481048584, 0.7552318572998047, 1.6418108940124512, 0.635781466960907, 1.6593202352523804, 0.8122301697731018, 4.186612129211426, 0.8943350315093994, 0.7277243733406067, 2.2264328002929688, 0.9268180727958679, 0.6258249878883362, 3.0091750621795654, 0.6275010108947754, 0.6770812273025513, 7.541754245758057, 0.750417172908783, 0.7663860321044922, 0.7005056142807007, 0.6106368899345398, 2.48756742477417], "val_accuracy": [0.3781818151473999, 0.6218181848526001, 0.3781818151473999, 0.578181803226471, 0.4145454466342926, 0.6290909051895142, 0.5418182015419006, 0.6581818461418152, 0.6218181848526001, 0.6836363673210144, 0.6218181848526001, 0.6218181848526001, 0.6763636469841003, 0.6254545450210571, 0.6218181848526001, 0.6218181848526001, 0.6218181848526001, 0.6581818461418152, 0.5927272439002991, 0.6181818246841431, 0.6581818461418152, 0.6181818246841431, 0.6727272868156433, 0.6181818246841431, 0.6290909051895142, 0.6327272653579712, 0.5454545617103577, 0.6399999856948853, 0.6581818461418152, 0.6581818461418152], "val_benchmark_1247": [171.0, 104.0, 171.0, 116.0, 161.0, 102.0, 126.0, 94.0, 104.0, 87.0, 104.0, 104.0, 89.0, 103.0, 104.0, 104.0, 104.0, 94.0, 112.0, 105.0, 94.0, 105.0, 90.0, 105.0, 102.0, 101.0, 125.0, 99.0, 94.0, 94.0], "val_TP": [0.0, 171.0, 0.0, 91.0, 10.0, 118.0, 74.0, 160.0, 171.0, 134.0, 169.0, 171.0, 157.0, 170.0, 171.0, 171.0, 171.0, 168.0, 103.0, 168.0, 163.0, 166.0, 127.0, 123.0, 170.0, 168.0, 52.0, 167.0, 164.0, 156.0], "val_TN": [104.0, 0.0, 104.0, 68.0, 104.0, 55.0, 75.0, 21.0, 0.0, 54.0, 2.0, 0.0, 29.0, 2.0, 0.0, 0.0, 0.0, 13.0, 60.0, 2.0, 18.0, 4.0, 58.0, 47.0, 3.0, 6.0, 98.0, 9.0, 17.0, 25.0], "val_FP": [0.0, 104.0, 0.0, 36.0, 0.0, 49.0, 29.0, 83.0, 104.0, 50.0, 102.0, 104.0, 75.0, 102.0, 104.0, 104.0, 104.0, 91.0, 44.0, 102.0, 86.0, 100.0, 46.0, 57.0, 101.0, 98.0, 6.0, 95.0, 87.0, 79.0], "val_FN": [171.0, 0.0, 171.0, 80.0, 161.0, 53.0, 97.0, 11.0, 0.0, 37.0, 2.0, 0.0, 14.0, 1.0, 0.0, 0.0, 0.0, 3.0, 68.0, 3.0, 8.0, 5.0, 44.0, 48.0, 1.0, 3.0, 119.0, 4.0, 7.0, 15.0], "val_Precision": [0.0, 0.6218181848526001, 0.0, 0.7165354490280151, 1.0, 0.7065868377685547, 0.7184466123580933, 0.6584362387657166, 0.6218181848526001, 0.72826087474823, 0.6236162185668945, 0.6218181848526001, 0.6767241358757019, 0.625, 0.6218181848526001, 0.6218181848526001, 0.6218181848526001, 0.6486486196517944, 0.7006802558898926, 0.6222222447395325, 0.654618501663208, 0.6240601539611816, 0.7341040372848511, 0.6833333373069763, 0.6273062825202942, 0.6315789222717285, 0.8965517282485962, 0.6374045610427856, 0.6533864736557007, 0.6638298034667969], "val_Recall": [0.0, 1.0, 0.0, 0.5321637392044067, 0.05847953259944916, 0.6900584697723389, 0.4327485263347626, 0.9356725215911865, 1.0, 0.7836257219314575, 0.988304078578949, 1.0, 0.9181286692619324, 0.9941520690917969, 1.0, 1.0, 1.0, 0.9824561476707458, 0.6023392081260681, 0.9824561476707458, 0.9532163739204407, 0.9707602262496948, 0.7426900863647461, 0.719298243522644, 0.9941520690917969, 0.9824561476707458, 0.3040935695171356, 0.9766082167625427, 0.9590643048286438, 0.9122806787490845], "val_AUC": [0.4912280738353729, 0.5, 0.5464462041854858, 0.6116171479225159, 0.6512033343315125, 0.6682973504066467, 0.6650922298431396, 0.6492071151733398, 0.563034176826477, 0.7248088717460632, 0.6683816313743591, 0.6695906519889832, 0.6839855909347534, 0.6668916344642639, 0.6791779398918152, 0.5535874962806702, 0.6783625483512878, 0.7061965465545654, 0.6503879427909851, 0.6808928847312927, 0.6545490622520447, 0.6429656147956848, 0.7189608812332153, 0.6538742184638977, 0.5893499851226807, 0.7141250967979431, 0.7277889847755432, 0.6885683536529541, 0.7137033343315125, 0.6990271806716919]}