{"loss": [0.6936240792274475, 0.6933386325836182, 0.6917670369148254, 0.691394567489624, 0.6915340423583984, 0.689082682132721, 0.6882993578910828, 0.6866915822029114, 0.6856226325035095, 0.6846835613250732, 0.6828556060791016, 0.6801613569259644, 0.6790392994880676, 0.6747797131538391, 0.672221839427948, 0.6705416440963745, 0.6691287159919739, 0.6619024872779846, 0.6611821055412292, 0.6543130278587341, 0.6572971940040588, 0.6510884165763855, 0.647104024887085, 0.6476761102676392, 0.6425908803939819, 0.6421217918395996, 0.6375670433044434, 0.6330631971359253, 0.6282660365104675, 0.6308340430259705, 0.6317190527915955, 0.6253615617752075, 0.6273765563964844, 0.6253537535667419, 0.6230792999267578, 0.6178542375564575, 0.6173165440559387, 0.6147522926330566, 0.6126757264137268, 0.6157916188240051, 0.6092280149459839, 0.6139709949493408, 0.6100777387619019, 0.6082081198692322, 0.6025802493095398, 0.6011002659797668, 0.6077042818069458, 0.6025634407997131, 0.5969103574752808, 0.598936915397644, 0.5907596945762634, 0.5926774740219116, 0.5954506397247314, 0.5819084644317627, 0.5913331508636475, 0.5861877799034119, 0.5929400324821472, 0.5845047235488892, 0.591916561126709, 0.5888780951499939, 0.5890780687332153, 0.5806782841682434, 0.5829124450683594, 0.580033540725708, 0.583721399307251, 0.584568440914154, 0.5779145956039429, 0.5720399618148804, 0.5678089261054993, 0.5712299346923828, 0.5689657926559448], "accuracy": [0.508368194103241, 0.5139470100402832, 0.5278940200805664, 0.5097628831863403, 0.5034867525100708, 0.5418410301208496, 0.543235719203949, 0.5509065389633179, 0.5488144755363464, 0.569037675857544, 0.5662482380867004, 0.5648535490036011, 0.5746164321899414, 0.5983263850212097, 0.5934448838233948, 0.5955369472503662, 0.6039051413536072, 0.6150627732276917, 0.6039051413536072, 0.6220362782478333, 0.6185495257377625, 0.6262203454971313, 0.6143653988838196, 0.6290097832679749, 0.6185495257377625, 0.6206415891647339, 0.6297070980072021, 0.6304044723510742, 0.6527196764945984, 0.6373779773712158, 0.6276150345802307, 0.6359832882881165, 0.6492329239845276, 0.6380752921104431, 0.6471408605575562, 0.6436541080474854, 0.6499302387237549, 0.6582984924316406, 0.6610878705978394, 0.6450487971305847, 0.6569037437438965, 0.6541143655776978, 0.6527196764945984, 0.65969318151474, 0.6589958071708679, 0.6652719378471375, 0.6576011180877686, 0.6631799340248108, 0.6610878705978394, 0.6694560647010803, 0.6827057003974915, 0.6666666865348816, 0.6701534390449524, 0.6799163222312927, 0.6813110113143921, 0.6910738945007324, 0.6687586903572083, 0.6750348806381226, 0.6792189478874207, 0.6847977638244629, 0.6736401915550232, 0.6764295697212219, 0.6889818906784058, 0.6924686431884766, 0.6750348806381226, 0.6834030747413635, 0.6896792054176331, 0.685495138168335, 0.7022315263748169, 0.6931659579277039, 0.6924686431884766], "benchmark_580": [705.0, 697.0, 677.0, 703.0, 712.0, 657.0, 655.0, 644.0, 647.0, 618.0, 622.0, 624.0, 610.0, 576.0, 583.0, 580.0, 568.0, 552.0, 568.0, 542.0, 547.0, 536.0, 553.0, 532.0, 547.0, 544.0, 531.0, 530.0, 498.0, 520.0, 534.0, 522.0, 503.0, 519.0, 506.0, 511.0, 502.0, 490.0, 486.0, 509.0, 492.0, 496.0, 498.0, 488.0, 489.0, 480.0, 491.0, 483.0, 486.0, 474.0, 455.0, 478.0, 473.0, 459.0, 457.0, 443.0, 475.0, 466.0, 460.0, 452.0, 468.0, 464.0, 446.0, 441.0, 466.0, 454.0, 445.0, 451.0, 427.0, 440.0, 441.0], "TP": [273.0, 367.0, 328.0, 340.0, 339.0, 281.0, 386.0, 366.0, 343.0, 365.0, 378.0, 398.0, 355.0, 423.0, 415.0, 429.0, 422.0, 439.0, 426.0, 451.0, 449.0, 436.0, 454.0, 453.0, 444.0, 451.0, 443.0, 450.0, 482.0, 455.0, 445.0, 458.0, 458.0, 455.0, 462.0, 452.0, 464.0, 465.0, 474.0, 461.0, 455.0, 468.0, 458.0, 471.0, 472.0, 472.0, 467.0, 465.0, 461.0, 470.0, 483.0, 472.0, 476.0, 474.0, 474.0, 499.0, 470.0, 477.0, 477.0, 476.0, 478.0, 490.0, 473.0, 499.0, 477.0, 483.0, 486.0, 490.0, 493.0, 502.0, 487.0], "TN": [456.0, 370.0, 429.0, 391.0, 383.0, 496.0, 393.0, 424.0, 444.0, 451.0, 434.0, 412.0, 469.0, 435.0, 436.0, 425.0, 444.0, 443.0, 440.0, 441.0, 438.0, 462.0, 427.0, 449.0, 443.0, 439.0, 460.0, 454.0, 454.0, 459.0, 455.0, 454.0, 473.0, 460.0, 466.0, 471.0, 468.0, 479.0, 474.0, 464.0, 487.0, 470.0, 478.0, 475.0, 473.0, 482.0, 476.0, 486.0, 487.0, 490.0, 496.0, 484.0, 485.0, 501.0, 503.0, 492.0, 489.0, 491.0, 497.0, 506.0, 488.0, 480.0, 515.0, 494.0, 491.0, 497.0, 503.0, 493.0, 514.0, 492.0, 506.0], "FP": [261.0, 347.0, 288.0, 326.0, 334.0, 221.0, 324.0, 293.0, 273.0, 266.0, 283.0, 305.0, 248.0, 282.0, 281.0, 292.0, 273.0, 274.0, 277.0, 276.0, 279.0, 255.0, 290.0, 268.0, 274.0, 278.0, 257.0, 263.0, 263.0, 258.0, 262.0, 263.0, 244.0, 257.0, 251.0, 246.0, 249.0, 238.0, 243.0, 253.0, 230.0, 247.0, 239.0, 242.0, 244.0, 235.0, 241.0, 231.0, 230.0, 227.0, 221.0, 233.0, 232.0, 216.0, 214.0, 225.0, 228.0, 226.0, 220.0, 211.0, 229.0, 237.0, 202.0, 223.0, 226.0, 220.0, 214.0, 224.0, 203.0, 225.0, 211.0], "FN": [444.0, 350.0, 389.0, 377.0, 378.0, 436.0, 331.0, 351.0, 374.0, 352.0, 339.0, 319.0, 362.0, 294.0, 302.0, 288.0, 295.0, 278.0, 291.0, 266.0, 268.0, 281.0, 263.0, 264.0, 273.0, 266.0, 274.0, 267.0, 235.0, 262.0, 272.0, 259.0, 259.0, 262.0, 255.0, 265.0, 253.0, 252.0, 243.0, 256.0, 262.0, 249.0, 259.0, 246.0, 245.0, 245.0, 250.0, 252.0, 256.0, 247.0, 234.0, 245.0, 241.0, 243.0, 243.0, 218.0, 247.0, 240.0, 240.0, 241.0, 239.0, 227.0, 244.0, 218.0, 240.0, 234.0, 231.0, 227.0, 224.0, 215.0, 230.0], "Precision": [0.5112359523773193, 0.5140056014060974, 0.5324675440788269, 0.5105105042457581, 0.5037146806716919, 0.5597609281539917, 0.5436619520187378, 0.5553869605064392, 0.5568181872367859, 0.5784469246864319, 0.5718607902526855, 0.566145122051239, 0.5887230634689331, 0.6000000238418579, 0.5962643623352051, 0.5950069427490234, 0.6071942448616028, 0.6157082915306091, 0.6059743762016296, 0.6203576326370239, 0.6167582273483276, 0.6309695839881897, 0.6102150678634644, 0.628294050693512, 0.6183844208717346, 0.6186556816101074, 0.6328571438789368, 0.6311360597610474, 0.6469798684120178, 0.6381486654281616, 0.6294201016426086, 0.6352288722991943, 0.6524216532707214, 0.6390449404716492, 0.6479663252830505, 0.6475644707679749, 0.6507713794708252, 0.6614509224891663, 0.6610878705978394, 0.6456582546234131, 0.6642335653305054, 0.6545454263687134, 0.6571018695831299, 0.6605890393257141, 0.659217894077301, 0.6676096320152283, 0.659604549407959, 0.6681034564971924, 0.6671490669250488, 0.6743184924125671, 0.6860795617103577, 0.6695035696029663, 0.6723163723945618, 0.686956524848938, 0.6889534592628479, 0.689226508140564, 0.6733524203300476, 0.6785206198692322, 0.6843615770339966, 0.6928675174713135, 0.6760962009429932, 0.6740027666091919, 0.7007407546043396, 0.6911357045173645, 0.6785206198692322, 0.6870554685592651, 0.6942856907844543, 0.686274528503418, 0.7083333134651184, 0.6905089616775513, 0.6977077126502991],