{"loss": [0.6949234008789062, 0.69289231300354, 0.693242073059082, 0.6928646564483643, 0.6933918595314026, 0.6910505294799805, 0.6891664862632751, 0.6885225176811218, 0.6875213384628296, 0.6857461929321289, 0.6861699223518372, 0.6833468675613403, 0.6813346147537231, 0.6803135275840759, 0.6773223876953125, 0.6748166084289551, 0.6730466485023499, 0.6711097955703735, 0.6664025783538818, 0.6614314913749695, 0.6592598557472229, 0.6545445322990417, 0.6509024500846863, 0.6474145650863647, 0.646379828453064, 0.6391119360923767, 0.6399164795875549, 0.6390289068222046, 0.6378722190856934, 0.6361315846443176, 0.6339381337165833, 0.6338120102882385, 0.6271635293960571, 0.6253229975700378, 0.6239902377128601, 0.6226187944412231, 0.62094646692276, 0.6238527894020081, 0.615601122379303, 0.6180614233016968, 0.61617511510849, 0.6068918108940125, 0.6166839003562927, 0.6143930554389954, 0.6142316460609436, 0.6109048128128052, 0.6077057719230652, 0.6076433062553406, 0.6097528338432312, 0.6028699278831482], "accuracy": [0.4895397424697876, 0.4972105920314789, 0.4993026554584503, 0.49442121386528015, 0.4902370870113373, 0.5139470100402832, 0.5439330339431763, 0.555787980556488, 0.555787980556488, 0.5592747330665588, 0.5453277826309204, 0.5641562342643738, 0.5697349905967712, 0.5620641708374023, 0.5760111808776855, 0.5822873115539551, 0.5934448838233948, 0.5885634422302246, 0.5885634422302246, 0.6004183888435364, 0.6039051413536072, 0.6136680841445923, 0.60808926820755, 0.6304044723510742, 0.6213389039039612, 0.6366806030273438, 0.6324965357780457, 0.6234309673309326, 0.6241283416748047, 0.6387726664543152, 0.6345885396003723, 0.6276150345802307, 0.6366806030273438, 0.6429567933082581, 0.6478382349014282, 0.6415620446205139, 0.6359832882881165, 0.651324987411499, 0.6436541080474854, 0.6541143655776978, 0.6499302387237549, 0.6617852449417114, 0.6534169912338257, 0.6415620446205139, 0.6576011180877686, 0.651324987411499, 0.668061375617981, 0.6562064290046692, 0.6562064290046692, 0.6708507537841797], "benchmark_380": [732.0, 721.0, 718.0, 725.0, 731.0, 697.0, 654.0, 637.0, 637.0, 632.0, 652.0, 625.0, 617.0, 628.0, 608.0, 599.0, 583.0, 590.0, 590.0, 573.0, 568.0, 554.0, 562.0, 530.0, 543.0, 521.0, 527.0, 540.0, 539.0, 518.0, 524.0, 534.0, 521.0, 512.0, 505.0, 514.0, 522.0, 500.0, 511.0, 496.0, 502.0, 485.0, 497.0, 514.0, 491.0, 500.0, 476.0, 493.0, 493.0, 472.0], "TP": [365.0, 418.0, 362.0, 401.0, 357.0, 381.0, 371.0, 343.0, 388.0, 371.0, 357.0, 379.0, 374.0, 371.0, 379.0, 409.0, 396.0, 411.0, 413.0, 438.0, 444.0, 414.0, 437.0, 437.0, 451.0, 456.0, 454.0, 445.0, 472.0, 450.0, 462.0, 446.0, 462.0, 464.0, 458.0, 462.0, 450.0, 470.0, 458.0, 466.0, 466.0, 464.0, 463.0, 459.0, 465.0, 463.0, 484.0, 464.0, 468.0, 489.0], "TN": [337.0, 295.0, 354.0, 308.0, 346.0, 356.0, 409.0, 454.0, 409.0, 431.0, 425.0, 430.0, 443.0, 435.0, 447.0, 426.0, 455.0, 433.0, 431.0, 423.0, 422.0, 466.0, 435.0, 467.0, 440.0, 457.0, 453.0, 449.0, 423.0, 466.0, 448.0, 454.0, 451.0, 458.0, 471.0, 458.0, 462.0, 464.0, 465.0, 472.0, 466.0, 485.0, 474.0, 461.0, 478.0, 471.0, 474.0, 477.0, 473.0, 473.0], "FP": [380.0, 422.0, 363.0, 409.0, 371.0, 361.0, 308.0, 263.0, 308.0, 286.0, 292.0, 287.0, 274.0, 282.0, 270.0, 291.0, 262.0, 284.0, 286.0, 294.0, 295.0, 251.0, 282.0, 250.0, 277.0, 260.0, 264.0, 268.0, 294.0, 251.0, 269.0, 263.0, 266.0, 259.0, 246.0, 259.0, 255.0, 253.0, 252.0, 245.0, 251.0, 232.0, 243.0, 256.0, 239.0, 246.0, 243.0, 240.0, 244.0, 244.0], "FN": [352.0, 299.0, 355.0, 316.0, 360.0, 336.0, 346.0, 374.0, 329.0, 346.0, 360.0, 338.0, 343.0, 346.0, 338.0, 308.0, 321.0, 306.0, 304.0, 279.0, 273.0, 303.0, 280.0, 280.0, 266.0, 261.0, 263.0, 272.0, 245.0, 267.0, 255.0, 271.0, 255.0, 253.0, 259.0, 255.0, 267.0, 247.0, 259.0, 251.0, 251.0, 253.0, 254.0, 258.0, 252.0, 254.0, 233.0, 253.0, 249.0, 228.0], "Precision": [0.4899328947067261, 0.49761903285980225, 0.49931034445762634, 0.4950617253780365, 0.49038460850715637, 0.513477087020874, 0.5463917255401611, 0.566006600856781, 0.5574712753295898, 0.564687967300415, 0.5500770211219788, 0.5690690875053406, 0.5771604776382446, 0.5681470036506653, 0.5839753746986389, 0.5842857360839844, 0.6018236875534058, 0.5913668870925903, 0.5908440351486206, 0.5983606576919556, 0.6008118987083435, 0.6225563883781433, 0.607788622379303, 0.6360989809036255, 0.6195054650306702, 0.6368715167045593, 0.632311999797821, 0.6241233944892883, 0.6161879897117615, 0.6419400572776794, 0.6320109367370605, 0.6290550231933594, 0.6346153616905212, 0.6417704224586487, 0.6505681872367859, 0.6407766938209534, 0.6382978558540344, 0.6500691771507263, 0.6450704336166382, 0.655414879322052, 0.6499302387237549, 0.6666666865348816, 0.655807375907898, 0.6419580578804016, 0.6605113744735718, 0.6530324220657349, 0.6657496690750122, 0.6590909361839294, 0.6573033928871155, 0.667121410369873], "Recall": [0.509065568447113, 0.5829846858978271, 0.5048814415931702, 0.5592747330665588, 0.49790793657302856, 0.5313807725906372, 0.517433762550354, 0.4783821403980255, 0.5411436557769775, 0.517433762550354, 0.49790793657302856, 0.5285913348197937, 0.5216178297996521, 0.517433762550354, 0.5285913348197937, 0.5704323649406433, 0.5523012280464172, 0.573221743106842, 0.5760111808776855, 0.6108786463737488, 0.6192468404769897, 0.5774058699607849, 0.6094839572906494, 0.6094839572906494, 0.6290097832679749, 0.6359832882881165, 0.633193850517273, 0.6206415891647339, 0.6582984924316406, 0.6276150345802307, 0.6443514823913574, 0.6220362782478333, 0.6443514823913574, 0.6471408605575562, 0.6387726664543152, 0.6443514823913574, 0.6276150345802307, 0.6555090546607971, 0.6387726664543152, 0.6499302387237549, 0.6499302387237549, 0.6471408605575562, 0.6457461714744568, 0.6401673555374146, 0.6485355496406555, 0.6457461714744568, 0.6750348806381226, 0.6471408605575562, 0.6527196764945984, 0.6820083856582642], "AUC": [0.4819399118423462, 0.5089439749717712, 0.5029498934745789, 0.5098903179168701, 0.500862717628479, 0.5352185964584351, 0.5554592609405518, 0.5628976821899414, 0.5676400661468506, 0.5803800821304321, 0.5688022971153259, 0.5908111333847046, 0.596419095993042, 0.5967517495155334, 0.6105567216873169, 0.6216579675674438, 0.6274526119232178, 0.6293472647666931, 0.6381365656852722, 0.6549692749977112, 0.6546191573143005, 0.6625535488128662, 0.6695436239242554, 0.6767524480819702, 0.6752381920814514, 0.6885918378829956, 0.6857966780662537, 0.6819539070129395, 0.6876299381256104, 0.6895819306373596, 0.6930055022239685, 0.6914891600608826, 0.7038314342498779, 0.7048235535621643, 0.7072053551673889, 0.7094315886497498, 0.7107572555541992, 0.7071887850761414, 0.7207973599433899, 0.7145085334777832, 0.7185778617858887, 0.7323362231254578, 0.7162359356880188, 0.7202994227409363, 0.7189805507659912, 0.72322016954422, 0.7295701503753662, 0.7274780869483948, 0.7231325507164001, 0.7374773025512695], "val_loss": [0.6906247735023499, 0.6919547915458679, 0.6880989670753479, 0.6892334818840027, 0.6875252723693848, 0.6878299117088318, 0.687442421913147, 0.6828250885009766, 0.6854525208473206, 0.6836228966712952, 0.6908729672431946, 0.7003903985023499, 0.7056678533554077, 0.6851574778556824, 0.6476859450340271, 0.6787862777709961, 0.6483873128890991, 0.7490628361701965, 0.6323105096817017, 0.6907788515090942, 0.7470361590385437, 0.7066389918327332, 0.7804091572761536, 0.7039176225662231, 0.8372165560722351, 0.8272117972373962, 0.6019105911254883, 0.602856457233429, 0.6101030707359314, 0.594566285610199, 0.7083107233047485, 0.8269954919815063, 0.8679423928260803, 0.6634266972541809, 0.5921649932861328, 0.7063801288604736, 0.5867999196052551, 0.5859863758087158, 0.606511116027832, 0.7831529378890991, 0.7063759565353394, 0.8199186325073242, 0.683858335018158, 0.5770837664604187, 0.6105666756629944, 0.586399257183075, 0.8699585199356079, 0.5941686630249023, 0.5998437404632568, 0.5944197177886963],