{"loss": [0.34678202867507935, 0.34581470489501953, 0.3453173041343689, 0.3448449373245239, 0.34537720680236816, 0.34465569257736206, 0.34471604228019714, 0.3443422317504883, 0.3444695770740509, 0.3446270823478699, 0.3443760573863983, 0.3443918526172638, 0.3448188900947571, 0.34426259994506836, 0.3441137373447418, 0.34433358907699585, 0.3444232940673828, 0.34475988149642944, 0.34439727663993835, 0.3446083962917328, 0.3443748950958252, 0.34435129165649414, 0.3441872298717499, 0.34430789947509766, 0.34405794739723206, 0.3446904718875885], "accuracy": [0.5020920634269714, 0.5223152041435242, 0.5223152041435242, 0.5397489666938782, 0.5285913348197937, 0.5425383448600769, 0.5404462814331055, 0.5383542776107788, 0.5383542776107788, 0.5369595289230347, 0.5362622141838074, 0.5390515923500061, 0.5334727764129639, 0.5453277826309204, 0.534867525100708, 0.5390515923500061, 0.5495118498802185, 0.5306833982467651, 0.5244072675704956, 0.5320780873298645, 0.5411436557769775, 0.5411436557769775, 0.5474197864532471, 0.5383542776107788, 0.534867525100708, 0.5376569032669067], "benchmark_880": [714.0, 685.0, 685.0, 660.0, 676.0, 656.0, 659.0, 662.0, 662.0, 664.0, 665.0, 661.0, 669.0, 652.0, 667.0, 661.0, 646.0, 673.0, 682.0, 671.0, 658.0, 658.0, 649.0, 662.0, 667.0, 663.0], "TP": [417.0, 261.0, 384.0, 333.0, 338.0, 321.0, 331.0, 346.0, 334.0, 362.0, 344.0, 346.0, 335.0, 349.0, 331.0, 344.0, 337.0, 327.0, 363.0, 337.0, 351.0, 353.0, 363.0, 367.0, 331.0, 355.0], "TN": [303.0, 488.0, 365.0, 441.0, 420.0, 457.0, 444.0, 426.0, 438.0, 408.0, 425.0, 427.0, 430.0, 433.0, 436.0, 429.0, 451.0, 434.0, 389.0, 426.0, 425.0, 423.0, 422.0, 405.0, 436.0, 416.0], "FP": [414.0, 229.0, 352.0, 276.0, 297.0, 260.0, 273.0, 291.0, 279.0, 309.0, 292.0, 290.0, 287.0, 284.0, 281.0, 288.0, 266.0, 283.0, 328.0, 291.0, 292.0, 294.0, 295.0, 312.0, 281.0, 301.0], "FN": [300.0, 456.0, 333.0, 384.0, 379.0, 396.0, 386.0, 371.0, 383.0, 355.0, 373.0, 371.0, 382.0, 368.0, 386.0, 373.0, 380.0, 390.0, 354.0, 380.0, 366.0, 364.0, 354.0, 350.0, 386.0, 362.0], "Precision": [0.5018050670623779, 0.5326530337333679, 0.52173912525177, 0.546798050403595, 0.5322834849357605, 0.5524957180023193, 0.5480132699012756, 0.5431711077690125, 0.5448613166809082, 0.5394933223724365, 0.5408805012702942, 0.544025182723999, 0.5385851860046387, 0.551342785358429, 0.5408496856689453, 0.5443037748336792, 0.5588722825050354, 0.5360655784606934, 0.52532559633255, 0.5366241931915283, 0.5458787083625793, 0.5455950498580933, 0.5516717433929443, 0.5405007600784302, 0.5408496856689453, 0.5411585569381714], "Recall": [0.581589937210083, 0.36401674151420593, 0.5355648398399353, 0.4644351601600647, 0.4714086353778839, 0.4476987421512604, 0.4616457521915436, 0.482566237449646, 0.46582984924316406, 0.5048814415931702, 0.47977685928344727, 0.482566237449646, 0.4672245383262634, 0.4867503345012665, 0.4616457521915436, 0.47977685928344727, 0.47001394629478455, 0.45606693625450134, 0.5062761306762695, 0.47001394629478455, 0.4895397424697876, 0.4923291504383087, 0.5062761306762695, 0.5118549466133118, 0.4616457521915436, 0.49511855840682983], "AUC": [0.5051236748695374, 0.5286633372306824, 0.5325254797935486, 0.543113112449646, 0.5297711491584778, 0.5404735803604126, 0.5422173738479614, 0.5434632897377014, 0.5417388677597046, 0.5405036807060242, 0.5462458729743958, 0.5413605570793152, 0.5341390371322632, 0.542506217956543, 0.5463013648986816, 0.5436276197433472, 0.5439563989639282, 0.535775899887085, 0.5387189388275146, 0.5357943773269653, 0.5431316494941711, 0.5441334247589111, 0.5469597578048706, 0.5435916781425476, 0.5435508489608765, 0.5391488671302795], "val_loss": [0.34749630093574524, 0.342544287443161, 0.33937808871269226, 0.33693769574165344, 0.3364497125148773, 0.3373852074146271, 0.33773019909858704, 0.340257853269577, 0.3398820161819458, 0.34265395998954773, 0.34312817454338074, 0.34383073449134827, 0.34291717410087585, 0.34380683302879333, 0.34441226720809937, 0.34392988681793213, 0.3445533514022827, 0.34269195795059204, 0.34363409876823425, 0.3420962393283844, 0.34366437792778015, 0.3447025716304779, 0.3421107530593872, 0.34373757243156433, 0.34349966049194336, 0.34406059980392456], "val_accuracy": [0.3781818151473999, 0.6218181848526001, 0.6218181848526001, 0.6218181848526001, 0.6218181848526001, 0.6254545450210571, 0.585454523563385, 0.5454545617103577, 0.5381818413734436, 0.5127272605895996, 0.4981818199157715, 0.5090909004211426, 0.4981818199157715, 0.5054545402526855, 0.5127272605895996, 0.5018181800842285, 0.5090909004211426, 0.49454545974731445, 0.5018181800842285, 0.5090909004211426, 0.5018181800842285, 0.5127272605895996, 0.5054545402526855, 0.5054545402526855, 0.5018181800842285, 0.5090909004211426], "val_benchmark_880": [171.0, 104.0, 104.0, 104.0, 104.0, 103.0, 114.0, 125.0, 127.0, 134.0, 138.0, 135.0, 138.0, 136.0, 134.0, 137.0, 135.0, 139.0, 137.0, 135.0, 137.0, 134.0, 136.0, 136.0, 137.0, 135.0], "val_TP": [0.0, 171.0, 171.0, 171.0, 171.0, 162.0, 141.0, 105.0, 106.0, 83.0, 78.0, 76.0, 78.0, 75.0, 72.0, 73.0, 71.0, 78.0, 74.0, 83.0, 74.0, 71.0, 82.0, 74.0, 74.0, 71.0], "val_TN": [104.0, 0.0, 0.0, 0.0, 0.0, 10.0, 20.0, 45.0, 42.0, 58.0, 59.0, 64.0, 59.0, 64.0, 69.0, 65.0, 69.0, 58.0, 64.0, 57.0, 64.0, 70.0, 57.0, 65.0, 64.0, 69.0], "val_FP": [0.0, 104.0, 104.0, 104.0, 104.0, 94.0, 84.0, 59.0, 62.0, 46.0, 45.0, 40.0, 45.0, 40.0, 35.0, 39.0, 35.0, 46.0, 40.0, 47.0, 40.0, 34.0, 47.0, 39.0, 40.0, 35.0], "val_FN": [171.0, 0.0, 0.0, 0.0, 0.0, 9.0, 30.0, 66.0, 65.0, 88.0, 93.0, 95.0, 93.0, 96.0, 99.0, 98.0, 100.0, 93.0, 97.0, 88.0, 97.0, 100.0, 89.0, 97.0, 97.0, 100.0], "val_Precision": [0.0, 0.6218181848526001, 0.6218181848526001, 0.6218181848526001, 0.6218181848526001, 0.6328125, 0.6266666650772095, 0.6402438879013062, 0.6309523582458496, 0.643410861492157, 0.6341463327407837, 0.6551724076271057, 0.6341463327407837, 0.6521739363670349, 0.672897219657898, 0.6517857313156128, 0.6698113083839417, 0.6290322542190552, 0.6491228342056274, 0.6384615302085876, 0.6491228342056274, 0.6761904954910278, 0.6356589198112488, 0.6548672318458557, 0.6491228342056274, 0.6698113083839417], "val_Recall": [0.0, 1.0, 1.0, 1.0, 1.0, 0.9473684430122375, 0.8245614171028137, 0.6140350699424744, 0.6198830604553223, 0.4853801131248474, 0.45614033937454224, 0.4444444477558136, 0.45614033937454224, 0.4385964870452881, 0.42105263471603394, 0.42690059542655945, 0.4152046740055084, 0.45614033937454224, 0.4327485263347626, 0.4853801131248474, 0.4327485263347626, 0.4152046740055084, 0.4795321524143219, 0.4327485263347626, 0.4327485263347626, 0.4152046740055084], "val_AUC": [0.5038799047470093, 0.5241789817810059, 0.5380116701126099, 0.5608693361282349, 0.5390519499778748, 0.5488360524177551, 0.5482456088066101, 0.5483018755912781, 0.5479082465171814, 0.5463056564331055, 0.5539529323577881, 0.5466148853302002, 0.5539249181747437, 0.5483580827713013, 0.5494264364242554, 0.5501011610031128, 0.5515632033348083, 0.5494264364242554, 0.5502699017524719, 0.5499044060707092, 0.5504385828971863, 0.5536718368530273, 0.5535875558853149, 0.5539248585700989, 0.5563427805900574, 0.5537280440330505]}