{"loss": [0.8105913996696472, 0.8070054054260254, 0.8109130859375, 0.8237224817276001, 0.8080459833145142, 0.8134598731994629, 0.8156734108924866, 0.8029564619064331, 0.7976464033126831, 0.7899655103683472, 0.7814833521842957, 0.7952725887298584, 0.7861478924751282, 0.7917256355285645, 0.7820574045181274, 0.7850319743156433, 0.7645706534385681, 0.7797157764434814, 0.7643343210220337, 0.775465726852417, 0.7587941884994507], "accuracy": [0.5104602575302124, 0.5216178297996521, 0.5048814415931702, 0.4972105920314789, 0.5006973743438721, 0.49093446135520935, 0.5013946890830994, 0.5027893781661987, 0.5, 0.5034867525100708, 0.5132496356964111, 0.4958159029483795, 0.49860531091690063, 0.4923291504383087, 0.49790793657302856, 0.5027893781661987, 0.508368194103241, 0.4930264949798584, 0.4965132474899292, 0.4895397424697876, 0.5160390734672546], "benchmark_1455": [702.0, 686.0, 710.0, 721.0, 716.0, 730.0, 715.0, 713.0, 717.0, 712.0, 698.0, 723.0, 719.0, 728.0, 720.0, 713.0, 705.0, 727.0, 722.0, 732.0, 694.0], "TP": [352.0, 377.0, 363.0, 362.0, 355.0, 331.0, 386.0, 348.0, 371.0, 375.0, 366.0, 344.0, 374.0, 346.0, 351.0, 384.0, 358.0, 360.0, 368.0, 359.0, 363.0], "TN": [380.0, 371.0, 361.0, 351.0, 363.0, 373.0, 333.0, 373.0, 346.0, 347.0, 370.0, 367.0, 341.0, 360.0, 363.0, 337.0, 371.0, 347.0, 344.0, 343.0, 377.0], "FP": [337.0, 346.0, 356.0, 366.0, 354.0, 344.0, 384.0, 344.0, 371.0, 370.0, 347.0, 350.0, 376.0, 357.0, 354.0, 380.0, 346.0, 370.0, 373.0, 374.0, 340.0], "FN": [365.0, 340.0, 354.0, 355.0, 362.0, 386.0, 331.0, 369.0, 346.0, 342.0, 351.0, 373.0, 343.0, 371.0, 366.0, 333.0, 359.0, 357.0, 349.0, 358.0, 354.0], "Precision": [0.5108853578567505, 0.521438479423523, 0.5048678517341614, 0.4972527325153351, 0.5007052421569824, 0.49037036299705505, 0.501298725605011, 0.5028901696205139, 0.5, 0.5033556818962097, 0.513323962688446, 0.49567723274230957, 0.4986666738986969, 0.4921763837337494, 0.49787235260009766, 0.5026177763938904, 0.5085227489471436, 0.4931506812572479, 0.4966261684894562, 0.4897680878639221, 0.5163584351539612], "Recall": [0.49093446135520935, 0.525801956653595, 0.5062761306762695, 0.5048814415931702, 0.49511855840682983, 0.4616457521915436, 0.5383542776107788, 0.4853556454181671, 0.517433762550354, 0.5230125784873962, 0.5104602575302124, 0.47977685928344727, 0.5216178297996521, 0.482566237449646, 0.4895397424697876, 0.5355648398399353, 0.4993026554584503, 0.5020920634269714, 0.5132496356964111, 0.5006973743438721, 0.5062761306762695], "AUC": [0.5259575843811035, 0.5238791108131409, 0.5194061994552612, 0.4911056458950043, 0.501738965511322, 0.5021494626998901, 0.4916103780269623, 0.5036774277687073, 0.5045225620269775, 0.49922582507133484, 0.5167480707168579, 0.48369544744491577, 0.5006827116012573, 0.4908547103404999, 0.5026503205299377, 0.49828821420669556, 0.519431471824646, 0.4929730296134949, 0.5054260492324829, 0.4871141016483307, 0.5096666216850281], "val_loss": [0.6907458901405334, 0.6937586665153503, 0.6850411295890808, 0.6924536228179932, 0.688583254814148, 0.6888636350631714, 0.6874913573265076, 0.6927794218063354, 0.6856546998023987, 0.6936148405075073, 0.6945940852165222, 0.6935214996337891, 0.6848520040512085, 0.6981497406959534, 0.6838018298149109, 0.6905238032341003, 0.6922128796577454, 0.6957594156265259, 0.6879274845123291, 0.6952168941497803, 0.6947091817855835], "val_accuracy": [0.6218181848526001, 0.3781818151473999, 0.6218181848526001, 0.6218181848526001, 0.6218181848526001, 0.6218181848526001, 0.6218181848526001, 0.6218181848526001, 0.6218181848526001, 0.3781818151473999, 0.3781818151473999, 0.3781818151473999, 0.6218181848526001, 0.3781818151473999, 0.6218181848526001, 0.6218181848526001, 0.6218181848526001, 0.3781818151473999, 0.6218181848526001, 0.3781818151473999, 0.38545453548431396], "val_benchmark_1455": [104.0, 171.0, 104.0, 104.0, 104.0, 104.0, 104.0, 104.0, 104.0, 171.0, 171.0, 171.0, 104.0, 171.0, 104.0, 104.0, 104.0, 171.0, 104.0, 171.0, 169.0], "val_TP": [171.0, 0.0, 171.0, 171.0, 171.0, 171.0, 171.0, 171.0, 171.0, 0.0, 0.0, 0.0, 171.0, 0.0, 171.0, 171.0, 171.0, 0.0, 171.0, 0.0, 2.0], "val_TN": [0.0, 104.0, 0.0, 0.0, 0.0, 0.0, 0.0, 0.0, 0.0, 104.0, 104.0, 104.0, 0.0, 104.0, 0.0, 0.0, 0.0, 104.0, 0.0, 104.0, 104.0], "val_FP": [104.0, 0.0, 104.0, 104.0, 104.0, 104.0, 104.0, 104.0, 104.0, 0.0, 0.0, 0.0, 104.0, 0.0, 104.0, 104.0, 104.0, 0.0, 104.0, 0.0, 0.0], "val_FN": [0.0, 171.0, 0.0, 0.0, 0.0, 0.0, 0.0, 0.0, 0.0, 171.0, 171.0, 171.0, 0.0, 171.0, 0.0, 0.0, 0.0, 171.0, 0.0, 171.0, 169.0], "val_Precision": [0.6218181848526001, 0.0, 0.6218181848526001, 0.6218181848526001, 0.6218181848526001, 0.6218181848526001, 0.6218181848526001, 0.6218181848526001, 0.6218181848526001, 0.0, 0.0, 0.0, 0.6218181848526001, 0.0, 0.6218181848526001, 0.6218181848526001, 0.6218181848526001, 0.0, 0.6218181848526001, 0.0, 1.0], "val_Recall": [1.0, 0.0, 1.0, 1.0, 1.0, 1.0, 1.0, 1.0, 1.0, 0.0, 0.0, 0.0, 1.0, 0.0, 1.0, 1.0, 1.0, 0.0, 1.0, 0.0, 0.011695906519889832], "val_AUC": [0.5, 0.5, 0.5, 0.5, 0.5, 0.5, 0.5, 0.5, 0.5, 0.5, 0.5, 0.5, 0.5, 0.5, 0.5, 0.5, 0.5215080976486206, 0.5, 0.511695921421051, 0.5204678177833557, 0.5413292646408081]}