{"loss": [0.8234475255012512, 0.8099325299263, 0.8259424567222595, 0.8196794390678406, 0.8449856042861938, 0.8229889273643494, 0.8259139657020569, 0.825641393661499, 0.7989192008972168, 0.820539116859436, 0.8205192685127258, 0.8103090524673462, 0.8007985353469849, 0.7700455188751221, 0.80574631690979, 0.8233031630516052, 0.7877833843231201, 0.7905507683753967, 0.7803589701652527, 0.7632887959480286, 0.7874168753623962, 0.7969483733177185, 0.7707703113555908, 0.7635462284088135, 0.7969468235969543, 0.785054087638855, 0.7811554074287415, 0.7792430520057678, 0.7611948847770691, 0.7822378873825073, 0.7819682955741882, 0.7733402848243713, 0.7683164477348328, 0.7599287033081055, 0.7742258310317993, 0.767174482345581, 0.779656171798706, 0.7782320976257324], "accuracy": [0.49790793657302856, 0.5104602575302124, 0.4993026554584503, 0.48326361179351807, 0.47629010677337646, 0.4937238395214081, 0.49163180589675903, 0.4867503345012665, 0.4965132474899292, 0.48117154836654663, 0.48465830087661743, 0.5048814415931702, 0.4972105920314789, 0.525801956653595, 0.4993026554584503, 0.47629010677337646, 0.5139470100402832, 0.508368194103241, 0.5230125784873962, 0.5460250973701477, 0.5223152041435242, 0.49511855840682983, 0.509065568447113, 0.5146443247795105, 0.4902370870113373, 0.5181310772895813, 0.5097628831863403, 0.5020920634269714, 0.5334727764129639, 0.5062761306762695, 0.49442121386528015, 0.508368194103241, 0.5139470100402832, 0.5181310772895813, 0.4923291504383087, 0.5160390734672546, 0.5104602575302124, 0.5], "benchmark_1427": [720.0, 702.0, 718.0, 741.0, 751.0, 726.0, 729.0, 736.0, 722.0, 744.0, 739.0, 710.0, 721.0, 680.0, 718.0, 751.0, 697.0, 705.0, 684.0, 651.0, 685.0, 724.0, 704.0, 696.0, 731.0, 691.0, 703.0, 714.0, 669.0, 708.0, 725.0, 705.0, 697.0, 691.0, 728.0, 694.0, 702.0, 717.0], "TP": [356.0, 362.0, 352.0, 341.0, 342.0, 351.0, 352.0, 345.0, 377.0, 336.0, 336.0, 366.0, 350.0, 372.0, 360.0, 345.0, 367.0, 370.0, 379.0, 388.0, 377.0, 345.0, 369.0, 367.0, 359.0, 378.0, 372.0, 356.0, 375.0, 364.0, 370.0, 368.0, 341.0, 365.0, 354.0, 381.0, 360.0, 359.0], "TN": [358.0, 370.0, 364.0, 352.0, 341.0, 357.0, 353.0, 353.0, 335.0, 354.0, 359.0, 358.0, 363.0, 382.0, 356.0, 338.0, 370.0, 359.0, 371.0, 395.0, 372.0, 365.0, 361.0, 371.0, 344.0, 365.0, 359.0, 364.0, 390.0, 362.0, 339.0, 361.0, 396.0, 378.0, 352.0, 359.0, 372.0, 358.0], "FP": [359.0, 347.0, 353.0, 365.0, 376.0, 360.0, 364.0, 364.0, 382.0, 363.0, 358.0, 359.0, 354.0, 335.0, 361.0, 379.0, 347.0, 358.0, 346.0, 322.0, 345.0, 352.0, 356.0, 346.0, 373.0, 352.0, 358.0, 353.0, 327.0, 355.0, 378.0, 356.0, 321.0, 339.0, 365.0, 358.0, 345.0, 359.0], "FN": [361.0, 355.0, 365.0, 376.0, 375.0, 366.0, 365.0, 372.0, 340.0, 381.0, 381.0, 351.0, 367.0, 345.0, 357.0, 372.0, 350.0, 347.0, 338.0, 329.0, 340.0, 372.0, 348.0, 350.0, 358.0, 339.0, 345.0, 361.0, 342.0, 353.0, 347.0, 349.0, 376.0, 352.0, 363.0, 336.0, 357.0, 358.0], "Precision": [0.4979020953178406, 0.5105782747268677, 0.49929079413414, 0.48300284147262573, 0.47632312774658203, 0.49367088079452515, 0.49162012338638306, 0.4866008460521698, 0.49670618772506714, 0.4806866943836212, 0.48414984345436096, 0.5048275589942932, 0.49715909361839294, 0.5261669158935547, 0.4993065297603607, 0.4765193462371826, 0.5140056014060974, 0.5082417726516724, 0.5227586030960083, 0.5464788675308228, 0.5221606492996216, 0.49497848749160767, 0.5089654922485352, 0.5147265195846558, 0.4904371500015259, 0.517808198928833, 0.5095890164375305, 0.5021156668663025, 0.5341880321502686, 0.5062586665153503, 0.4946524202823639, 0.5082873106002808, 0.5151057243347168, 0.5184659361839294, 0.4923504889011383, 0.515561580657959, 0.5106382966041565, 0.5], "Recall": [0.4965132474899292, 0.5048814415931702, 0.49093446135520935, 0.4755927622318268, 0.47698745131492615, 0.4895397424697876, 0.49093446135520935, 0.48117154836654663, 0.525801956653595, 0.4686192572116852, 0.4686192572116852, 0.5104602575302124, 0.48814505338668823, 0.5188284516334534, 0.5020920634269714, 0.48117154836654663, 0.5118549466133118, 0.5160390734672546, 0.5285913348197937, 0.5411436557769775, 0.525801956653595, 0.48117154836654663, 0.5146443247795105, 0.5118549466133118, 0.5006973743438721, 0.5271966457366943, 0.5188284516334534, 0.4965132474899292, 0.5230125784873962, 0.5076708793640137, 0.5160390734672546, 0.5132496356964111, 0.4755927622318268, 0.509065568447113, 0.4937238395214081, 0.5313807725906372, 0.5020920634269714, 0.5006973743438721], "AUC": [0.5029985308647156, 0.5126505494117737, 0.49499890208244324, 0.48441609740257263, 0.4709145724773407, 0.4903528690338135, 0.48552584648132324, 0.483938604593277, 0.5117275714874268, 0.4800598919391632, 0.48240089416503906, 0.498016893863678, 0.5007752180099487, 0.5359324812889099, 0.49504268169403076, 0.4704934060573578, 0.5168793797492981, 0.5127643346786499, 0.5242866277694702, 0.5435167551040649, 0.5154204368591309, 0.4950271248817444, 0.5156752467155457, 0.5327618718147278, 0.4826722741127014, 0.5037775635719299, 0.505491316318512, 0.5010367631912231, 0.5276324152946472, 0.5053259134292603, 0.49791282415390015, 0.5158065557479858, 0.5138341784477234, 0.5170174837112427, 0.4904724955558777, 0.5131737589836121, 0.49966445565223694, 0.503138542175293], "val_loss": [0.7092089653015137, 0.7046846151351929, 0.7121794819831848, 0.6938220858573914, 0.6858595013618469, 0.6931365728378296, 0.6864087581634521, 0.6779923439025879, 0.7157285809516907, 0.7106258273124695, 0.7017853260040283, 0.7140709757804871, 0.7027413845062256, 0.7081985473632812, 0.6911752223968506, 0.6880999803543091, 0.6740967631340027, 0.6823694109916687, 0.6852602958679199, 0.6893510818481445, 0.6984965205192566, 0.6944051384925842, 0.693277895450592, 0.6840751767158508, 0.6942696571350098, 0.6811133027076721, 0.6991810202598572, 0.6921920776367188, 0.6852942705154419, 0.6746183037757874, 0.7009859681129456, 0.7183736562728882, 0.7040228247642517, 0.6817586421966553, 0.6751042008399963, 0.6961740255355835, 0.6925562620162964, 0.6798788905143738], "val_accuracy": [0.3781818151473999, 0.3781818151473999, 0.3781818151473999, 0.41818180680274963, 0.6218181848526001, 0.4763636291027069, 0.6218181848526001, 0.6218181848526001, 0.3781818151473999, 0.3781818151473999, 0.389090895652771, 0.3781818151473999, 0.4000000059604645, 0.38545453548431396, 0.5199999809265137, 0.5527272820472717, 0.6218181848526001, 0.6290909051895142, 0.5563636422157288, 0.5199999809265137, 0.44727271795272827, 0.4727272689342499, 0.47999998927116394, 0.5527272820472717, 0.47999998927116394, 0.5490909218788147, 0.4618181884288788, 0.5054545402526855, 0.5127272605895996, 0.610909104347229, 0.4618181884288788, 0.42181816697120667, 0.44727271795272827, 0.5272727012634277, 0.5563636422157288, 0.47999998927116394, 0.5054545402526855, 0.5309090614318848], "val_benchmark_1427": [171.0, 171.0, 171.0, 160.0, 104.0, 144.0, 104.0, 104.0, 171.0, 171.0, 168.0, 171.0, 165.0, 169.0, 132.0, 123.0, 104.0, 102.0, 122.0, 132.0, 152.0, 145.0, 143.0, 123.0, 143.0, 124.0, 148.0, 136.0, 134.0, 107.0, 148.0, 159.0, 152.0, 130.0, 122.0, 143.0, 136.0, 129.0], "val_TP": [0.0, 0.0, 0.0, 14.0, 171.0, 44.0, 171.0, 171.0, 0.0, 0.0, 3.0, 0.0, 6.0, 2.0, 68.0, 106.0, 171.0, 159.0, 120.0, 75.0, 27.0, 42.0, 46.0, 106.0, 45.0, 117.0, 34.0, 54.0, 83.0, 144.0, 34.0, 15.0, 29.0, 92.0, 123.0, 45.0, 55.0, 95.0], "val_TN": [104.0, 104.0, 104.0, 101.0, 0.0, 87.0, 0.0, 0.0, 104.0, 104.0, 104.0, 104.0, 104.0, 104.0, 75.0, 46.0, 0.0, 14.0, 33.0, 68.0, 96.0, 88.0, 86.0, 46.0, 87.0, 34.0, 93.0, 85.0, 58.0, 24.0, 93.0, 101.0, 94.0, 53.0, 30.0, 87.0, 84.0, 51.0], "val_FP": [0.0, 0.0, 0.0, 3.0, 104.0, 17.0, 104.0, 104.0, 0.0, 0.0, 0.0, 0.0, 0.0, 0.0, 29.0, 58.0, 104.0, 90.0, 71.0, 36.0, 8.0, 16.0, 18.0, 58.0, 17.0, 70.0, 11.0, 19.0, 46.0, 80.0, 11.0, 3.0, 10.0, 51.0, 74.0, 17.0, 20.0, 53.0],