{"loss": [0.08840470761060715, 0.08632577210664749, 0.08604475110769272, 0.08636010438203812, 0.08569146692752838, 0.08532893657684326, 0.08507006615400314, 0.08520355075597763, 0.08476150035858154, 0.08472966402769089, 0.08478247374296188, 0.08454181253910065, 0.08464006334543228, 0.0841406062245369, 0.08402244001626968, 0.08413048088550568, 0.08355974406003952, 0.0831204429268837, 0.08306113630533218, 0.08301229774951935, 0.08304247260093689], "accuracy": [0.4714086353778839, 0.5271966457366943, 0.5285913348197937, 0.5453277826309204, 0.5669456124305725, 0.5683403015136719, 0.5822873115539551, 0.5739191174507141, 0.5836820006370544, 0.5822873115539551, 0.599023699760437, 0.589958131313324, 0.5760111808776855, 0.5920501947402954, 0.5920501947402954, 0.5983263850212097, 0.590655505657196, 0.6129707098007202, 0.615760087966919, 0.6136680841445923, 0.6199442148208618], "benchmark_1324": [758.0, 678.0, 676.0, 652.0, 621.0, 619.0, 599.0, 611.0, 597.0, 599.0, 575.0, 588.0, 608.0, 585.0, 585.0, 576.0, 587.0, 555.0, 551.0, 554.0, 545.0], "TP": [372.0, 405.0, 391.0, 403.0, 410.0, 403.0, 397.0, 378.0, 392.0, 374.0, 377.0, 372.0, 385.0, 380.0, 360.0, 392.0, 360.0, 403.0, 413.0, 407.0, 404.0], "TN": [304.0, 351.0, 367.0, 379.0, 403.0, 412.0, 438.0, 445.0, 445.0, 461.0, 482.0, 474.0, 441.0, 469.0, 489.0, 466.0, 487.0, 476.0, 470.0, 473.0, 485.0], "FP": [413.0, 366.0, 350.0, 338.0, 314.0, 305.0, 279.0, 272.0, 272.0, 256.0, 235.0, 243.0, 276.0, 248.0, 228.0, 251.0, 230.0, 241.0, 247.0, 244.0, 232.0], "FN": [345.0, 312.0, 326.0, 314.0, 307.0, 314.0, 320.0, 339.0, 325.0, 343.0, 340.0, 345.0, 332.0, 337.0, 357.0, 325.0, 357.0, 314.0, 304.0, 310.0, 313.0], "Precision": [0.47388535737991333, 0.5252918004989624, 0.5276653170585632, 0.5438596606254578, 0.5662983655929565, 0.5692090392112732, 0.5872781276702881, 0.5815384387969971, 0.5903614163398743, 0.5936508178710938, 0.6160130500793457, 0.6048780679702759, 0.582450807094574, 0.6050955653190613, 0.6122449040412903, 0.6096423268318176, 0.6101694703102112, 0.6257764101028442, 0.6257575750350952, 0.6251919865608215, 0.6352201104164124], "Recall": [0.5188284516334534, 0.5648535490036011, 0.5453277826309204, 0.5620641708374023, 0.5718270540237427, 0.5620641708374023, 0.5536959767341614, 0.5271966457366943, 0.5467224717140198, 0.5216178297996521, 0.525801956653595, 0.5188284516334534, 0.5369595289230347, 0.5299860239028931, 0.5020920634269714, 0.5467224717140198, 0.5020920634269714, 0.5620641708374023, 0.5760111808776855, 0.5676429271697998, 0.5634588599205017], "AUC": [0.4708532989025116, 0.5427668690681458, 0.5528166890144348, 0.5576845407485962, 0.5772774815559387, 0.5811873078346252, 0.5893804430961609, 0.5896187424659729, 0.5989148020744324, 0.6003736853599548, 0.6291449666023254, 0.6134054660797119, 0.6143022179603577, 0.6219506859779358, 0.6333611011505127, 0.6314451694488525, 0.6419559717178345, 0.6587779521942139, 0.6624689102172852, 0.6588197946548462, 0.6554070115089417], "val_loss": [0.08651310205459595, 0.08679891377687454, 0.08695823699235916, 0.08712460100650787, 0.08706968277692795, 0.08721385151147842, 0.08791869878768921, 0.08809138834476471, 0.08875462412834167, 0.08864740282297134, 0.08918782323598862, 0.08719934523105621, 0.08889594674110413, 0.08693965524435043, 0.08789834380149841, 0.0898604467511177, 0.0882544219493866, 0.08826744556427002, 0.08784911036491394, 0.09220931679010391, 0.09023822844028473], "val_accuracy": [0.6218181848526001, 0.3781818151473999, 0.3781818151473999, 0.3781818151473999, 0.3781818151473999, 0.3781818151473999, 0.3781818151473999, 0.3781818151473999, 0.3781818151473999, 0.3781818151473999, 0.3781818151473999, 0.389090895652771, 0.3781818151473999, 0.4145454466342926, 0.389090895652771, 0.3781818151473999, 0.39636364579200745, 0.39636364579200745, 0.4036363661289215, 0.3781818151473999, 0.389090895652771], "val_benchmark_1324": [104.0, 171.0, 171.0, 171.0, 171.0, 171.0, 171.0, 171.0, 171.0, 171.0, 171.0, 168.0, 171.0, 161.0, 168.0, 171.0, 166.0, 166.0, 164.0, 171.0, 168.0], "val_TP": [171.0, 0.0, 0.0, 0.0, 0.0, 0.0, 0.0, 0.0, 0.0, 0.0, 0.0, 3.0, 0.0, 10.0, 3.0, 0.0, 5.0, 5.0, 7.0, 0.0, 3.0], "val_TN": [0.0, 104.0, 104.0, 104.0, 104.0, 104.0, 104.0, 104.0, 104.0, 104.0, 104.0, 104.0, 104.0, 104.0, 104.0, 104.0, 104.0, 104.0, 104.0, 104.0, 104.0], "val_FP": [104.0, 0.0, 0.0, 0.0, 0.0, 0.0, 0.0, 0.0, 0.0, 0.0, 0.0, 0.0, 0.0, 0.0, 0.0, 0.0, 0.0, 0.0, 0.0, 0.0, 0.0], "val_FN": [0.0, 171.0, 171.0, 171.0, 171.0, 171.0, 171.0, 171.0, 171.0, 171.0, 171.0, 168.0, 171.0, 161.0, 168.0, 171.0, 166.0, 166.0, 164.0, 171.0, 168.0], "val_Precision": [0.6218181848526001, 0.0, 0.0, 0.0, 0.0, 0.0, 0.0, 0.0, 0.0, 0.0, 0.0, 1.0, 0.0, 1.0, 1.0, 0.0, 1.0, 1.0, 1.0, 0.0, 1.0], "val_Recall": [1.0, 0.0, 0.0, 0.0, 0.0, 0.0, 0.0, 0.0, 0.0, 0.0, 0.0, 0.017543859779834747, 0.0, 0.05847953259944916, 0.017543859779834747, 0.0, 0.02923976629972458, 0.02923976629972458, 0.04093567281961441, 0.0, 0.017543859779834747], "val_AUC": [0.5, 0.5, 0.5, 0.5396423935890198, 0.5527440309524536, 0.5010402202606201, 0.5, 0.5960133075714111, 0.5, 0.5087719559669495, 0.6180555820465088, 0.5302799940109253, 0.6575011014938354, 0.5750112533569336, 0.6121232509613037, 0.6581196188926697, 0.6152440309524536, 0.6463112831115723, 0.624437689781189, 0.6542959809303284, 0.634587287902832]}