{"loss": [0.7145093083381653, 0.710785984992981, 0.696980893611908, 0.6961989998817444, 0.6944431066513062, 0.693499743938446, 0.6886036992073059, 0.6885629296302795, 0.6849982142448425, 0.687269926071167, 0.6830001473426819, 0.6849197745323181, 0.6852923631668091, 0.6816077828407288, 0.6901965737342834, 0.6869129538536072, 0.6839960217475891, 0.6799806952476501, 0.6773744821548462, 0.6802371144294739, 0.6862147450447083], "accuracy": [0.4895397424697876, 0.5041841268539429, 0.517433762550354, 0.5313807725906372, 0.5355648398399353, 0.5320780873298645, 0.5550906658172607, 0.5439330339431763, 0.5543932914733887, 0.5404462814331055, 0.5585774183273315, 0.5502092242240906, 0.5509065389633179, 0.5711296796798706, 0.5362622141838074, 0.5488144755363464, 0.5634588599205017, 0.5585774183273315, 0.5934448838233948, 0.5592747330665588, 0.5592747330665588], "benchmark_596": [732.0, 711.0, 692.0, 672.0, 666.0, 671.0, 638.0, 654.0, 639.0, 659.0, 633.0, 645.0, 644.0, 615.0, 665.0, 647.0, 626.0, 633.0, 583.0, 632.0, 632.0], "TP": [270.0, 288.0, 323.0, 326.0, 338.0, 330.0, 350.0, 360.0, 369.0, 336.0, 357.0, 350.0, 359.0, 383.0, 366.0, 351.0, 360.0, 369.0, 409.0, 370.0, 364.0], "TN": [432.0, 435.0, 419.0, 436.0, 430.0, 433.0, 446.0, 420.0, 426.0, 439.0, 444.0, 439.0, 431.0, 436.0, 403.0, 436.0, 448.0, 432.0, 442.0, 432.0, 438.0], "FP": [285.0, 282.0, 298.0, 281.0, 287.0, 284.0, 271.0, 297.0, 291.0, 278.0, 273.0, 278.0, 286.0, 281.0, 314.0, 281.0, 269.0, 285.0, 275.0, 285.0, 279.0], "FN": [447.0, 429.0, 394.0, 391.0, 379.0, 387.0, 367.0, 357.0, 348.0, 381.0, 360.0, 367.0, 358.0, 334.0, 351.0, 366.0, 357.0, 348.0, 308.0, 347.0, 353.0], "Precision": [0.4864864945411682, 0.5052631497383118, 0.5201288461685181, 0.5370675325393677, 0.5407999753952026, 0.5374592542648315, 0.5636070966720581, 0.5479452013969421, 0.5590909123420715, 0.5472312569618225, 0.5666666626930237, 0.5573248267173767, 0.5565891265869141, 0.5768072009086609, 0.5382353067398071, 0.5553797483444214, 0.5723370313644409, 0.5642201900482178, 0.597953200340271, 0.5648854970932007, 0.5660964250564575], "Recall": [0.3765690326690674, 0.40167364478111267, 0.4504881501197815, 0.454672247171402, 0.4714086353778839, 0.4602510333061218, 0.48814505338668823, 0.5020920634269714, 0.5146443247795105, 0.4686192572116852, 0.49790793657302856, 0.48814505338668823, 0.5006973743438721, 0.5341701507568359, 0.5104602575302124, 0.4895397424697876, 0.5020920634269714, 0.5146443247795105, 0.5704323649406433, 0.5160390734672546, 0.5076708793640137], "AUC": [0.48261287808418274, 0.49105116724967957, 0.5279552936553955, 0.5324195027351379, 0.5421123504638672, 0.5460386872291565, 0.5750084519386292, 0.562298595905304, 0.5728687047958374, 0.5636961460113525, 0.5771501064300537, 0.5738889575004578, 0.5720721483230591, 0.5905844569206238, 0.5487182140350342, 0.5643011331558228, 0.5801952481269836, 0.5907041430473328, 0.6086368560791016, 0.5851185321807861, 0.5782724618911743], "val_loss": [0.7278335094451904, 0.7228086590766907, 0.7197568416595459, 0.7171869277954102, 0.7152085900306702, 0.7153105139732361, 0.7164454460144043, 0.7199524641036987, 0.7270018458366394, 0.7352917194366455, 0.7433954477310181, 0.7530655860900879, 0.7603468894958496, 0.7709732055664062, 0.7811557054519653, 0.7830047607421875, 0.7821770310401917, 0.7868987321853638, 0.8031530380249023, 0.7802736759185791, 0.8067587614059448], "val_accuracy": [0.3781818151473999, 0.3781818151473999, 0.3781818151473999, 0.3781818151473999, 0.3781818151473999, 0.3781818151473999, 0.3781818151473999, 0.3781818151473999, 0.3781818151473999, 0.3781818151473999, 0.3781818151473999, 0.3781818151473999, 0.3781818151473999, 0.3781818151473999, 0.3781818151473999, 0.3781818151473999, 0.3781818151473999, 0.3781818151473999, 0.3781818151473999, 0.3781818151473999, 0.3781818151473999], "val_benchmark_596": [171.0, 171.0, 171.0, 171.0, 171.0, 171.0, 171.0, 171.0, 171.0, 171.0, 171.0, 171.0, 171.0, 171.0, 171.0, 171.0, 171.0, 171.0, 171.0, 171.0, 171.0], "val_TP": [0.0, 0.0, 0.0, 0.0, 0.0, 0.0, 0.0, 0.0, 0.0, 0.0, 0.0, 0.0, 0.0, 0.0, 0.0, 0.0, 0.0, 0.0, 0.0, 0.0, 0.0], "val_TN": [104.0, 104.0, 104.0, 104.0, 104.0, 104.0, 104.0, 104.0, 104.0, 104.0, 104.0, 104.0, 104.0, 104.0, 104.0, 104.0, 104.0, 104.0, 104.0, 104.0, 104.0], "val_FP": [0.0, 0.0, 0.0, 0.0, 0.0, 0.0, 0.0, 0.0, 0.0, 0.0, 0.0, 0.0, 0.0, 0.0, 0.0, 0.0, 0.0, 0.0, 0.0, 0.0, 0.0], "val_FN": [171.0, 171.0, 171.0, 171.0, 171.0, 171.0, 171.0, 171.0, 171.0, 171.0, 171.0, 171.0, 171.0, 171.0, 171.0, 171.0, 171.0, 171.0, 171.0, 171.0, 171.0], "val_Precision": [0.0, 0.0, 0.0, 0.0, 0.0, 0.0, 0.0, 0.0, 0.0, 0.0, 0.0, 0.0, 0.0, 0.0, 0.0, 0.0, 0.0, 0.0, 0.0, 0.0, 0.0], "val_Recall": [0.0, 0.0, 0.0, 0.0, 0.0, 0.0, 0.0, 0.0, 0.0, 0.0, 0.0, 0.0, 0.0, 0.0, 0.0, 0.0, 0.0, 0.0, 0.0, 0.0, 0.0], "val_AUC": [0.5, 0.5, 0.5, 0.5, 0.5, 0.5, 0.5, 0.5, 0.504807710647583, 0.5859199166297913, 0.5935672521591187, 0.5735493302345276, 0.6216542720794678, 0.5985437035560608, 0.6251686215400696, 0.634053111076355, 0.6522154808044434, 0.6470985412597656, 0.6378767490386963, 0.6441464424133301, 0.6359367966651917]}