{"loss": [0.7357142567634583, 0.7319705486297607, 0.730367124080658, 0.7321223020553589, 0.7282525300979614, 0.7275481820106506, 0.7198237776756287, 0.7354137301445007, 0.7312811613082886, 0.7299403548240662, 0.7171478867530823, 0.7030668258666992, 0.7200755476951599, 0.7282537221908569, 0.7168776392936707, 0.6989477276802063, 0.7080261707305908, 0.7029992938041687, 0.7051182985305786, 0.712162971496582, 0.7080724239349365, 0.7081520557403564, 0.7105545401573181, 0.7122150659561157, 0.705590009689331, 0.7058635354042053, 0.6999187469482422, 0.6960417032241821, 0.7066014409065247, 0.7012314200401306, 0.6989575028419495, 0.7007850408554077, 0.7009374499320984, 0.6948969960212708, 0.703102707862854, 0.7054498195648193, 0.7113244533538818, 0.6949750781059265, 0.6995956301689148, 0.6977706551551819, 0.7012352347373962, 0.6952752470970154, 0.704542338848114, 0.6990072131156921, 0.698072075843811, 0.6959173083305359, 0.6940930485725403, 0.6994429230690002, 0.704190194606781, 0.6950380802154541, 0.6937737464904785, 0.696419894695282, 0.6977635622024536, 0.6943819522857666, 0.6954371929168701, 0.6948475241661072, 0.6964586973190308, 0.6883613467216492, 0.6929149031639099, 0.6940617561340332, 0.6915016174316406, 0.6911357641220093, 0.6917580962181091, 0.6881046891212463, 0.692003607749939, 0.6925549507141113, 0.6921951770782471, 0.6885015368461609], "accuracy": [0.4936440587043762, 0.4992937743663788, 0.5098869800567627, 0.4894067943096161, 0.5077683329582214, 0.4887005686759949, 0.4936440587043762, 0.47669491171836853, 0.4887005686759949, 0.48022598028182983, 0.4901129901409149, 0.5183615684509277, 0.49081921577453613, 0.4731638431549072, 0.4858756959438324, 0.5480226278305054, 0.5063559412956238, 0.5190678238868713, 0.5155367255210876, 0.48799434304237366, 0.4992937743663788, 0.4992937743663788, 0.4858756959438324, 0.4717514216899872, 0.5162429213523865, 0.49152541160583496, 0.4971751272678375, 0.5240113139152527, 0.4830508530139923, 0.5021186470985413, 0.5127118825912476, 0.5070621371269226, 0.5, 0.5254237055778503, 0.4971751272678375, 0.49152541160583496, 0.48163843154907227, 0.5077683329582214, 0.5014124512672424, 0.512005627155304, 0.5021186470985413, 0.5127118825912476, 0.4901129901409149, 0.5296609997749329, 0.5233050584793091, 0.5134180784225464, 0.5423728823661804, 0.5021186470985413, 0.5021186470985413, 0.520480215549469, 0.5331920981407166, 0.5105932354927063, 0.512005627155304, 0.5254237055778503, 0.5162429213523865, 0.4922316372394562, 0.5148305296897888, 0.5487288236618042, 0.5148305296897888, 0.5091807842254639, 0.5190678238868713, 0.5233050584793091, 0.5310734510421753, 0.5402542352676392, 0.5197740197181702, 0.5190678238868713, 0.5105932354927063, 0.5543785095214844], "benchmark_1": [717.0, 709.0, 694.0, 723.0, 697.0, 724.0, 717.0, 741.0, 724.0, 736.0, 722.0, 682.0, 721.0, 746.0, 728.0, 640.0, 699.0, 681.0, 686.0, 725.0, 709.0, 709.0, 728.0, 748.0, 685.0, 720.0, 712.0, 674.0, 732.0, 705.0, 690.0, 698.0, 708.0, 672.0, 712.0, 720.0, 734.0, 697.0, 706.0, 691.0, 705.0, 690.0, 722.0, 666.0, 675.0, 689.0, 648.0, 705.0, 705.0, 679.0, 661.0, 693.0, 691.0, 672.0, 685.0, 719.0, 687.0, 639.0, 687.0, 695.0, 681.0, 675.0, 664.0, 651.0, 680.0, 681.0, 693.0, 631.0], "TP": [338.0, 365.0, 356.0, 319.0, 373.0, 342.0, 335.0, 360.0, 314.0, 354.0, 351.0, 367.0, 371.0, 318.0, 338.0, 412.0, 327.0, 365.0, 375.0, 348.0, 355.0, 358.0, 332.0, 336.0, 360.0, 331.0, 355.0, 350.0, 328.0, 389.0, 353.0, 357.0, 340.0, 377.0, 353.0, 363.0, 350.0, 356.0, 370.0, 345.0, 389.0, 340.0, 325.0, 425.0, 363.0, 356.0, 403.0, 346.0, 383.0, 370.0, 350.0, 362.0, 349.0, 364.0, 380.0, 374.0, 343.0, 378.0, 368.0, 356.0, 387.0, 385.0, 406.0, 357.0, 347.0, 406.0, 316.0, 406.0], "TN": [361.0, 342.0, 366.0, 374.0, 346.0, 350.0, 364.0, 315.0, 378.0, 326.0, 343.0, 367.0, 324.0, 352.0, 350.0, 364.0, 390.0, 370.0, 355.0, 343.0, 352.0, 349.0, 356.0, 332.0, 371.0, 365.0, 349.0, 392.0, 356.0, 322.0, 373.0, 361.0, 368.0, 367.0, 351.0, 333.0, 332.0, 363.0, 340.0, 380.0, 322.0, 386.0, 369.0, 325.0, 378.0, 371.0, 365.0, 365.0, 328.0, 367.0, 405.0, 361.0, 376.0, 380.0, 351.0, 323.0, 386.0, 399.0, 361.0, 365.0, 348.0, 356.0, 346.0, 408.0, 389.0, 329.0, 407.0, 379.0], "FP": [347.0, 366.0, 342.0, 334.0, 362.0, 358.0, 344.0, 393.0, 330.0, 382.0, 365.0, 341.0, 384.0, 356.0, 358.0, 344.0, 318.0, 338.0, 353.0, 365.0, 356.0, 359.0, 352.0, 376.0, 337.0, 343.0, 359.0, 316.0, 352.0, 386.0, 335.0, 347.0, 340.0, 341.0, 357.0, 375.0, 376.0, 345.0, 368.0, 328.0, 386.0, 322.0, 339.0, 383.0, 330.0, 337.0, 343.0, 343.0, 380.0, 341.0, 303.0, 347.0, 332.0, 328.0, 357.0, 385.0, 322.0, 309.0, 347.0, 343.0, 360.0, 352.0, 362.0, 300.0, 319.0, 379.0, 301.0, 329.0], "FN": [370.0, 343.0, 352.0, 389.0, 335.0, 366.0, 373.0, 348.0, 394.0, 354.0, 357.0, 341.0, 337.0, 390.0, 370.0, 296.0, 381.0, 343.0, 333.0, 360.0, 353.0, 350.0, 376.0, 372.0, 348.0, 377.0, 353.0, 358.0, 380.0, 319.0, 355.0, 351.0, 368.0, 331.0, 355.0, 345.0, 358.0, 352.0, 338.0, 363.0, 319.0, 368.0, 383.0, 283.0, 345.0, 352.0, 305.0, 362.0, 325.0, 338.0, 358.0, 346.0, 359.0, 344.0, 328.0, 334.0, 365.0, 330.0, 340.0, 352.0, 321.0, 323.0, 302.0, 351.0, 361.0, 302.0, 392.0, 302.0], "Precision": [0.49343064427375793, 0.49931600689888, 0.5100286602973938, 0.4885145425796509, 0.5074830055236816, 0.488571435213089, 0.4933726191520691, 0.4780876636505127, 0.4875776469707489, 0.48097825050354004, 0.4902234673500061, 0.5183615684509277, 0.49139073491096497, 0.47181010246276855, 0.48563218116760254, 0.5449735522270203, 0.5069767236709595, 0.5192034244537354, 0.5151098966598511, 0.4880785346031189, 0.49929675459861755, 0.4993026554584503, 0.4853801131248474, 0.47191011905670166, 0.5164992809295654, 0.49109792709350586, 0.4971988797187805, 0.5255255103111267, 0.48235294222831726, 0.5019354820251465, 0.5130813717842102, 0.5071022510528564, 0.5, 0.5250696539878845, 0.49718308448791504, 0.4918699264526367, 0.4820936620235443, 0.507845938205719, 0.501354992389679, 0.5126299858093262, 0.5019354820251465, 0.5135951638221741, 0.4894578456878662, 0.5259901285171509, 0.523809552192688, 0.5137085318565369, 0.540214478969574, 0.5021770596504211, 0.5019659399986267, 0.5203937888145447, 0.5359877347946167, 0.5105782747268677, 0.5124816298484802, 0.52601158618927, 0.51560378074646, 0.49275362491607666, 0.5157894492149353, 0.5502183437347412, 0.514685332775116, 0.5092989802360535, 0.5180723071098328, 0.5223880410194397, 0.5286458134651184, 0.543379008769989, 0.5210210084915161, 0.5171974301338196, 0.5121555924415588, 0.5523809790611267], "Recall": [0.47740113735198975, 0.5155367255210876, 0.5028248429298401, 0.450564980506897, 0.5268361568450928, 0.4830508530139923, 0.4731638431549072, 0.508474588394165, 0.443502813577652, 0.5, 0.4957627058029175, 0.5183615684509277, 0.5240113139152527, 0.44915252923965454, 0.47740113735198975, 0.5819209218025208, 0.4618644118309021, 0.5155367255210876, 0.5296609997749329, 0.49152541160583496, 0.5014124512672424, 0.505649745464325, 0.4689265489578247, 0.47457626461982727, 0.508474588394165, 0.46751412749290466, 0.5014124512672424, 0.49435028433799744, 0.46327683329582214, 0.549435019493103, 0.49858757853507996, 0.5042372941970825, 0.48022598028182983, 0.5324859023094177, 0.49858757853507996, 0.5127118825912476, 0.49435028433799744, 0.5028248429298401, 0.5225988626480103, 0.48728814721107483, 0.549435019493103, 0.48022598028182983, 0.4590395390987396, 0.6002824902534485, 0.5127118825912476, 0.5028248429298401, 0.5692090392112732, 0.4887005686759949, 0.540960431098938, 0.5225988626480103, 0.49435028433799744, 0.5112994313240051, 0.4929378628730774, 0.5141242742538452, 0.5367231369018555, 0.5282486081123352, 0.48446327447891235, 0.5338982939720154, 0.5197740197181702, 0.5028248429298401, 0.5466101765632629, 0.5437853336334229, 0.5734463334083557, 0.5042372941970825, 0.4901129901409149, 0.5734463334083557, 0.44632768630981445, 0.5734463334083557],