{"loss": [1.1149823665618896, 1.0885124206542969, 1.121978998184204, 1.104195237159729, 1.069849967956543, 1.1141108274459839, 1.1215437650680542, 1.125313401222229, 1.0980547666549683, 1.0690771341323853, 1.1348158121109009, 1.0984317064285278, 1.0901833772659302, 1.117281436920166, 1.0551872253417969, 1.0783921480178833, 1.0985499620437622, 1.065362572669983, 1.1029706001281738, 1.0869741439819336, 1.0670918226242065], "accuracy": [0.4993026554584503, 0.5111575722694397, 0.4923291504383087, 0.49511855840682983, 0.5076708793640137, 0.49093446135520935, 0.4965132474899292, 0.4902370870113373, 0.4930264949798584, 0.5069735050201416, 0.4637377858161926, 0.49511855840682983, 0.5027893781661987, 0.49790793657302856, 0.5167363882064819, 0.5006973743438721, 0.49511855840682983, 0.5048814415931702, 0.49163180589675903, 0.4860529899597168, 0.5146443247795105], "benchmark_198": [718.0, 701.0, 728.0, 724.0, 706.0, 730.0, 722.0, 731.0, 727.0, 707.0, 769.0, 724.0, 713.0, 720.0, 693.0, 716.0, 724.0, 710.0, 729.0, 737.0, 696.0], "TP": [353.0, 385.0, 371.0, 375.0, 369.0, 348.0, 374.0, 373.0, 365.0, 387.0, 363.0, 364.0, 361.0, 375.0, 381.0, 388.0, 366.0, 361.0, 365.0, 364.0, 397.0], "TN": [363.0, 348.0, 335.0, 335.0, 359.0, 356.0, 338.0, 330.0, 342.0, 340.0, 302.0, 346.0, 360.0, 339.0, 360.0, 330.0, 344.0, 363.0, 340.0, 333.0, 341.0], "FP": [354.0, 369.0, 382.0, 382.0, 358.0, 361.0, 379.0, 387.0, 375.0, 377.0, 415.0, 371.0, 357.0, 378.0, 357.0, 387.0, 373.0, 354.0, 377.0, 384.0, 376.0], "FN": [364.0, 332.0, 346.0, 342.0, 348.0, 369.0, 343.0, 344.0, 352.0, 330.0, 354.0, 353.0, 356.0, 342.0, 336.0, 329.0, 351.0, 356.0, 352.0, 353.0, 320.0], "Precision": [0.49929279088974, 0.5106101036071777, 0.4926958978176117, 0.49537649750709534, 0.5075653195381165, 0.4908321499824524, 0.49667996168136597, 0.4907894730567932, 0.4932432472705841, 0.5065445303916931, 0.46658098697662354, 0.4952380955219269, 0.5027855038642883, 0.49800798296928406, 0.5162601470947266, 0.5006451606750488, 0.49526387453079224, 0.5048950910568237, 0.49191373586654663, 0.48663100600242615, 0.5135834217071533], "Recall": [0.4923291504383087, 0.5369595289230347, 0.517433762550354, 0.5230125784873962, 0.5146443247795105, 0.4853556454181671, 0.5216178297996521, 0.5202231407165527, 0.509065568447113, 0.5397489666938782, 0.5062761306762695, 0.5076708793640137, 0.5034867525100708, 0.5230125784873962, 0.5313807725906372, 0.5411436557769775, 0.5104602575302124, 0.5034867525100708, 0.509065568447113, 0.5076708793640137, 0.5536959767341614], "AUC": [0.4902993440628052, 0.5107597708702087, 0.4896068572998047, 0.49460500478744507, 0.5114600658416748, 0.48775890469551086, 0.4871199429035187, 0.4804556667804718, 0.4969664514064789, 0.5095314383506775, 0.4711722731590271, 0.4901106655597687, 0.49549785256385803, 0.4959034323692322, 0.5140743851661682, 0.5045419931411743, 0.4904170334339142, 0.5133420825004578, 0.4973301887512207, 0.4955309331417084, 0.5145198702812195], "val_loss": [0.6765978932380676, 0.6774834394454956, 0.6782259345054626, 0.6789103150367737, 0.6795507073402405, 0.679650604724884, 0.6801079511642456, 0.6807419657707214, 0.6812130212783813, 0.6822649240493774, 0.6831885576248169, 0.6834381222724915, 0.6835477948188782, 0.6841745972633362, 0.6845642924308777, 0.685863196849823, 0.6864742636680603, 0.6866778135299683, 0.6869630217552185, 0.6874966621398926, 0.6884040832519531], "val_accuracy": [0.6218181848526001, 0.6218181848526001, 0.6218181848526001, 0.6218181848526001, 0.6218181848526001, 0.6218181848526001, 0.6218181848526001, 0.6218181848526001, 0.6218181848526001, 0.6218181848526001, 0.6218181848526001, 0.6218181848526001, 0.6218181848526001, 0.6218181848526001, 0.6218181848526001, 0.6218181848526001, 0.6218181848526001, 0.6218181848526001, 0.6218181848526001, 0.6218181848526001, 0.6218181848526001], "val_benchmark_198": [104.0, 104.0, 104.0, 104.0, 104.0, 104.0, 104.0, 104.0, 104.0, 104.0, 104.0, 104.0, 104.0, 104.0, 104.0, 104.0, 104.0, 104.0, 104.0, 104.0, 104.0], "val_TP": [171.0, 171.0, 171.0, 171.0, 171.0, 171.0, 171.0, 171.0, 171.0, 171.0, 171.0, 171.0, 171.0, 171.0, 171.0, 171.0, 171.0, 171.0, 171.0, 171.0, 171.0], "val_TN": [0.0, 0.0, 0.0, 0.0, 0.0, 0.0, 0.0, 0.0, 0.0, 0.0, 0.0, 0.0, 0.0, 0.0, 0.0, 0.0, 0.0, 0.0, 0.0, 0.0, 0.0], "val_FP": [104.0, 104.0, 104.0, 104.0, 104.0, 104.0, 104.0, 104.0, 104.0, 104.0, 104.0, 104.0, 104.0, 104.0, 104.0, 104.0, 104.0, 104.0, 104.0, 104.0, 104.0], "val_FN": [0.0, 0.0, 0.0, 0.0, 0.0, 0.0, 0.0, 0.0, 0.0, 0.0, 0.0, 0.0, 0.0, 0.0, 0.0, 0.0, 0.0, 0.0, 0.0, 0.0, 0.0], "val_Precision": [0.6218181848526001, 0.6218181848526001, 0.6218181848526001, 0.6218181848526001, 0.6218181848526001, 0.6218181848526001, 0.6218181848526001, 0.6218181848526001, 0.6218181848526001, 0.6218181848526001, 0.6218181848526001, 0.6218181848526001, 0.6218181848526001, 0.6218181848526001, 0.6218181848526001, 0.6218181848526001, 0.6218181848526001, 0.6218181848526001, 0.6218181848526001, 0.6218181848526001, 0.6218181848526001], "val_Recall": [1.0, 1.0, 1.0, 1.0, 1.0, 1.0, 1.0, 1.0, 1.0, 1.0, 1.0, 1.0, 1.0, 1.0, 1.0, 1.0, 1.0, 1.0, 1.0, 1.0, 1.0], "val_AUC": [0.5, 0.5139451026916504, 0.511695921421051, 0.4787449538707733, 0.45265406370162964, 0.47253143787384033, 0.5135515332221985, 0.490244060754776, 0.5165317058563232, 0.5160819292068481, 0.5173751711845398, 0.468764066696167, 0.4752586781978607, 0.5219298005104065, 0.4895974099636078, 0.5184716582298279, 0.5062134861946106, 0.4895974099636078, 0.5099246501922607, 0.4733186960220337, 0.5066913962364197]}