{"loss": [0.08061651885509491, 0.05041296407580376, 0.043642308562994, 0.0429980531334877, 0.04291021451354027, 0.04289044812321663, 0.042884327471256256, 0.04285986348986626, 0.042791202664375305, 0.042789027094841, 0.042755402624607086, 0.042800161987543106, 0.04264765605330467, 0.04263918101787567, 0.04262688010931015, 0.04256302863359451, 0.042494967579841614, 0.042531151324510574, 0.04248400777578354, 0.04238733649253845, 0.04243544861674309], "accuracy": [0.5, 0.5, 0.5048814415931702, 0.5362622141838074, 0.5502092242240906, 0.5564853549003601, 0.5495118498802185, 0.5481171607971191, 0.5418410301208496, 0.5446304082870483, 0.5536959767341614, 0.5481171607971191, 0.5697349905967712, 0.5613667964935303, 0.5509065389633179, 0.5578800439834595, 0.5718270540237427, 0.560669481754303, 0.5523012280464172, 0.5801952481269836, 0.5550906658172607], "benchmark_152": [717.0, 717.0, 710.0, 665.0, 645.0, 636.0, 646.0, 648.0, 657.0, 653.0, 640.0, 648.0, 617.0, 629.0, 644.0, 634.0, 614.0, 630.0, 642.0, 602.0, 638.0], "TP": [717.0, 717.0, 658.0, 372.0, 361.0, 361.0, 342.0, 341.0, 405.0, 348.0, 337.0, 363.0, 334.0, 346.0, 384.0, 365.0, 373.0, 393.0, 380.0, 297.0, 415.0], "TN": [0.0, 0.0, 66.0, 397.0, 428.0, 437.0, 446.0, 445.0, 372.0, 433.0, 457.0, 423.0, 483.0, 459.0, 406.0, 435.0, 447.0, 411.0, 412.0, 535.0, 381.0], "FP": [717.0, 717.0, 651.0, 320.0, 289.0, 280.0, 271.0, 272.0, 345.0, 284.0, 260.0, 294.0, 234.0, 258.0, 311.0, 282.0, 270.0, 306.0, 305.0, 182.0, 336.0], "FN": [0.0, 0.0, 59.0, 345.0, 356.0, 356.0, 375.0, 376.0, 312.0, 369.0, 380.0, 354.0, 383.0, 371.0, 333.0, 352.0, 344.0, 324.0, 337.0, 420.0, 302.0], "Precision": [0.5, 0.5, 0.5026738047599792, 0.5375722646713257, 0.555384635925293, 0.563182532787323, 0.5579119324684143, 0.5562806129455566, 0.5400000214576721, 0.550632894039154, 0.5644891262054443, 0.5525113940238953, 0.5880281925201416, 0.5728476643562317, 0.5525180101394653, 0.5641421675682068, 0.5800933241844177, 0.5622317790985107, 0.55474454164505, 0.6200417280197144, 0.5525965094566345], "Recall": [1.0, 1.0, 0.9177126884460449, 0.5188284516334534, 0.5034867525100708, 0.5034867525100708, 0.47698745131492615, 0.4755927622318268, 0.5648535490036011, 0.4853556454181671, 0.47001394629478455, 0.5062761306762695, 0.46582984924316406, 0.482566237449646, 0.5355648398399353, 0.509065568447113, 0.5202231407165527, 0.5481171607971191, 0.5299860239028931, 0.4142259359359741, 0.5788005590438843], "AUC": [0.5373339653015137, 0.5258904695510864, 0.5494515895843506, 0.5486072897911072, 0.5606285929679871, 0.5609632134437561, 0.5607753992080688, 0.555808424949646, 0.5676808953285217, 0.5690493583679199, 0.5686097145080566, 0.5571350455284119, 0.5750541090965271, 0.5812349319458008, 0.579356849193573, 0.5817571878433228, 0.5909268856048584, 0.5861601829528809, 0.5847489833831787, 0.5957558155059814, 0.5949844717979431], "val_loss": [0.04619470611214638, 0.041819993406534195, 0.044347524642944336, 0.045090317726135254, 0.045150529593229294, 0.04597560688853264, 0.04524339735507965, 0.0438942015171051, 0.045834772288799286, 0.046753786504268646, 0.045260559767484665, 0.04671833664178848, 0.0453006885945797, 0.04404231160879135, 0.04640243574976921, 0.045758895576000214, 0.04512380063533783, 0.046138301491737366, 0.04846099391579628, 0.04463445022702217, 0.046890515834093094], "val_accuracy": [0.6218181848526001, 0.6218181848526001, 0.3781818151473999, 0.3781818151473999, 0.3781818151473999, 0.3781818151473999, 0.3781818151473999, 0.3781818151473999, 0.3781818151473999, 0.3781818151473999, 0.3781818151473999, 0.3781818151473999, 0.3781818151473999, 0.3781818151473999, 0.3781818151473999, 0.3781818151473999, 0.3781818151473999, 0.3781818151473999, 0.3781818151473999, 0.3781818151473999, 0.3781818151473999], "val_benchmark_152": [104.0, 104.0, 171.0, 171.0, 171.0, 171.0, 171.0, 171.0, 171.0, 171.0, 171.0, 171.0, 171.0, 171.0, 171.0, 171.0, 171.0, 171.0, 171.0, 171.0, 171.0], "val_TP": [171.0, 171.0, 0.0, 0.0, 0.0, 0.0, 0.0, 0.0, 0.0, 0.0, 0.0, 0.0, 0.0, 0.0, 0.0, 0.0, 0.0, 0.0, 0.0, 0.0, 0.0], "val_TN": [0.0, 0.0, 104.0, 104.0, 104.0, 104.0, 104.0, 104.0, 104.0, 104.0, 104.0, 104.0, 104.0, 104.0, 104.0, 104.0, 104.0, 104.0, 104.0, 104.0, 104.0], "val_FP": [104.0, 104.0, 0.0, 0.0, 0.0, 0.0, 0.0, 0.0, 0.0, 0.0, 0.0, 0.0, 0.0, 0.0, 0.0, 0.0, 0.0, 0.0, 0.0, 0.0, 0.0], "val_FN": [0.0, 0.0, 171.0, 171.0, 171.0, 171.0, 171.0, 171.0, 171.0, 171.0, 171.0, 171.0, 171.0, 171.0, 171.0, 171.0, 171.0, 171.0, 171.0, 171.0, 171.0], "val_Precision": [0.6218181848526001, 0.6218181848526001, 0.0, 0.0, 0.0, 0.0, 0.0, 0.0, 0.0, 0.0, 0.0, 0.0, 0.0, 0.0, 0.0, 0.0, 0.0, 0.0, 0.0, 0.0, 0.0], "val_Recall": [1.0, 1.0, 0.0, 0.0, 0.0, 0.0, 0.0, 0.0, 0.0, 0.0, 0.0, 0.0, 0.0, 0.0, 0.0, 0.0, 0.0, 0.0, 0.0, 0.0, 0.0], "val_AUC": [0.5, 0.5, 0.5, 0.5315733551979065, 0.5058479309082031, 0.509615421295166, 0.5, 0.5, 0.5, 0.5, 0.511695921421051, 0.5, 0.523391842842102, 0.5, 0.5204678177833557, 0.5384615659713745, 0.5615440607070923, 0.5362123250961304, 0.54023277759552, 0.5707096457481384, 0.5648335814476013]}