{"loss": [0.17243269085884094, 0.17144612967967987, 0.16859954595565796, 0.1675177365541458, 0.16570372879505157, 0.1636068969964981, 0.16177116334438324, 0.16034731268882751, 0.15924234688282013, 0.1563546359539032, 0.1559637486934662, 0.15616165101528168, 0.15390078723430634, 0.1540263444185257, 0.152988463640213, 0.15196682512760162, 0.14952188730239868, 0.14833395183086395, 0.14980994164943695, 0.14793148636817932, 0.14896821975708008, 0.14917606115341187, 0.1491493284702301, 0.14697739481925964, 0.14743125438690186, 0.14520038664340973, 0.14597538113594055, 0.14540241658687592, 0.14474526047706604, 0.14513009786605835, 0.14429257810115814, 0.14312084019184113, 0.1419958621263504, 0.14287397265434265, 0.14043943583965302, 0.1407315880060196, 0.1412864327430725, 0.13997827470302582, 0.13825708627700806, 0.13946889340877533, 0.1406276673078537, 0.13845990598201752, 0.1375681608915329, 0.13871009647846222, 0.13741444051265717, 0.13729669153690338, 0.13605649769306183, 0.13631393015384674, 0.1342996060848236, 0.13457417488098145, 0.13331067562103271, 0.13380828499794006, 0.13146831095218658, 0.13269779086112976], "accuracy": [0.5355648398399353, 0.5627614855766296, 0.5801952481269836, 0.5962343215942383, 0.6011157631874084, 0.6345885396003723, 0.6171548366546631, 0.624825656414032, 0.6366806030273438, 0.6450487971305847, 0.6464434862136841, 0.6562064290046692, 0.6576011180877686, 0.6457461714744568, 0.6666666865348816, 0.6701534390449524, 0.6757321953773499, 0.6827057003974915, 0.6736401915550232, 0.6820083856582642, 0.6903765797615051, 0.6813110113143921, 0.6799163222312927, 0.6931659579277039, 0.6938633322715759, 0.6987447738647461, 0.6931659579277039, 0.6973500847816467, 0.6994421482086182, 0.6973500847816467, 0.7001394629478455, 0.7071129679679871, 0.7147838473320007, 0.7085076570510864, 0.7196652889251709, 0.7099023461341858, 0.7126917839050293, 0.7182705998420715, 0.7252440452575684, 0.7168758511543274, 0.7175732254981995, 0.7217572927474976, 0.732914924621582, 0.7259414196014404, 0.7210599780082703, 0.7266387939453125, 0.741283118724823, 0.7210599780082703, 0.7350069880485535, 0.7259414196014404, 0.7475592494010925, 0.7377963662147522, 0.7419804930686951, 0.741283118724823], "benchmark_770": [666.0, 627.0, 602.0, 579.0, 572.0, 524.0, 549.0, 538.0, 521.0, 509.0, 507.0, 493.0, 491.0, 508.0, 478.0, 473.0, 465.0, 455.0, 468.0, 456.0, 444.0, 457.0, 459.0, 440.0, 439.0, 432.0, 440.0, 434.0, 431.0, 434.0, 430.0, 420.0, 409.0, 418.0, 402.0, 416.0, 412.0, 404.0, 394.0, 406.0, 405.0, 399.0, 383.0, 393.0, 400.0, 392.0, 371.0, 400.0, 380.0, 393.0, 362.0, 376.0, 370.0, 371.0], "TP": [416.0, 415.0, 422.0, 408.0, 420.0, 435.0, 440.0, 427.0, 435.0, 458.0, 459.0, 472.0, 463.0, 445.0, 477.0, 473.0, 487.0, 486.0, 479.0, 484.0, 495.0, 481.0, 487.0, 492.0, 480.0, 501.0, 487.0, 486.0, 497.0, 493.0, 500.0, 501.0, 516.0, 493.0, 511.0, 511.0, 505.0, 507.0, 514.0, 507.0, 516.0, 508.0, 521.0, 507.0, 505.0, 518.0, 530.0, 508.0, 520.0, 520.0, 530.0, 529.0, 529.0, 515.0], "TN": [352.0, 392.0, 410.0, 447.0, 442.0, 475.0, 445.0, 469.0, 478.0, 467.0, 468.0, 469.0, 480.0, 481.0, 479.0, 488.0, 482.0, 493.0, 487.0, 494.0, 495.0, 496.0, 488.0, 502.0, 515.0, 501.0, 507.0, 514.0, 506.0, 507.0, 504.0, 513.0, 509.0, 523.0, 521.0, 507.0, 517.0, 523.0, 526.0, 521.0, 513.0, 527.0, 530.0, 534.0, 529.0, 524.0, 533.0, 526.0, 534.0, 521.0, 542.0, 529.0, 535.0, 548.0], "FP": [365.0, 325.0, 307.0, 270.0, 275.0, 242.0, 272.0, 248.0, 239.0, 250.0, 249.0, 248.0, 237.0, 236.0, 238.0, 229.0, 235.0, 224.0, 230.0, 223.0, 222.0, 221.0, 229.0, 215.0, 202.0, 216.0, 210.0, 203.0, 211.0, 210.0, 213.0, 204.0, 208.0, 194.0, 196.0, 210.0, 200.0, 194.0, 191.0, 196.0, 204.0, 190.0, 187.0, 183.0, 188.0, 193.0, 184.0, 191.0, 183.0, 196.0, 175.0, 188.0, 182.0, 169.0], "FN": [301.0, 302.0, 295.0, 309.0, 297.0, 282.0, 277.0, 290.0, 282.0, 259.0, 258.0, 245.0, 254.0, 272.0, 240.0, 244.0, 230.0, 231.0, 238.0, 233.0, 222.0, 236.0, 230.0, 225.0, 237.0, 216.0, 230.0, 231.0, 220.0, 224.0, 217.0, 216.0, 201.0, 224.0, 206.0, 206.0, 212.0, 210.0, 203.0, 210.0, 201.0, 209.0, 196.0, 210.0, 212.0, 199.0, 187.0, 209.0, 197.0, 197.0, 187.0, 188.0, 188.0, 202.0], "Precision": [0.5326504707336426, 0.5608108043670654, 0.5788751840591431, 0.6017699241638184, 0.6043165326118469, 0.6425406336784363, 0.617977499961853, 0.6325926184654236, 0.6454005837440491, 0.6468926668167114, 0.6483050584793091, 0.6555555462837219, 0.6614285707473755, 0.6534507870674133, 0.6671328544616699, 0.6737892031669617, 0.6745152473449707, 0.6845070719718933, 0.6755994558334351, 0.6845827698707581, 0.6903765797615051, 0.6851851940155029, 0.6801676154136658, 0.695898175239563, 0.703812301158905, 0.6987447738647461, 0.6987087726593018, 0.7053701281547546, 0.7019773721694946, 0.7012802362442017, 0.7012622952461243, 0.7106382846832275, 0.7127071619033813, 0.7176128029823303, 0.7227723002433777, 0.708737850189209, 0.716312050819397, 0.7232524752616882, 0.7290779948234558, 0.721194863319397, 0.7166666388511658, 0.7277936935424805, 0.7358757257461548, 0.7347826361656189, 0.728715717792511, 0.7285513281822205, 0.7422969341278076, 0.726752519607544, 0.7396870851516724, 0.7262569665908813, 0.7517730593681335, 0.7377963662147522, 0.7440224885940552, 0.7529239654541016], "Recall": [0.5801952481269836, 0.5788005590438843, 0.5885634422302246, 0.569037675857544, 0.5857740640640259, 0.6066945791244507, 0.6136680841445923, 0.5955369472503662, 0.6066945791244507, 0.6387726664543152, 0.6401673555374146, 0.6582984924316406, 0.6457461714744568, 0.6206415891647339, 0.6652719378471375, 0.65969318151474, 0.6792189478874207, 0.6778242588043213, 0.668061375617981, 0.6750348806381226, 0.6903765797615051, 0.6708507537841797, 0.6792189478874207, 0.6861924529075623, 0.6694560647010803, 0.6987447738647461, 0.6792189478874207, 0.6778242588043213, 0.6931659579277039, 0.6875871419906616, 0.6973500847816467, 0.6987447738647461, 0.7196652889251709, 0.6875871419906616, 0.7126917839050293, 0.7126917839050293, 0.7043235898017883, 0.7071129679679871, 0.7168758511543274, 0.7071129679679871, 0.7196652889251709, 0.7085076570510864, 0.7266387939453125, 0.7071129679679871, 0.7043235898017883, 0.7224546670913696, 0.7391910552978516, 0.7085076570510864, 0.7252440452575684, 0.7252440452575684, 0.7391910552978516, 0.7377963662147522, 0.7377963662147522, 0.7182705998420715], "AUC": [0.5492599010467529, 0.5708680748939514, 0.6221870183944702, 0.6278708577156067, 0.6471320986747742, 0.6698665618896484, 0.6775723695755005, 0.6829255223274231, 0.6904213428497314, 0.7110053300857544, 0.7102243304252625, 0.7120245695114136, 0.7256126403808594, 0.7212952971458435, 0.7320590615272522, 0.7341248393058777, 0.7522608041763306, 0.7543421983718872, 0.7458844184875488, 0.757484495639801, 0.7499615550041199, 0.7513971328735352, 0.7498623728752136, 0.7635000944137573, 0.7608381509780884, 0.7689358592033386, 0.7647799849510193, 0.7699182629585266, 0.7722826600074768, 0.7708762288093567, 0.7746381759643555, 0.7776590585708618, 0.7839186787605286, 0.7809368371963501, 0.7901501655578613, 0.7885375618934631, 0.7858736515045166, 0.7937147617340088, 0.8004168272018433, 0.7937896251678467, 0.788780689239502, 0.7993586659431458, 0.8040942549705505, 0.8005802035331726, 0.8039610385894775, 0.8039882183074951, 0.8106154799461365, 0.8068904280662537, 0.8170637488365173, 0.8143667578697205, 0.8199222087860107, 0.818256139755249, 0.8250517249107361, 0.8187035322189331],