{"loss": [0.6936424970626831, 0.6912552118301392, 0.6918116211891174, 0.6906894445419312, 0.6895781755447388, 0.6882337331771851, 0.6867002844810486, 0.6848387718200684, 0.6833707094192505, 0.6812582612037659, 0.6791239976882935, 0.6782610416412354, 0.6746503710746765, 0.6717861294746399, 0.6678436398506165, 0.6674625277519226, 0.6641303300857544, 0.659874677658081, 0.6565386056900024, 0.6493628025054932, 0.6484718322753906, 0.6416340470314026, 0.6457240581512451, 0.6464073657989502, 0.6377793550491333, 0.6347938179969788, 0.6371697783470154, 0.6338657736778259, 0.63106769323349, 0.62943434715271, 0.6273572444915771, 0.6244208216667175, 0.6296464800834656, 0.6264955997467041, 0.6239250302314758, 0.6188843846321106, 0.6218725442886353, 0.6185627579689026, 0.6153151988983154, 0.6160423755645752, 0.6126755475997925, 0.616691529750824, 0.611771285533905, 0.6067203283309937, 0.6044822335243225, 0.6064934730529785, 0.6048451066017151, 0.6037091016769409, 0.602158784866333, 0.5987691879272461], "accuracy": [0.49442121386528015, 0.5146443247795105, 0.5376569032669067, 0.5271966457366943, 0.5278940200805664, 0.5390515923500061, 0.5460250973701477, 0.5446304082870483, 0.569037675857544, 0.5739191174507141, 0.5676429271697998, 0.5697349905967712, 0.5822873115539551, 0.5983263850212097, 0.5962343215942383, 0.5997210741043091, 0.5920501947402954, 0.6059972047805786, 0.6046025156974792, 0.6101813316345215, 0.6206415891647339, 0.6345885396003723, 0.6108786463737488, 0.6136680841445923, 0.6324965357780457, 0.6394700407981873, 0.6345885396003723, 0.6408647298812866, 0.633193850517273, 0.6429567933082581, 0.651324987411499, 0.6373779773712158, 0.6269177198410034, 0.6387726664543152, 0.6415620446205139, 0.6373779773712158, 0.6345885396003723, 0.6527196764945984, 0.6576011180877686, 0.6478382349014282, 0.6555090546607971, 0.6541143655776978, 0.6610878705978394, 0.6555090546607971, 0.668061375617981, 0.6603904962539673, 0.6708507537841797, 0.6757321953773499, 0.6645746231079102, 0.6729428172111511], "benchmark_778": [725.0, 696.0, 663.0, 678.0, 677.0, 661.0, 651.0, 653.0, 618.0, 611.0, 620.0, 617.0, 599.0, 576.0, 579.0, 574.0, 585.0, 565.0, 567.0, 559.0, 544.0, 524.0, 558.0, 554.0, 527.0, 517.0, 524.0, 515.0, 526.0, 512.0, 500.0, 520.0, 535.0, 518.0, 514.0, 520.0, 524.0, 498.0, 491.0, 505.0, 494.0, 496.0, 486.0, 494.0, 476.0, 487.0, 472.0, 465.0, 481.0, 469.0], "TP": [296.0, 369.0, 294.0, 383.0, 307.0, 356.0, 332.0, 359.0, 342.0, 404.0, 392.0, 357.0, 398.0, 382.0, 416.0, 423.0, 408.0, 420.0, 422.0, 434.0, 449.0, 439.0, 445.0, 439.0, 442.0, 454.0, 448.0, 466.0, 438.0, 449.0, 465.0, 450.0, 450.0, 459.0, 462.0, 452.0, 455.0, 465.0, 480.0, 460.0, 474.0, 464.0, 477.0, 470.0, 477.0, 463.0, 482.0, 487.0, 469.0, 478.0], "TN": [413.0, 369.0, 477.0, 373.0, 450.0, 417.0, 451.0, 422.0, 474.0, 419.0, 422.0, 460.0, 437.0, 476.0, 439.0, 437.0, 441.0, 449.0, 445.0, 441.0, 441.0, 471.0, 431.0, 441.0, 465.0, 463.0, 462.0, 453.0, 470.0, 473.0, 469.0, 464.0, 449.0, 457.0, 458.0, 462.0, 455.0, 471.0, 463.0, 469.0, 466.0, 474.0, 471.0, 470.0, 481.0, 484.0, 480.0, 482.0, 484.0, 487.0], "FP": [304.0, 348.0, 240.0, 344.0, 267.0, 300.0, 266.0, 295.0, 243.0, 298.0, 295.0, 257.0, 280.0, 241.0, 278.0, 280.0, 276.0, 268.0, 272.0, 276.0, 276.0, 246.0, 286.0, 276.0, 252.0, 254.0, 255.0, 264.0, 247.0, 244.0, 248.0, 253.0, 268.0, 260.0, 259.0, 255.0, 262.0, 246.0, 254.0, 248.0, 251.0, 243.0, 246.0, 247.0, 236.0, 233.0, 237.0, 235.0, 233.0, 230.0], "FN": [421.0, 348.0, 423.0, 334.0, 410.0, 361.0, 385.0, 358.0, 375.0, 313.0, 325.0, 360.0, 319.0, 335.0, 301.0, 294.0, 309.0, 297.0, 295.0, 283.0, 268.0, 278.0, 272.0, 278.0, 275.0, 263.0, 269.0, 251.0, 279.0, 268.0, 252.0, 267.0, 267.0, 258.0, 255.0, 265.0, 262.0, 252.0, 237.0, 257.0, 243.0, 253.0, 240.0, 247.0, 240.0, 254.0, 235.0, 230.0, 248.0, 239.0], "Precision": [0.4933333396911621, 0.5146443247795105, 0.550561785697937, 0.526822566986084, 0.5348432064056396, 0.542682945728302, 0.5551839470863342, 0.5489296913146973, 0.5846154093742371, 0.5754985809326172, 0.5705968141555786, 0.5814332365989685, 0.5870206356048584, 0.613162100315094, 0.5994236469268799, 0.6017069816589355, 0.5964912176132202, 0.6104651093482971, 0.6080691814422607, 0.611267626285553, 0.6193103194236755, 0.6408759355545044, 0.6087551116943359, 0.6139860153198242, 0.6368876099586487, 0.6412429213523865, 0.6372688412666321, 0.6383561491966248, 0.6394160389900208, 0.6479076743125916, 0.6521739363670349, 0.6401137709617615, 0.6267409324645996, 0.6383866667747498, 0.6407766938209534, 0.6393210887908936, 0.6345885396003723, 0.6540084481239319, 0.6539509296417236, 0.6497175097465515, 0.6537930965423584, 0.6562942266464233, 0.6597510576248169, 0.6555090546607971, 0.6690042018890381, 0.665229856967926, 0.6703755259513855, 0.6745152473449707, 0.6680911779403687, 0.6751412153244019], "Recall": [0.41283124685287476, 0.5146443247795105, 0.41004183888435364, 0.5341701507568359, 0.4281729459762573, 0.4965132474899292, 0.46304044127464294, 0.5006973743438721, 0.47698745131492615, 0.5634588599205017, 0.5467224717140198, 0.49790793657302856, 0.5550906658172607, 0.5327754616737366, 0.5801952481269836, 0.589958131313324, 0.569037675857544, 0.5857740640640259, 0.5885634422302246, 0.6052998900413513, 0.6262203454971313, 0.6122733354568481, 0.6206415891647339, 0.6122733354568481, 0.616457462310791, 0.633193850517273, 0.624825656414032, 0.6499302387237549, 0.6108786463737488, 0.6262203454971313, 0.6485355496406555, 0.6276150345802307, 0.6276150345802307, 0.6401673555374146, 0.6443514823913574, 0.6304044723510742, 0.6345885396003723, 0.6485355496406555, 0.6694560647010803, 0.6415620446205139, 0.6610878705978394, 0.6471408605575562, 0.6652719378471375, 0.6555090546607971, 0.6652719378471375, 0.6457461714744568, 0.672245442867279, 0.6792189478874207, 0.6541143655776978, 0.6666666865348816], "AUC": [0.49824053049087524, 0.542201817035675, 0.5332238078117371, 0.540755569934845, 0.5460911989212036, 0.5542337894439697, 0.5594041347503662, 0.5768145322799683, 0.584929883480072, 0.5999146699905396, 0.603779673576355, 0.6014931201934814, 0.6224302053451538, 0.638272762298584, 0.6393892765045166, 0.638505220413208, 0.6485462784767151, 0.6546950340270996, 0.6622967720031738, 0.6713079214096069, 0.6743384599685669, 0.687234103679657, 0.6716988682746887, 0.6703372597694397, 0.6862314343452454, 0.6947697997093201, 0.6863753199577332, 0.692344069480896, 0.6943184733390808, 0.6997329592704773, 0.703885018825531, 0.7045949697494507, 0.6938896179199219, 0.7016333341598511, 0.705144464969635, 0.7097039222717285, 0.7073716521263123, 0.7150609493255615, 0.7201175093650818, 0.7158847451210022, 0.7247956991195679, 0.7181188464164734, 0.7248423099517822, 0.72995924949646, 0.7328906059265137, 0.7306400537490845, 0.7345790863037109, 0.7357052564620972, 0.7359669208526611, 0.7421380281448364], "val_loss": [0.6910504102706909, 0.6936892867088318, 0.6908009052276611, 0.6960793137550354, 0.6920965313911438, 0.6922691464424133, 0.6894352436065674, 0.6824252009391785, 0.6694438457489014, 0.6757152080535889, 0.7213950753211975, 0.6489354372024536, 0.6490975022315979, 0.6414620280265808, 0.6470658779144287, 0.6523802280426025, 0.6541022062301636, 0.6391841769218445, 0.6194024682044983, 0.6611284613609314, 0.7703356146812439, 0.6098538637161255, 0.686853289604187, 0.6048144698143005, 0.612076997756958, 0.6961910128593445, 0.6058588027954102, 0.7233341932296753, 0.6057603359222412, 0.5939481258392334, 0.6150530576705933, 0.6977711915969849, 0.5887313485145569, 0.5887914299964905, 0.5856905579566956, 0.6449015140533447, 0.5840650796890259, 0.6151530742645264, 0.6495875716209412, 0.583535373210907, 0.6354259252548218, 0.5810167789459229, 0.5776206254959106, 0.579701840877533, 0.5870597958564758, 0.5842851400375366, 0.5868226885795593, 0.5829979777336121, 0.5923774838447571, 0.5753166079521179],