{"loss": [0.6949636936187744, 0.6944358348846436, 0.6921303868293762, 0.6911567449569702, 0.6924552321434021, 0.6898094415664673, 0.6886351108551025, 0.6874114871025085, 0.6864596009254456, 0.683247983455658, 0.6844366192817688, 0.6809195876121521, 0.679279088973999, 0.6777672171592712, 0.6768078804016113, 0.6732556819915771, 0.6705431342124939, 0.6662044525146484, 0.6641419529914856, 0.6604781746864319, 0.6566105484962463, 0.6565284132957458, 0.6515138745307922, 0.6487671136856079, 0.642528772354126, 0.6455358266830444, 0.6425880193710327, 0.644376814365387, 0.6344313621520996, 0.6334710717201233, 0.6362683773040771, 0.6342273354530334, 0.6314754486083984, 0.6302297711372375, 0.6307967901229858, 0.6269435286521912, 0.6280218958854675, 0.626287043094635, 0.6212314963340759, 0.6206444501876831, 0.6238433122634888, 0.6132923364639282, 0.6163874864578247, 0.622310996055603, 0.616726815700531, 0.6112761497497559, 0.6155059337615967, 0.6151778697967529, 0.6051995158195496, 0.6110859513282776, 0.6072174310684204, 0.6079335808753967, 0.6016281247138977, 0.6029349565505981, 0.6004435420036316, 0.5980538129806519, 0.5932694673538208, 0.6027151346206665, 0.5996391773223877], "accuracy": [0.4902370870113373, 0.4902370870113373, 0.5118549466133118, 0.5209205150604248, 0.5034867525100708, 0.5474197864532471, 0.5397489666938782, 0.5474197864532471, 0.5488144755363464, 0.5760111808776855, 0.5669456124305725, 0.5760111808776855, 0.5613667964935303, 0.5829846858978271, 0.589958131313324, 0.5822873115539551, 0.5871687531471252, 0.6004183888435364, 0.6101813316345215, 0.6087865829467773, 0.6185495257377625, 0.6039051413536072, 0.60808926820755, 0.6143653988838196, 0.633193850517273, 0.625523030757904, 0.6185495257377625, 0.625523030757904, 0.6283124089241028, 0.6582984924316406, 0.6304044723510742, 0.6206415891647339, 0.6471408605575562, 0.6401673555374146, 0.6373779773712158, 0.6464434862136841, 0.6485355496406555, 0.6443514823913574, 0.6569037437438965, 0.6520223021507263, 0.642259418964386, 0.6589958071708679, 0.650627613067627, 0.6548117399215698, 0.6499302387237549, 0.6541143655776978, 0.6534169912338257, 0.6548117399215698, 0.668061375617981, 0.6610878705978394, 0.6687586903572083, 0.6631799340248108, 0.6673640012741089, 0.6687586903572083, 0.6701534390449524, 0.6729428172111511, 0.6673640012741089, 0.6743375062942505, 0.6715481281280518], "benchmark_178": [731.0, 731.0, 700.0, 687.0, 712.0, 649.0, 660.0, 649.0, 647.0, 608.0, 621.0, 608.0, 629.0, 598.0, 588.0, 599.0, 592.0, 573.0, 559.0, 561.0, 547.0, 568.0, 562.0, 553.0, 526.0, 537.0, 547.0, 537.0, 533.0, 490.0, 530.0, 544.0, 506.0, 516.0, 520.0, 507.0, 504.0, 510.0, 492.0, 499.0, 513.0, 489.0, 501.0, 495.0, 502.0, 496.0, 497.0, 495.0, 476.0, 486.0, 475.0, 483.0, 477.0, 475.0, 473.0, 469.0, 477.0, 467.0, 471.0], "TP": [315.0, 330.0, 391.0, 367.0, 335.0, 331.0, 374.0, 357.0, 392.0, 384.0, 379.0, 388.0, 381.0, 404.0, 411.0, 400.0, 418.0, 436.0, 429.0, 429.0, 435.0, 434.0, 425.0, 437.0, 447.0, 448.0, 436.0, 450.0, 440.0, 452.0, 449.0, 443.0, 461.0, 459.0, 447.0, 453.0, 442.0, 455.0, 450.0, 469.0, 439.0, 457.0, 452.0, 461.0, 453.0, 464.0, 454.0, 456.0, 473.0, 476.0, 467.0, 462.0, 456.0, 467.0, 479.0, 475.0, 468.0, 485.0, 473.0], "TN": [388.0, 373.0, 343.0, 380.0, 387.0, 454.0, 400.0, 428.0, 395.0, 442.0, 434.0, 438.0, 424.0, 432.0, 435.0, 435.0, 424.0, 425.0, 446.0, 444.0, 452.0, 432.0, 447.0, 444.0, 461.0, 449.0, 451.0, 447.0, 461.0, 492.0, 455.0, 447.0, 467.0, 459.0, 467.0, 474.0, 488.0, 469.0, 492.0, 466.0, 482.0, 488.0, 481.0, 478.0, 479.0, 474.0, 483.0, 483.0, 485.0, 472.0, 492.0, 489.0, 501.0, 492.0, 482.0, 490.0, 489.0, 482.0, 490.0], "FP": [329.0, 344.0, 374.0, 337.0, 330.0, 263.0, 317.0, 289.0, 322.0, 275.0, 283.0, 279.0, 293.0, 285.0, 282.0, 282.0, 293.0, 292.0, 271.0, 273.0, 265.0, 285.0, 270.0, 273.0, 256.0, 268.0, 266.0, 270.0, 256.0, 225.0, 262.0, 270.0, 250.0, 258.0, 250.0, 243.0, 229.0, 248.0, 225.0, 251.0, 235.0, 229.0, 236.0, 239.0, 238.0, 243.0, 234.0, 234.0, 232.0, 245.0, 225.0, 228.0, 216.0, 225.0, 235.0, 227.0, 228.0, 235.0, 227.0], "FN": [402.0, 387.0, 326.0, 350.0, 382.0, 386.0, 343.0, 360.0, 325.0, 333.0, 338.0, 329.0, 336.0, 313.0, 306.0, 317.0, 299.0, 281.0, 288.0, 288.0, 282.0, 283.0, 292.0, 280.0, 270.0, 269.0, 281.0, 267.0, 277.0, 265.0, 268.0, 274.0, 256.0, 258.0, 270.0, 264.0, 275.0, 262.0, 267.0, 248.0, 278.0, 260.0, 265.0, 256.0, 264.0, 253.0, 263.0, 261.0, 244.0, 241.0, 250.0, 255.0, 261.0, 250.0, 238.0, 242.0, 249.0, 232.0, 244.0], "Precision": [0.489130437374115, 0.48961424827575684, 0.5111111402511597, 0.5213068127632141, 0.5037593841552734, 0.5572390556335449, 0.5412445664405823, 0.5526315569877625, 0.5490196347236633, 0.5827010869979858, 0.5725075602531433, 0.5817091464996338, 0.5652819275856018, 0.586357057094574, 0.5930736064910889, 0.5865102410316467, 0.5879043340682983, 0.598901093006134, 0.6128571629524231, 0.6111111044883728, 0.6214285492897034, 0.6036161184310913, 0.6115108132362366, 0.6154929399490356, 0.6358463764190674, 0.6256983280181885, 0.621082603931427, 0.625, 0.6321839094161987, 0.6676514148712158, 0.6315048933029175, 0.6213183999061584, 0.6483825445175171, 0.6401673555374146, 0.6413199305534363, 0.6508620977401733, 0.6587183475494385, 0.6472261548042297, 0.6666666865348816, 0.6513888835906982, 0.6513352990150452, 0.6661807298660278, 0.6569767594337463, 0.6585714221000671, 0.6555716395378113, 0.6562942266464233, 0.6598837375640869, 0.6608695387840271, 0.6709219813346863, 0.6601941585540771, 0.6748554706573486, 0.6695652008056641, 0.6785714030265808, 0.6748554706573486, 0.6708683371543884, 0.6766381859779358, 0.6724137663841248, 0.6736111044883728, 0.6757143139839172], "Recall": [0.4393305480480194, 0.4602510333061218, 0.5453277826309204, 0.5118549466133118, 0.4672245383262634, 0.4616457521915436, 0.5216178297996521, 0.49790793657302856, 0.5467224717140198, 0.5355648398399353, 0.5285913348197937, 0.5411436557769775, 0.5313807725906372, 0.5634588599205017, 0.573221743106842, 0.5578800439834595, 0.5829846858978271, 0.60808926820755, 0.5983263850212097, 0.5983263850212097, 0.6066945791244507, 0.6052998900413513, 0.5927475690841675, 0.6094839572906494, 0.6234309673309326, 0.624825656414032, 0.60808926820755, 0.6276150345802307, 0.6136680841445923, 0.6304044723510742, 0.6262203454971313, 0.6178521513938904, 0.6429567933082581, 0.6401673555374146, 0.6234309673309326, 0.6317991614341736, 0.616457462310791, 0.6345885396003723, 0.6276150345802307, 0.6541143655776978, 0.6122733354568481, 0.6373779773712158, 0.6304044723510742, 0.6429567933082581, 0.6317991614341736, 0.6471408605575562, 0.633193850517273, 0.6359832882881165, 0.65969318151474, 0.6638772487640381, 0.651324987411499, 0.6443514823913574, 0.6359832882881165, 0.651324987411499, 0.668061375617981, 0.6624825596809387, 0.6527196764945984, 0.6764295697212219, 0.65969318151474],