{"loss": [0.693107008934021, 0.6924540400505066, 0.6907257437705994, 0.6882197856903076, 0.6836785674095154, 0.6792603135108948, 0.6745412945747375, 0.6697303056716919, 0.6606510877609253, 0.6518080830574036, 0.6372182965278625, 0.6369204521179199, 0.6367445588111877, 0.6290950775146484, 0.6278170347213745, 0.625746488571167, 0.6141026616096497, 0.6192182898521423, 0.6166470050811768, 0.6094745397567749, 0.6162375211715698, 0.6082679629325867, 0.6122744083404541, 0.5990184545516968, 0.6009729504585266, 0.6035242080688477, 0.602157711982727, 0.5960659980773926, 0.5897961258888245, 0.5969749689102173, 0.5930731892585754, 0.596321165561676, 0.5947655439376831, 0.5804556608200073, 0.5889697074890137, 0.5851820707321167, 0.5834453105926514, 0.5907743573188782, 0.5760162472724915, 0.5870490670204163, 0.5871395468711853, 0.5864132046699524, 0.5752626061439514, 0.5707289576530457, 0.571962296962738, 0.5630652904510498, 0.5670035481452942, 0.5688880681991577, 0.5687214732170105, 0.5667030215263367, 0.569305419921875, 0.5677699446678162, 0.5672487020492554, 0.5616319179534912, 0.567855715751648, 0.5671191811561584, 0.5686878561973572, 0.5625283122062683, 0.5604189038276672], "accuracy": [0.5188284516334534, 0.517433762550354, 0.5362622141838074, 0.5543932914733887, 0.5753138065338135, 0.5697349905967712, 0.5913528800010681, 0.5878661274909973, 0.6122733354568481, 0.625523030757904, 0.6345885396003723, 0.625523030757904, 0.6234309673309326, 0.6541143655776978, 0.6520223021507263, 0.6443514823913574, 0.6576011180877686, 0.6631799340248108, 0.6464434862136841, 0.6610878705978394, 0.650627613067627, 0.6673640012741089, 0.6534169912338257, 0.6666666865348816, 0.6729428172111511, 0.6645746231079102, 0.6666666865348816, 0.6701534390449524, 0.6875871419906616, 0.6617852449417114, 0.6799163222312927, 0.6701534390449524, 0.6792189478874207, 0.7015341520309448, 0.6847977638244629, 0.6861924529075623, 0.6827057003974915, 0.6813110113143921, 0.6889818906784058, 0.6882845163345337, 0.6806136965751648, 0.685495138168335, 0.6889818906784058, 0.7071129679679871, 0.7036262154579163, 0.7140864729881287, 0.7036262154579163, 0.7071129679679871, 0.6973500847816467, 0.7078103423118591, 0.7036262154579163, 0.7029288411140442, 0.6945606470108032, 0.7036262154579163, 0.7057182788848877, 0.7022315263748169, 0.7036262154579163, 0.7057182788848877, 0.7099023461341858], "benchmark_341": [690.0, 692.0, 665.0, 639.0, 609.0, 617.0, 586.0, 591.0, 556.0, 537.0, 524.0, 537.0, 540.0, 496.0, 499.0, 510.0, 491.0, 483.0, 507.0, 486.0, 501.0, 477.0, 497.0, 478.0, 469.0, 481.0, 478.0, 473.0, 448.0, 485.0, 459.0, 473.0, 460.0, 428.0, 452.0, 450.0, 455.0, 457.0, 446.0, 447.0, 458.0, 451.0, 446.0, 420.0, 425.0, 410.0, 425.0, 420.0, 434.0, 419.0, 425.0, 426.0, 438.0, 425.0, 422.0, 427.0, 425.0, 422.0, 416.0], "TP": [100.0, 274.0, 337.0, 380.0, 382.0, 405.0, 409.0, 419.0, 432.0, 449.0, 456.0, 463.0, 476.0, 483.0, 495.0, 481.0, 488.0, 492.0, 479.0, 486.0, 481.0, 501.0, 476.0, 485.0, 489.0, 486.0, 497.0, 498.0, 501.0, 483.0, 498.0, 487.0, 491.0, 509.0, 497.0, 502.0, 501.0, 494.0, 501.0, 507.0, 489.0, 515.0, 501.0, 520.0, 510.0, 517.0, 519.0, 520.0, 511.0, 512.0, 514.0, 508.0, 503.0, 516.0, 512.0, 504.0, 508.0, 524.0, 525.0], "TN": [644.0, 468.0, 432.0, 415.0, 443.0, 412.0, 439.0, 424.0, 446.0, 448.0, 454.0, 434.0, 418.0, 455.0, 440.0, 443.0, 455.0, 459.0, 448.0, 462.0, 452.0, 456.0, 461.0, 471.0, 476.0, 467.0, 459.0, 463.0, 485.0, 466.0, 477.0, 474.0, 483.0, 497.0, 485.0, 482.0, 478.0, 483.0, 487.0, 480.0, 487.0, 468.0, 487.0, 494.0, 499.0, 507.0, 490.0, 494.0, 489.0, 503.0, 495.0, 500.0, 493.0, 493.0, 500.0, 503.0, 501.0, 488.0, 493.0], "FP": [73.0, 249.0, 285.0, 302.0, 274.0, 305.0, 278.0, 293.0, 271.0, 269.0, 263.0, 283.0, 299.0, 262.0, 277.0, 274.0, 262.0, 258.0, 269.0, 255.0, 265.0, 261.0, 256.0, 246.0, 241.0, 250.0, 258.0, 254.0, 232.0, 251.0, 240.0, 243.0, 234.0, 220.0, 232.0, 235.0, 239.0, 234.0, 230.0, 237.0, 230.0, 249.0, 230.0, 223.0, 218.0, 210.0, 227.0, 223.0, 228.0, 214.0, 222.0, 217.0, 224.0, 224.0, 217.0, 214.0, 216.0, 229.0, 224.0], "FN": [617.0, 443.0, 380.0, 337.0, 335.0, 312.0, 308.0, 298.0, 285.0, 268.0, 261.0, 254.0, 241.0, 234.0, 222.0, 236.0, 229.0, 225.0, 238.0, 231.0, 236.0, 216.0, 241.0, 232.0, 228.0, 231.0, 220.0, 219.0, 216.0, 234.0, 219.0, 230.0, 226.0, 208.0, 220.0, 215.0, 216.0, 223.0, 216.0, 210.0, 228.0, 202.0, 216.0, 197.0, 207.0, 200.0, 198.0, 197.0, 206.0, 205.0, 203.0, 209.0, 214.0, 201.0, 205.0, 213.0, 209.0, 193.0, 192.0], "Precision": [0.5780346989631653, 0.52390056848526, 0.5418006181716919, 0.5571847558021545, 0.582317054271698, 0.5704225301742554, 0.5953420400619507, 0.5884831547737122, 0.6145092248916626, 0.6253482103347778, 0.6342141628265381, 0.6206434369087219, 0.6141935586929321, 0.6483221650123596, 0.6411917209625244, 0.6370860934257507, 0.6506666541099548, 0.656000018119812, 0.6403743028640747, 0.6558704376220703, 0.6447721123695374, 0.6574802994728088, 0.6502732038497925, 0.6634746789932251, 0.6698629856109619, 0.6603260636329651, 0.6582781672477722, 0.6622340679168701, 0.6834924817085266, 0.6580381393432617, 0.6747967600822449, 0.6671232581138611, 0.6772413849830627, 0.6982167363166809, 0.6817558407783508, 0.6811397671699524, 0.6770270466804504, 0.6785714030265808, 0.6853625178337097, 0.6814516186714172, 0.680111289024353, 0.6740837693214417, 0.6853625178337097, 0.6998654007911682, 0.7005494236946106, 0.7111417055130005, 0.6957104802131653, 0.6998654007911682, 0.691474974155426, 0.705234169960022, 0.698369562625885, 0.7006896734237671, 0.691884458065033, 0.6972972750663757, 0.7023319602012634, 0.7019498348236084, 0.7016574740409851, 0.6958831548690796, 0.7009345889091492], "Recall": [0.13947001099586487, 0.3821478486061096, 0.47001394629478455, 0.5299860239028931, 0.5327754616737366, 0.5648535490036011, 0.5704323649406433, 0.5843793749809265, 0.6025104522705078, 0.6262203454971313, 0.6359832882881165, 0.6457461714744568, 0.6638772487640381, 0.6736401915550232, 0.6903765797615051, 0.6708507537841797, 0.6806136965751648, 0.6861924529075623, 0.668061375617981, 0.6778242588043213, 0.6708507537841797, 0.6987447738647461, 0.6638772487640381, 0.6764295697212219, 0.6820083856582642, 0.6778242588043213, 0.6931659579277039, 0.6945606470108032, 0.6987447738647461, 0.6736401915550232, 0.6945606470108032, 0.6792189478874207, 0.6847977638244629, 0.7099023461341858, 0.6931659579277039, 0.7001394629478455, 0.6987447738647461, 0.6889818906784058, 0.6987447738647461, 0.7071129679679871, 0.6820083856582642, 0.7182705998420715, 0.6987447738647461, 0.7252440452575684, 0.7112970948219299, 0.7210599780082703, 0.723849356174469, 0.7252440452575684, 0.7126917839050293, 0.7140864729881287, 0.7168758511543274, 0.7085076570510864, 0.7015341520309448, 0.7196652889251709, 0.7140864729881287, 0.7029288411140442, 0.7085076570510864, 0.7308228611946106, 0.73221755027771],