{"loss": [0.17074309289455414, 0.1640545129776001, 0.16007529199123383, 0.15652121603488922, 0.1569560468196869, 0.1524282693862915, 0.1524769365787506, 0.15063011646270752, 0.14985021948814392, 0.14646674692630768, 0.1468391865491867, 0.1456884741783142, 0.14523325860500336, 0.14386647939682007, 0.143899604678154, 0.14411360025405884, 0.14167408645153046, 0.14205193519592285, 0.14160525798797607, 0.14060327410697937, 0.14237472414970398, 0.14055517315864563, 0.13941462337970734, 0.13765151798725128, 0.1382513791322708, 0.1359434872865677, 0.1394919902086258, 0.13849081099033356, 0.13794702291488647, 0.13562467694282532, 0.1361345797777176], "accuracy": [0.5648535490036011, 0.6039051413536072, 0.616457462310791, 0.6450487971305847, 0.6555090546607971, 0.6569037437438965, 0.6603904962539673, 0.6820083856582642, 0.6820083856582642, 0.6861924529075623, 0.6799163222312927, 0.7029288411140442, 0.698047399520874, 0.6889818906784058, 0.6924686431884766, 0.6924686431884766, 0.6952580213546753, 0.7001394629478455, 0.698047399520874, 0.7071129679679871, 0.7050209045410156, 0.6938633322715759, 0.7175732254981995, 0.7126917839050293, 0.7168758511543274, 0.723849356174469, 0.7112970948219299, 0.7092050313949585, 0.7210599780082703, 0.7071129679679871, 0.7245467305183411], "benchmark_181": [624.0, 568.0, 550.0, 509.0, 494.0, 492.0, 487.0, 456.0, 456.0, 450.0, 459.0, 426.0, 433.0, 446.0, 441.0, 441.0, 437.0, 430.0, 433.0, 420.0, 423.0, 439.0, 405.0, 412.0, 406.0, 396.0, 414.0, 417.0, 400.0, 420.0, 395.0], "TP": [311.0, 392.0, 424.0, 468.0, 473.0, 468.0, 484.0, 493.0, 503.0, 496.0, 485.0, 497.0, 496.0, 494.0, 496.0, 497.0, 508.0, 506.0, 509.0, 512.0, 502.0, 490.0, 527.0, 510.0, 513.0, 520.0, 497.0, 497.0, 509.0, 499.0, 506.0], "TN": [499.0, 474.0, 460.0, 457.0, 467.0, 474.0, 463.0, 485.0, 475.0, 488.0, 490.0, 511.0, 505.0, 494.0, 497.0, 496.0, 489.0, 498.0, 492.0, 502.0, 509.0, 505.0, 502.0, 512.0, 515.0, 518.0, 523.0, 520.0, 525.0, 515.0, 533.0], "FP": [218.0, 243.0, 257.0, 260.0, 250.0, 243.0, 254.0, 232.0, 242.0, 229.0, 227.0, 206.0, 212.0, 223.0, 220.0, 221.0, 228.0, 219.0, 225.0, 215.0, 208.0, 212.0, 215.0, 205.0, 202.0, 199.0, 194.0, 197.0, 192.0, 202.0, 184.0], "FN": [406.0, 325.0, 293.0, 249.0, 244.0, 249.0, 233.0, 224.0, 214.0, 221.0, 232.0, 220.0, 221.0, 223.0, 221.0, 220.0, 209.0, 211.0, 208.0, 205.0, 215.0, 227.0, 190.0, 207.0, 204.0, 197.0, 220.0, 220.0, 208.0, 218.0, 211.0], "Precision": [0.5879017114639282, 0.6173228621482849, 0.622613787651062, 0.6428571343421936, 0.6542185544967651, 0.6582278609275818, 0.6558265686035156, 0.6800000071525574, 0.6751677989959717, 0.6841379404067993, 0.6811797618865967, 0.7069701552391052, 0.700564980506897, 0.6889818906784058, 0.6927374005317688, 0.6922005414962769, 0.6902173757553101, 0.6979310512542725, 0.6934604644775391, 0.7042641043663025, 0.7070422768592834, 0.6980056762695312, 0.7102425694465637, 0.7132866978645325, 0.7174825072288513, 0.7232267260551453, 0.7192474603652954, 0.7161383032798767, 0.7261055707931519, 0.7118402123451233, 0.7333333492279053], "Recall": [0.4337517321109772, 0.5467224717140198, 0.5913528800010681, 0.6527196764945984, 0.65969318151474, 0.6527196764945984, 0.6750348806381226, 0.6875871419906616, 0.7015341520309448, 0.6917712688446045, 0.6764295697212219, 0.6931659579277039, 0.6917712688446045, 0.6889818906784058, 0.6917712688446045, 0.6931659579277039, 0.7085076570510864, 0.7057182788848877, 0.7099023461341858, 0.7140864729881287, 0.7001394629478455, 0.6834030747413635, 0.7350069880485535, 0.7112970948219299, 0.715481162071228, 0.7252440452575684, 0.6931659579277039, 0.6931659579277039, 0.7099023461341858, 0.6959553956985474, 0.7057182788848877], "AUC": [0.5896031856536865, 0.6635339856147766, 0.6850273013114929, 0.7048643231391907, 0.7038946747779846, 0.7310242056846619, 0.7300029993057251, 0.741277277469635, 0.7458280324935913, 0.7608079314231873, 0.7572638392448425, 0.7656086683273315, 0.7647518515586853, 0.7721629738807678, 0.7701711654663086, 0.7688766121864319, 0.7796529531478882, 0.780610978603363, 0.782383918762207, 0.7838419079780579, 0.7783409357070923, 0.7825201153755188, 0.7913755774497986, 0.7968853712081909, 0.7963776588439941, 0.8044288158416748, 0.794716477394104, 0.7913212180137634, 0.7959837317466736, 0.800014317035675, 0.8041661977767944], "val_loss": [0.1725141704082489, 0.16890184581279755, 0.1703144907951355, 0.1751476228237152, 0.17826132476329803, 0.18173456192016602, 0.17752298712730408, 0.15994706749916077, 0.1487397402524948, 0.14788928627967834, 0.14403638243675232, 0.14833609759807587, 0.14831317961215973, 0.1471085399389267, 0.142949640750885, 0.14340002834796906, 0.14766301214694977, 0.14641767740249634, 0.15291589498519897, 0.15210534632205963, 0.1422443836927414, 0.17853714525699615, 0.15095660090446472, 0.1592918038368225, 0.14561328291893005, 0.1461026668548584, 0.15095287561416626, 0.1482718288898468, 0.16163240373134613, 0.16186414659023285, 0.15082141757011414], "val_accuracy": [0.6218181848526001, 0.6218181848526001, 0.6218181848526001, 0.4290909171104431, 0.4363636374473572, 0.43272727727890015, 0.4763636291027069, 0.589090883731842, 0.6909090876579285, 0.6800000071525574, 0.7127272486686707, 0.7127272486686707, 0.7090908885002136, 0.6800000071525574, 0.7054545283317566, 0.7127272486686707, 0.6836363673210144, 0.6654545664787292, 0.6945454478263855, 0.6545454263687134, 0.6836363673210144, 0.6254545450210571, 0.6909090876579285, 0.6254545450210571, 0.6945454478263855, 0.6800000071525574, 0.7127272486686707, 0.6945454478263855, 0.6654545664787292, 0.6618182063102722, 0.6981818079948425], "val_benchmark_181": [104.0, 104.0, 104.0, 157.0, 155.0, 156.0, 144.0, 113.0, 85.0, 88.0, 79.0, 79.0, 80.0, 88.0, 81.0, 79.0, 87.0, 92.0, 84.0, 95.0, 87.0, 103.0, 85.0, 103.0, 84.0, 88.0, 79.0, 84.0, 92.0, 93.0, 83.0], "val_TP": [171.0, 171.0, 171.0, 14.0, 19.0, 15.0, 32.0, 75.0, 131.0, 158.0, 155.0, 124.0, 135.0, 148.0, 153.0, 139.0, 123.0, 140.0, 144.0, 138.0, 137.0, 83.0, 116.0, 95.0, 122.0, 142.0, 128.0, 126.0, 120.0, 111.0, 126.0], "val_TN": [0.0, 0.0, 0.0, 104.0, 101.0, 104.0, 99.0, 87.0, 59.0, 29.0, 41.0, 72.0, 60.0, 39.0, 41.0, 57.0, 65.0, 43.0, 47.0, 42.0, 51.0, 89.0, 74.0, 77.0, 69.0, 45.0, 68.0, 65.0, 63.0, 71.0, 66.0], "val_FP": [104.0, 104.0, 104.0, 0.0, 3.0, 0.0, 5.0, 17.0, 45.0, 75.0, 63.0, 32.0, 44.0, 65.0, 63.0, 47.0, 39.0, 61.0, 57.0, 62.0, 53.0, 15.0, 30.0, 27.0, 35.0, 59.0, 36.0, 39.0, 41.0, 33.0, 38.0], "val_FN": [0.0, 0.0, 0.0, 157.0, 152.0, 156.0, 139.0, 96.0, 40.0, 13.0, 16.0, 47.0, 36.0, 23.0, 18.0, 32.0, 48.0, 31.0, 27.0, 33.0, 34.0, 88.0, 55.0, 76.0, 49.0, 29.0, 43.0, 45.0, 51.0, 60.0, 45.0], "val_Precision": [0.6218181848526001, 0.6218181848526001, 0.6218181848526001, 1.0, 0.8636363744735718, 1.0, 0.8648648858070374, 0.8152173757553101, 0.7443181872367859, 0.6781116127967834, 0.71100914478302, 0.7948718070983887, 0.7541899681091309, 0.6948356628417969, 0.7083333134651184, 0.7473118305206299, 0.7592592835426331, 0.6965174078941345, 0.7164179086685181, 0.6899999976158142, 0.7210526466369629, 0.8469387888908386, 0.7945205569267273, 0.7786885499954224, 0.7770700454711914, 0.7064676880836487, 0.7804877758026123, 0.7636363506317139, 0.7453415989875793, 0.7708333134651184, 0.7682926654815674], "val_Recall": [1.0, 1.0, 1.0, 0.08187134563922882, 0.1111111119389534, 0.08771929889917374, 0.1871345043182373, 0.4385964870452881, 0.7660818696022034, 0.9239766001701355, 0.9064327478408813, 0.7251461744308472, 0.7894737124443054, 0.8654970526695251, 0.8947368264198303, 0.8128654956817627, 0.719298243522644, 0.8187134265899658, 0.8421052694320679, 0.8070175647735596, 0.8011695742607117, 0.4853801131248474, 0.6783625483512878, 0.5555555820465088, 0.7134503126144409, 0.8304093480110168, 0.7485380172729492, 0.7368420958518982, 0.7017543911933899, 0.6491228342056274, 0.7368420958518982],