{"loss": [0.7022251486778259, 0.7027819752693176, 0.6962099671363831, 0.695107638835907, 0.6978573799133301, 0.6935664415359497, 0.6981988549232483, 0.702544093132019, 0.6957317590713501, 0.7011941075325012, 0.6988338828086853, 0.6967385411262512, 0.6974698901176453, 0.6991491913795471, 0.6968101859092712, 0.7009212374687195, 0.695277750492096, 0.699802577495575, 0.6954717040061951, 0.6960580945014954, 0.69486403465271], "accuracy": [0.4672245383262634, 0.47629010677337646, 0.4965132474899292, 0.47698745131492615, 0.508368194103241, 0.49790793657302856, 0.5041841268539429, 0.48326361179351807, 0.4958159029483795, 0.49093446135520935, 0.5013946890830994, 0.5188284516334534, 0.5013946890830994, 0.49860531091690063, 0.5034867525100708, 0.4853556454181671, 0.5, 0.48117154836654663, 0.5062761306762695, 0.5209205150604248, 0.5034867525100708], "benchmark_897": [764.0, 751.0, 722.0, 750.0, 705.0, 720.0, 711.0, 741.0, 723.0, 730.0, 715.0, 690.0, 715.0, 719.0, 712.0, 738.0, 717.0, 744.0, 708.0, 687.0, 712.0], "TP": [434.0, 443.0, 459.0, 418.0, 452.0, 454.0, 459.0, 434.0, 450.0, 439.0, 450.0, 460.0, 442.0, 441.0, 449.0, 432.0, 437.0, 444.0, 444.0, 466.0, 450.0], "TN": [236.0, 240.0, 253.0, 266.0, 277.0, 260.0, 264.0, 259.0, 261.0, 265.0, 269.0, 284.0, 277.0, 274.0, 273.0, 264.0, 280.0, 246.0, 282.0, 281.0, 272.0], "FP": [481.0, 477.0, 464.0, 451.0, 440.0, 457.0, 453.0, 458.0, 456.0, 452.0, 448.0, 433.0, 440.0, 443.0, 444.0, 453.0, 437.0, 471.0, 435.0, 436.0, 445.0], "FN": [283.0, 274.0, 258.0, 299.0, 265.0, 263.0, 258.0, 283.0, 267.0, 278.0, 267.0, 257.0, 275.0, 276.0, 268.0, 285.0, 280.0, 273.0, 273.0, 251.0, 267.0], "Precision": [0.47431695461273193, 0.48152172565460205, 0.4972914457321167, 0.4810126721858978, 0.5067264437675476, 0.4983534514904022, 0.5032894611358643, 0.4865470826625824, 0.49668875336647034, 0.492704838514328, 0.5011135935783386, 0.5151175856590271, 0.5011337995529175, 0.49886876344680786, 0.5027995705604553, 0.48813560605049133, 0.5, 0.4852459132671356, 0.5051194429397583, 0.516629695892334, 0.5027933120727539], "Recall": [0.6052998900413513, 0.6178521513938904, 0.6401673555374146, 0.5829846858978271, 0.6304044723510742, 0.633193850517273, 0.6401673555374146, 0.6052998900413513, 0.6276150345802307, 0.6122733354568481, 0.6276150345802307, 0.6415620446205139, 0.616457462310791, 0.6150627732276917, 0.6262203454971313, 0.6025104522705078, 0.6094839572906494, 0.6192468404769897, 0.6192468404769897, 0.6499302387237549, 0.6276150345802307], "AUC": [0.4721089005470276, 0.4748409390449524, 0.5007625222206116, 0.49940189719200134, 0.496275931596756, 0.510604202747345, 0.5030879974365234, 0.4822987914085388, 0.5153417587280273, 0.48652955889701843, 0.5045790076255798, 0.526013970375061, 0.5059172511100769, 0.49322009086608887, 0.507326602935791, 0.48209160566329956, 0.5080540776252747, 0.4816841185092926, 0.5264711380004883, 0.5205616354942322, 0.5136309266090393], "val_loss": [0.6912890076637268, 0.6914899349212646, 0.6916759610176086, 0.6918368339538574, 0.6919731497764587, 0.6920765042304993, 0.6921439170837402, 0.6921887993812561, 0.6922177076339722, 0.6922212243080139, 0.6922004818916321, 0.6921616196632385, 0.6921066045761108, 0.6920433640480042, 0.6919716000556946, 0.6918942928314209, 0.6918089985847473, 0.6917213797569275, 0.6916292905807495, 0.6915314793586731, 0.6914260983467102], "val_accuracy": [0.6218181848526001, 0.6218181848526001, 0.6218181848526001, 0.6218181848526001, 0.6218181848526001, 0.6218181848526001, 0.6218181848526001, 0.6218181848526001, 0.6218181848526001, 0.6218181848526001, 0.6181818246841431, 0.6218181848526001, 0.6218181848526001, 0.6218181848526001, 0.6218181848526001, 0.6218181848526001, 0.6218181848526001, 0.6218181848526001, 0.6218181848526001, 0.6218181848526001, 0.6218181848526001], "val_benchmark_897": [104.0, 104.0, 104.0, 104.0, 104.0, 104.0, 104.0, 104.0, 104.0, 104.0, 105.0, 104.0, 104.0, 104.0, 104.0, 104.0, 104.0, 104.0, 104.0, 104.0, 104.0], "val_TP": [171.0, 171.0, 171.0, 171.0, 171.0, 171.0, 171.0, 171.0, 171.0, 171.0, 170.0, 171.0, 171.0, 171.0, 171.0, 171.0, 171.0, 171.0, 171.0, 171.0, 171.0], "val_TN": [0.0, 0.0, 0.0, 0.0, 0.0, 0.0, 0.0, 0.0, 0.0, 0.0, 0.0, 0.0, 0.0, 0.0, 0.0, 0.0, 0.0, 0.0, 0.0, 0.0, 0.0], "val_FP": [104.0, 104.0, 104.0, 104.0, 104.0, 104.0, 104.0, 104.0, 104.0, 104.0, 104.0, 104.0, 104.0, 104.0, 104.0, 104.0, 104.0, 104.0, 104.0, 104.0, 104.0], "val_FN": [0.0, 0.0, 0.0, 0.0, 0.0, 0.0, 0.0, 0.0, 0.0, 0.0, 1.0, 0.0, 0.0, 0.0, 0.0, 0.0, 0.0, 0.0, 0.0, 0.0, 0.0], "val_Precision": [0.6218181848526001, 0.6218181848526001, 0.6218181848526001, 0.6218181848526001, 0.6218181848526001, 0.6218181848526001, 0.6218181848526001, 0.6218181848526001, 0.6218181848526001, 0.6218181848526001, 0.6204379796981812, 0.6218181848526001, 0.6218181848526001, 0.6218181848526001, 0.6218181848526001, 0.6218181848526001, 0.6218181848526001, 0.6218181848526001, 0.6218181848526001, 0.6218181848526001, 0.6218181848526001], "val_Recall": [1.0, 1.0, 1.0, 1.0, 1.0, 1.0, 1.0, 1.0, 1.0, 1.0, 0.9941520690917969, 1.0, 1.0, 1.0, 1.0, 1.0, 1.0, 1.0, 1.0, 1.0, 1.0], "val_AUC": [0.4680893123149872, 0.4467780292034149, 0.45917677879333496, 0.4387933015823364, 0.4502643048763275, 0.4378373622894287, 0.4653902053833008, 0.4641250669956207, 0.46851104497909546, 0.4628598690032959, 0.4709007740020752, 0.4712381660938263, 0.4644624590873718, 0.4704509973526001, 0.4805443286895752, 0.48377755284309387, 0.4848178029060364, 0.4813034236431122, 0.4780139923095703, 0.48001009225845337, 0.4837494194507599]}