{"loss": [0.8031371831893921, 0.08666516840457916, 0.0866161584854126, 0.08654578030109406, 0.08653653413057327, 0.08638200163841248, 0.08633341640233994, 0.08621096611022949, 0.08645182847976685, 0.0862378254532814, 0.08659258484840393, 0.08676600456237793, 0.08675273507833481, 0.0861673504114151, 0.08641234040260315, 0.08616893738508224, 0.08613874018192291, 0.08633267879486084, 0.08620098978281021, 0.08684486895799637, 0.08626845479011536, 0.08621129393577576], "accuracy": [0.5076708793640137, 0.5048814415931702, 0.5055788159370422, 0.5244072675704956, 0.5118549466133118, 0.5202231407165527, 0.5446304082870483, 0.5223152041435242, 0.5188284516334534, 0.5251045823097229, 0.5132496356964111, 0.49093446135520935, 0.517433762550354, 0.5474197864532471, 0.5369595289230347, 0.5327754616737366, 0.5369595289230347, 0.5111575722694397, 0.5278940200805664, 0.5048814415931702, 0.5306833982467651, 0.5202231407165527], "benchmark_107": [706.0, 710.0, 709.0, 682.0, 700.0, 688.0, 653.0, 685.0, 690.0, 681.0, 698.0, 730.0, 692.0, 649.0, 664.0, 670.0, 664.0, 701.0, 677.0, 710.0, 673.0, 688.0], "TP": [539.0, 253.0, 528.0, 412.0, 355.0, 349.0, 264.0, 343.0, 200.0, 406.0, 190.0, 422.0, 64.0, 218.0, 342.0, 175.0, 226.0, 288.0, 331.0, 86.0, 230.0, 155.0], "TN": [189.0, 471.0, 197.0, 340.0, 379.0, 397.0, 517.0, 406.0, 544.0, 347.0, 546.0, 282.0, 678.0, 567.0, 428.0, 589.0, 544.0, 445.0, 426.0, 638.0, 531.0, 591.0], "FP": [528.0, 246.0, 520.0, 377.0, 338.0, 320.0, 200.0, 311.0, 173.0, 370.0, 171.0, 435.0, 39.0, 150.0, 289.0, 128.0, 173.0, 272.0, 291.0, 79.0, 186.0, 126.0], "FN": [178.0, 464.0, 189.0, 305.0, 362.0, 368.0, 453.0, 374.0, 517.0, 311.0, 527.0, 295.0, 653.0, 499.0, 375.0, 542.0, 491.0, 429.0, 386.0, 631.0, 487.0, 562.0], "Precision": [0.5051546096801758, 0.5070140361785889, 0.5038167834281921, 0.5221799612045288, 0.5122655034065247, 0.5216741561889648, 0.568965494632721, 0.5244648456573486, 0.5361930131912231, 0.5231958627700806, 0.5263158082962036, 0.4924153983592987, 0.6213592290878296, 0.592391312122345, 0.5419968366622925, 0.5775577425956726, 0.5664160251617432, 0.5142857432365417, 0.5321543216705322, 0.521212100982666, 0.5528846383094788, 0.5516014099121094], "Recall": [0.7517433762550354, 0.35285913944244385, 0.7364016771316528, 0.5746164321899414, 0.49511855840682983, 0.4867503345012665, 0.3682008385658264, 0.4783821403980255, 0.27894002199172974, 0.5662482380867004, 0.26499301195144653, 0.5885634422302246, 0.08926080912351608, 0.304044634103775, 0.47698745131492615, 0.24407252669334412, 0.3152022361755371, 0.40167364478111267, 0.4616457521915436, 0.11994421482086182, 0.32078102231025696, 0.2161785215139389], "AUC": [0.5183120369911194, 0.52219557762146, 0.5132145881652832, 0.5223871469497681, 0.5196727514266968, 0.5384884476661682, 0.542620062828064, 0.5455893874168396, 0.5172091126441956, 0.5414149761199951, 0.526533305644989, 0.5159301161766052, 0.5133479237556458, 0.5370742678642273, 0.5457858443260193, 0.5451292991638184, 0.5346379280090332, 0.5277695059776306, 0.5408100485801697, 0.4906592071056366, 0.5326869487762451, 0.520149290561676], "val_loss": [0.0874728113412857, 0.0865897461771965, 0.08592617511749268, 0.08632787317037582, 0.08704572916030884, 0.08614423871040344, 0.08667950332164764, 0.08733494579792023, 0.086606465280056, 0.08670371025800705, 0.08689313381910324, 0.08878491073846817, 0.08751887083053589, 0.08659125864505768, 0.08748048543930054, 0.08732518553733826, 0.08724512904882431, 0.0882493257522583, 0.08809808641672134, 0.0867590457201004, 0.0865451842546463, 0.08762422204017639], "val_accuracy": [0.3781818151473999, 0.6218181848526001, 0.6218181848526001, 0.6218181848526001, 0.41090908646583557, 0.4763636291027069, 0.4509090781211853, 0.4399999976158142, 0.4545454680919647, 0.4654545485973358, 0.44363635778427124, 0.40727272629737854, 0.4145454466342926, 0.4254545569419861, 0.42181816697120667, 0.41090908646583557, 0.4145454466342926, 0.389090895652771, 0.389090895652771, 0.389090895652771, 0.41090908646583557, 0.389090895652771], "val_benchmark_107": [171.0, 104.0, 104.0, 104.0, 162.0, 144.0, 151.0, 154.0, 150.0, 147.0, 153.0, 163.0, 161.0, 158.0, 159.0, 162.0, 161.0, 168.0, 168.0, 168.0, 162.0, 168.0], "val_TP": [0.0, 171.0, 171.0, 171.0, 11.0, 42.0, 30.0, 22.0, 30.0, 35.0, 24.0, 10.0, 12.0, 18.0, 16.0, 13.0, 12.0, 3.0, 3.0, 3.0, 12.0, 3.0], "val_TN": [104.0, 0.0, 0.0, 0.0, 102.0, 89.0, 94.0, 99.0, 95.0, 93.0, 98.0, 102.0, 102.0, 99.0, 100.0, 100.0, 102.0, 104.0, 104.0, 104.0, 101.0, 104.0], "val_FP": [0.0, 104.0, 104.0, 104.0, 2.0, 15.0, 10.0, 5.0, 9.0, 11.0, 6.0, 2.0, 2.0, 5.0, 4.0, 4.0, 2.0, 0.0, 0.0, 0.0, 3.0, 0.0], "val_FN": [171.0, 0.0, 0.0, 0.0, 160.0, 129.0, 141.0, 149.0, 141.0, 136.0, 147.0, 161.0, 159.0, 153.0, 155.0, 158.0, 159.0, 168.0, 168.0, 168.0, 159.0, 168.0], "val_Precision": [0.0, 0.6218181848526001, 0.6218181848526001, 0.6218181848526001, 0.8461538553237915, 0.7368420958518982, 0.75, 0.8148148059844971, 0.7692307829856873, 0.760869562625885, 0.800000011920929, 0.8333333134651184, 0.8571428656578064, 0.782608687877655, 0.800000011920929, 0.7647058963775635, 0.8571428656578064, 1.0, 1.0, 1.0, 0.800000011920929, 1.0], "val_Recall": [0.0, 1.0, 1.0, 1.0, 0.06432748585939407, 0.24561403691768646, 0.17543859779834747, 0.12865497171878815, 0.17543859779834747, 0.20467835664749146, 0.14035087823867798, 0.05847953259944916, 0.07017543911933899, 0.10526315867900848, 0.09356725215911865, 0.0760233923792839, 0.07017543911933899, 0.017543859779834747, 0.017543859779834747, 0.017543859779834747, 0.07017543911933899, 0.017543859779834747], "val_AUC": [0.5, 0.5058479309082031, 0.5087719559669495, 0.5298583507537842, 0.5238978862762451, 0.5459120273590088, 0.5531657934188843, 0.5426788330078125, 0.5584514737129211, 0.5509446263313293, 0.5415823459625244, 0.5238416790962219, 0.5240665674209595, 0.5348628163337708, 0.5459682941436768, 0.5328665971755981, 0.5240665674209595, 0.5146198868751526, 0.5146198868751526, 0.5087719559669495, 0.5212550759315491, 0.511695921421051]}