{"loss": [0.6904280781745911, 0.6872712969779968, 0.6842668652534485, 0.681115984916687, 0.6767568588256836, 0.6717500686645508, 0.6640419363975525, 0.6543440818786621, 0.6440765261650085, 0.6325288414955139, 0.6217162013053894, 0.6104617714881897, 0.5977247953414917, 0.5842911005020142, 0.5700212717056274, 0.561640739440918, 0.5510765314102173, 0.5314399003982544, 0.5192848443984985, 0.5001776218414307, 0.4827859699726105, 0.4706718921661377, 0.45084574818611145, 0.4360165596008301, 0.4284657835960388, 0.4179483652114868, 0.3776215612888336, 0.3764925003051758, 0.33317697048187256, 0.30183514952659607, 0.31627243757247925, 0.31934431195259094, 0.29342177510261536, 0.2481580227613449, 0.20485715568065643, 0.2083517163991928, 0.18717435002326965, 0.15105392038822174, 0.12698471546173096, 0.15885037183761597, 0.10962389409542084, 0.09803120791912079, 0.08702412247657776, 0.07078787684440613, 0.0719279870390892, 0.07400763034820557, 0.0464533194899559, 0.04361714795231819, 0.03686292842030525, 0.03461702540516853, 0.0312257818877697, 0.0336352214217186, 0.030334994196891785, 0.024276962503790855, 0.02466522343456745, 0.022721096873283386, 0.0286821611225605, 0.020996365696191788, 0.016770362854003906, 0.018121475353837013, 0.016757413744926453, 0.016849568113684654, 0.017609016969799995, 0.01841714233160019, 0.013643012382090092, 0.014045811258256435, 0.011687164194881916], "accuracy": [0.5390515923500061, 0.5662482380867004, 0.5781031847000122, 0.5885634422302246, 0.5913528800010681, 0.5941422581672668, 0.6143653988838196, 0.6290097832679749, 0.650627613067627, 0.6582984924316406, 0.672245442867279, 0.677126944065094, 0.6938633322715759, 0.7057182788848877, 0.7196652889251709, 0.7196652889251709, 0.7294281721115112, 0.7517433762550354, 0.7461645603179932, 0.7663877010345459, 0.7894002795219421, 0.7824267745018005, 0.8047419786453247, 0.8082287311553955, 0.8117154836654663, 0.8103207945823669, 0.8458856344223022, 0.8472803235054016, 0.8786610960960388, 0.8974895477294922, 0.8821478486061096, 0.8737796545028687, 0.892608106136322, 0.9191073775291443, 0.9476987719535828, 0.9372385144233704, 0.9574616551399231, 0.9700139760971069, 0.9811715483665466, 0.9532775282859802, 0.982566237449646, 0.9881450533866882, 0.9930264949798584, 0.9958158731460571, 0.9923291206359863, 0.990934431552887, 0.9993026256561279, 1.0, 1.0, 1.0, 1.0, 0.9993026256561279, 1.0, 1.0, 1.0, 1.0, 0.9986053109169006, 0.9993026256561279, 1.0, 1.0, 1.0, 1.0, 0.9993026256561279, 1.0, 1.0, 1.0, 1.0], "benchmark_1126": [661.0, 622.0, 605.0, 590.0, 586.0, 582.0, 553.0, 532.0, 501.0, 490.0, 470.0, 463.0, 439.0, 422.0, 402.0, 402.0, 388.0, 356.0, 364.0, 335.0, 302.0, 312.0, 280.0, 275.0, 270.0, 272.0, 221.0, 219.0, 174.0, 147.0, 169.0, 181.0, 154.0, 116.0, 75.0, 90.0, 61.0, 43.0, 27.0, 67.0, 25.0, 17.0, 10.0, 6.0, 11.0, 13.0, 1.0, 0.0, 0.0, 0.0, 0.0, 1.0, 0.0, 0.0, 0.0, 0.0, 2.0, 1.0, 0.0, 0.0, 0.0, 0.0, 1.0, 0.0, 0.0, 0.0, 0.0], "TP": [356.0, 352.0, 366.0, 364.0, 356.0, 357.0, 357.0, 380.0, 416.0, 443.0, 453.0, 467.0, 484.0, 492.0, 510.0, 504.0, 521.0, 533.0, 527.0, 529.0, 557.0, 545.0, 573.0, 569.0, 571.0, 574.0, 590.0, 598.0, 622.0, 640.0, 619.0, 606.0, 629.0, 659.0, 671.0, 661.0, 683.0, 690.0, 697.0, 680.0, 700.0, 705.0, 710.0, 712.0, 710.0, 708.0, 716.0, 717.0, 717.0, 717.0, 717.0, 716.0, 717.0, 717.0, 717.0, 717.0, 716.0, 717.0, 717.0, 717.0, 717.0, 717.0, 717.0, 717.0, 717.0, 717.0, 717.0], "TN": [417.0, 460.0, 463.0, 480.0, 492.0, 495.0, 524.0, 522.0, 517.0, 501.0, 511.0, 504.0, 511.0, 520.0, 522.0, 528.0, 525.0, 545.0, 543.0, 570.0, 575.0, 577.0, 581.0, 590.0, 593.0, 588.0, 623.0, 617.0, 638.0, 647.0, 646.0, 647.0, 651.0, 659.0, 688.0, 683.0, 690.0, 701.0, 710.0, 687.0, 709.0, 712.0, 714.0, 716.0, 713.0, 713.0, 717.0, 717.0, 717.0, 717.0, 717.0, 717.0, 717.0, 717.0, 717.0, 717.0, 716.0, 716.0, 717.0, 717.0, 717.0, 717.0, 716.0, 717.0, 717.0, 717.0, 717.0], "FP": [300.0, 257.0, 254.0, 237.0, 225.0, 222.0, 193.0, 195.0, 200.0, 216.0, 206.0, 213.0, 206.0, 197.0, 195.0, 189.0, 192.0, 172.0, 174.0, 147.0, 142.0, 140.0, 136.0, 127.0, 124.0, 129.0, 94.0, 100.0, 79.0, 70.0, 71.0, 70.0, 66.0, 58.0, 29.0, 34.0, 27.0, 16.0, 7.0, 30.0, 8.0, 5.0, 3.0, 1.0, 4.0, 4.0, 0.0, 0.0, 0.0, 0.0, 0.0, 0.0, 0.0, 0.0, 0.0, 0.0, 1.0, 1.0, 0.0, 0.0, 0.0, 0.0, 1.0, 0.0, 0.0, 0.0, 0.0], "FN": [361.0, 365.0, 351.0, 353.0, 361.0, 360.0, 360.0, 337.0, 301.0, 274.0, 264.0, 250.0, 233.0, 225.0, 207.0, 213.0, 196.0, 184.0, 190.0, 188.0, 160.0, 172.0, 144.0, 148.0, 146.0, 143.0, 127.0, 119.0, 95.0, 77.0, 98.0, 111.0, 88.0, 58.0, 46.0, 56.0, 34.0, 27.0, 20.0, 37.0, 17.0, 12.0, 7.0, 5.0, 7.0, 9.0, 1.0, 0.0, 0.0, 0.0, 0.0, 1.0, 0.0, 0.0, 0.0, 0.0, 1.0, 0.0, 0.0, 0.0, 0.0, 0.0, 0.0, 0.0, 0.0, 0.0, 0.0], "Precision": [0.542682945728302, 0.5779967308044434, 0.5903225541114807, 0.6056572198867798, 0.6127366423606873, 0.6165803074836731, 0.6490908861160278, 0.6608695387840271, 0.6753246784210205, 0.6722306609153748, 0.6874051690101624, 0.6867647171020508, 0.7014492750167847, 0.7140783667564392, 0.7234042286872864, 0.7272727489471436, 0.730715274810791, 0.7560283541679382, 0.7517831921577454, 0.7825443744659424, 0.7968526482582092, 0.7956204414367676, 0.8081805109977722, 0.8175287246704102, 0.8215827345848083, 0.816500723361969, 0.8625730872154236, 0.856733500957489, 0.8873038291931152, 0.9014084339141846, 0.8971014618873596, 0.8964496850967407, 0.9050359725952148, 0.9191073775291443, 0.9585714340209961, 0.9510791301727295, 0.9619718194007874, 0.977337121963501, 0.9900568127632141, 0.9577465057373047, 0.9887005686759949, 0.9929577708244324, 0.9957924485206604, 0.9985975027084351, 0.994397759437561, 0.9943820238113403, 1.0, 1.0, 1.0, 1.0, 1.0, 1.0, 1.0, 1.0, 1.0, 1.0, 0.9986053109169006, 0.9986072182655334, 1.0, 1.0, 1.0, 1.0, 0.9986072182655334, 1.0, 1.0, 1.0, 1.0], "Recall": [0.4965132474899292, 0.49093446135520935, 0.5104602575302124, 0.5076708793640137, 0.4965132474899292, 0.49790793657302856, 0.49790793657302856, 0.5299860239028931, 0.5801952481269836, 0.6178521513938904, 0.6317991614341736, 0.651324987411499, 0.6750348806381226, 0.6861924529075623, 0.7112970948219299, 0.7029288411140442, 0.7266387939453125, 0.7433751821517944, 0.7350069880485535, 0.7377963662147522, 0.7768479585647583, 0.7601115703582764, 0.7991631627082825, 0.793584406375885, 0.7963737845420837, 0.8005578517913818, 0.822873055934906, 0.8340306878089905, 0.8675034642219543, 0.892608106136322, 0.8633193969726562, 0.8451882600784302, 0.8772664070129395, 0.9191073775291443, 0.9358437657356262, 0.9218968152999878, 0.9525802135467529, 0.9623430967330933, 0.9721059799194336, 0.9483960866928101, 0.9762901067733765, 0.9832636117935181, 0.9902371168136597, 0.9930264949798584, 0.9902371168136597, 0.9874476790428162, 0.9986053109169006, 1.0, 1.0, 1.0, 1.0, 0.9986053109169006, 1.0, 1.0, 1.0, 1.0, 0.9986053109169006, 1.0, 1.0, 1.0, 1.0, 1.0, 1.0, 1.0, 1.0, 1.0, 1.0], "AUC": [0.5656014084815979, 0.5864616632461548, 0.6037768125534058, 0.6102863550186157, 0.6238511204719543, 0.6389263272285461, 0.6700950860977173, 0.6872720122337341, 0.7095065116882324, 0.7240058779716492, 0.7341443300247192, 0.7448117136955261, 0.763092577457428, 0.7790285348892212, 0.7909807562828064, 0.7947835922241211, 0.8066102862358093, 0.8239517211914062, 0.8331252336502075, 0.8513000011444092, 0.8627961277961731, 0.8691151738166809, 0.8839461803436279, 0.893491268157959, 0.8971715569496155, 0.900769054889679, 0.9280610680580139, 0.9237329959869385, 0.9501097798347473, 0.9603638648986816, 0.9504238963127136, 0.9465336203575134, 0.9573720693588257, 0.9771061539649963, 0.9892459511756897, 0.983417272567749, 0.9905074834823608, 0.9953821301460266, 0.9982775449752808, 0.9909918308258057, 0.9989174604415894, 0.9992831945419312, 0.9991908073425293, 0.9999300241470337, 0.9993435144424438, 0.9989826679229736, 1.0, 1.0, 1.0, 0.9999999403953552, 1.0, 0.9999999403953552, 1.0, 1.0, 0.9999999403953552, 1.0, 0.9999961256980896, 0.9999999403953552, 1.0, 1.0, 1.0, 1.0, 0.9999999403953552, 1.0, 1.0, 1.0, 1.0],