{"loss": [0.6823238134384155, 0.6735166311264038, 0.6566995978355408, 0.6479719281196594, 0.6418647766113281, 0.6338900923728943, 0.6353569626808167, 0.6286334991455078, 0.6292175054550171, 0.6205227971076965, 0.6209360361099243, 0.6142551898956299, 0.6130982637405396, 0.6113422513008118, 0.6128854155540466, 0.6058160066604614, 0.6080058813095093, 0.5981562733650208, 0.6031215190887451, 0.5917164087295532, 0.5930829644203186, 0.5917138457298279, 0.5833242535591125, 0.5913020968437195, 0.5930912494659424, 0.5860766172409058, 0.5856004357337952, 0.5776721835136414, 0.5742362141609192, 0.5668837428092957, 0.5764474868774414, 0.5523386001586914, 0.5684817433357239, 0.5661365389823914, 0.562694251537323, 0.5571851134300232, 0.5557857751846313, 0.5598264336585999, 0.5431175231933594, 0.5319972634315491, 0.541509211063385, 0.5340515375137329, 0.5311874151229858, 0.5397144556045532, 0.5287255644798279, 0.5376718044281006, 0.5279624462127686, 0.5226199626922607, 0.516610860824585, 0.5114105343818665, 0.5131881237030029, 0.5148335099220276], "accuracy": [0.5446304082870483, 0.5808926224708557, 0.6108786463737488, 0.624825656414032, 0.6143653988838196, 0.6373779773712158, 0.6352859139442444, 0.6429567933082581, 0.6443514823913574, 0.650627613067627, 0.6492329239845276, 0.6610878705978394, 0.6520223021507263, 0.6520223021507263, 0.651324987411499, 0.6624825596809387, 0.6617852449417114, 0.6729428172111511, 0.6729428172111511, 0.668061375617981, 0.6687586903572083, 0.6750348806381226, 0.6924686431884766, 0.6645746231079102, 0.6715481281280518, 0.6959553956985474, 0.6736401915550232, 0.6834030747413635, 0.6875871419906616, 0.698047399520874, 0.6910738945007324, 0.7050209045410156, 0.6987447738647461, 0.7022315263748169, 0.7029288411140442, 0.7050209045410156, 0.7043235898017883, 0.7147838473320007, 0.7126917839050293, 0.7161785364151001, 0.7147838473320007, 0.7182705998420715, 0.7245467305183411, 0.7210599780082703, 0.7350069880485535, 0.7259414196014404, 0.73221755027771, 0.7384937405586243, 0.7461645603179932, 0.73221755027771, 0.7391910552978516, 0.7370990514755249], "benchmark_1246": [653.0, 601.0, 558.0, 538.0, 553.0, 520.0, 523.0, 512.0, 510.0, 501.0, 503.0, 486.0, 499.0, 499.0, 500.0, 484.0, 485.0, 469.0, 469.0, 476.0, 475.0, 466.0, 441.0, 481.0, 471.0, 436.0, 468.0, 454.0, 448.0, 433.0, 443.0, 423.0, 432.0, 427.0, 426.0, 423.0, 424.0, 409.0, 412.0, 407.0, 409.0, 404.0, 395.0, 400.0, 380.0, 393.0, 384.0, 375.0, 364.0, 384.0, 374.0, 377.0], "TP": [426.0, 413.0, 431.0, 435.0, 414.0, 439.0, 436.0, 448.0, 436.0, 452.0, 459.0, 455.0, 447.0, 456.0, 444.0, 464.0, 455.0, 474.0, 476.0, 481.0, 457.0, 467.0, 490.0, 456.0, 467.0, 498.0, 488.0, 491.0, 481.0, 494.0, 486.0, 496.0, 496.0, 498.0, 493.0, 497.0, 498.0, 509.0, 508.0, 507.0, 516.0, 510.0, 508.0, 517.0, 527.0, 529.0, 529.0, 534.0, 526.0, 512.0, 532.0, 519.0], "TN": [355.0, 420.0, 445.0, 461.0, 467.0, 475.0, 475.0, 474.0, 488.0, 481.0, 472.0, 493.0, 488.0, 479.0, 490.0, 486.0, 494.0, 491.0, 489.0, 477.0, 502.0, 501.0, 503.0, 497.0, 496.0, 500.0, 478.0, 489.0, 505.0, 507.0, 505.0, 515.0, 506.0, 509.0, 515.0, 514.0, 512.0, 516.0, 514.0, 520.0, 509.0, 520.0, 531.0, 517.0, 527.0, 512.0, 521.0, 525.0, 544.0, 538.0, 528.0, 538.0], "FP": [362.0, 297.0, 272.0, 256.0, 250.0, 242.0, 242.0, 243.0, 229.0, 236.0, 245.0, 224.0, 229.0, 238.0, 227.0, 231.0, 223.0, 226.0, 228.0, 240.0, 215.0, 216.0, 214.0, 220.0, 221.0, 217.0, 239.0, 228.0, 212.0, 210.0, 212.0, 202.0, 211.0, 208.0, 202.0, 203.0, 205.0, 201.0, 203.0, 197.0, 208.0, 197.0, 186.0, 200.0, 190.0, 205.0, 196.0, 192.0, 173.0, 179.0, 189.0, 179.0], "FN": [291.0, 304.0, 286.0, 282.0, 303.0, 278.0, 281.0, 269.0, 281.0, 265.0, 258.0, 262.0, 270.0, 261.0, 273.0, 253.0, 262.0, 243.0, 241.0, 236.0, 260.0, 250.0, 227.0, 261.0, 250.0, 219.0, 229.0, 226.0, 236.0, 223.0, 231.0, 221.0, 221.0, 219.0, 224.0, 220.0, 219.0, 208.0, 209.0, 210.0, 201.0, 207.0, 209.0, 200.0, 190.0, 188.0, 188.0, 183.0, 191.0, 205.0, 185.0, 198.0], "Precision": [0.5406091213226318, 0.5816901326179504, 0.6130867600440979, 0.629522442817688, 0.6234939694404602, 0.6446402072906494, 0.6430678367614746, 0.6483357548713684, 0.655639111995697, 0.6569767594337463, 0.6519886255264282, 0.6701030731201172, 0.6612426042556763, 0.6570605039596558, 0.6616989374160767, 0.667625904083252, 0.6710914373397827, 0.677142858505249, 0.6761363744735718, 0.6671289801597595, 0.680059552192688, 0.683748185634613, 0.6960227489471436, 0.6745561957359314, 0.6787790656089783, 0.6965035200119019, 0.6712517142295837, 0.682892918586731, 0.6940836906433105, 0.7017045617103577, 0.6962750554084778, 0.7106017470359802, 0.7015558481216431, 0.7053824067115784, 0.7093524932861328, 0.7099999785423279, 0.7083926200866699, 0.716901421546936, 0.7144866585731506, 0.7201704382896423, 0.7127071619033813, 0.7213578224182129, 0.7319884896278381, 0.7210599780082703, 0.7350069880485535, 0.720708429813385, 0.7296551465988159, 0.7355371713638306, 0.7525035738945007, 0.740955114364624, 0.737864077091217, 0.7435529828071594], "Recall": [0.5941422581672668, 0.5760111808776855, 0.6011157631874084, 0.6066945791244507, 0.5774058699607849, 0.6122733354568481, 0.60808926820755, 0.624825656414032, 0.60808926820755, 0.6304044723510742, 0.6401673555374146, 0.6345885396003723, 0.6234309673309326, 0.6359832882881165, 0.6192468404769897, 0.6471408605575562, 0.6345885396003723, 0.6610878705978394, 0.6638772487640381, 0.6708507537841797, 0.6373779773712158, 0.651324987411499, 0.6834030747413635, 0.6359832882881165, 0.651324987411499, 0.6945606470108032, 0.6806136965751648, 0.6847977638244629, 0.6708507537841797, 0.6889818906784058, 0.6778242588043213, 0.6917712688446045, 0.6917712688446045, 0.6945606470108032, 0.6875871419906616, 0.6931659579277039, 0.6945606470108032, 0.7099023461341858, 0.7085076570510864, 0.7071129679679871, 0.7196652889251709, 0.7112970948219299, 0.7085076570510864, 0.7210599780082703, 0.7350069880485535, 0.7377963662147522, 0.7377963662147522, 0.7447698712348938, 0.7336122989654541, 0.7140864729881287, 0.7419804930686951, 0.723849356174469], "AUC": [0.5738909244537354, 0.6077955365180969, 0.6481669545173645, 0.6646718978881836, 0.6732549667358398, 0.6922244429588318, 0.6874947547912598, 0.6941074728965759, 0.6950148344039917, 0.7152136564254761, 0.7088636755943298, 0.7145756483078003, 0.7178990244865417, 0.7183814644813538, 0.7196973562240601, 0.7275258302688599, 0.7219780683517456, 0.731218695640564, 0.7334517240524292, 0.7446561455726624, 0.7410681843757629, 0.7412529587745667, 0.75487220287323, 0.7448856234550476, 0.7432370781898499, 0.7558292746543884, 0.750116229057312, 0.7614139318466187, 0.7633911967277527, 0.773139476776123, 0.7658878564834595, 0.7854534983634949, 0.7712147235870361, 0.7746937274932861, 0.7785802483558655, 0.7808160781860352, 0.7843175530433655, 0.7818958163261414, 0.7958865165710449, 0.8023280501365662, 0.7971557378768921, 0.8026372790336609, 0.8098151087760925, 0.802323043346405, 0.8109957575798035, 0.7989277839660645, 0.8125120401382446, 0.8144183158874512, 0.8172719478607178, 0.8226445317268372, 0.8196022510528564, 0.821528971195221],