{"loss": [0.0865684524178505, 0.08653775602579117, 0.08659414947032928, 0.08655781298875809, 0.08660037070512772, 0.08664694428443909, 0.086613729596138, 0.0865715891122818, 0.08658481389284134, 0.08657892048358917, 0.0865594819188118, 0.08663056045770645, 0.0865556001663208, 0.08662654459476471, 0.08655986189842224, 0.08661112934350967, 0.08655186742544174, 0.08656229823827744, 0.08658760786056519, 0.08660710602998734, 0.08654367178678513, 0.0865529403090477], "accuracy": [0.4972105920314789, 0.49790793657302856, 0.5034867525100708, 0.5006973743438721, 0.5, 0.4867503345012665, 0.509065568447113, 0.5146443247795105, 0.49860531091690063, 0.509065568447113, 0.5111575722694397, 0.48814505338668823, 0.5230125784873962, 0.4902370870113373, 0.4923291504383087, 0.49442121386528015, 0.5, 0.5055788159370422, 0.5055788159370422, 0.48744770884513855, 0.5306833982467651, 0.5076708793640137], "benchmark_1140": [721.0, 720.0, 712.0, 716.0, 717.0, 736.0, 704.0, 696.0, 719.0, 704.0, 701.0, 734.0, 684.0, 731.0, 728.0, 725.0, 717.0, 709.0, 709.0, 735.0, 673.0, 706.0], "TP": [597.0, 587.0, 591.0, 595.0, 586.0, 585.0, 589.0, 600.0, 592.0, 594.0, 593.0, 580.0, 588.0, 580.0, 577.0, 571.0, 590.0, 590.0, 587.0, 577.0, 606.0, 573.0], "TN": [116.0, 127.0, 131.0, 123.0, 131.0, 113.0, 141.0, 138.0, 123.0, 136.0, 140.0, 120.0, 162.0, 123.0, 129.0, 138.0, 127.0, 135.0, 138.0, 122.0, 155.0, 155.0], "FP": [601.0, 590.0, 586.0, 594.0, 586.0, 604.0, 576.0, 579.0, 594.0, 581.0, 577.0, 597.0, 555.0, 594.0, 588.0, 579.0, 590.0, 582.0, 579.0, 595.0, 562.0, 562.0], "FN": [120.0, 130.0, 126.0, 122.0, 131.0, 132.0, 128.0, 117.0, 125.0, 123.0, 124.0, 137.0, 129.0, 137.0, 140.0, 146.0, 127.0, 127.0, 130.0, 140.0, 111.0, 144.0], "Precision": [0.49833056330680847, 0.498725563287735, 0.5021240711212158, 0.5004205107688904, 0.5, 0.49201008677482605, 0.50557941198349, 0.508905827999115, 0.4991568326950073, 0.505531907081604, 0.5068376064300537, 0.4927782416343689, 0.5144357085227966, 0.4940374791622162, 0.4952789843082428, 0.4965217411518097, 0.5, 0.5034129619598389, 0.5034305453300476, 0.49232080578804016, 0.5188356041908264, 0.5048457980155945], "Recall": [0.8326359987258911, 0.8186889886856079, 0.8242678046226501, 0.8298465609550476, 0.8172942996025085, 0.8158996105194092, 0.8214783668518066, 0.8368200659751892, 0.8256624937057495, 0.8284518718719482, 0.8270571827888489, 0.8089261054992676, 0.8200836777687073, 0.8089261054992676, 0.8047419786453247, 0.7963737845420837, 0.822873055934906, 0.822873055934906, 0.8186889886856079, 0.8047419786453247, 0.8451882600784302, 0.7991631627082825], "AUC": [0.5250267386436462, 0.5384982228279114, 0.5091647505760193, 0.5273007154464722, 0.5199857950210571, 0.5047170519828796, 0.5103765726089478, 0.5187068581581116, 0.5138302445411682, 0.5037415623664856, 0.510558545589447, 0.5005524158477783, 0.5199021697044373, 0.5129355192184448, 0.5165876150131226, 0.5178539156913757, 0.5275817513465881, 0.5284056067466736, 0.5158211588859558, 0.5114290118217468, 0.5219728350639343, 0.5243567228317261], "val_loss": [0.08650609105825424, 0.08650147914886475, 0.08647648990154266, 0.08646324276924133, 0.08645930886268616, 0.08645808696746826, 0.086457759141922, 0.08645855635404587, 0.08645904809236526, 0.08645904809236526, 0.08645927160978317, 0.0864587277173996, 0.08645917475223541, 0.08645958453416824, 0.086460642516613, 0.08646006137132645, 0.08646003156900406, 0.08646058291196823, 0.08646088093519211, 0.0864606723189354, 0.08646099269390106, 0.0864616334438324], "val_accuracy": [0.6218181848526001, 0.6290909051895142, 0.610909104347229, 0.6036363840103149, 0.6000000238418579, 0.6000000238418579, 0.6000000238418579, 0.6000000238418579, 0.6000000238418579, 0.6000000238418579, 0.6000000238418579, 0.6000000238418579, 0.6036363840103149, 0.6000000238418579, 0.6036363840103149, 0.607272744178772, 0.6036363840103149, 0.6036363840103149, 0.6036363840103149, 0.6036363840103149, 0.6036363840103149, 0.607272744178772], "val_benchmark_1140": [104.0, 102.0, 107.0, 109.0, 110.0, 110.0, 110.0, 110.0, 110.0, 110.0, 110.0, 110.0, 109.0, 110.0, 109.0, 108.0, 109.0, 109.0, 109.0, 109.0, 109.0, 108.0], "val_TP": [171.0, 165.0, 153.0, 150.0, 149.0, 149.0, 149.0, 149.0, 149.0, 149.0, 149.0, 148.0, 149.0, 149.0, 149.0, 149.0, 149.0, 149.0, 149.0, 149.0, 149.0, 148.0], "val_TN": [0.0, 8.0, 15.0, 16.0, 16.0, 16.0, 16.0, 16.0, 16.0, 16.0, 16.0, 17.0, 17.0, 16.0, 17.0, 18.0, 17.0, 17.0, 17.0, 17.0, 17.0, 19.0], "val_FP": [104.0, 96.0, 89.0, 88.0, 88.0, 88.0, 88.0, 88.0, 88.0, 88.0, 88.0, 87.0, 87.0, 88.0, 87.0, 86.0, 87.0, 87.0, 87.0, 87.0, 87.0, 85.0], "val_FN": [0.0, 6.0, 18.0, 21.0, 22.0, 22.0, 22.0, 22.0, 22.0, 22.0, 22.0, 23.0, 22.0, 22.0, 22.0, 22.0, 22.0, 22.0, 22.0, 22.0, 22.0, 23.0], "val_Precision": [0.6218181848526001, 0.6321839094161987, 0.6322314143180847, 0.6302521228790283, 0.6286919713020325, 0.6286919713020325, 0.6286919713020325, 0.6286919713020325, 0.6286919713020325, 0.6286919713020325, 0.6286919713020325, 0.6297872066497803, 0.6313559412956238, 0.6286919713020325, 0.6313559412956238, 0.6340425610542297, 0.6313559412956238, 0.6313559412956238, 0.6313559412956238, 0.6313559412956238, 0.6313559412956238, 0.6351931095123291], "val_Recall": [1.0, 0.9649122953414917, 0.8947368264198303, 0.8771929740905762, 0.871345043182373, 0.871345043182373, 0.871345043182373, 0.871345043182373, 0.871345043182373, 0.871345043182373, 0.871345043182373, 0.8654970526695251, 0.871345043182373, 0.871345043182373, 0.871345043182373, 0.871345043182373, 0.871345043182373, 0.871345043182373, 0.871345043182373, 0.871345043182373, 0.871345043182373, 0.8654970526695251], "val_AUC": [0.5, 0.5058479309082031, 0.5068882703781128, 0.5089687705039978, 0.5089687705039978, 0.5089687705039978, 0.5089687705039978, 0.5089687705039978, 0.5089687705039978, 0.5089687705039978, 0.5089687705039978, 0.5089687705039978, 0.5089687705039978, 0.5089687705039978, 0.5089687705039978, 0.5089687705039978, 0.5089687705039978, 0.5089687705039978, 0.5089687705039978, 0.5089687705039978, 0.5089687705039978, 0.5089687705039978]}