{"loss": [0.17242646217346191, 0.17063072323799133, 0.16656450927257538, 0.16340050101280212, 0.16291940212249756, 0.16223733127117157, 0.16057130694389343, 0.15965652465820312, 0.15715856850147247, 0.15774010121822357, 0.15616632997989655, 0.15874531865119934, 0.15639401972293854, 0.15429480373859406, 0.15641352534294128, 0.15338274836540222, 0.15337757766246796, 0.15508684515953064, 0.15524402260780334, 0.154245987534523, 0.15206769108772278, 0.15476319193840027, 0.15123482048511505, 0.15183106064796448, 0.1514987051486969, 0.15014031529426575, 0.15448671579360962, 0.1507398784160614, 0.15214474499225616, 0.15142831206321716, 0.15114189684391022, 0.14839090406894684, 0.14709708094596863, 0.14970168471336365, 0.1494675576686859, 0.14906619489192963, 0.14564771950244904, 0.14677773416042328, 0.14909759163856506, 0.1484280228614807, 0.14752504229545593, 0.14800231158733368, 0.1460067182779312, 0.14494416117668152, 0.14664264023303986, 0.14874109625816345, 0.14414119720458984, 0.14692673087120056, 0.14671695232391357, 0.14584121108055115, 0.1470687985420227, 0.14842109382152557, 0.1455443799495697, 0.14347052574157715, 0.14242582023143768, 0.142903134226799, 0.144691601395607, 0.1440557837486267, 0.14299888908863068, 0.14060765504837036, 0.1415891945362091, 0.1456497758626938, 0.14042158424854279, 0.1386856585741043, 0.14106732606887817], "accuracy": [0.5334727764129639, 0.5746164321899414, 0.5920501947402954, 0.6108786463737488, 0.6220362782478333, 0.624825656414032, 0.616457462310791, 0.633891224861145, 0.6492329239845276, 0.6401673555374146, 0.6401673555374146, 0.633891224861145, 0.6380752921104431, 0.6499302387237549, 0.6569037437438965, 0.6582984924316406, 0.6576011180877686, 0.6582984924316406, 0.6366806030273438, 0.642259418964386, 0.6687586903572083, 0.6401673555374146, 0.65969318151474, 0.6729428172111511, 0.6527196764945984, 0.668061375617981, 0.6499302387237549, 0.6617852449417114, 0.6617852449417114, 0.672245442867279, 0.6834030747413635, 0.6799163222312927, 0.6820083856582642, 0.6673640012741089, 0.6687586903572083, 0.6792189478874207, 0.6792189478874207, 0.6889818906784058, 0.6687586903572083, 0.6813110113143921, 0.6827057003974915, 0.6820083856582642, 0.6841003894805908, 0.6841003894805908, 0.7008368372917175, 0.6652719378471375, 0.6924686431884766, 0.6882845163345337, 0.6778242588043213, 0.6785216331481934, 0.6966527104377747, 0.6875871419906616, 0.6834030747413635, 0.6841003894805908, 0.7029288411140442, 0.6973500847816467, 0.6799163222312927, 0.6903765797615051, 0.6875871419906616, 0.6994421482086182, 0.6889818906784058, 0.6841003894805908, 0.7015341520309448, 0.7071129679679871, 0.7057182788848877], "benchmark_1440": [669.0, 610.0, 585.0, 558.0, 542.0, 538.0, 550.0, 525.0, 503.0, 516.0, 516.0, 525.0, 519.0, 502.0, 492.0, 490.0, 491.0, 490.0, 521.0, 513.0, 475.0, 516.0, 488.0, 469.0, 498.0, 476.0, 502.0, 485.0, 485.0, 470.0, 454.0, 459.0, 456.0, 477.0, 475.0, 460.0, 460.0, 446.0, 475.0, 457.0, 455.0, 456.0, 453.0, 453.0, 429.0, 480.0, 441.0, 447.0, 462.0, 461.0, 435.0, 448.0, 454.0, 453.0, 426.0, 434.0, 459.0, 444.0, 448.0, 431.0, 446.0, 453.0, 428.0, 420.0, 422.0], "TP": [357.0, 406.0, 414.0, 430.0, 447.0, 442.0, 426.0, 456.0, 455.0, 449.0, 464.0, 448.0, 466.0, 453.0, 473.0, 466.0, 459.0, 471.0, 463.0, 454.0, 491.0, 453.0, 467.0, 493.0, 478.0, 486.0, 460.0, 477.0, 479.0, 483.0, 482.0, 495.0, 491.0, 472.0, 490.0, 480.0, 496.0, 485.0, 475.0, 484.0, 485.0, 484.0, 485.0, 498.0, 495.0, 478.0, 494.0, 480.0, 485.0, 472.0, 506.0, 498.0, 497.0, 488.0, 488.0, 496.0, 485.0, 487.0, 491.0, 493.0, 482.0, 479.0, 489.0, 496.0, 494.0], "TN": [408.0, 418.0, 435.0, 446.0, 445.0, 454.0, 458.0, 453.0, 476.0, 469.0, 454.0, 461.0, 449.0, 479.0, 469.0, 478.0, 484.0, 473.0, 450.0, 467.0, 468.0, 465.0, 479.0, 472.0, 458.0, 472.0, 472.0, 472.0, 470.0, 481.0, 498.0, 480.0, 487.0, 485.0, 469.0, 494.0, 478.0, 503.0, 484.0, 493.0, 494.0, 494.0, 496.0, 483.0, 510.0, 476.0, 499.0, 507.0, 487.0, 501.0, 493.0, 488.0, 483.0, 493.0, 520.0, 504.0, 490.0, 503.0, 495.0, 510.0, 506.0, 502.0, 517.0, 518.0, 518.0], "FP": [309.0, 299.0, 282.0, 271.0, 272.0, 263.0, 259.0, 264.0, 241.0, 248.0, 263.0, 256.0, 268.0, 238.0, 248.0, 239.0, 233.0, 244.0, 267.0, 250.0, 249.0, 252.0, 238.0, 245.0, 259.0, 245.0, 245.0, 245.0, 247.0, 236.0, 219.0, 237.0, 230.0, 232.0, 248.0, 223.0, 239.0, 214.0, 233.0, 224.0, 223.0, 223.0, 221.0, 234.0, 207.0, 241.0, 218.0, 210.0, 230.0, 216.0, 224.0, 229.0, 234.0, 224.0, 197.0, 213.0, 227.0, 214.0, 222.0, 207.0, 211.0, 215.0, 200.0, 199.0, 199.0], "FN": [360.0, 311.0, 303.0, 287.0, 270.0, 275.0, 291.0, 261.0, 262.0, 268.0, 253.0, 269.0, 251.0, 264.0, 244.0, 251.0, 258.0, 246.0, 254.0, 263.0, 226.0, 264.0, 250.0, 224.0, 239.0, 231.0, 257.0, 240.0, 238.0, 234.0, 235.0, 222.0, 226.0, 245.0, 227.0, 237.0, 221.0, 232.0, 242.0, 233.0, 232.0, 233.0, 232.0, 219.0, 222.0, 239.0, 223.0, 237.0, 232.0, 245.0, 211.0, 219.0, 220.0, 229.0, 229.0, 221.0, 232.0, 230.0, 226.0, 224.0, 235.0, 238.0, 228.0, 221.0, 223.0], "Precision": [0.5360360145568848, 0.5758865475654602, 0.5948275923728943, 0.6134093999862671, 0.6216968297958374, 0.6269503831863403, 0.62189781665802, 0.6333333253860474, 0.6537356376647949, 0.6441893577575684, 0.638239324092865, 0.6363636255264282, 0.6348773837089539, 0.6555716395378113, 0.6560332775115967, 0.6609929203987122, 0.663294792175293, 0.6587412357330322, 0.6342465877532959, 0.6448863744735718, 0.6635135412216187, 0.6425532102584839, 0.6624113321304321, 0.6680216789245605, 0.6485753059387207, 0.6648426651954651, 0.652482271194458, 0.6606647968292236, 0.6597796082496643, 0.6717663407325745, 0.687589168548584, 0.6762295365333557, 0.6809986233711243, 0.6704545617103577, 0.6639566421508789, 0.682788074016571, 0.6748299598693848, 0.6938483715057373, 0.6709039807319641, 0.6836158037185669, 0.6850282549858093, 0.6845827698707581, 0.6869688630104065, 0.6803278923034668, 0.7051281929016113, 0.6648122668266296, 0.6938202381134033, 0.695652186870575, 0.6783216595649719, 0.6860465407371521, 0.6931506991386414, 0.685006856918335, 0.6798905730247498, 0.6853932738304138, 0.7124087810516357, 0.6995768547058105, 0.6811797618865967, 0.6947218179702759, 0.6886395215988159, 0.704285740852356, 0.6955267190933228, 0.6902016997337341, 0.7097242474555969, 0.7136690616607666, 0.7128427028656006], "Recall": [0.49790793657302856, 0.5662482380867004, 0.5774058699607849, 0.5997210741043091, 0.6234309673309326, 0.616457462310791, 0.5941422581672668, 0.6359832882881165, 0.6345885396003723, 0.6262203454971313, 0.6471408605575562, 0.624825656414032, 0.6499302387237549, 0.6317991614341736, 0.65969318151474, 0.6499302387237549, 0.6401673555374146, 0.6569037437438965, 0.6457461714744568, 0.633193850517273, 0.6847977638244629, 0.6317991614341736, 0.651324987411499, 0.6875871419906616, 0.6666666865348816, 0.6778242588043213, 0.6415620446205139, 0.6652719378471375, 0.668061375617981, 0.6736401915550232, 0.672245442867279, 0.6903765797615051, 0.6847977638244629, 0.6582984924316406, 0.6834030747413635, 0.6694560647010803, 0.6917712688446045, 0.6764295697212219, 0.6624825596809387, 0.6750348806381226, 0.6764295697212219, 0.6750348806381226, 0.6764295697212219, 0.6945606470108032, 0.6903765797615051, 0.6666666865348816, 0.6889818906784058, 0.6694560647010803, 0.6764295697212219, 0.6582984924316406, 0.7057182788848877, 0.6945606470108032, 0.6931659579277039, 0.6806136965751648, 0.6806136965751648, 0.6917712688446045, 0.6764295697212219, 0.6792189478874207, 0.6847977638244629, 0.6875871419906616, 0.672245442867279, 0.668061375617981, 0.6820083856582642, 0.6917712688446045, 0.6889818906784058],