{"loss": [0.051202595233917236, 0.04441673681139946, 0.04384772479534149, 0.04307619854807854, 0.04198985546827316, 0.04145100712776184, 0.04083617776632309, 0.04090569168329239, 0.040368739515542984, 0.040126632899045944, 0.04013046249747276, 0.040534671396017075, 0.039489153772592545, 0.03948284685611725, 0.03899073228240013, 0.03921184688806534, 0.03931373730301857, 0.03884022310376167, 0.038552023470401764, 0.03857987001538277, 0.03857503458857536, 0.03818535432219505, 0.03811028227210045, 0.03845026344060898, 0.03815045952796936, 0.03788675367832184, 0.037756480276584625, 0.038113612681627274, 0.03699669614434242, 0.037362609058618546, 0.037315987050533295, 0.036908186972141266, 0.03670705482363701, 0.03693472221493721, 0.03640996664762497, 0.03640338405966759, 0.03676079958677292, 0.03575986996293068, 0.03623341768980026, 0.036318011581897736, 0.036145564168691635, 0.03609084710478783, 0.035083308815956116, 0.035013895481824875, 0.034853991121053696, 0.0354752354323864, 0.03528592362999916, 0.03437893092632294, 0.03485671058297157, 0.03401058539748192, 0.034510158002376556, 0.035083528608083725, 0.03384411707520485, 0.03462063893675804, 0.03374408185482025, 0.03368791192770004, 0.03352852910757065, 0.03345741331577301, 0.03284940868616104, 0.032980963587760925, 0.033279139548540115, 0.033677972853183746, 0.03304114192724228], "accuracy": [0.5202231407165527, 0.534867525100708, 0.5474197864532471, 0.5781031847000122, 0.6046025156974792, 0.616457462310791, 0.6199442148208618, 0.6429567933082581, 0.6380752921104431, 0.6401673555374146, 0.633891224861145, 0.6562064290046692, 0.6443514823913574, 0.651324987411499, 0.6610878705978394, 0.6652719378471375, 0.6555090546607971, 0.6617852449417114, 0.6610878705978394, 0.6548117399215698, 0.6764295697212219, 0.6715481281280518, 0.6757321953773499, 0.6701534390449524, 0.6708507537841797, 0.6750348806381226, 0.6736401915550232, 0.6806136965751648, 0.6875871419906616, 0.6917712688446045, 0.685495138168335, 0.6987447738647461, 0.6868898272514343, 0.6847977638244629, 0.6931659579277039, 0.6924686431884766, 0.6903765797615051, 0.7001394629478455, 0.7071129679679871, 0.6987447738647461, 0.6813110113143921, 0.6973500847816467, 0.715481162071228, 0.7182705998420715, 0.73221755027771, 0.7105997204780579, 0.7036262154579163, 0.7294281721115112, 0.7092050313949585, 0.7092050313949585, 0.7266387939453125, 0.7057182788848877, 0.7294281721115112, 0.7287307977676392, 0.7301255464553833, 0.7315202355384827, 0.7405857443809509, 0.7357043027877808, 0.7370990514755249, 0.732914924621582, 0.7482566237449646, 0.7391910552978516, 0.7461645603179932], "benchmark_1536": [688.0, 667.0, 649.0, 605.0, 567.0, 550.0, 545.0, 512.0, 519.0, 516.0, 525.0, 493.0, 510.0, 500.0, 486.0, 480.0, 494.0, 485.0, 486.0, 495.0, 464.0, 471.0, 465.0, 473.0, 472.0, 466.0, 468.0, 458.0, 448.0, 442.0, 451.0, 432.0, 449.0, 452.0, 440.0, 441.0, 444.0, 430.0, 420.0, 432.0, 457.0, 434.0, 408.0, 404.0, 384.0, 415.0, 425.0, 388.0, 417.0, 417.0, 392.0, 422.0, 388.0, 389.0, 387.0, 385.0, 372.0, 379.0, 377.0, 383.0, 361.0, 374.0, 364.0], "TP": [377.0, 363.0, 400.0, 387.0, 441.0, 429.0, 429.0, 470.0, 482.0, 457.0, 458.0, 475.0, 472.0, 475.0, 471.0, 482.0, 485.0, 477.0, 469.0, 470.0, 500.0, 483.0, 496.0, 486.0, 490.0, 488.0, 485.0, 495.0, 482.0, 496.0, 494.0, 505.0, 485.0, 504.0, 482.0, 506.0, 500.0, 510.0, 510.0, 515.0, 491.0, 498.0, 520.0, 512.0, 527.0, 513.0, 499.0, 527.0, 514.0, 518.0, 510.0, 510.0, 522.0, 522.0, 530.0, 521.0, 536.0, 526.0, 534.0, 525.0, 531.0, 532.0, 549.0], "TN": [369.0, 404.0, 385.0, 442.0, 426.0, 455.0, 460.0, 452.0, 433.0, 461.0, 451.0, 466.0, 452.0, 459.0, 477.0, 472.0, 455.0, 472.0, 479.0, 469.0, 470.0, 480.0, 473.0, 475.0, 472.0, 480.0, 481.0, 481.0, 504.0, 496.0, 489.0, 497.0, 500.0, 478.0, 512.0, 487.0, 490.0, 494.0, 504.0, 487.0, 486.0, 502.0, 506.0, 518.0, 523.0, 506.0, 510.0, 519.0, 503.0, 499.0, 532.0, 502.0, 524.0, 523.0, 517.0, 528.0, 526.0, 529.0, 523.0, 526.0, 542.0, 528.0, 521.0], "FP": [348.0, 313.0, 332.0, 275.0, 291.0, 262.0, 257.0, 265.0, 284.0, 256.0, 266.0, 251.0, 265.0, 258.0, 240.0, 245.0, 262.0, 245.0, 238.0, 248.0, 247.0, 237.0, 244.0, 242.0, 245.0, 237.0, 236.0, 236.0, 213.0, 221.0, 228.0, 220.0, 217.0, 239.0, 205.0, 230.0, 227.0, 223.0, 213.0, 230.0, 231.0, 215.0, 211.0, 199.0, 194.0, 211.0, 207.0, 198.0, 214.0, 218.0, 185.0, 215.0, 193.0, 194.0, 200.0, 189.0, 191.0, 188.0, 194.0, 191.0, 175.0, 189.0, 196.0], "FN": [340.0, 354.0, 317.0, 330.0, 276.0, 288.0, 288.0, 247.0, 235.0, 260.0, 259.0, 242.0, 245.0, 242.0, 246.0, 235.0, 232.0, 240.0, 248.0, 247.0, 217.0, 234.0, 221.0, 231.0, 227.0, 229.0, 232.0, 222.0, 235.0, 221.0, 223.0, 212.0, 232.0, 213.0, 235.0, 211.0, 217.0, 207.0, 207.0, 202.0, 226.0, 219.0, 197.0, 205.0, 190.0, 204.0, 218.0, 190.0, 203.0, 199.0, 207.0, 207.0, 195.0, 195.0, 187.0, 196.0, 181.0, 191.0, 183.0, 192.0, 186.0, 185.0, 168.0], "Precision": [0.5199999809265137, 0.5369822382926941, 0.5464481115341187, 0.5845921635627747, 0.6024590134620667, 0.6208393573760986, 0.6253644227981567, 0.6394557952880859, 0.6292428374290466, 0.6409537196159363, 0.6325966715812683, 0.6542699933052063, 0.640434205532074, 0.6480218172073364, 0.6624472737312317, 0.662998616695404, 0.6492637395858765, 0.6606647968292236, 0.6633663177490234, 0.6545960903167725, 0.6693440675735474, 0.6708333492279053, 0.6702702641487122, 0.6675823926925659, 0.6666666865348816, 0.6731034517288208, 0.6726768612861633, 0.6771546006202698, 0.6935251951217651, 0.6917712688446045, 0.6842105388641357, 0.6965517401695251, 0.690883219242096, 0.6783310770988464, 0.7016011476516724, 0.6875, 0.6877579092979431, 0.695770800113678, 0.7053942084312439, 0.6912751793861389, 0.6800553798675537, 0.6984572410583496, 0.7113543152809143, 0.7201125025749207, 0.7309292554855347, 0.708563506603241, 0.7067988514900208, 0.7268965244293213, 0.7060439586639404, 0.7038043737411499, 0.7338129281997681, 0.7034482955932617, 0.7300699353218079, 0.7290502786636353, 0.7260273694992065, 0.7338027954101562, 0.7372764945030212, 0.7366946935653687, 0.7335164546966553, 0.7332402467727661, 0.7521246671676636, 0.737864077091217, 0.736912727355957], "Recall": [0.525801956653595, 0.5062761306762695, 0.5578800439834595, 0.5397489666938782, 0.6150627732276917, 0.5983263850212097, 0.5983263850212097, 0.6555090546607971, 0.672245442867279, 0.6373779773712158, 0.6387726664543152, 0.6624825596809387, 0.6582984924316406, 0.6624825596809387, 0.6569037437438965, 0.672245442867279, 0.6764295697212219, 0.6652719378471375, 0.6541143655776978, 0.6555090546607971, 0.6973500847816467, 0.6736401915550232, 0.6917712688446045, 0.6778242588043213, 0.6834030747413635, 0.6806136965751648, 0.6764295697212219, 0.6903765797615051, 0.672245442867279, 0.6917712688446045, 0.6889818906784058, 0.7043235898017883, 0.6764295697212219, 0.7029288411140442, 0.672245442867279, 0.7057182788848877, 0.6973500847816467, 0.7112970948219299, 0.7112970948219299, 0.7182705998420715, 0.6847977638244629, 0.6945606470108032, 0.7252440452575684, 0.7140864729881287, 0.7350069880485535, 0.715481162071228, 0.6959553956985474, 0.7350069880485535, 0.7168758511543274, 0.7224546670913696, 0.7112970948219299, 0.7112970948219299, 0.7280334830284119, 0.7280334830284119, 0.7391910552978516, 0.7266387939453125, 0.7475592494010925, 0.7336122989654541, 0.7447698712348938, 0.73221755027771, 0.7405857443809509, 0.7419804930686951, 0.7656903862953186],