{"loss": [0.04420648515224457, 0.044170793145895004, 0.04416933283209801, 0.04412834718823433, 0.04413339123129845, 0.04410112649202347, 0.044076934456825256, 0.044043414294719696, 0.04406066983938217, 0.04401782527565956, 0.04400195553898811, 0.04400945082306862, 0.04400011897087097, 0.04397013038396835, 0.04395679011940956, 0.04392395541071892, 0.04391581192612648, 0.04390769079327583, 0.04388096183538437, 0.04389497637748718, 0.043870240449905396], "accuracy": [0.5, 0.4993026554584503, 0.4993026554584503, 0.5, 0.4993026554584503, 0.49860531091690063, 0.4993026554584503, 0.49790793657302856, 0.4993026554584503, 0.5, 0.4993026554584503, 0.49860531091690063, 0.4993026554584503, 0.49860531091690063, 0.4972105920314789, 0.49860531091690063, 0.4972105920314789, 0.4972105920314789, 0.4958159029483795, 0.4993026554584503, 0.4958159029483795], "benchmark_471": [717.0, 718.0, 718.0, 717.0, 718.0, 719.0, 718.0, 720.0, 718.0, 717.0, 718.0, 719.0, 718.0, 719.0, 721.0, 719.0, 721.0, 721.0, 723.0, 718.0, 723.0], "TP": [0.0, 0.0, 0.0, 1.0, 1.0, 0.0, 0.0, 1.0, 2.0, 2.0, 2.0, 2.0, 3.0, 2.0, 3.0, 3.0, 3.0, 4.0, 4.0, 7.0, 6.0], "TN": [717.0, 716.0, 716.0, 716.0, 715.0, 715.0, 716.0, 713.0, 714.0, 715.0, 714.0, 713.0, 713.0, 713.0, 710.0, 712.0, 710.0, 709.0, 707.0, 709.0, 705.0], "FP": [0.0, 1.0, 1.0, 1.0, 2.0, 2.0, 1.0, 4.0, 3.0, 2.0, 3.0, 4.0, 4.0, 4.0, 7.0, 5.0, 7.0, 8.0, 10.0, 8.0, 12.0], "FN": [717.0, 717.0, 717.0, 716.0, 716.0, 717.0, 717.0, 716.0, 715.0, 715.0, 715.0, 715.0, 714.0, 715.0, 714.0, 714.0, 714.0, 713.0, 713.0, 710.0, 711.0], "Precision": [0.0, 0.0, 0.0, 0.5, 0.3333333432674408, 0.0, 0.0, 0.20000000298023224, 0.4000000059604645, 0.5, 0.4000000059604645, 0.3333333432674408, 0.4285714328289032, 0.3333333432674408, 0.30000001192092896, 0.375, 0.30000001192092896, 0.3333333432674408, 0.2857142984867096, 0.46666666865348816, 0.3333333432674408], "Recall": [0.0, 0.0, 0.0, 0.0013947001425549388, 0.0013947001425549388, 0.0, 0.0, 0.0013947001425549388, 0.0027894002851098776, 0.0027894002851098776, 0.0027894002851098776, 0.0027894002851098776, 0.0041841003112494946, 0.0027894002851098776, 0.0041841003112494946, 0.0041841003112494946, 0.0041841003112494946, 0.005578800570219755, 0.005578800570219755, 0.00976290088146925, 0.008368200622498989], "AUC": [0.49897778034210205, 0.5002567768096924, 0.5007907152175903, 0.50626540184021, 0.5049174427986145, 0.5038369297981262, 0.501623272895813, 0.5114309191703796, 0.4980936646461487, 0.505711019039154, 0.5067439675331116, 0.49312567710876465, 0.5041053295135498, 0.507575511932373, 0.5023225545883179, 0.503341794013977, 0.5062868595123291, 0.5071719288825989, 0.5101022720336914, 0.5047199726104736, 0.5097084045410156], "val_loss": [0.042985860258340836, 0.043129969388246536, 0.043327391147613525, 0.04365089163184166, 0.04403266683220863, 0.04445356875658035, 0.044934093952178955, 0.045485302805900574, 0.046040911227464676, 0.04657178744673729, 0.04708309471607208, 0.04756820574402809, 0.04802241921424866, 0.04845215752720833, 0.04885471612215042, 0.04921523481607437, 0.04952932521700859, 0.049791403114795685, 0.049998365342617035, 0.05014443024992943, 0.05022839456796646], "val_accuracy": [0.6218181848526001, 0.6218181848526001, 0.37454545497894287, 0.3781818151473999, 0.3781818151473999, 0.3781818151473999, 0.3781818151473999, 0.3781818151473999, 0.3781818151473999, 0.3781818151473999, 0.3781818151473999, 0.3781818151473999, 0.3781818151473999, 0.3781818151473999, 0.3781818151473999, 0.3781818151473999, 0.3781818151473999, 0.3781818151473999, 0.3781818151473999, 0.3781818151473999, 0.3781818151473999], "val_benchmark_471": [104.0, 104.0, 172.0, 171.0, 171.0, 171.0, 171.0, 171.0, 171.0, 171.0, 171.0, 171.0, 171.0, 171.0, 171.0, 171.0, 171.0, 171.0, 171.0, 171.0, 171.0], "val_TP": [171.0, 171.0, 9.0, 0.0, 0.0, 0.0, 0.0, 0.0, 0.0, 0.0, 0.0, 0.0, 0.0, 0.0, 0.0, 0.0, 0.0, 0.0, 0.0, 0.0, 0.0], "val_TN": [0.0, 0.0, 94.0, 104.0, 104.0, 104.0, 104.0, 104.0, 104.0, 104.0, 104.0, 104.0, 104.0, 104.0, 104.0, 104.0, 104.0, 104.0, 104.0, 104.0, 104.0], "val_FP": [104.0, 104.0, 10.0, 0.0, 0.0, 0.0, 0.0, 0.0, 0.0, 0.0, 0.0, 0.0, 0.0, 0.0, 0.0, 0.0, 0.0, 0.0, 0.0, 0.0, 0.0], "val_FN": [0.0, 0.0, 162.0, 171.0, 171.0, 171.0, 171.0, 171.0, 171.0, 171.0, 171.0, 171.0, 171.0, 171.0, 171.0, 171.0, 171.0, 171.0, 171.0, 171.0, 171.0], "val_Precision": [0.6218181848526001, 0.6218181848526001, 0.4736842215061188, 0.0, 0.0, 0.0, 0.0, 0.0, 0.0, 0.0, 0.0, 0.0, 0.0, 0.0, 0.0, 0.0, 0.0, 0.0, 0.0, 0.0, 0.0], "val_Recall": [1.0, 1.0, 0.05263157933950424, 0.0, 0.0, 0.0, 0.0, 0.0, 0.0, 0.0, 0.0, 0.0, 0.0, 0.0, 0.0, 0.0, 0.0, 0.0, 0.0, 0.0, 0.0], "val_AUC": [0.5, 0.5, 0.5, 0.5, 0.5, 0.5, 0.5, 0.5, 0.4966261684894562, 0.5, 0.5053980946540833, 0.5, 0.4941520392894745, 0.5, 0.5, 0.5255285501480103, 0.5492015480995178, 0.5041610598564148, 0.4933648109436035, 0.5064102411270142, 0.5430161952972412]}