{"loss": [0.7912448644638062, 0.751392126083374, 0.7740039825439453, 0.7565114498138428, 0.7419998049736023, 0.7538160085678101, 0.7671422958374023, 0.751422107219696, 0.7692223191261292, 0.7664435505867004, 0.7596560716629028, 0.7570884227752686, 0.7602512836456299, 0.764790415763855, 0.7388284206390381, 0.762620747089386, 0.7704014182090759, 0.7503253221511841, 0.7613928914070129, 0.7350335121154785, 0.7576127052307129], "accuracy": [0.4930264949798584, 0.5181310772895813, 0.508368194103241, 0.5118549466133118, 0.5153416991233826, 0.4993026554584503, 0.4853556454181671, 0.49790793657302856, 0.49442121386528015, 0.49511855840682983, 0.4937238395214081, 0.49163180589675903, 0.5, 0.48396095633506775, 0.5048814415931702, 0.4972105920314789, 0.4818688929080963, 0.49511855840682983, 0.4930264949798584, 0.5076708793640137, 0.49790793657302856], "benchmark_237": [727.0, 691.0, 705.0, 700.0, 695.0, 718.0, 738.0, 720.0, 725.0, 724.0, 726.0, 729.0, 717.0, 740.0, 710.0, 721.0, 743.0, 724.0, 727.0, 706.0, 720.0], "TP": [494.0, 423.0, 385.0, 380.0, 377.0, 368.0, 335.0, 385.0, 332.0, 352.0, 340.0, 351.0, 365.0, 345.0, 362.0, 356.0, 357.0, 361.0, 366.0, 355.0, 345.0], "TN": [213.0, 320.0, 344.0, 354.0, 362.0, 348.0, 361.0, 329.0, 377.0, 358.0, 368.0, 354.0, 352.0, 349.0, 362.0, 357.0, 334.0, 349.0, 341.0, 373.0, 369.0], "FP": [504.0, 397.0, 373.0, 363.0, 355.0, 369.0, 356.0, 388.0, 340.0, 359.0, 349.0, 363.0, 365.0, 368.0, 355.0, 360.0, 383.0, 368.0, 376.0, 344.0, 348.0], "FN": [223.0, 294.0, 332.0, 337.0, 340.0, 349.0, 382.0, 332.0, 385.0, 365.0, 377.0, 366.0, 352.0, 372.0, 355.0, 361.0, 360.0, 356.0, 351.0, 362.0, 372.0], "Precision": [0.4949899911880493, 0.5158536434173584, 0.5079155564308167, 0.511440098285675, 0.5150273442268372, 0.4993215799331665, 0.484804630279541, 0.4980595111846924, 0.494047611951828, 0.49507734179496765, 0.4934687912464142, 0.49159663915634155, 0.5, 0.4838709533214569, 0.5048814415931702, 0.4972067177295685, 0.48243242502212524, 0.49519890546798706, 0.493261456489563, 0.5078684091567993, 0.4978354871273041], "Recall": [0.6889818906784058, 0.589958131313324, 0.5369595289230347, 0.5299860239028931, 0.525801956653595, 0.5132496356964111, 0.4672245383262634, 0.5369595289230347, 0.46304044127464294, 0.49093446135520935, 0.47419804334640503, 0.4895397424697876, 0.509065568447113, 0.48117154836654663, 0.5048814415931702, 0.4965132474899292, 0.49790793657302856, 0.5034867525100708, 0.5104602575302124, 0.49511855840682983, 0.48117154836654663], "AUC": [0.497639536857605, 0.5236408710479736, 0.4948957860469818, 0.5059308409690857, 0.5260674357414246, 0.5091122388839722, 0.49056389927864075, 0.5044116377830505, 0.4814390242099762, 0.4929029941558838, 0.49728837609291077, 0.5005767345428467, 0.4931354522705078, 0.48495882749557495, 0.520563542842865, 0.49155983328819275, 0.47256508469581604, 0.500709056854248, 0.4868505299091339, 0.5122138857841492, 0.4925479590892792], "val_loss": [0.6702160835266113, 0.6815383434295654, 0.6876706480979919, 0.6910858154296875, 0.6914829611778259, 0.6916962265968323, 0.6889867782592773, 0.6965622305870056, 0.6926161050796509, 0.6929801106452942, 0.6881824731826782, 0.6897265315055847, 0.6919772624969482, 0.6904135346412659, 0.6901243925094604, 0.68965083360672, 0.6924986839294434, 0.69148850440979, 0.6943878531455994, 0.6913067698478699, 0.688326895236969], "val_accuracy": [0.6218181848526001, 0.6218181848526001, 0.6218181848526001, 0.6218181848526001, 0.6218181848526001, 0.6218181848526001, 0.6218181848526001, 0.3781818151473999, 0.6218181848526001, 0.6218181848526001, 0.6218181848526001, 0.6218181848526001, 0.6218181848526001, 0.6218181848526001, 0.6218181848526001, 0.6218181848526001, 0.6218181848526001, 0.6218181848526001, 0.3781818151473999, 0.6218181848526001, 0.6218181848526001], "val_benchmark_237": [104.0, 104.0, 104.0, 104.0, 104.0, 104.0, 104.0, 171.0, 104.0, 104.0, 104.0, 104.0, 104.0, 104.0, 104.0, 104.0, 104.0, 104.0, 171.0, 104.0, 104.0], "val_TP": [171.0, 171.0, 171.0, 171.0, 171.0, 171.0, 171.0, 0.0, 171.0, 171.0, 171.0, 171.0, 171.0, 171.0, 171.0, 171.0, 171.0, 171.0, 0.0, 171.0, 171.0], "val_TN": [0.0, 0.0, 0.0, 0.0, 0.0, 0.0, 0.0, 104.0, 0.0, 0.0, 0.0, 0.0, 0.0, 0.0, 0.0, 0.0, 0.0, 0.0, 104.0, 0.0, 0.0], "val_FP": [104.0, 104.0, 104.0, 104.0, 104.0, 104.0, 104.0, 0.0, 104.0, 104.0, 104.0, 104.0, 104.0, 104.0, 104.0, 104.0, 104.0, 104.0, 0.0, 104.0, 104.0], "val_FN": [0.0, 0.0, 0.0, 0.0, 0.0, 0.0, 0.0, 171.0, 0.0, 0.0, 0.0, 0.0, 0.0, 0.0, 0.0, 0.0, 0.0, 0.0, 171.0, 0.0, 0.0], "val_Precision": [0.6218181848526001, 0.6218181848526001, 0.6218181848526001, 0.6218181848526001, 0.6218181848526001, 0.6218181848526001, 0.6218181848526001, 0.0, 0.6218181848526001, 0.6218181848526001, 0.6218181848526001, 0.6218181848526001, 0.6218181848526001, 0.6218181848526001, 0.6218181848526001, 0.6218181848526001, 0.6218181848526001, 0.6218181848526001, 0.0, 0.6218181848526001, 0.6218181848526001], "val_Recall": [1.0, 1.0, 1.0, 1.0, 1.0, 1.0, 1.0, 0.0, 1.0, 1.0, 1.0, 1.0, 1.0, 1.0, 1.0, 1.0, 1.0, 1.0, 0.0, 1.0, 1.0], "val_AUC": [0.5, 0.5, 0.5, 0.5, 0.5, 0.5, 0.5, 0.5, 0.5, 0.5, 0.5, 0.5, 0.5, 0.5, 0.5, 0.5, 0.5, 0.5, 0.5674482583999634, 0.5, 0.5]}