{"loss": [0.8277286291122437, 0.7135592103004456, 0.6998240351676941, 0.700343668460846, 0.6880658864974976, 0.6764082312583923, 0.6767892241477966, 0.6651741862297058, 0.6704432964324951, 0.664398729801178, 0.6549145579338074, 0.6502282023429871, 0.6387171745300293, 0.649064302444458, 0.6347214579582214, 0.6415370106697083, 0.6325936317443848, 0.6187199950218201, 0.6182607412338257, 0.6058119535446167, 0.6246802806854248, 0.6185149550437927, 0.6218723654747009, 0.6181082725524902, 0.6072965264320374, 0.6130228042602539, 0.6227313876152039, 0.6110718250274658, 0.6044087409973145, 0.6042777299880981, 0.598598062992096, 0.6001392602920532, 0.5926663875579834, 0.605512261390686, 0.5863358378410339, 0.5835126042366028, 0.5749699473381042, 0.5804550051689148, 0.590448796749115, 0.5720942616462708, 0.5715019702911377, 0.5787071585655212, 0.5704087018966675, 0.5741379857063293, 0.583981454372406, 0.5770992636680603], "accuracy": [0.5153416991233826, 0.5376569032669067, 0.5439330339431763, 0.5244072675704956, 0.5411436557769775, 0.5585774183273315, 0.5641562342643738, 0.5885634422302246, 0.581589937210083, 0.5843793749809265, 0.589958131313324, 0.6032078266143799, 0.6234309673309326, 0.6025104522705078, 0.6269177198410034, 0.6213389039039612, 0.6380752921104431, 0.642259418964386, 0.6457461714744568, 0.6652719378471375, 0.6443514823913574, 0.6478382349014282, 0.6457461714744568, 0.6548117399215698, 0.6576011180877686, 0.6576011180877686, 0.6666666865348816, 0.6464434862136841, 0.6659693121910095, 0.668061375617981, 0.6673640012741089, 0.6631799340248108, 0.6847977638244629, 0.6729428172111511, 0.6806136965751648, 0.6806136965751648, 0.7050209045410156, 0.6882845163345337, 0.677126944065094, 0.6924686431884766, 0.6931659579277039, 0.6938633322715759, 0.685495138168335, 0.6868898272514343, 0.6834030747413635, 0.6917712688446045], "benchmark_937": [695.0, 663.0, 654.0, 682.0, 658.0, 633.0, 625.0, 590.0, 600.0, 596.0, 588.0, 569.0, 540.0, 570.0, 535.0, 543.0, 519.0, 513.0, 508.0, 480.0, 510.0, 505.0, 508.0, 495.0, 491.0, 491.0, 478.0, 507.0, 479.0, 476.0, 477.0, 483.0, 452.0, 469.0, 458.0, 458.0, 423.0, 447.0, 463.0, 441.0, 440.0, 439.0, 451.0, 449.0, 454.0, 442.0], "TP": [327.0, 381.0, 390.0, 330.0, 381.0, 352.0, 345.0, 369.0, 392.0, 377.0, 395.0, 413.0, 412.0, 407.0, 442.0, 421.0, 439.0, 470.0, 447.0, 479.0, 454.0, 464.0, 452.0, 464.0, 463.0, 467.0, 462.0, 462.0, 470.0, 464.0, 481.0, 468.0, 484.0, 470.0, 478.0, 474.0, 506.0, 479.0, 483.0, 488.0, 487.0, 504.0, 481.0, 484.0, 493.0, 484.0], "TN": [412.0, 390.0, 390.0, 422.0, 395.0, 449.0, 464.0, 475.0, 442.0, 461.0, 451.0, 452.0, 482.0, 457.0, 457.0, 470.0, 476.0, 451.0, 479.0, 475.0, 470.0, 465.0, 474.0, 475.0, 480.0, 476.0, 494.0, 465.0, 485.0, 494.0, 476.0, 483.0, 498.0, 495.0, 498.0, 502.0, 505.0, 508.0, 488.0, 505.0, 507.0, 491.0, 502.0, 501.0, 487.0, 508.0], "FP": [305.0, 327.0, 327.0, 295.0, 322.0, 268.0, 253.0, 242.0, 275.0, 256.0, 266.0, 265.0, 235.0, 260.0, 260.0, 247.0, 241.0, 266.0, 238.0, 242.0, 247.0, 252.0, 243.0, 242.0, 237.0, 241.0, 223.0, 252.0, 232.0, 223.0, 241.0, 234.0, 219.0, 222.0, 219.0, 215.0, 212.0, 209.0, 229.0, 212.0, 210.0, 226.0, 215.0, 216.0, 230.0, 209.0], "FN": [390.0, 336.0, 327.0, 387.0, 336.0, 365.0, 372.0, 348.0, 325.0, 340.0, 322.0, 304.0, 305.0, 310.0, 275.0, 296.0, 278.0, 247.0, 270.0, 238.0, 263.0, 253.0, 265.0, 253.0, 254.0, 250.0, 255.0, 255.0, 247.0, 253.0, 236.0, 249.0, 233.0, 247.0, 239.0, 243.0, 211.0, 238.0, 234.0, 229.0, 230.0, 213.0, 236.0, 233.0, 224.0, 233.0], "Precision": [0.517405092716217, 0.5381355881690979, 0.5439330339431763, 0.527999997138977, 0.5419630408287048, 0.5677419304847717, 0.5769230723381042, 0.6039279699325562, 0.5877061486244202, 0.5955766439437866, 0.5975794196128845, 0.6091445684432983, 0.6367851495742798, 0.6101949214935303, 0.6296296119689941, 0.6302395462989807, 0.645588219165802, 0.6385869383811951, 0.6525547504425049, 0.6643550395965576, 0.6476462483406067, 0.6480447053909302, 0.6503596901893616, 0.6572238206863403, 0.6614285707473755, 0.659604549407959, 0.674452543258667, 0.6470588445663452, 0.6695156693458557, 0.6754003167152405, 0.6662049889564514, 0.6666666865348816, 0.6884779334068298, 0.6791907548904419, 0.6857962608337402, 0.687953531742096, 0.7047353982925415, 0.6962209343910217, 0.6783707737922668, 0.6971428394317627, 0.6987087726593018, 0.6904109716415405, 0.6910919547080994, 0.691428542137146, 0.6818810701370239, 0.6984127163887024], "Recall": [0.45606693625450134, 0.5313807725906372, 0.5439330339431763, 0.4602510333061218, 0.5313807725906372, 0.49093446135520935, 0.48117154836654663, 0.5146443247795105, 0.5467224717140198, 0.525801956653595, 0.5509065389633179, 0.5760111808776855, 0.5746164321899414, 0.5676429271697998, 0.616457462310791, 0.5871687531471252, 0.6122733354568481, 0.6555090546607971, 0.6234309673309326, 0.668061375617981, 0.633193850517273, 0.6471408605575562, 0.6304044723510742, 0.6471408605575562, 0.6457461714744568, 0.651324987411499, 0.6443514823913574, 0.6443514823913574, 0.6555090546607971, 0.6471408605575562, 0.6708507537841797, 0.6527196764945984, 0.6750348806381226, 0.6555090546607971, 0.6666666865348816, 0.6610878705978394, 0.7057182788848877, 0.668061375617981, 0.6736401915550232, 0.6806136965751648, 0.6792189478874207, 0.7029288411140442, 0.6708507537841797, 0.6750348806381226, 0.6875871419906616, 0.6750348806381226], "AUC": [0.5216062068939209, 0.5483291745185852, 0.5661695003509521, 0.53559410572052, 0.5718008875846863, 0.5888698697090149, 0.5972311496734619, 0.6208146214485168, 0.6148040294647217, 0.6209410429000854, 0.6470873355865479, 0.6582313776016235, 0.6757370829582214, 0.6552630066871643, 0.6852880120277405, 0.6745855808258057, 0.6860553026199341, 0.7097671627998352, 0.7073794603347778, 0.726433515548706, 0.7022655606269836, 0.7088354229927063, 0.7070546746253967, 0.7143023610115051, 0.7274470329284668, 0.7149919271469116, 0.7104431390762329, 0.7191702127456665, 0.7277659773826599, 0.7278788089752197, 0.7336462736129761, 0.7362101078033447, 0.7428324818611145, 0.7320134043693542, 0.7495405077934265, 0.7511899471282959, 0.7641983032226562, 0.7596641778945923, 0.745493471622467, 0.7671833038330078, 0.7672221064567566, 0.7619069814682007, 0.7667778134346008, 0.7653538584709167, 0.7570284605026245, 0.7609198689460754], "val_loss": [0.6654779314994812, 0.983232319355011, 0.6834791898727417, 0.6745709776878357, 0.7287880182266235, 0.6946327686309814, 0.6980670094490051, 0.6626446843147278, 0.7068442106246948, 0.760988712310791, 0.6614557504653931, 0.6893782615661621, 0.656715989112854, 0.6803663969039917, 0.734088122844696, 0.6370901465415955, 0.6388140320777893, 0.7363306283950806, 0.6300871968269348, 0.6043102741241455, 0.5883491039276123, 0.5857735872268677, 0.5829975008964539, 0.6135044693946838, 0.6176264882087708, 0.5693894028663635, 0.5689384937286377, 0.5815220475196838, 0.8370015621185303, 0.5596994757652283, 0.6470775008201599, 0.6402509212493896, 0.7746585011482239, 0.6124061346054077, 0.5879786014556885, 0.5641925930976868, 0.8056451082229614, 0.5529074668884277, 0.5820690989494324, 0.7038679718971252, 0.5678913593292236, 0.8198357820510864, 0.6560700535774231, 0.6430187821388245, 0.7048490643501282, 0.5638803839683533],