{"loss": [0.5255551934242249, 0.3821451663970947, 0.3699362874031067, 0.3705361783504486, 0.3599777817726135, 0.36459192633628845, 0.36239364743232727, 0.35693809390068054, 0.3573581874370575, 0.3549233376979828, 0.3587847054004669, 0.35636740922927856, 0.35860273241996765, 0.3495105504989624, 0.3519740402698517, 0.3540005087852478, 0.3472350835800171, 0.3532218039035797, 0.34875965118408203, 0.34707340598106384, 0.3467944860458374, 0.34519094228744507, 0.34750306606292725, 0.34727567434310913, 0.34645092487335205, 0.34775108098983765, 0.3429104685783386, 0.34343287348747253, 0.3426160514354706, 0.34178227186203003, 0.34498846530914307, 0.3405991792678833, 0.34269195795059204, 0.34361472725868225, 0.3377769887447357], "accuracy": [0.5027893781661987, 0.5230125784873962, 0.5146443247795105, 0.5139470100402832, 0.5369595289230347, 0.5104602575302124, 0.5027893781661987, 0.5062761306762695, 0.5076708793640137, 0.5027893781661987, 0.4937238395214081, 0.5104602575302124, 0.4965132474899292, 0.5188284516334534, 0.5139470100402832, 0.5020920634269714, 0.5446304082870483, 0.5202231407165527, 0.5125523209571838, 0.5230125784873962, 0.5334727764129639, 0.543235719203949, 0.5251045823097229, 0.5390515923500061, 0.5313807725906372, 0.5369595289230347, 0.5502092242240906, 0.5481171607971191, 0.5509065389633179, 0.5334727764129639, 0.5404462814331055, 0.5578800439834595, 0.5711296796798706, 0.5446304082870483, 0.5634588599205017], "benchmark_1518": [713.0, 684.0, 696.0, 697.0, 664.0, 702.0, 713.0, 708.0, 706.0, 713.0, 726.0, 702.0, 722.0, 690.0, 697.0, 714.0, 653.0, 688.0, 699.0, 684.0, 669.0, 655.0, 681.0, 661.0, 672.0, 664.0, 645.0, 648.0, 644.0, 669.0, 659.0, 634.0, 615.0, 653.0, 626.0], "TP": [337.0, 361.0, 376.0, 362.0, 393.0, 355.0, 361.0, 360.0, 369.0, 332.0, 370.0, 348.0, 348.0, 380.0, 379.0, 349.0, 404.0, 363.0, 366.0, 388.0, 372.0, 382.0, 363.0, 384.0, 357.0, 396.0, 384.0, 389.0, 386.0, 370.0, 400.0, 397.0, 394.0, 369.0, 399.0], "TN": [384.0, 389.0, 362.0, 375.0, 377.0, 377.0, 360.0, 366.0, 359.0, 389.0, 338.0, 384.0, 364.0, 364.0, 358.0, 371.0, 377.0, 383.0, 369.0, 362.0, 393.0, 397.0, 390.0, 389.0, 405.0, 374.0, 405.0, 397.0, 404.0, 395.0, 375.0, 403.0, 425.0, 412.0, 409.0], "FP": [333.0, 328.0, 355.0, 342.0, 340.0, 340.0, 357.0, 351.0, 358.0, 328.0, 379.0, 333.0, 353.0, 353.0, 359.0, 346.0, 340.0, 334.0, 348.0, 355.0, 324.0, 320.0, 327.0, 328.0, 312.0, 343.0, 312.0, 320.0, 313.0, 322.0, 342.0, 314.0, 292.0, 305.0, 308.0], "FN": [380.0, 356.0, 341.0, 355.0, 324.0, 362.0, 356.0, 357.0, 348.0, 385.0, 347.0, 369.0, 369.0, 337.0, 338.0, 368.0, 313.0, 354.0, 351.0, 329.0, 345.0, 335.0, 354.0, 333.0, 360.0, 321.0, 333.0, 328.0, 331.0, 347.0, 317.0, 320.0, 323.0, 348.0, 318.0], "Precision": [0.5029850602149963, 0.5239477753639221, 0.5143638849258423, 0.5142045617103577, 0.5361527800559998, 0.5107913613319397, 0.5027855038642883, 0.5063291192054749, 0.5075653195381165, 0.5030303001403809, 0.49399200081825256, 0.5110132098197937, 0.49643367528915405, 0.518417477607727, 0.5135501623153687, 0.5021582841873169, 0.5430107712745667, 0.5208034515380859, 0.5126050710678101, 0.5222072601318359, 0.5344827771186829, 0.5441595315933228, 0.5260869860649109, 0.5393258333206177, 0.5336322784423828, 0.5358592867851257, 0.5517241358757019, 0.5486600995063782, 0.552217423915863, 0.5346820950508118, 0.5390835404396057, 0.5583685040473938, 0.5743440389633179, 0.5474777221679688, 0.5643564462661743], "Recall": [0.47001394629478455, 0.5034867525100708, 0.5244072675704956, 0.5048814415931702, 0.5481171607971191, 0.49511855840682983, 0.5034867525100708, 0.5020920634269714, 0.5146443247795105, 0.46304044127464294, 0.5160390734672546, 0.4853556454181671, 0.4853556454181671, 0.5299860239028931, 0.5285913348197937, 0.4867503345012665, 0.5634588599205017, 0.5062761306762695, 0.5104602575302124, 0.5411436557769775, 0.5188284516334534, 0.5327754616737366, 0.5062761306762695, 0.5355648398399353, 0.49790793657302856, 0.5523012280464172, 0.5355648398399353, 0.5425383448600769, 0.5383542776107788, 0.5160390734672546, 0.5578800439834595, 0.5536959767341614, 0.5495118498802185, 0.5146443247795105, 0.5564853549003601], "AUC": [0.5073819756507874, 0.5252047181129456, 0.5209370255470276, 0.5071825981140137, 0.5382647514343262, 0.5045945048332214, 0.49946507811546326, 0.5131261348724365, 0.5126739144325256, 0.5148417949676514, 0.49423640966415405, 0.5021017789840698, 0.4839492738246918, 0.533409595489502, 0.5223327279090881, 0.4958372712135315, 0.5521670579910278, 0.5128596425056458, 0.5325419902801514, 0.541627049446106, 0.5441382527351379, 0.5597727298736572, 0.5486764311790466, 0.5412924289703369, 0.5469812154769897, 0.5397664308547974, 0.5707718133926392, 0.5675427913665771, 0.5699781179428101, 0.5699295401573181, 0.5604768991470337, 0.5857623815536499, 0.5807982087135315, 0.5673735737800598, 0.6026942729949951], "val_loss": [0.33466896414756775, 0.3484841585159302, 0.3761102557182312, 0.33606162667274475, 0.3649336099624634, 0.4531537890434265, 0.3709903657436371, 0.335208535194397, 0.39713138341903687, 0.3505043387413025, 0.3803006112575531, 0.33832448720932007, 0.335028737783432, 0.36013948917388916, 0.3391120731830597, 0.33677464723587036, 0.3381085693836212, 0.3494771718978882, 0.3462221324443817, 0.34741052985191345, 0.3477318584918976, 0.36339470744132996, 0.3524927794933319, 0.36250385642051697, 0.3346451222896576, 0.3513529300689697, 0.3374735713005066, 0.33459627628326416, 0.33287885785102844, 0.3238641321659088, 0.3244341015815735, 0.3469979166984558, 0.3323957324028015, 0.33337652683258057, 0.336252897977829], "val_accuracy": [0.6218181848526001, 0.6218181848526001, 0.3781818151473999, 0.6218181848526001, 0.3781818151473999, 0.3781818151473999, 0.3781818151473999, 0.6218181848526001, 0.3781818151473999, 0.4145454466342926, 0.3781818151473999, 0.6218181848526001, 0.6218181848526001, 0.39636364579200745, 0.6436363458633423, 0.6218181848526001, 0.6399999856948853, 0.4654545485973358, 0.4909090995788574, 0.4872727394104004, 0.48363634943962097, 0.4145454466342926, 0.45818182826042175, 0.4145454466342926, 0.589090883731842, 0.46909090876579285, 0.589090883731842, 0.607272744178772, 0.610909104347229, 0.614545464515686, 0.6290909051895142, 0.48363634943962097, 0.6181818246841431, 0.610909104347229, 0.5563636422157288], "val_benchmark_1518": [104.0, 104.0, 171.0, 104.0, 171.0, 171.0, 171.0, 104.0, 171.0, 161.0, 171.0, 104.0, 104.0, 166.0, 98.0, 104.0, 99.0, 147.0, 140.0, 141.0, 142.0, 161.0, 149.0, 161.0, 113.0, 146.0, 113.0, 108.0, 107.0, 106.0, 102.0, 142.0, 105.0, 107.0, 122.0], "val_TP": [171.0, 171.0, 0.0, 171.0, 0.0, 0.0, 0.0, 171.0, 0.0, 12.0, 0.0, 171.0, 171.0, 5.0, 160.0, 168.0, 151.0, 30.0, 42.0, 39.0, 38.0, 11.0, 27.0, 11.0, 129.0, 29.0, 87.0, 107.0, 116.0, 169.0, 167.0, 34.0, 97.0, 81.0, 62.0], "val_TN": [0.0, 0.0, 104.0, 0.0, 104.0, 104.0, 104.0, 0.0, 104.0, 102.0, 104.0, 0.0, 0.0, 104.0, 17.0, 3.0, 25.0, 98.0, 93.0, 95.0, 95.0, 103.0, 99.0, 103.0, 33.0, 100.0, 75.0, 60.0, 52.0, 0.0, 6.0, 99.0, 73.0, 87.0, 91.0], "val_FP": [104.0, 104.0, 0.0, 104.0, 0.0, 0.0, 0.0, 104.0, 0.0, 2.0, 0.0, 104.0, 104.0, 0.0, 87.0, 101.0, 79.0, 6.0, 11.0, 9.0, 9.0, 1.0, 5.0, 1.0, 71.0, 4.0, 29.0, 44.0, 52.0, 104.0, 98.0, 5.0, 31.0, 17.0, 13.0], "val_FN": [0.0, 0.0, 171.0, 0.0, 171.0, 171.0, 171.0, 0.0, 171.0, 159.0, 171.0, 0.0, 0.0, 166.0, 11.0, 3.0, 20.0, 141.0, 129.0, 132.0, 133.0, 160.0, 144.0, 160.0, 42.0, 142.0, 84.0, 64.0, 55.0, 2.0, 4.0, 137.0, 74.0, 90.0, 109.0],