{"loss": [0.6751837730407715, 0.6468716859817505, 0.6225021481513977, 0.6021566987037659, 0.5930020809173584, 0.5492997169494629, 0.5248798131942749, 0.4908091723918915, 0.4440240263938904, 0.3804984986782074, 0.3242435157299042, 0.2728772759437561, 0.18757903575897217, 0.17312349379062653, 0.11015616357326508, 0.1103486493229866, 0.07983367145061493, 0.09610465168952942, 0.07569222152233124, 0.061206504702568054, 0.08374711871147156, 0.0468103401362896, 0.058125365525484085, 0.05818335339426994, 0.10700561851263046, 0.04251982644200325, 0.04917174205183983, 0.0574408657848835, 0.04873054474592209, 0.04856010526418686, 0.03213568404316902, 0.04295823350548744, 0.03225463628768921, 0.024727854877710342, 0.03952696546912193, 0.05297553539276123, 0.05747723579406738, 0.05521007254719734, 0.06454184651374817, 0.0532725490629673, 0.024153266102075577, 0.012653946876525879, 0.05396002531051636, 0.055506642907857895, 0.037605464458465576, 0.018632402643561363, 0.024993494153022766, 0.020521394908428192, 0.026091931387782097, 0.032100845128297806, 0.03430699184536934], "accuracy": [0.5697349905967712, 0.6324965357780457, 0.6471408605575562, 0.6708507537841797, 0.6834030747413635, 0.7203626036643982, 0.7419804930686951, 0.750348687171936, 0.801952600479126, 0.831938624382019, 0.8598326444625854, 0.8981868624687195, 0.9379358291625977, 0.9351464509963989, 0.9679219126701355, 0.9616457223892212, 0.9721059799194336, 0.9588563442230225, 0.973500669002533, 0.9811715483665466, 0.9679219126701355, 0.9832636117935181, 0.9790794849395752, 0.9811715483665466, 0.9560669660568237, 0.9860529899597168, 0.982566237449646, 0.9818689227104187, 0.9846583008766174, 0.9811715483665466, 0.9895397424697876, 0.9867503643035889, 0.9888424277305603, 0.991631805896759, 0.9839609265327454, 0.9797768592834473, 0.9783821702003479, 0.974198043346405, 0.9728033542633057, 0.9776847958564758, 0.9923291206359863, 0.9972106218338013, 0.9783821702003479, 0.9769874215126038, 0.9874476790428162, 0.9937238693237305, 0.990934431552887, 0.9944211840629578, 0.9902371168136597, 0.9888424277305603, 0.9881450533866882], "benchmark_318": [617.0, 527.0, 506.0, 472.0, 454.0, 401.0, 370.0, 358.0, 284.0, 241.0, 201.0, 146.0, 89.0, 93.0, 46.0, 55.0, 40.0, 59.0, 38.0, 27.0, 46.0, 24.0, 30.0, 27.0, 63.0, 20.0, 25.0, 26.0, 22.0, 27.0, 15.0, 19.0, 16.0, 12.0, 23.0, 29.0, 31.0, 37.0, 39.0, 32.0, 11.0, 4.0, 31.0, 33.0, 18.0, 9.0, 13.0, 8.0, 14.0, 16.0, 17.0], "TP": [388.0, 469.0, 449.0, 463.0, 471.0, 493.0, 526.0, 523.0, 558.0, 587.0, 605.0, 637.0, 668.0, 670.0, 683.0, 686.0, 695.0, 680.0, 696.0, 700.0, 691.0, 706.0, 701.0, 703.0, 684.0, 708.0, 706.0, 705.0, 706.0, 702.0, 712.0, 704.0, 707.0, 710.0, 707.0, 703.0, 701.0, 700.0, 695.0, 700.0, 712.0, 716.0, 699.0, 701.0, 705.0, 712.0, 710.0, 712.0, 710.0, 707.0, 708.0], "TN": [429.0, 438.0, 479.0, 499.0, 509.0, 540.0, 538.0, 553.0, 592.0, 606.0, 628.0, 651.0, 677.0, 671.0, 705.0, 693.0, 699.0, 695.0, 700.0, 707.0, 697.0, 704.0, 703.0, 704.0, 687.0, 706.0, 703.0, 703.0, 706.0, 705.0, 707.0, 711.0, 711.0, 712.0, 704.0, 702.0, 702.0, 697.0, 700.0, 702.0, 711.0, 714.0, 704.0, 700.0, 711.0, 713.0, 711.0, 714.0, 710.0, 711.0, 709.0], "FP": [288.0, 279.0, 238.0, 218.0, 208.0, 177.0, 179.0, 164.0, 125.0, 111.0, 89.0, 66.0, 40.0, 46.0, 12.0, 24.0, 18.0, 22.0, 17.0, 10.0, 20.0, 13.0, 14.0, 13.0, 30.0, 11.0, 14.0, 14.0, 11.0, 12.0, 10.0, 6.0, 6.0, 5.0, 13.0, 15.0, 15.0, 20.0, 17.0, 15.0, 6.0, 3.0, 13.0, 17.0, 6.0, 4.0, 6.0, 3.0, 7.0, 6.0, 8.0], "FN": [329.0, 248.0, 268.0, 254.0, 246.0, 224.0, 191.0, 194.0, 159.0, 130.0, 112.0, 80.0, 49.0, 47.0, 34.0, 31.0, 22.0, 37.0, 21.0, 17.0, 26.0, 11.0, 16.0, 14.0, 33.0, 9.0, 11.0, 12.0, 11.0, 15.0, 5.0, 13.0, 10.0, 7.0, 10.0, 14.0, 16.0, 17.0, 22.0, 17.0, 5.0, 1.0, 18.0, 16.0, 12.0, 5.0, 7.0, 5.0, 7.0, 10.0, 9.0], "Precision": [0.5739644765853882, 0.6270053386688232, 0.6535662412643433, 0.6798825263977051, 0.6936671733856201, 0.7358208894729614, 0.7460992932319641, 0.7612809538841248, 0.8169838786125183, 0.8409742116928101, 0.8717579245567322, 0.9061166644096375, 0.9435028433799744, 0.9357541799545288, 0.9827337861061096, 0.9661971926689148, 0.9747545719146729, 0.9686609506607056, 0.9761570692062378, 0.98591548204422, 0.9718706011772156, 0.9819193482398987, 0.9804195761680603, 0.9818435907363892, 0.9579831957817078, 0.9847009778022766, 0.980555534362793, 0.9805285334587097, 0.9846583008766174, 0.9831932783126831, 0.9861496090888977, 0.9915493130683899, 0.991584837436676, 0.9930070042610168, 0.9819444417953491, 0.9791086316108704, 0.9790502786636353, 0.9722222089767456, 0.976123571395874, 0.9790209531784058, 0.9916434288024902, 0.9958275556564331, 0.9817415475845337, 0.976323127746582, 0.9915611743927002, 0.994413435459137, 0.9916201233863831, 0.9958041906356812, 0.9902371168136597, 0.991584837436676, 0.9888268113136292], "Recall": [0.5411436557769775, 0.6541143655776978, 0.6262203454971313, 0.6457461714744568, 0.6569037437438965, 0.6875871419906616, 0.7336122989654541, 0.7294281721115112, 0.7782427072525024, 0.8186889886856079, 0.8437935709953308, 0.8884239792823792, 0.9316596984863281, 0.9344490766525269, 0.9525802135467529, 0.956764280796051, 0.9693166017532349, 0.9483960866928101, 0.9707112908363342, 0.9762901067733765, 0.9637377858161926, 0.9846583008766174, 0.9776847958564758, 0.9804741740226746, 0.9539749026298523, 0.9874476790428162, 0.9846583008766174, 0.9832636117935181, 0.9846583008766174, 0.9790794849395752, 0.9930264949798584, 0.9818689227104187, 0.9860529899597168, 0.9902371168136597, 0.9860529899597168, 0.9804741740226746, 0.9776847958564758, 0.9762901067733765, 0.9693166017532349, 0.9762901067733765, 0.9930264949798584, 0.9986053109169006, 0.9748954176902771, 0.9776847958564758, 0.9832636117935181, 0.9930264949798584, 0.9902371168136597, 0.9930264949798584, 0.9902371168136597, 0.9860529899597168, 0.9874476790428162], "AUC": [0.6077828407287598, 0.6747158765792847, 0.7034142017364502, 0.7379081845283508, 0.745363175868988, 0.7915486693382263, 0.8168848752975464, 0.8404556512832642, 0.8758871555328369, 0.9136258363723755, 0.9398012757301331, 0.9571280479431152, 0.9816676378250122, 0.9838452339172363, 0.9944251179695129, 0.9937413334846497, 0.9969518780708313, 0.9948773384094238, 0.9967010021209717, 0.9977319240570068, 0.9951204657554626, 0.9987415075302124, 0.9978904724121094, 0.9974654316902161, 0.9926685690879822, 0.9989643692970276, 0.9986714720726013, 0.9966679215431213, 0.998475968837738, 0.9987258911132812, 0.9994155168533325, 0.998031497001648, 0.9992578625679016, 0.9990399479866028, 0.9991343021392822, 0.9971959590911865, 0.9979809522628784, 0.998164713382721, 0.9975578188896179, 0.9982950687408447, 0.9996947050094604, 0.9999591708183289, 0.9983212351799011, 0.9980771541595459, 0.9984526038169861, 0.9997024536132812, 0.9989874362945557, 0.9997082352638245, 0.9995915293693542, 0.9994037747383118, 0.9992052912712097], "val_loss": [0.9313061237335205, 1.9118614196777344, 1.8896450996398926, 2.759979486465454, 1.6828328371047974, 0.839811384677887, 1.1608322858810425, 1.6617356538772583, 0.858092188835144, 1.8731622695922852, 1.7755290269851685, 1.8163009881973267, 1.9395437240600586, 1.267163634300232, 1.0427802801132202, 1.296692132949829, 1.4882996082305908, 2.2468442916870117, 2.3137216567993164, 1.7482041120529175, 1.9713685512542725, 2.068512201309204, 2.518007755279541, 2.945836305618286, 4.865429878234863, 3.69509220123291, 1.3455591201782227, 2.004592180252075, 1.3220576047897339, 1.5348478555679321, 2.5024731159210205, 3.0956060886383057, 2.382490873336792, 1.7692711353302002, 4.86285924911499, 5.217655181884766, 1.387389898300171, 7.19668436050415, 4.141623020172119, 2.7652318477630615, 1.6727368831634521, 3.991577625274658, 2.2715940475463867, 3.390659809112549, 1.8999611139297485, 1.777416706085205, 2.7332942485809326, 1.6703869104385376, 1.6570484638214111, 4.125889778137207, 5.996473789215088],