{"loss": [0.6929095387458801, 0.6843737363815308, 0.6725269556045532, 0.6692869067192078, 0.6676474213600159, 0.6579974293708801, 0.6591780781745911, 0.653789222240448, 0.6446025967597961, 0.6477423906326294, 0.6435322165489197, 0.6363654136657715, 0.6317418813705444, 0.6249856352806091, 0.627368688583374, 0.6208750009536743, 0.6134490966796875, 0.6143046617507935, 0.6160664558410645, 0.6145874857902527, 0.6051831245422363, 0.6119814515113831, 0.6057668328285217, 0.597545862197876, 0.6000353693962097, 0.6111610531806946, 0.6111800670623779, 0.5939875245094299, 0.6019054055213928, 0.5870808959007263, 0.5980209112167358, 0.5913634300231934, 0.5823265910148621, 0.5872310996055603, 0.5813959240913391, 0.588894784450531, 0.5813976526260376, 0.5736392736434937, 0.5826640725135803, 0.5765717029571533, 0.5741760730743408, 0.5630340576171875, 0.5691117644309998], "accuracy": [0.4818688929080963, 0.5543932914733887, 0.5585774183273315, 0.569037675857544, 0.573221743106842, 0.5718270540237427, 0.5892608165740967, 0.5850766897201538, 0.5913528800010681, 0.5997210741043091, 0.6039051413536072, 0.6032078266143799, 0.6066945791244507, 0.6373779773712158, 0.6234309673309326, 0.6401673555374146, 0.6304044723510742, 0.6485355496406555, 0.6359832882881165, 0.650627613067627, 0.6464434862136841, 0.650627613067627, 0.6603904962539673, 0.6548117399215698, 0.6652719378471375, 0.6527196764945984, 0.6471408605575562, 0.6694560647010803, 0.6610878705978394, 0.6827057003974915, 0.6589958071708679, 0.6666666865348816, 0.6903765797615051, 0.6757321953773499, 0.6834030747413635, 0.6638772487640381, 0.6827057003974915, 0.6813110113143921, 0.6834030747413635, 0.6868898272514343, 0.6841003894805908, 0.7092050313949585, 0.6966527104377747], "benchmark_433": [743.0, 639.0, 633.0, 618.0, 612.0, 614.0, 589.0, 595.0, 586.0, 574.0, 568.0, 569.0, 564.0, 520.0, 540.0, 516.0, 530.0, 504.0, 522.0, 501.0, 507.0, 501.0, 487.0, 495.0, 480.0, 498.0, 506.0, 474.0, 486.0, 455.0, 489.0, 478.0, 444.0, 465.0, 454.0, 482.0, 455.0, 457.0, 454.0, 449.0, 453.0, 417.0, 435.0], "TP": [433.0, 313.0, 288.0, 277.0, 273.0, 264.0, 268.0, 269.0, 272.0, 281.0, 299.0, 312.0, 335.0, 363.0, 357.0, 377.0, 396.0, 398.0, 414.0, 402.0, 409.0, 428.0, 432.0, 430.0, 433.0, 435.0, 423.0, 447.0, 453.0, 457.0, 445.0, 450.0, 488.0, 466.0, 477.0, 476.0, 482.0, 480.0, 487.0, 483.0, 477.0, 505.0, 497.0], "TN": [258.0, 482.0, 513.0, 539.0, 549.0, 556.0, 577.0, 570.0, 576.0, 579.0, 567.0, 553.0, 535.0, 551.0, 537.0, 541.0, 508.0, 532.0, 498.0, 531.0, 518.0, 505.0, 515.0, 509.0, 521.0, 501.0, 505.0, 513.0, 495.0, 522.0, 500.0, 506.0, 502.0, 503.0, 503.0, 476.0, 497.0, 497.0, 493.0, 502.0, 504.0, 512.0, 502.0], "FP": [459.0, 235.0, 204.0, 178.0, 168.0, 161.0, 140.0, 147.0, 141.0, 138.0, 150.0, 164.0, 182.0, 166.0, 180.0, 176.0, 209.0, 185.0, 219.0, 186.0, 199.0, 212.0, 202.0, 208.0, 196.0, 216.0, 212.0, 204.0, 222.0, 195.0, 217.0, 211.0, 215.0, 214.0, 214.0, 241.0, 220.0, 220.0, 224.0, 215.0, 213.0, 205.0, 215.0], "FN": [284.0, 404.0, 429.0, 440.0, 444.0, 453.0, 449.0, 448.0, 445.0, 436.0, 418.0, 405.0, 382.0, 354.0, 360.0, 340.0, 321.0, 319.0, 303.0, 315.0, 308.0, 289.0, 285.0, 287.0, 284.0, 282.0, 294.0, 270.0, 264.0, 260.0, 272.0, 267.0, 229.0, 251.0, 240.0, 241.0, 235.0, 237.0, 230.0, 234.0, 240.0, 212.0, 220.0], "Precision": [0.48542600870132446, 0.5711678862571716, 0.5853658318519592, 0.6087912321090698, 0.6190476417541504, 0.6211764812469482, 0.656862735748291, 0.6466346383094788, 0.658595621585846, 0.6706444025039673, 0.6659242510795593, 0.6554622054100037, 0.6479690670967102, 0.6862003803253174, 0.6648044586181641, 0.6817359924316406, 0.6545454263687134, 0.682675838470459, 0.6540284156799316, 0.6836734414100647, 0.6726973652839661, 0.668749988079071, 0.6813880205154419, 0.6739811897277832, 0.6883942484855652, 0.6682027578353882, 0.6661417484283447, 0.6866359710693359, 0.6711111068725586, 0.7009202241897583, 0.6722054481506348, 0.680786669254303, 0.6941678524017334, 0.6852940917015076, 0.6903039216995239, 0.6638772487640381, 0.68660968542099, 0.6857143044471741, 0.6849507689476013, 0.6919770836830139, 0.6913043260574341, 0.7112675905227661, 0.6980336904525757], "Recall": [0.6039051413536072, 0.4365411400794983, 0.40167364478111267, 0.3863319456577301, 0.38075312972068787, 0.3682008385658264, 0.37377962470054626, 0.375174343585968, 0.3793584406375885, 0.39191073179244995, 0.41701534390449524, 0.4351464509963989, 0.4672245383262634, 0.5062761306762695, 0.49790793657302856, 0.525801956653595, 0.5523012280464172, 0.5550906658172607, 0.5774058699607849, 0.560669481754303, 0.5704323649406433, 0.5969316363334656, 0.6025104522705078, 0.5997210741043091, 0.6039051413536072, 0.6066945791244507, 0.589958131313324, 0.6234309673309326, 0.6317991614341736, 0.6373779773712158, 0.6206415891647339, 0.6276150345802307, 0.6806136965751648, 0.6499302387237549, 0.6652719378471375, 0.6638772487640381, 0.672245442867279, 0.6694560647010803, 0.6792189478874207, 0.6736401915550232, 0.6652719378471375, 0.7043235898017883, 0.6931659579277039], "AUC": [0.4953821003437042, 0.5585014820098877, 0.5698264837265015, 0.5952908396720886, 0.5797896981239319, 0.601730465888977, 0.607967734336853, 0.6160645484924316, 0.6391860246658325, 0.6453667879104614, 0.6546746492385864, 0.6641690731048584, 0.6735360622406006, 0.6906712651252747, 0.6940296292304993, 0.6979442834854126, 0.7120770812034607, 0.7156484723091125, 0.7055256962776184, 0.7126052379608154, 0.7203198671340942, 0.7177881002426147, 0.7241625189781189, 0.7330783009529114, 0.7298833727836609, 0.7156941890716553, 0.7185526490211487, 0.7338972091674805, 0.7280306220054626, 0.7506783604621887, 0.733710527420044, 0.7422702312469482, 0.7557426691055298, 0.7461392879486084, 0.7542273998260498, 0.742041826248169, 0.7557834982872009, 0.7611318230628967, 0.7523415684700012, 0.7571218013763428, 0.7639767527580261, 0.7768411636352539, 0.7674838304519653], "val_loss": [0.6909815073013306, 0.6727156043052673, 0.6546111106872559, 0.648555338382721, 0.6493356823921204, 0.6353301405906677, 0.6718349456787109, 0.6508913636207581, 0.7752685546875, 0.691139817237854, 0.6138307452201843, 0.7032576203346252, 0.755853533744812, 0.7962771058082581, 0.9389826059341431, 0.644626259803772, 0.7406170964241028, 0.8167421221733093, 0.9774942398071289, 0.637195348739624, 0.6128356456756592, 0.6229464411735535, 0.599016547203064, 0.7137652635574341, 0.9019814133644104, 0.6065502166748047, 0.6308934688568115, 0.8119821548461914, 0.680410623550415, 0.6398614048957825, 1.0684232711791992, 1.1711137294769287, 0.8795192241668701, 0.8302937746047974, 0.6460601687431335, 1.1018412113189697, 1.1916184425354004, 1.1143145561218262, 0.8702229261398315, 0.9646647572517395, 0.6180201172828674, 1.8250852823257446, 3.5218448638916016], "val_accuracy": [0.6218181848526001, 0.6218181848526001, 0.6218181848526001, 0.6290909051895142, 0.614545464515686, 0.585454523563385, 0.4909090995788574, 0.614545464515686, 0.614545464515686, 0.5163636207580566, 0.6618182063102722, 0.5090909004211426, 0.49454545974731445, 0.4763636291027069, 0.4290909171104431, 0.6036363840103149, 0.5236363410949707, 0.4981818199157715, 0.4509090781211853, 0.6472727060317993, 0.6399999856948853, 0.607272744178772, 0.6800000071525574, 0.6581818461418152, 0.47999998927116394, 0.6399999856948853, 0.6327272653579712, 0.5309090614318848, 0.6690909266471863, 0.610909104347229, 0.46909090876579285, 0.4763636291027069, 0.5236363410949707, 0.5236363410949707, 0.6218181848526001, 0.47999998927116394, 0.4290909171104431, 0.5018181800842285, 0.5163636207580566, 0.4872727394104004, 0.6618182063102722, 0.4145454466342926, 0.3781818151473999], "val_benchmark_433": [104.0, 104.0, 104.0, 102.0, 106.0, 114.0, 140.0, 106.0, 106.0, 133.0, 93.0, 135.0, 139.0, 144.0, 157.0, 109.0, 131.0, 138.0, 151.0, 97.0, 99.0, 108.0, 88.0, 94.0, 143.0, 99.0, 101.0, 129.0, 91.0, 107.0, 146.0, 144.0, 131.0, 131.0, 104.0, 143.0, 157.0, 137.0, 133.0, 141.0, 93.0, 161.0, 171.0],