{"loss": [0.8063673973083496, 0.7948610782623291, 0.7756494283676147, 0.7482556104660034, 0.719222903251648, 0.688650369644165, 0.6764668822288513, 0.6709833741188049, 0.6549391746520996, 0.6912041902542114, 0.6710008978843689, 0.6611306667327881, 0.6588863730430603, 0.6717185378074646, 0.6664819717407227, 0.6557577848434448, 0.654694676399231, 0.6564367413520813, 0.6478743553161621, 0.6454312205314636, 0.6689141392707825, 0.6528545618057251, 0.6408721804618835, 0.6382064819335938, 0.644298255443573, 0.6351341605186462, 0.6357373595237732, 0.6491208672523499, 0.681151807308197, 0.6774073243141174], "accuracy": [0.5251045823097229, 0.5341701507568359, 0.5160390734672546, 0.5230125784873962, 0.5369595289230347, 0.5578800439834595, 0.590655505657196, 0.5857740640640259, 0.5997210741043091, 0.5920501947402954, 0.590655505657196, 0.6241283416748047, 0.6241283416748047, 0.6046025156974792, 0.6129707098007202, 0.6262203454971313, 0.6304044723510742, 0.6304044723510742, 0.6262203454971313, 0.6317991614341736, 0.6150627732276917, 0.6429567933082581, 0.6290097832679749, 0.6450487971305847, 0.6436541080474854, 0.6555090546607971, 0.6394700407981873, 0.624825656414032, 0.6185495257377625, 0.6213389039039612], "benchmark_753": [681.0, 668.0, 694.0, 684.0, 664.0, 634.0, 587.0, 594.0, 574.0, 585.0, 587.0, 539.0, 539.0, 567.0, 555.0, 536.0, 530.0, 530.0, 536.0, 528.0, 552.0, 512.0, 532.0, 509.0, 511.0, 494.0, 517.0, 538.0, 547.0, 543.0], "TP": [364.0, 377.0, 362.0, 365.0, 369.0, 378.0, 383.0, 380.0, 367.0, 406.0, 365.0, 393.0, 395.0, 368.0, 380.0, 416.0, 431.0, 394.0, 375.0, 400.0, 378.0, 411.0, 399.0, 436.0, 435.0, 408.0, 419.0, 367.0, 399.0, 439.0], "TN": [389.0, 389.0, 378.0, 385.0, 401.0, 422.0, 464.0, 460.0, 493.0, 443.0, 482.0, 502.0, 500.0, 499.0, 499.0, 482.0, 473.0, 510.0, 523.0, 506.0, 504.0, 511.0, 503.0, 489.0, 488.0, 532.0, 498.0, 529.0, 488.0, 452.0], "FP": [328.0, 328.0, 339.0, 332.0, 316.0, 295.0, 253.0, 257.0, 224.0, 274.0, 235.0, 215.0, 217.0, 218.0, 218.0, 235.0, 244.0, 207.0, 194.0, 211.0, 213.0, 206.0, 214.0, 228.0, 229.0, 185.0, 219.0, 188.0, 229.0, 265.0], "FN": [353.0, 340.0, 355.0, 352.0, 348.0, 339.0, 334.0, 337.0, 350.0, 311.0, 352.0, 324.0, 322.0, 349.0, 337.0, 301.0, 286.0, 323.0, 342.0, 317.0, 339.0, 306.0, 318.0, 281.0, 282.0, 309.0, 298.0, 350.0, 318.0, 278.0], "Precision": [0.52601158618927, 0.5347517728805542, 0.5164051651954651, 0.523672878742218, 0.5386861562728882, 0.5616641640663147, 0.6022012829780579, 0.5965462923049927, 0.6209813952445984, 0.5970588326454163, 0.6083333492279053, 0.6463815569877625, 0.6454248428344727, 0.6279863715171814, 0.6354514956474304, 0.6390169262886047, 0.6385185122489929, 0.6555740237236023, 0.6590509414672852, 0.6546644568443298, 0.6395938992500305, 0.6661264300346375, 0.650897204875946, 0.6566265225410461, 0.6551204919815063, 0.6880269646644592, 0.6567398309707642, 0.661261260509491, 0.6353503465652466, 0.6235795617103577], "Recall": [0.5076708793640137, 0.525801956653595, 0.5048814415931702, 0.509065568447113, 0.5146443247795105, 0.5271966457366943, 0.5341701507568359, 0.5299860239028931, 0.5118549466133118, 0.5662482380867004, 0.509065568447113, 0.5481171607971191, 0.5509065389633179, 0.5132496356964111, 0.5299860239028931, 0.5801952481269836, 0.6011157631874084, 0.5495118498802185, 0.5230125784873962, 0.5578800439834595, 0.5271966457366943, 0.573221743106842, 0.5564853549003601, 0.60808926820755, 0.6066945791244507, 0.569037675857544, 0.5843793749809265, 0.5118549466133118, 0.5564853549003601, 0.6122733354568481], "AUC": [0.5312542915344238, 0.5438902378082275, 0.5277588367462158, 0.5403558611869812, 0.5434894561767578, 0.5864694714546204, 0.6301798224449158, 0.6344193816184998, 0.653340220451355, 0.6421689987182617, 0.6432077288627625, 0.6603817343711853, 0.6768156290054321, 0.6529374718666077, 0.6712747812271118, 0.6791207194328308, 0.6800914406776428, 0.6814355254173279, 0.6863131523132324, 0.6938672661781311, 0.6737238764762878, 0.6995033621788025, 0.6962831616401672, 0.7093673944473267, 0.7059118151664734, 0.7196895480155945, 0.7042438983917236, 0.6875647902488708, 0.67934250831604, 0.6622248291969299], "val_loss": [0.7425035238265991, 0.7114783525466919, 0.926832377910614, 0.6445732712745667, 1.5713797807693481, 0.671553373336792, 0.9643672108650208, 0.6744896769523621, 1.197866678237915, 0.7877353429794312, 0.6672912836074829, 0.6920797228813171, 0.678713858127594, 0.8081207275390625, 0.6947978734970093, 0.8171835541725159, 0.9981300830841064, 0.8926160335540771, 1.1592336893081665, 1.122551441192627, 0.7461358904838562, 1.2849011421203613, 0.6372255682945251, 0.8874677419662476, 0.977565586566925, 0.7438721656799316, 1.2591334581375122, 1.3736239671707153, 0.6919847726821899, 0.7744418978691101], "val_accuracy": [0.4000000059604645, 0.6218181848526001, 0.4981818199157715, 0.610909104347229, 0.5272727012634277, 0.6363636255264282, 0.4727272689342499, 0.6327272653579712, 0.5163636207580566, 0.6909090876579285, 0.6654545664787292, 0.6363636255264282, 0.6218181848526001, 0.47999998927116394, 0.5563636422157288, 0.585454523563385, 0.5490909218788147, 0.5709090828895569, 0.49454545974731445, 0.5927272439002991, 0.589090883731842, 0.5163636207580566, 0.6399999856948853, 0.5454545617103577, 0.5127272605895996, 0.607272744178772, 0.47999998927116394, 0.6654545664787292, 0.6618182063102722, 0.6290909051895142], "val_benchmark_753": [165.0, 104.0, 138.0, 107.0, 130.0, 100.0, 145.0, 101.0, 133.0, 85.0, 92.0, 100.0, 104.0, 143.0, 122.0, 114.0, 124.0, 118.0, 139.0, 112.0, 113.0, 133.0, 99.0, 125.0, 134.0, 108.0, 143.0, 92.0, 93.0, 102.0], "val_TP": [10.0, 171.0, 52.0, 161.0, 123.0, 103.0, 43.0, 94.0, 49.0, 133.0, 105.0, 109.0, 144.0, 33.0, 54.0, 79.0, 58.0, 98.0, 41.0, 112.0, 77.0, 45.0, 163.0, 57.0, 45.0, 84.0, 37.0, 136.0, 110.0, 131.0], "val_TN": [100.0, 0.0, 85.0, 7.0, 22.0, 72.0, 87.0, 80.0, 93.0, 57.0, 78.0, 66.0, 27.0, 99.0, 99.0, 82.0, 93.0, 59.0, 95.0, 51.0, 85.0, 97.0, 13.0, 93.0, 96.0, 83.0, 95.0, 47.0, 72.0, 42.0], "val_FP": [4.0, 104.0, 19.0, 97.0, 82.0, 32.0, 17.0, 24.0, 11.0, 47.0, 26.0, 38.0, 77.0, 5.0, 5.0, 22.0, 11.0, 45.0, 9.0, 53.0, 19.0, 7.0, 91.0, 11.0, 8.0, 21.0, 9.0, 57.0, 32.0, 62.0], "val_FN": [161.0, 0.0, 119.0, 10.0, 48.0, 68.0, 128.0, 77.0, 122.0, 38.0, 66.0, 62.0, 27.0, 138.0, 117.0, 92.0, 113.0, 73.0, 130.0, 59.0, 94.0, 126.0, 8.0, 114.0, 126.0, 87.0, 134.0, 35.0, 61.0, 40.0], "val_Precision": [0.7142857313156128, 0.6218181848526001, 0.7323943376541138, 0.6240310072898865, 0.6000000238418579, 0.7629629373550415, 0.7166666388511658, 0.7966101765632629, 0.8166666626930237, 0.7388888597488403, 0.8015267252922058, 0.7414966225624084, 0.651583731174469, 0.8684210777282715, 0.9152542352676392, 0.7821782231330872, 0.8405796885490417, 0.6853147149085999, 0.8199999928474426, 0.678787887096405, 0.8020833134651184, 0.8653846383094788, 0.6417322754859924, 0.8382353186607361, 0.849056601524353, 0.800000011920929, 0.804347813129425, 0.7046632170677185, 0.7746478915214539, 0.6787564754486084], "val_Recall": [0.05847953259944916, 1.0, 0.3040935695171356, 0.9415204524993896, 0.719298243522644, 0.6023392081260681, 0.2514619827270508, 0.5497075915336609, 0.28654971718788147, 0.7777777910232544, 0.6140350699424744, 0.6374269127845764, 0.8421052694320679, 0.19298245012760162, 0.31578946113586426, 0.46198830008506775, 0.3391812741756439, 0.5730994343757629, 0.23976607620716095, 0.6549707651138306, 0.4502924084663391, 0.2631579041481018, 0.9532163739204407, 0.3333333432674408, 0.2631579041481018, 0.4912280738353729, 0.2163742631673813, 0.7953216433525085, 0.6432748436927795, 0.7660818696022034],