{"loss": [1.1106452941894531, 1.082748293876648, 1.01837158203125, 1.0104039907455444, 0.9496299028396606, 0.9854899644851685, 0.9842222929000854, 0.9497960805892944, 0.9901065826416016, 0.970899760723114, 0.9037193655967712, 0.9210582375526428, 0.9551088809967041, 0.9299309849739075, 0.9237574934959412, 0.9345488548278809, 0.9557592272758484, 0.927530825138092, 0.9224745631217957, 0.929621160030365, 0.9149410724639893], "accuracy": [0.5013946890830994, 0.49511855840682983, 0.5153416991233826, 0.5034867525100708, 0.517433762550354, 0.5055788159370422, 0.49790793657302856, 0.49860531091690063, 0.4679218828678131, 0.4818688929080963, 0.509065568447113, 0.49093446135520935, 0.4755927622318268, 0.5146443247795105, 0.508368194103241, 0.4902370870113373, 0.4888423979282379, 0.5216178297996521, 0.49442121386528015, 0.525801956653595, 0.5076708793640137], "benchmark_157": [715.0, 724.0, 695.0, 712.0, 692.0, 709.0, 720.0, 719.0, 763.0, 743.0, 704.0, 730.0, 752.0, 696.0, 705.0, 731.0, 733.0, 686.0, 725.0, 680.0, 706.0], "TP": [583.0, 567.0, 544.0, 511.0, 510.0, 502.0, 472.0, 446.0, 422.0, 420.0, 433.0, 435.0, 401.0, 428.0, 417.0, 383.0, 383.0, 412.0, 371.0, 389.0, 382.0], "TN": [136.0, 143.0, 195.0, 211.0, 232.0, 223.0, 242.0, 269.0, 249.0, 271.0, 297.0, 269.0, 281.0, 310.0, 312.0, 320.0, 318.0, 336.0, 338.0, 365.0, 346.0], "FP": [581.0, 574.0, 522.0, 506.0, 485.0, 494.0, 475.0, 448.0, 468.0, 446.0, 420.0, 448.0, 436.0, 407.0, 405.0, 397.0, 399.0, 381.0, 379.0, 352.0, 371.0], "FN": [134.0, 150.0, 173.0, 206.0, 207.0, 215.0, 245.0, 271.0, 295.0, 297.0, 284.0, 282.0, 316.0, 289.0, 300.0, 334.0, 334.0, 305.0, 346.0, 328.0, 335.0], "Precision": [0.5008590817451477, 0.4969325065612793, 0.51031893491745, 0.5024582147598267, 0.5125628113746643, 0.5040160417556763, 0.4984160363674164, 0.49888142943382263, 0.47415730357170105, 0.4849884510040283, 0.5076201558113098, 0.4926387369632721, 0.479092001914978, 0.5125748515129089, 0.5072992444038391, 0.4910256266593933, 0.4897698163986206, 0.5195460319519043, 0.4946666657924652, 0.5249662399291992, 0.5073041319847107], "Recall": [0.8131101727485657, 0.7907949686050415, 0.758716881275177, 0.7126917839050293, 0.7112970948219299, 0.7001394629478455, 0.6582984924316406, 0.6220362782478333, 0.5885634422302246, 0.5857740640640259, 0.6039051413536072, 0.6066945791244507, 0.5592747330665588, 0.5969316363334656, 0.581589937210083, 0.5341701507568359, 0.5341701507568359, 0.5746164321899414, 0.517433762550354, 0.5425383448600769, 0.5327754616737366], "AUC": [0.4996401071548462, 0.4925898015499115, 0.5194032788276672, 0.5120766758918762, 0.5267521739006042, 0.5086590051651001, 0.4998667538166046, 0.5024110674858093, 0.4718453288078308, 0.483320027589798, 0.5286847949028015, 0.5144002437591553, 0.4712948501110077, 0.5059620141983032, 0.5068159699440002, 0.4959598183631897, 0.48179301619529724, 0.5138925313949585, 0.49366745352745056, 0.5093291401863098, 0.4998074471950531], "val_loss": [0.6711671352386475, 0.6820918917655945, 0.6958101987838745, 0.7111678719520569, 0.727735698223114, 0.7470526695251465, 0.7646909356117249, 0.7789034247398376, 0.7941484451293945, 0.8071622848510742, 0.8204818964004517, 0.8360719084739685, 0.8469914197921753, 0.8584485054016113, 0.8701537251472473, 0.8760486245155334, 0.8809387683868408, 0.8912305235862732, 0.8969630002975464, 0.8979247212409973, 0.9013472199440002], "val_accuracy": [0.6218181848526001, 0.6218181848526001, 0.3781818151473999, 0.3781818151473999, 0.3781818151473999, 0.3781818151473999, 0.3781818151473999, 0.3781818151473999, 0.3781818151473999, 0.3781818151473999, 0.3781818151473999, 0.3781818151473999, 0.3781818151473999, 0.3781818151473999, 0.3781818151473999, 0.3781818151473999, 0.3781818151473999, 0.3781818151473999, 0.3781818151473999, 0.3781818151473999, 0.3781818151473999], "val_benchmark_157": [104.0, 104.0, 171.0, 171.0, 171.0, 171.0, 171.0, 171.0, 171.0, 171.0, 171.0, 171.0, 171.0, 171.0, 171.0, 171.0, 171.0, 171.0, 171.0, 171.0, 171.0], "val_TP": [171.0, 171.0, 0.0, 0.0, 0.0, 0.0, 0.0, 0.0, 0.0, 0.0, 0.0, 0.0, 0.0, 0.0, 0.0, 0.0, 0.0, 0.0, 0.0, 0.0, 0.0], "val_TN": [0.0, 0.0, 104.0, 104.0, 104.0, 104.0, 104.0, 104.0, 104.0, 104.0, 104.0, 104.0, 104.0, 104.0, 104.0, 104.0, 104.0, 104.0, 104.0, 104.0, 104.0], "val_FP": [104.0, 104.0, 0.0, 0.0, 0.0, 0.0, 0.0, 0.0, 0.0, 0.0, 0.0, 0.0, 0.0, 0.0, 0.0, 0.0, 0.0, 0.0, 0.0, 0.0, 0.0], "val_FN": [0.0, 0.0, 171.0, 171.0, 171.0, 171.0, 171.0, 171.0, 171.0, 171.0, 171.0, 171.0, 171.0, 171.0, 171.0, 171.0, 171.0, 171.0, 171.0, 171.0, 171.0], "val_Precision": [0.6218181848526001, 0.6218181848526001, 0.0, 0.0, 0.0, 0.0, 0.0, 0.0, 0.0, 0.0, 0.0, 0.0, 0.0, 0.0, 0.0, 0.0, 0.0, 0.0, 0.0, 0.0, 0.0], "val_Recall": [1.0, 1.0, 0.0, 0.0, 0.0, 0.0, 0.0, 0.0, 0.0, 0.0, 0.0, 0.0, 0.0, 0.0, 0.0, 0.0, 0.0, 0.0, 0.0, 0.0, 0.0], "val_AUC": [0.5, 0.5, 0.5, 0.5, 0.5, 0.5, 0.5, 0.5, 0.5, 0.5, 0.5, 0.5, 0.5, 0.5, 0.5, 0.5, 0.5037674307823181, 0.5, 0.5269343256950378, 0.5, 0.5]}