{"loss": [0.689703643321991, 0.6918508410453796, 0.6906290054321289, 0.6927111744880676, 0.6900818347930908, 0.6923744082450867, 0.6899462342262268, 0.6910221576690674, 0.6910421848297119, 0.6898012161254883, 0.6914169788360596, 0.6910011768341064, 0.6897521018981934, 0.6910067796707153, 0.6902698874473572, 0.6925153732299805, 0.6914199590682983, 0.6917116045951843, 0.6904223561286926, 0.6910866498947144, 0.6917799115180969, 0.6898857355117798, 0.6913853287696838, 0.6921031475067139, 0.6919280290603638, 0.6900116801261902, 0.6922011971473694, 0.6915895938873291, 0.6904990673065186, 0.6912177205085754, 0.6915205121040344, 0.6919223070144653, 0.6905214786529541, 0.6920444965362549, 0.6917415261268616, 0.689786970615387], "accuracy": [0.5132496356964111, 0.5055788159370422, 0.5153416991233826, 0.4993026554584503, 0.534867525100708, 0.5104602575302124, 0.5237098932266235, 0.5271966457366943, 0.5125523209571838, 0.5223152041435242, 0.5097628831863403, 0.517433762550354, 0.5188284516334534, 0.5237098932266235, 0.5237098932266235, 0.5209205150604248, 0.5027893781661987, 0.5097628831863403, 0.5139470100402832, 0.5069735050201416, 0.49860531091690063, 0.517433762550354, 0.5230125784873962, 0.5097628831863403, 0.509065568447113, 0.5334727764129639, 0.49790793657302856, 0.5104602575302124, 0.525801956653595, 0.5118549466133118, 0.509065568447113, 0.5188284516334534, 0.5153416991233826, 0.5041841268539429, 0.5139470100402832, 0.5376569032669067], "benchmark_1129": [698.0, 709.0, 695.0, 718.0, 667.0, 702.0, 683.0, 678.0, 699.0, 685.0, 703.0, 692.0, 690.0, 683.0, 683.0, 687.0, 713.0, 703.0, 697.0, 707.0, 719.0, 692.0, 684.0, 703.0, 704.0, 669.0, 720.0, 702.0, 680.0, 700.0, 704.0, 690.0, 695.0, 711.0, 697.0, 663.0], "TP": [433.0, 446.0, 442.0, 431.0, 455.0, 433.0, 446.0, 446.0, 435.0, 443.0, 431.0, 426.0, 434.0, 437.0, 442.0, 426.0, 424.0, 427.0, 427.0, 420.0, 412.0, 431.0, 435.0, 416.0, 409.0, 417.0, 406.0, 399.0, 435.0, 422.0, 411.0, 412.0, 416.0, 395.0, 415.0, 431.0], "TN": [303.0, 279.0, 297.0, 285.0, 312.0, 299.0, 305.0, 310.0, 300.0, 306.0, 300.0, 316.0, 310.0, 314.0, 309.0, 321.0, 297.0, 304.0, 310.0, 307.0, 303.0, 311.0, 315.0, 315.0, 321.0, 348.0, 308.0, 333.0, 319.0, 312.0, 319.0, 332.0, 323.0, 328.0, 322.0, 340.0], "FP": [414.0, 438.0, 420.0, 432.0, 405.0, 418.0, 412.0, 407.0, 417.0, 411.0, 417.0, 401.0, 407.0, 403.0, 408.0, 396.0, 420.0, 413.0, 407.0, 410.0, 414.0, 406.0, 402.0, 402.0, 396.0, 369.0, 409.0, 384.0, 398.0, 405.0, 398.0, 385.0, 394.0, 389.0, 395.0, 377.0], "FN": [284.0, 271.0, 275.0, 286.0, 262.0, 284.0, 271.0, 271.0, 282.0, 274.0, 286.0, 291.0, 283.0, 280.0, 275.0, 291.0, 293.0, 290.0, 290.0, 297.0, 305.0, 286.0, 282.0, 301.0, 308.0, 300.0, 311.0, 318.0, 282.0, 295.0, 306.0, 305.0, 301.0, 322.0, 302.0, 286.0], "Precision": [0.5112160444259644, 0.5045248866081238, 0.5127609968185425, 0.4994206130504608, 0.5290697813034058, 0.5088131427764893, 0.5198135375976562, 0.5228604674339294, 0.5105633735656738, 0.5187353491783142, 0.5082547068595886, 0.5151148438453674, 0.5160523056983948, 0.5202381014823914, 0.5199999809265137, 0.5182482004165649, 0.5023696422576904, 0.5083333253860474, 0.5119904279708862, 0.5060241222381592, 0.49878934025764465, 0.5149343013763428, 0.519713282585144, 0.5085574388504028, 0.5080745220184326, 0.5305343270301819, 0.4981594979763031, 0.50957852602005, 0.5222088694572449, 0.5102781057357788, 0.5080345869064331, 0.5169385075569153, 0.5135802626609802, 0.5038265585899353, 0.5123456716537476, 0.5334158539772034], "Recall": [0.6039051413536072, 0.6220362782478333, 0.616457462310791, 0.6011157631874084, 0.6345885396003723, 0.6039051413536072, 0.6220362782478333, 0.6220362782478333, 0.6066945791244507, 0.6178521513938904, 0.6011157631874084, 0.5941422581672668, 0.6052998900413513, 0.6094839572906494, 0.616457462310791, 0.5941422581672668, 0.5913528800010681, 0.5955369472503662, 0.5955369472503662, 0.5857740640640259, 0.5746164321899414, 0.6011157631874084, 0.6066945791244507, 0.5801952481269836, 0.5704323649406433, 0.581589937210083, 0.5662482380867004, 0.5564853549003601, 0.6066945791244507, 0.5885634422302246, 0.573221743106842, 0.5746164321899414, 0.5801952481269836, 0.5509065389633179, 0.5788005590438843, 0.6011157631874084], "AUC": [0.5374429225921631, 0.5136824250221252, 0.529127299785614, 0.5103405714035034, 0.5455728769302368, 0.5142183303833008, 0.5335671901702881, 0.5301961302757263, 0.5312776565551758, 0.5389435887336731, 0.5212492346763611, 0.5355589985847473, 0.5280991792678833, 0.536252498626709, 0.5458850860595703, 0.5155109167098999, 0.5251026749610901, 0.5228102803230286, 0.5388502478599548, 0.5247107148170471, 0.5123810768127441, 0.5443308353424072, 0.5243216753005981, 0.5216042399406433, 0.5185531973838806, 0.5323134660720825, 0.5073771476745605, 0.5236943364143372, 0.5349006056785583, 0.523429811000824, 0.5246815085411072, 0.5274942517280579, 0.532024621963501, 0.5202766060829163, 0.5201483368873596, 0.5433883666992188], "val_loss": [0.6896088719367981, 0.6888355612754822, 0.687199592590332, 0.6847890019416809, 0.6816482543945312, 0.6779877543449402, 0.6743292808532715, 0.671122133731842, 0.6684673428535461, 0.6666310429573059, 0.6656157970428467, 0.6654548645019531, 0.6662185192108154, 0.6681069135665894, 0.6711339950561523, 0.6746193766593933, 0.6777932047843933, 0.6802542209625244, 0.6819310188293457, 0.6829665303230286, 0.6836053729057312, 0.6840286254882812, 0.6842758655548096, 0.6844372749328613, 0.6845338344573975, 0.6845783591270447, 0.6846169233322144, 0.6846451759338379, 0.6846424341201782, 0.6846458315849304, 0.6846413612365723, 0.6846336126327515, 0.6846323013305664, 0.6846229434013367, 0.6846234798431396, 0.6846195459365845], "val_accuracy": [0.6218181848526001, 0.6218181848526001, 0.6218181848526001, 0.6218181848526001, 0.6218181848526001, 0.6218181848526001, 0.6218181848526001, 0.6218181848526001, 0.6218181848526001, 0.6218181848526001, 0.6218181848526001, 0.6218181848526001, 0.6218181848526001, 0.6218181848526001, 0.6181818246841431, 0.6290909051895142, 0.6036363840103149, 0.5636363625526428, 0.5236363410949707, 0.4872727394104004, 0.5127272605895996, 0.5236363410949707, 0.5236363410949707, 0.5199999809265137, 0.5090909004211426, 0.5163636207580566, 0.5199999809265137, 0.5199999809265137, 0.5199999809265137, 0.5199999809265137, 0.5199999809265137, 0.5127272605895996, 0.5127272605895996, 0.5127272605895996, 0.5127272605895996, 0.5127272605895996], "val_benchmark_1129": [104.0, 104.0, 104.0, 104.0, 104.0, 104.0, 104.0, 104.0, 104.0, 104.0, 104.0, 104.0, 104.0, 104.0, 105.0, 102.0, 109.0, 120.0, 131.0, 141.0, 134.0, 131.0, 131.0, 132.0, 135.0, 133.0, 132.0, 132.0, 132.0, 132.0, 132.0, 134.0, 134.0, 134.0, 134.0, 134.0], "val_TP": [171.0, 171.0, 171.0, 171.0, 171.0, 171.0, 171.0, 171.0, 171.0, 171.0, 171.0, 171.0, 171.0, 171.0, 170.0, 165.0, 147.0, 124.0, 105.0, 90.0, 88.0, 86.0, 85.0, 83.0, 80.0, 80.0, 80.0, 80.0, 80.0, 80.0, 80.0, 78.0, 78.0, 78.0, 78.0, 78.0], "val_TN": [0.0, 0.0, 0.0, 0.0, 0.0, 0.0, 0.0, 0.0, 0.0, 0.0, 0.0, 0.0, 0.0, 0.0, 0.0, 8.0, 19.0, 31.0, 39.0, 44.0, 53.0, 58.0, 59.0, 60.0, 60.0, 62.0, 63.0, 63.0, 63.0, 63.0, 63.0, 63.0, 63.0, 63.0, 63.0, 63.0], "val_FP": [104.0, 104.0, 104.0, 104.0, 104.0, 104.0, 104.0, 104.0, 104.0, 104.0, 104.0, 104.0, 104.0, 104.0, 104.0, 96.0, 85.0, 73.0, 65.0, 60.0, 51.0, 46.0, 45.0, 44.0, 44.0, 42.0, 41.0, 41.0, 41.0, 41.0, 41.0, 41.0, 41.0, 41.0, 41.0, 41.0], "val_FN": [0.0, 0.0, 0.0, 0.0, 0.0, 0.0, 0.0, 0.0, 0.0, 0.0, 0.0, 0.0, 0.0, 0.0, 1.0, 6.0, 24.0, 47.0, 66.0, 81.0, 83.0, 85.0, 86.0, 88.0, 91.0, 91.0, 91.0, 91.0, 91.0, 91.0, 91.0, 93.0, 93.0, 93.0, 93.0, 93.0],