{"loss": [0.6940963864326477, 0.6934199929237366, 0.6933664679527283, 0.6933718919754028, 0.6934490203857422, 0.6934701204299927, 0.6934009790420532, 0.6934120059013367, 0.6933969855308533, 0.6934471130371094, 0.6933571696281433, 0.6933886408805847, 0.6934108138084412, 0.6932801008224487, 0.6933818459510803, 0.6934255361557007, 0.693478524684906, 0.6932671666145325, 0.6933784484863281, 0.6935459971427917, 0.6933565735816956], "accuracy": [0.5013946890830994, 0.4888423979282379, 0.4888423979282379, 0.48326361179351807, 0.4860529899597168, 0.47629010677337646, 0.5, 0.47629010677337646, 0.48326361179351807, 0.47768479585647583, 0.4790794849395752, 0.4902370870113373, 0.4930264949798584, 0.49442121386528015, 0.4930264949798584, 0.4790794849395752, 0.48326361179351807, 0.49860531091690063, 0.47629010677337646, 0.4860529899597168, 0.4818688929080963], "benchmark_1384": [715.0, 733.0, 733.0, 741.0, 737.0, 751.0, 717.0, 751.0, 741.0, 749.0, 747.0, 731.0, 727.0, 725.0, 727.0, 747.0, 741.0, 719.0, 751.0, 737.0, 743.0], "TP": [158.0, 639.0, 114.0, 495.0, 480.0, 245.0, 122.0, 245.0, 495.0, 141.0, 492.0, 535.0, 257.0, 661.0, 82.0, 230.0, 600.0, 51.0, 350.0, 270.0, 284.0], "TN": [561.0, 62.0, 587.0, 198.0, 217.0, 438.0, 595.0, 438.0, 198.0, 544.0, 195.0, 168.0, 450.0, 48.0, 625.0, 457.0, 93.0, 664.0, 333.0, 427.0, 407.0], "FP": [156.0, 655.0, 130.0, 519.0, 500.0, 279.0, 122.0, 279.0, 519.0, 173.0, 522.0, 549.0, 267.0, 669.0, 92.0, 260.0, 624.0, 53.0, 384.0, 290.0, 310.0], "FN": [559.0, 78.0, 603.0, 222.0, 237.0, 472.0, 595.0, 472.0, 222.0, 576.0, 225.0, 182.0, 460.0, 56.0, 635.0, 487.0, 117.0, 666.0, 367.0, 447.0, 433.0], "Precision": [0.5031847357749939, 0.49381762742996216, 0.46721312403678894, 0.4881656765937805, 0.4897959232330322, 0.46755725145339966, 0.5, 0.46755725145339966, 0.4881656765937805, 0.4490445852279663, 0.48520711064338684, 0.4935424327850342, 0.49045801162719727, 0.49699246883392334, 0.4712643623352051, 0.4693877696990967, 0.4901960790157318, 0.49038460850715637, 0.47683924436569214, 0.4821428656578064, 0.4781144857406616], "Recall": [0.2203626185655594, 0.8912134170532227, 0.1589958220720291, 0.6903765797615051, 0.6694560647010803, 0.34170153737068176, 0.1701534241437912, 0.34170153737068176, 0.6903765797615051, 0.19665272533893585, 0.6861924529075623, 0.7461645603179932, 0.3584379255771637, 0.9218968152999878, 0.11436541378498077, 0.32078102231025696, 0.8368200659751892, 0.071129709482193, 0.48814505338668823, 0.3765690326690674, 0.39609482884407043], "AUC": [0.4726078510284424, 0.48846501111984253, 0.49162787199020386, 0.4801707863807678, 0.4826236069202423, 0.4751988649368286, 0.478809118270874, 0.4866637587547302, 0.4720359742641449, 0.4926472008228302, 0.49006399512290955, 0.48557645082473755, 0.4781983196735382, 0.48744767904281616, 0.4790794849395752, 0.47380611300468445, 0.48152849078178406, 0.4996848702430725, 0.47947630286216736, 0.4746969938278198, 0.4957827925682068], "val_loss": [0.6921338438987732, 0.6936594843864441, 0.6914182305335999, 0.6913464665412903, 0.6927241683006287, 0.6933565139770508, 0.6929190754890442, 0.6914231777191162, 0.6915225982666016, 0.6914089918136597, 0.6916828751564026, 0.692863941192627, 0.6927510499954224, 0.6946724057197571, 0.6943308115005493, 0.6932743191719055, 0.6949738264083862, 0.6920214295387268, 0.6925148963928223, 0.6928361058235168, 0.6918692588806152], "val_accuracy": [0.6218181848526001, 0.3781818151473999, 0.6218181848526001, 0.6218181848526001, 0.6218181848526001, 0.3781818151473999, 0.6218181848526001, 0.6218181848526001, 0.6218181848526001, 0.6218181848526001, 0.6218181848526001, 0.6218181848526001, 0.6218181848526001, 0.3781818151473999, 0.3781818151473999, 0.3781818151473999, 0.3781818151473999, 0.6218181848526001, 0.6218181848526001, 0.6218181848526001, 0.6218181848526001], "val_benchmark_1384": [104.0, 171.0, 104.0, 104.0, 104.0, 171.0, 104.0, 104.0, 104.0, 104.0, 104.0, 104.0, 104.0, 171.0, 171.0, 171.0, 171.0, 104.0, 104.0, 104.0, 104.0], "val_TP": [171.0, 0.0, 171.0, 171.0, 171.0, 0.0, 171.0, 171.0, 171.0, 171.0, 171.0, 171.0, 171.0, 0.0, 0.0, 0.0, 0.0, 171.0, 171.0, 171.0, 171.0], "val_TN": [0.0, 104.0, 0.0, 0.0, 0.0, 104.0, 0.0, 0.0, 0.0, 0.0, 0.0, 0.0, 0.0, 104.0, 104.0, 104.0, 104.0, 0.0, 0.0, 0.0, 0.0], "val_FP": [104.0, 0.0, 104.0, 104.0, 104.0, 0.0, 104.0, 104.0, 104.0, 104.0, 104.0, 104.0, 104.0, 0.0, 0.0, 0.0, 0.0, 104.0, 104.0, 104.0, 104.0], "val_FN": [0.0, 171.0, 0.0, 0.0, 0.0, 171.0, 0.0, 0.0, 0.0, 0.0, 0.0, 0.0, 0.0, 171.0, 171.0, 171.0, 171.0, 0.0, 0.0, 0.0, 0.0], "val_Precision": [0.6218181848526001, 0.0, 0.6218181848526001, 0.6218181848526001, 0.6218181848526001, 0.0, 0.6218181848526001, 0.6218181848526001, 0.6218181848526001, 0.6218181848526001, 0.6218181848526001, 0.6218181848526001, 0.6218181848526001, 0.0, 0.0, 0.0, 0.0, 0.6218181848526001, 0.6218181848526001, 0.6218181848526001, 0.6218181848526001], "val_Recall": [1.0, 0.0, 1.0, 1.0, 1.0, 0.0, 1.0, 1.0, 1.0, 1.0, 1.0, 1.0, 1.0, 0.0, 0.0, 0.0, 0.0, 1.0, 1.0, 1.0, 1.0], "val_AUC": [0.5, 0.5, 0.5, 0.5, 0.5, 0.5, 0.5, 0.5, 0.5, 0.5, 0.5, 0.5, 0.5, 0.5, 0.5, 0.5, 0.5, 0.5, 0.5, 0.5, 0.5]}