{"loss": [0.6898176670074463, 0.6844702959060669, 0.6818272471427917, 0.6772025227546692, 0.6738281846046448, 0.6696117520332336, 0.6627155542373657, 0.6601253151893616, 0.6531484723091125, 0.6498987078666687, 0.6413915753364563, 0.636491060256958, 0.6290761828422546, 0.6238372921943665, 0.6232422590255737, 0.6146445274353027, 0.6101697683334351, 0.6081339716911316, 0.6043536067008972, 0.5994991064071655, 0.6021237969398499, 0.5976278781890869, 0.5995920896530151, 0.59786057472229, 0.5943540334701538, 0.5950059294700623, 0.5893369317054749, 0.592888593673706, 0.5904517769813538, 0.5847577452659607, 0.5849321484565735, 0.5813512206077576, 0.5799165964126587, 0.5785927772521973, 0.5803364515304565, 0.5773360729217529, 0.5778694152832031, 0.5739057660102844, 0.576625406742096, 0.5697042942047119, 0.5756787657737732, 0.5724630951881409, 0.570883572101593, 0.5687463283538818, 0.5656504034996033, 0.5619446635246277], "accuracy": [0.543235719203949, 0.560669481754303, 0.555787980556488, 0.5627614855766296, 0.5662482380867004, 0.5739191174507141, 0.5794979333877563, 0.589958131313324, 0.6011157631874084, 0.6108786463737488, 0.6150627732276917, 0.624825656414032, 0.6485355496406555, 0.6429567933082581, 0.6457461714744568, 0.6610878705978394, 0.6694560647010803, 0.6659693121910095, 0.6785216331481934, 0.6792189478874207, 0.6813110113143921, 0.6729428172111511, 0.6847977638244629, 0.6806136965751648, 0.685495138168335, 0.685495138168335, 0.6987447738647461, 0.6827057003974915, 0.6889818906784058, 0.6806136965751648, 0.6868898272514343, 0.6973500847816467, 0.685495138168335, 0.6903765797615051, 0.6834030747413635, 0.6910738945007324, 0.6896792054176331, 0.6973500847816467, 0.6987447738647461, 0.7008368372917175, 0.6952580213546753, 0.7043235898017883, 0.7057182788848877, 0.7029288411140442, 0.6931659579277039, 0.7008368372917175], "benchmark_1017": [655.0, 630.0, 637.0, 627.0, 622.0, 611.0, 603.0, 588.0, 572.0, 558.0, 552.0, 538.0, 504.0, 512.0, 508.0, 486.0, 474.0, 479.0, 461.0, 460.0, 457.0, 469.0, 452.0, 458.0, 451.0, 451.0, 432.0, 455.0, 446.0, 458.0, 449.0, 434.0, 451.0, 444.0, 454.0, 443.0, 445.0, 434.0, 432.0, 429.0, 437.0, 424.0, 422.0, 426.0, 440.0, 429.0], "TP": [369.0, 357.0, 337.0, 330.0, 317.0, 323.0, 336.0, 342.0, 356.0, 371.0, 396.0, 397.0, 432.0, 432.0, 443.0, 451.0, 462.0, 452.0, 460.0, 458.0, 468.0, 457.0, 467.0, 471.0, 466.0, 470.0, 482.0, 474.0, 477.0, 469.0, 477.0, 476.0, 457.0, 471.0, 468.0, 472.0, 472.0, 484.0, 477.0, 490.0, 482.0, 483.0, 484.0, 486.0, 484.0, 484.0], "TN": [410.0, 447.0, 460.0, 477.0, 495.0, 500.0, 495.0, 504.0, 506.0, 505.0, 486.0, 499.0, 498.0, 490.0, 483.0, 497.0, 498.0, 503.0, 513.0, 516.0, 509.0, 508.0, 515.0, 505.0, 517.0, 513.0, 520.0, 505.0, 511.0, 507.0, 508.0, 524.0, 526.0, 519.0, 512.0, 519.0, 517.0, 516.0, 525.0, 515.0, 515.0, 527.0, 528.0, 522.0, 510.0, 521.0], "FP": [307.0, 270.0, 257.0, 240.0, 222.0, 217.0, 222.0, 213.0, 211.0, 212.0, 231.0, 218.0, 219.0, 227.0, 234.0, 220.0, 219.0, 214.0, 204.0, 201.0, 208.0, 209.0, 202.0, 212.0, 200.0, 204.0, 197.0, 212.0, 206.0, 210.0, 209.0, 193.0, 191.0, 198.0, 205.0, 198.0, 200.0, 201.0, 192.0, 202.0, 202.0, 190.0, 189.0, 195.0, 207.0, 196.0], "FN": [348.0, 360.0, 380.0, 387.0, 400.0, 394.0, 381.0, 375.0, 361.0, 346.0, 321.0, 320.0, 285.0, 285.0, 274.0, 266.0, 255.0, 265.0, 257.0, 259.0, 249.0, 260.0, 250.0, 246.0, 251.0, 247.0, 235.0, 243.0, 240.0, 248.0, 240.0, 241.0, 260.0, 246.0, 249.0, 245.0, 245.0, 233.0, 240.0, 227.0, 235.0, 234.0, 233.0, 231.0, 233.0, 233.0], "Precision": [0.5458579659461975, 0.5693780183792114, 0.567340075969696, 0.5789473652839661, 0.5881261825561523, 0.5981481671333313, 0.602150559425354, 0.616216242313385, 0.6278659701347351, 0.6363636255264282, 0.6315789222717285, 0.6455284357070923, 0.6635944843292236, 0.6555386781692505, 0.6543574333190918, 0.6721311211585999, 0.6784141063690186, 0.6786786913871765, 0.6927710771560669, 0.6949924230575562, 0.692307710647583, 0.6861861944198608, 0.6980568170547485, 0.6896046996116638, 0.6996996998786926, 0.6973294019699097, 0.7098674774169922, 0.6909620761871338, 0.69838947057724, 0.6907216310501099, 0.6953352689743042, 0.7115097045898438, 0.7052469253540039, 0.7040358781814575, 0.6953937411308289, 0.7044776082038879, 0.7023809552192688, 0.7065693140029907, 0.713004469871521, 0.7080925107002258, 0.7046783566474915, 0.7176820039749146, 0.7191678881645203, 0.7136563658714294, 0.700434148311615, 0.7117646932601929], "Recall": [0.5146443247795105, 0.49790793657302856, 0.47001394629478455, 0.4602510333061218, 0.4421199560165405, 0.4504881501197815, 0.4686192572116852, 0.47698745131492615, 0.4965132474899292, 0.517433762550354, 0.5523012280464172, 0.5536959767341614, 0.6025104522705078, 0.6025104522705078, 0.6178521513938904, 0.6290097832679749, 0.6443514823913574, 0.6304044723510742, 0.6415620446205139, 0.6387726664543152, 0.6527196764945984, 0.6373779773712158, 0.651324987411499, 0.6569037437438965, 0.6499302387237549, 0.6555090546607971, 0.672245442867279, 0.6610878705978394, 0.6652719378471375, 0.6541143655776978, 0.6652719378471375, 0.6638772487640381, 0.6373779773712158, 0.6569037437438965, 0.6527196764945984, 0.6582984924316406, 0.6582984924316406, 0.6750348806381226, 0.6652719378471375, 0.6834030747413635, 0.672245442867279, 0.6736401915550232, 0.6750348806381226, 0.6778242588043213, 0.6750348806381226, 0.6750348806381226], "AUC": [0.5625028610229492, 0.5792557001113892, 0.5714623332023621, 0.5879351496696472, 0.5934439301490784, 0.5985597968101501, 0.6226188540458679, 0.6249958872795105, 0.6454407572746277, 0.6519678235054016, 0.6718875765800476, 0.683370053768158, 0.6992680430412292, 0.7036923766136169, 0.7083277106285095, 0.7214782238006592, 0.7251449227333069, 0.7269383072853088, 0.7333341240882874, 0.7390121817588806, 0.7344448566436768, 0.7407180070877075, 0.7381941676139832, 0.7405994534492493, 0.7453621625900269, 0.7436425685882568, 0.7515021562576294, 0.7456597685813904, 0.7492380142211914, 0.7549421787261963, 0.7553216218948364, 0.759962797164917, 0.7582150101661682, 0.7604830265045166, 0.7569643259048462, 0.7625508904457092, 0.7600143551826477, 0.7653616666793823, 0.7651252746582031, 0.7707576155662537, 0.7647664546966553, 0.7691323161125183, 0.7702372074127197, 0.7723983526229858, 0.7756147384643555, 0.7791968584060669], "val_loss": [0.7085441946983337, 0.7001765370368958, 0.690234899520874, 0.679152250289917, 0.6779067516326904, 0.6870888471603394, 0.7268713116645813, 0.7735067009925842, 0.7781253457069397, 0.7945859432220459, 0.7809657454490662, 0.7321784496307373, 0.682808518409729, 0.6554911732673645, 0.6159756779670715, 0.6066935062408447, 0.6134165525436401, 0.5988301038742065, 0.603476881980896, 0.5931258797645569, 0.5912655591964722, 0.5901350975036621, 0.5868934392929077, 0.5855686664581299, 0.6275020241737366, 0.5823260545730591, 0.5839112997055054, 0.6042940616607666, 0.609109103679657, 0.6070073246955872, 0.5969154834747314, 0.6091184020042419, 0.6261346340179443, 0.6435944437980652, 0.5820510983467102, 0.589164137840271, 0.6029080748558044, 0.5811101198196411, 0.5791587829589844, 0.6396234035491943, 0.6030658483505249, 0.5836964249610901, 0.6106294393539429, 0.5771311521530151, 0.5977919101715088, 0.6402633786201477],