{"loss": [0.6869391798973083, 0.6802994012832642, 0.6733723878860474, 0.6692516207695007, 0.6647827625274658, 0.6598907709121704, 0.6539579629898071, 0.6502318382263184, 0.6474550366401672, 0.6371840238571167, 0.6353424787521362, 0.627022385597229, 0.6231856346130371, 0.6252684593200684, 0.6212747097015381, 0.6149879097938538, 0.6121752262115479, 0.6124401092529297, 0.6061694622039795, 0.6090147495269775, 0.6018403768539429, 0.5988063216209412, 0.5973170399665833, 0.5977277159690857, 0.5951180458068848, 0.5924879312515259, 0.5902993679046631, 0.587492048740387, 0.5763706564903259, 0.5794265866279602, 0.5747407674789429, 0.569496750831604, 0.5750553011894226, 0.5743145942687988, 0.5683350563049316, 0.5771883726119995, 0.5744291543960571, 0.5631797909736633, 0.5623660087585449, 0.5669792890548706, 0.5499540567398071, 0.5526129007339478, 0.5520612001419067, 0.5503276586532593, 0.5483691096305847, 0.5487903356552124, 0.5304266214370728, 0.5357370376586914, 0.5450782179832458, 0.531217634677887, 0.5277385711669922, 0.5113445520401001, 0.5214612483978271, 0.5163785219192505], "accuracy": [0.5704323649406433, 0.5753138065338135, 0.5781031847000122, 0.5794979333877563, 0.5801952481269836, 0.5962343215942383, 0.6025104522705078, 0.6122733354568481, 0.6032078266143799, 0.6276150345802307, 0.6241283416748047, 0.6352859139442444, 0.6345885396003723, 0.6345885396003723, 0.6534169912338257, 0.651324987411499, 0.6582984924316406, 0.651324987411499, 0.6562064290046692, 0.642259418964386, 0.6750348806381226, 0.6729428172111511, 0.6701534390449524, 0.6694560647010803, 0.6687586903572083, 0.6820083856582642, 0.6750348806381226, 0.6764295697212219, 0.6882845163345337, 0.6896792054176331, 0.6868898272514343, 0.7043235898017883, 0.6882845163345337, 0.6917712688446045, 0.7099023461341858, 0.6841003894805908, 0.6827057003974915, 0.6987447738647461, 0.6987447738647461, 0.6931659579277039, 0.7057182788848877, 0.7112970948219299, 0.7015341520309448, 0.7057182788848877, 0.7099023461341858, 0.7050209045410156, 0.7308228611946106, 0.7280334830284119, 0.7140864729881287, 0.7308228611946106, 0.7294281721115112, 0.7440724968910217, 0.7336122989654541, 0.7370990514755249], "benchmark_1336": [616.0, 609.0, 605.0, 603.0, 602.0, 579.0, 570.0, 556.0, 569.0, 534.0, 539.0, 523.0, 524.0, 524.0, 497.0, 500.0, 490.0, 500.0, 493.0, 513.0, 466.0, 469.0, 473.0, 474.0, 475.0, 456.0, 466.0, 464.0, 447.0, 445.0, 449.0, 424.0, 447.0, 442.0, 416.0, 453.0, 455.0, 432.0, 432.0, 440.0, 422.0, 414.0, 428.0, 422.0, 416.0, 423.0, 386.0, 390.0, 410.0, 386.0, 388.0, 367.0, 382.0, 377.0], "TP": [301.0, 304.0, 304.0, 314.0, 303.0, 311.0, 315.0, 325.0, 329.0, 361.0, 363.0, 381.0, 369.0, 368.0, 400.0, 409.0, 406.0, 408.0, 417.0, 430.0, 438.0, 441.0, 459.0, 456.0, 459.0, 472.0, 467.0, 477.0, 493.0, 485.0, 486.0, 500.0, 484.0, 488.0, 500.0, 490.0, 486.0, 496.0, 501.0, 493.0, 494.0, 516.0, 506.0, 502.0, 516.0, 516.0, 518.0, 527.0, 520.0, 530.0, 526.0, 538.0, 529.0, 538.0], "TN": [517.0, 521.0, 525.0, 517.0, 529.0, 544.0, 549.0, 553.0, 536.0, 539.0, 532.0, 530.0, 541.0, 542.0, 537.0, 525.0, 538.0, 526.0, 524.0, 491.0, 530.0, 524.0, 502.0, 504.0, 500.0, 506.0, 501.0, 493.0, 494.0, 504.0, 499.0, 510.0, 503.0, 504.0, 518.0, 491.0, 493.0, 506.0, 501.0, 501.0, 518.0, 504.0, 500.0, 510.0, 502.0, 495.0, 530.0, 517.0, 504.0, 518.0, 520.0, 529.0, 523.0, 519.0], "FP": [200.0, 196.0, 192.0, 200.0, 188.0, 173.0, 168.0, 164.0, 181.0, 178.0, 185.0, 187.0, 176.0, 175.0, 180.0, 192.0, 179.0, 191.0, 193.0, 226.0, 187.0, 193.0, 215.0, 213.0, 217.0, 211.0, 216.0, 224.0, 223.0, 213.0, 218.0, 207.0, 214.0, 213.0, 199.0, 226.0, 224.0, 211.0, 216.0, 216.0, 199.0, 213.0, 217.0, 207.0, 215.0, 222.0, 187.0, 200.0, 213.0, 199.0, 197.0, 188.0, 194.0, 198.0], "FN": [416.0, 413.0, 413.0, 403.0, 414.0, 406.0, 402.0, 392.0, 388.0, 356.0, 354.0, 336.0, 348.0, 349.0, 317.0, 308.0, 311.0, 309.0, 300.0, 287.0, 279.0, 276.0, 258.0, 261.0, 258.0, 245.0, 250.0, 240.0, 224.0, 232.0, 231.0, 217.0, 233.0, 229.0, 217.0, 227.0, 231.0, 221.0, 216.0, 224.0, 223.0, 201.0, 211.0, 215.0, 201.0, 201.0, 199.0, 190.0, 197.0, 187.0, 191.0, 179.0, 188.0, 179.0], "Precision": [0.6007984280586243, 0.6079999804496765, 0.6129032373428345, 0.6108949184417725, 0.6171079277992249, 0.6425619721412659, 0.6521739363670349, 0.6646216511726379, 0.6450980305671692, 0.6697587966918945, 0.6624087691307068, 0.6707746386528015, 0.6770642399787903, 0.6777163743972778, 0.6896551847457886, 0.6805324554443359, 0.6940171122550964, 0.6811352372169495, 0.6836065649986267, 0.6554877758026123, 0.7008000016212463, 0.6955835819244385, 0.6810088753700256, 0.681614339351654, 0.6789940595626831, 0.6910688281059265, 0.683748185634613, 0.6804565191268921, 0.6885474920272827, 0.6948423981666565, 0.6903409361839294, 0.7072135806083679, 0.6934097409248352, 0.6961483359336853, 0.7153075933456421, 0.6843575239181519, 0.6845070719718933, 0.7015558481216431, 0.6987447738647461, 0.6953455805778503, 0.7128427028656006, 0.7078189253807068, 0.6998617053031921, 0.7080394625663757, 0.7058823704719543, 0.6991869807243347, 0.7347517609596252, 0.7248968482017517, 0.7094133496284485, 0.7270233035087585, 0.7275242209434509, 0.7410468459129333, 0.7316735982894897, 0.73097825050354], "Recall": [0.41980475187301636, 0.42398884892463684, 0.42398884892463684, 0.43793582916259766, 0.4225941300392151, 0.4337517321109772, 0.4393305480480194, 0.4532775580883026, 0.45885634422302246, 0.5034867525100708, 0.5062761306762695, 0.5313807725906372, 0.5146443247795105, 0.5132496356964111, 0.5578800439834595, 0.5704323649406433, 0.5662482380867004, 0.569037675857544, 0.581589937210083, 0.5997210741043091, 0.6108786463737488, 0.6150627732276917, 0.6401673555374146, 0.6359832882881165, 0.6401673555374146, 0.6582984924316406, 0.651324987411499, 0.6652719378471375, 0.6875871419906616, 0.6764295697212219, 0.6778242588043213, 0.6973500847816467, 0.6750348806381226, 0.6806136965751648, 0.6973500847816467, 0.6834030747413635, 0.6778242588043213, 0.6917712688446045, 0.6987447738647461, 0.6875871419906616, 0.6889818906784058, 0.7196652889251709, 0.7057182788848877, 0.7001394629478455, 0.7196652889251709, 0.7196652889251709, 0.7224546670913696, 0.7350069880485535, 0.7252440452575684, 0.7391910552978516, 0.7336122989654541, 0.750348687171936, 0.7377963662147522, 0.750348687171936], "AUC": [0.5722861289978027, 0.5918604731559753, 0.6141271591186523, 0.6296059489250183, 0.6356953978538513, 0.6556520462036133, 0.6635553240776062, 0.6757925152778625, 0.6777125000953674, 0.697176992893219, 0.6964629888534546, 0.7100191116333008, 0.7102330327033997, 0.7049148678779602, 0.7196740508079529, 0.7226706147193909, 0.7243103384971619, 0.71724933385849, 0.7288164496421814, 0.722370982170105, 0.7369025945663452, 0.7372546792030334, 0.739541232585907, 0.7369871735572815, 0.742651641368866, 0.7491893172264099, 0.745210587978363, 0.7466868162155151, 0.7654774188995361, 0.7599462866783142, 0.7653898000717163, 0.7730159163475037, 0.7650367617607117, 0.7660444378852844, 0.7743504047393799, 0.7641741037368774, 0.7626772522926331, 0.779533326625824, 0.7782183289527893, 0.7742860913276672, 0.7918376326560974, 0.790573239326477, 0.7878937125205994, 0.791847288608551, 0.7943954467773438, 0.7896736264228821, 0.8125062584877014, 0.8084290623664856, 0.796217143535614, 0.8128096461296082, 0.8149074912071228, 0.8289139270782471, 0.8201742172241211, 0.8225492238998413],