{"loss": [0.6959268450737, 0.6957072615623474, 0.6952891945838928, 0.6984211206436157, 0.6934152841567993, 0.6956704258918762, 0.6924382448196411, 0.6947999596595764, 0.695663332939148, 0.696353018283844, 0.6945554614067078, 0.6969295740127563, 0.6945270299911499, 0.6938782930374146, 0.6908354163169861, 0.6918891072273254, 0.6926597952842712, 0.6914097666740417, 0.6937407851219177, 0.6950266361236572, 0.6902977228164673, 0.6943910717964172, 0.6942998170852661, 0.6923092603683472, 0.6921631097793579, 0.6938761472702026, 0.6910430788993835, 0.6925604939460754, 0.6893013715744019, 0.6884329915046692, 0.6896788477897644, 0.6885097026824951, 0.691027045249939, 0.6908925771713257, 0.6914829611778259, 0.6903508305549622, 0.6865466237068176, 0.6866572499275208, 0.6880642771720886], "accuracy": [0.5132496356964111, 0.5041841268539429, 0.49860531091690063, 0.4937238395214081, 0.5223152041435242, 0.4965132474899292, 0.5313807725906372, 0.5041841268539429, 0.4888423979282379, 0.4860529899597168, 0.508368194103241, 0.4860529899597168, 0.5153416991233826, 0.5167363882064819, 0.534867525100708, 0.5202231407165527, 0.5209205150604248, 0.5125523209571838, 0.5097628831863403, 0.5034867525100708, 0.5202231407165527, 0.5034867525100708, 0.4902370870113373, 0.5313807725906372, 0.5167363882064819, 0.5160390734672546, 0.5299860239028931, 0.5048814415931702, 0.5383542776107788, 0.5460250973701477, 0.5376569032669067, 0.5467224717140198, 0.5362622141838074, 0.5271966457366943, 0.5299860239028931, 0.5306833982467651, 0.5536959767341614, 0.5509065389633179, 0.5481171607971191], "benchmark_405": [698.0, 711.0, 719.0, 726.0, 685.0, 722.0, 672.0, 711.0, 733.0, 737.0, 705.0, 737.0, 695.0, 693.0, 667.0, 688.0, 687.0, 699.0, 703.0, 712.0, 688.0, 712.0, 731.0, 672.0, 693.0, 694.0, 674.0, 710.0, 662.0, 651.0, 663.0, 650.0, 665.0, 678.0, 674.0, 673.0, 640.0, 644.0, 648.0], "TP": [323.0, 322.0, 305.0, 337.0, 371.0, 347.0, 379.0, 359.0, 352.0, 353.0, 352.0, 351.0, 366.0, 378.0, 363.0, 379.0, 376.0, 379.0, 359.0, 372.0, 384.0, 360.0, 361.0, 381.0, 365.0, 378.0, 354.0, 366.0, 388.0, 384.0, 382.0, 369.0, 362.0, 368.0, 359.0, 379.0, 393.0, 385.0, 382.0], "TN": [413.0, 401.0, 410.0, 371.0, 378.0, 365.0, 383.0, 364.0, 349.0, 344.0, 377.0, 346.0, 373.0, 363.0, 404.0, 367.0, 371.0, 356.0, 372.0, 350.0, 362.0, 362.0, 342.0, 381.0, 376.0, 362.0, 406.0, 358.0, 384.0, 399.0, 389.0, 415.0, 407.0, 388.0, 401.0, 382.0, 401.0, 405.0, 404.0], "FP": [304.0, 316.0, 307.0, 346.0, 339.0, 352.0, 334.0, 353.0, 368.0, 373.0, 340.0, 371.0, 344.0, 354.0, 313.0, 350.0, 346.0, 361.0, 345.0, 367.0, 355.0, 355.0, 375.0, 336.0, 341.0, 355.0, 311.0, 359.0, 333.0, 318.0, 328.0, 302.0, 310.0, 329.0, 316.0, 335.0, 316.0, 312.0, 313.0], "FN": [394.0, 395.0, 412.0, 380.0, 346.0, 370.0, 338.0, 358.0, 365.0, 364.0, 365.0, 366.0, 351.0, 339.0, 354.0, 338.0, 341.0, 338.0, 358.0, 345.0, 333.0, 357.0, 356.0, 336.0, 352.0, 339.0, 363.0, 351.0, 329.0, 333.0, 335.0, 348.0, 355.0, 349.0, 358.0, 338.0, 324.0, 332.0, 335.0], "Precision": [0.5151515007019043, 0.5047022104263306, 0.49836599826812744, 0.49341142177581787, 0.5225352048873901, 0.4964234530925751, 0.5315567851066589, 0.5042135119438171, 0.4888888895511627, 0.4862259030342102, 0.5086705088615417, 0.4861495792865753, 0.5154929757118225, 0.5163934230804443, 0.5369822382926941, 0.5198902487754822, 0.5207756161689758, 0.5121621489524841, 0.5099431872367859, 0.5033829212188721, 0.5196211338043213, 0.503496527671814, 0.49048912525177, 0.5313807725906372, 0.5169971585273743, 0.515688955783844, 0.5323308110237122, 0.5048275589942932, 0.5381414890289307, 0.5470085740089417, 0.5380281805992126, 0.5499255061149597, 0.538690447807312, 0.5279770493507385, 0.5318518280982971, 0.5308123230934143, 0.5543018579483032, 0.5523672699928284, 0.5496402978897095], "Recall": [0.4504881501197815, 0.44909343123435974, 0.4253835380077362, 0.47001394629478455, 0.517433762550354, 0.48396095633506775, 0.5285913348197937, 0.5006973743438721, 0.49093446135520935, 0.4923291504383087, 0.49093446135520935, 0.4895397424697876, 0.5104602575302124, 0.5271966457366943, 0.5062761306762695, 0.5285913348197937, 0.5244072675704956, 0.5285913348197937, 0.5006973743438721, 0.5188284516334534, 0.5355648398399353, 0.5020920634269714, 0.5034867525100708, 0.5313807725906372, 0.509065568447113, 0.5271966457366943, 0.4937238395214081, 0.5104602575302124, 0.5411436557769775, 0.5355648398399353, 0.5327754616737366, 0.5146443247795105, 0.5048814415931702, 0.5132496356964111, 0.5006973743438721, 0.5285913348197937, 0.5481171607971191, 0.5369595289230347, 0.5327754616737366], "AUC": [0.49646562337875366, 0.5010202527046204, 0.5018994808197021, 0.4803681969642639, 0.5202727317810059, 0.49730589985847473, 0.5282655954360962, 0.5049514770507812, 0.49363821744918823, 0.48925381898880005, 0.5091627836227417, 0.4860588312149048, 0.505368709564209, 0.5147464871406555, 0.5411757230758667, 0.5306202173233032, 0.5237614512443542, 0.530349850654602, 0.511951208114624, 0.49984145164489746, 0.5379875898361206, 0.5070960521697998, 0.5043562650680542, 0.5276732444763184, 0.5268620848655701, 0.5124199986457825, 0.5373427867889404, 0.5184054374694824, 0.5486394762992859, 0.5589927434921265, 0.551668107509613, 0.5597561597824097, 0.5413128733634949, 0.535230278968811, 0.5298070907592773, 0.5354111790657043, 0.5741856098175049, 0.5706590414047241, 0.5567197203636169], "val_loss": [0.6979573369026184, 0.6984676718711853, 0.697365403175354, 0.6969777941703796, 0.696121096611023, 0.6952581405639648, 0.6944386959075928, 0.6934516429901123, 0.6926528811454773, 0.6926666498184204, 0.6926286220550537, 0.6923252940177917, 0.6916358470916748, 0.691543459892273, 0.6908779144287109, 0.690636932849884, 0.6904303431510925, 0.6905066967010498, 0.6896201372146606, 0.6893967390060425, 0.6895145177841187, 0.6891776919364929, 0.6890164017677307, 0.6888346672058105, 0.6882869005203247, 0.6882191896438599, 0.6877797245979309, 0.6877123713493347, 0.687578558921814, 0.6875384449958801, 0.687555730342865, 0.6871357560157776, 0.6865756511688232, 0.6858330368995667, 0.6854638457298279, 0.6850886940956116, 0.6851654648780823, 0.6844245195388794, 0.6838359236717224], "val_accuracy": [0.3781818151473999, 0.3781818151473999, 0.3781818151473999, 0.3781818151473999, 0.3781818151473999, 0.3781818151473999, 0.3781818151473999, 0.44727271795272827, 0.5490909218788147, 0.5454545617103577, 0.5199999809265137, 0.5381818413734436, 0.5454545617103577, 0.5454545617103577, 0.5563636422157288, 0.5527272820472717, 0.5527272820472717, 0.5527272820472717, 0.5636363625526428, 0.5636363625526428, 0.5527272820472717, 0.5563636422157288, 0.5490909218788147, 0.5490909218788147, 0.5600000023841858, 0.5527272820472717, 0.5636363625526428, 0.5563636422157288, 0.5563636422157288, 0.5563636422157288, 0.5527272820472717, 0.5636363625526428, 0.5563636422157288, 0.5527272820472717, 0.5600000023841858, 0.5600000023841858, 0.5600000023841858, 0.5636363625526428, 0.5636363625526428], "val_benchmark_405": [171.0, 171.0, 171.0, 171.0, 171.0, 171.0, 171.0, 152.0, 124.0, 125.0, 132.0, 127.0, 125.0, 125.0, 122.0, 123.0, 123.0, 123.0, 120.0, 120.0, 123.0, 122.0, 124.0, 124.0, 121.0, 123.0, 120.0, 122.0, 122.0, 122.0, 123.0, 120.0, 122.0, 123.0, 121.0, 121.0, 121.0, 120.0, 120.0], "val_TP": [0.0, 0.0, 0.0, 0.0, 0.0, 0.0, 0.0, 26.0, 84.0, 68.0, 58.0, 64.0, 78.0, 77.0, 85.0, 85.0, 85.0, 80.0, 90.0, 90.0, 84.0, 85.0, 83.0, 82.0, 87.0, 84.0, 88.0, 84.0, 83.0, 82.0, 78.0, 81.0, 83.0, 85.0, 86.0, 86.0, 84.0, 86.0, 88.0], "val_TN": [104.0, 104.0, 104.0, 104.0, 104.0, 104.0, 104.0, 97.0, 67.0, 82.0, 85.0, 84.0, 72.0, 73.0, 68.0, 67.0, 67.0, 72.0, 65.0, 65.0, 68.0, 68.0, 68.0, 69.0, 67.0, 68.0, 67.0, 69.0, 70.0, 71.0, 74.0, 74.0, 70.0, 67.0, 68.0, 68.0, 70.0, 69.0, 67.0], "val_FP": [0.0, 0.0, 0.0, 0.0, 0.0, 0.0, 0.0, 7.0, 37.0, 22.0, 19.0, 20.0, 32.0, 31.0, 36.0, 37.0, 37.0, 32.0, 39.0, 39.0, 36.0, 36.0, 36.0, 35.0, 37.0, 36.0, 37.0, 35.0, 34.0, 33.0, 30.0, 30.0, 34.0, 37.0, 36.0, 36.0, 34.0, 35.0, 37.0],