{"loss": [0.6869315505027771, 0.6770234107971191, 0.6683105230331421, 0.6636554002761841, 0.6637874841690063, 0.6587298512458801, 0.6531162858009338, 0.6487302184104919, 0.6493135094642639, 0.6456701755523682, 0.6409845948219299, 0.6359172463417053, 0.6380190849304199, 0.6330400109291077, 0.6256398558616638, 0.6227885484695435, 0.6180142164230347, 0.6190569996833801, 0.610508143901825, 0.60929274559021, 0.6113362908363342, 0.6103753447532654, 0.6155378222465515, 0.6075292229652405, 0.6015141010284424, 0.6076016426086426, 0.6018452644348145, 0.6010692119598389, 0.6017276048660278, 0.5950301885604858, 0.6063001751899719, 0.5953543782234192, 0.600935697555542, 0.6009287238121033, 0.5965447425842285, 0.5988405346870422, 0.5879409313201904, 0.5869845747947693, 0.5851244330406189, 0.5869246125221252, 0.5865660309791565, 0.5906942486763, 0.5892818570137024, 0.5878439545631409, 0.5834819674491882, 0.5793201923370361, 0.5842003226280212, 0.5807729363441467, 0.5798183083534241, 0.5793590545654297, 0.5826352834701538, 0.5849471688270569, 0.5769750475883484, 0.5848575234413147, 0.5851747393608093, 0.5772148966789246, 0.58233642578125, 0.5797742605209351, 0.5784164667129517, 0.5723482966423035, 0.5749335289001465], "accuracy": [0.5453277826309204, 0.5439330339431763, 0.5801952481269836, 0.5655509233474731, 0.599023699760437, 0.573221743106842, 0.5962343215942383, 0.6052998900413513, 0.5962343215942383, 0.6178521513938904, 0.615760087966919, 0.6032078266143799, 0.6136680841445923, 0.625523030757904, 0.6387726664543152, 0.6317991614341736, 0.6415620446205139, 0.6499302387237549, 0.650627613067627, 0.6576011180877686, 0.6610878705978394, 0.6631799340248108, 0.651324987411499, 0.6603904962539673, 0.668061375617981, 0.6450487971305847, 0.6673640012741089, 0.6673640012741089, 0.6645746231079102, 0.6764295697212219, 0.6576011180877686, 0.6847977638244629, 0.6638772487640381, 0.6736401915550232, 0.6743375062942505, 0.6757321953773499, 0.6799163222312927, 0.6847977638244629, 0.6750348806381226, 0.6806136965751648, 0.6861924529075623, 0.6645746231079102, 0.6799163222312927, 0.6743375062942505, 0.685495138168335, 0.6889818906784058, 0.6750348806381226, 0.6764295697212219, 0.6861924529075623, 0.6792189478874207, 0.6806136965751648, 0.6624825596809387, 0.6882845163345337, 0.6750348806381226, 0.6813110113143921, 0.6834030747413635, 0.6701534390449524, 0.6701534390449524, 0.685495138168335, 0.6889818906784058, 0.685495138168335], "benchmark_632": [652.0, 654.0, 602.0, 623.0, 575.0, 612.0, 579.0, 566.0, 579.0, 548.0, 551.0, 569.0, 554.0, 537.0, 518.0, 528.0, 514.0, 502.0, 501.0, 491.0, 486.0, 483.0, 500.0, 487.0, 476.0, 509.0, 477.0, 477.0, 481.0, 464.0, 491.0, 452.0, 482.0, 468.0, 467.0, 465.0, 459.0, 452.0, 466.0, 458.0, 450.0, 481.0, 459.0, 467.0, 451.0, 446.0, 466.0, 464.0, 450.0, 460.0, 458.0, 484.0, 447.0, 466.0, 457.0, 454.0, 473.0, 473.0, 451.0, 446.0, 451.0], "TP": [280.0, 362.0, 322.0, 403.0, 288.0, 341.0, 309.0, 306.0, 285.0, 314.0, 341.0, 336.0, 316.0, 394.0, 407.0, 366.0, 377.0, 377.0, 430.0, 425.0, 421.0, 437.0, 410.0, 440.0, 423.0, 466.0, 436.0, 454.0, 450.0, 456.0, 454.0, 472.0, 434.0, 426.0, 520.0, 422.0, 480.0, 457.0, 449.0, 474.0, 469.0, 433.0, 490.0, 449.0, 475.0, 466.0, 458.0, 448.0, 460.0, 467.0, 474.0, 447.0, 471.0, 462.0, 467.0, 469.0, 469.0, 460.0, 436.0, 508.0, 446.0], "TN": [502.0, 418.0, 510.0, 408.0, 571.0, 481.0, 546.0, 562.0, 570.0, 572.0, 542.0, 529.0, 564.0, 503.0, 509.0, 540.0, 543.0, 555.0, 503.0, 518.0, 527.0, 514.0, 524.0, 507.0, 535.0, 459.0, 521.0, 503.0, 503.0, 514.0, 489.0, 510.0, 518.0, 540.0, 447.0, 547.0, 495.0, 525.0, 519.0, 502.0, 515.0, 520.0, 485.0, 518.0, 508.0, 522.0, 510.0, 522.0, 524.0, 507.0, 502.0, 503.0, 516.0, 506.0, 510.0, 511.0, 492.0, 501.0, 547.0, 480.0, 537.0], "FP": [215.0, 299.0, 207.0, 309.0, 146.0, 236.0, 171.0, 155.0, 147.0, 145.0, 175.0, 188.0, 153.0, 214.0, 208.0, 177.0, 174.0, 162.0, 214.0, 199.0, 190.0, 203.0, 193.0, 210.0, 182.0, 258.0, 196.0, 214.0, 214.0, 203.0, 228.0, 207.0, 199.0, 177.0, 270.0, 170.0, 222.0, 192.0, 198.0, 215.0, 202.0, 197.0, 232.0, 199.0, 209.0, 195.0, 207.0, 195.0, 193.0, 210.0, 215.0, 214.0, 201.0, 211.0, 207.0, 206.0, 225.0, 216.0, 170.0, 237.0, 180.0], "FN": [437.0, 355.0, 395.0, 314.0, 429.0, 376.0, 408.0, 411.0, 432.0, 403.0, 376.0, 381.0, 401.0, 323.0, 310.0, 351.0, 340.0, 340.0, 287.0, 292.0, 296.0, 280.0, 307.0, 277.0, 294.0, 251.0, 281.0, 263.0, 267.0, 261.0, 263.0, 245.0, 283.0, 291.0, 197.0, 295.0, 237.0, 260.0, 268.0, 243.0, 248.0, 284.0, 227.0, 268.0, 242.0, 251.0, 259.0, 269.0, 257.0, 250.0, 243.0, 270.0, 246.0, 255.0, 250.0, 248.0, 248.0, 257.0, 281.0, 209.0, 271.0], "Precision": [0.5656565427780151, 0.5476550459861755, 0.6086956262588501, 0.5660112500190735, 0.6635944843292236, 0.5909878611564636, 0.643750011920929, 0.6637744307518005, 0.6597222089767456, 0.6840958595275879, 0.6608527302742004, 0.6412213444709778, 0.673774003982544, 0.6480262875556946, 0.6617886424064636, 0.6740331649780273, 0.6842105388641357, 0.6994433999061584, 0.6677018404006958, 0.6810897588729858, 0.6890343427658081, 0.682812511920929, 0.6799336671829224, 0.6769230961799622, 0.6991735696792603, 0.6436464190483093, 0.6898733973503113, 0.6796407103538513, 0.6777108311653137, 0.6919575333595276, 0.6656891703605652, 0.6951398849487305, 0.6856240034103394, 0.7064676880836487, 0.6582278609275818, 0.712837815284729, 0.6837607026100159, 0.7041602730751038, 0.6939721703529358, 0.687953531742096, 0.6989567875862122, 0.6873015761375427, 0.678670346736908, 0.6929012537002563, 0.6944444179534912, 0.704992413520813, 0.688721776008606, 0.6967340707778931, 0.7044410705566406, 0.6898079514503479, 0.687953531742096, 0.6762481331825256, 0.7008928656578064, 0.6864784359931946, 0.6928783655166626, 0.6948148012161255, 0.6757925152778625, 0.6804733872413635, 0.7194719314575195, 0.6818792223930359, 0.7124600410461426], "Recall": [0.3905160427093506, 0.5048814415931702, 0.44909343123435974, 0.5620641708374023, 0.40167364478111267, 0.4755927622318268, 0.43096235394477844, 0.42677825689315796, 0.3974895477294922, 0.43793582916259766, 0.4755927622318268, 0.4686192572116852, 0.4407252371311188, 0.5495118498802185, 0.5676429271697998, 0.5104602575302124, 0.525801956653595, 0.525801956653595, 0.5997210741043091, 0.5927475690841675, 0.5871687531471252, 0.6094839572906494, 0.5718270540237427, 0.6136680841445923, 0.589958131313324, 0.6499302387237549, 0.60808926820755, 0.633193850517273, 0.6276150345802307, 0.6359832882881165, 0.633193850517273, 0.6582984924316406, 0.6052998900413513, 0.5941422581672668, 0.7252440452575684, 0.5885634422302246, 0.6694560647010803, 0.6373779773712158, 0.6262203454971313, 0.6610878705978394, 0.6541143655776978, 0.6039051413536072, 0.6834030747413635, 0.6262203454971313, 0.6624825596809387, 0.6499302387237549, 0.6387726664543152, 0.624825656414032, 0.6415620446205139, 0.651324987411499, 0.6610878705978394, 0.6234309673309326, 0.6569037437438965, 0.6443514823913574, 0.651324987411499, 0.6541143655776978, 0.6541143655776978, 0.6415620446205139, 0.60808926820755, 0.7085076570510864, 0.6220362782478333],