{"loss": [0.04195966571569443, 0.0398729033768177, 0.038717541843652725, 0.03758999705314636, 0.03696255385875702, 0.03596291318535805, 0.03471464291214943, 0.03457815572619438, 0.03347979858517647, 0.031180979683995247, 0.03053435869514942, 0.030667122453451157, 0.028927866369485855, 0.029616862535476685, 0.026908403262495995, 0.025987396016716957, 0.026076767593622208, 0.02581847831606865, 0.022911831736564636, 0.021613463759422302, 0.024572402238845825, 0.022872839123010635, 0.01980322226881981, 0.020282616838812828, 0.019744424149394035, 0.017968015745282173, 0.015553887002170086, 0.016497794538736343, 0.016863927245140076, 0.01699087768793106, 0.014578958041965961, 0.014473126269876957, 0.01532155554741621, 0.018384680151939392, 0.010791403241455555], "accuracy": [0.5746164321899414, 0.6283124089241028, 0.6408647298812866, 0.6603904962539673, 0.6750348806381226, 0.6994421482086182, 0.7189679145812988, 0.7231520414352417, 0.7217572927474976, 0.758716881275177, 0.7622036337852478, 0.7656903862953186, 0.7873082160949707, 0.776150643825531, 0.801952600479126, 0.8152022361755371, 0.8047419786453247, 0.801952600479126, 0.8340306878089905, 0.8444909453392029, 0.8207810521125793, 0.8368200659751892, 0.874476969242096, 0.8563458919525146, 0.8633193969726562, 0.874476969242096, 0.9023709893226624, 0.9016736149787903, 0.9002789258956909, 0.8967921733856201, 0.9051603674888611, 0.913528561592102, 0.9142259359359741, 0.8877266645431519, 0.9449093341827393], "benchmark_948": [610.0, 533.0, 515.0, 487.0, 466.0, 431.0, 403.0, 397.0, 399.0, 346.0, 341.0, 336.0, 305.0, 321.0, 284.0, 265.0, 280.0, 284.0, 238.0, 223.0, 257.0, 234.0, 180.0, 206.0, 196.0, 180.0, 140.0, 141.0, 143.0, 148.0, 136.0, 124.0, 123.0, 161.0, 79.0], "TP": [394.0, 422.0, 437.0, 442.0, 434.0, 484.0, 488.0, 494.0, 493.0, 520.0, 519.0, 527.0, 544.0, 533.0, 564.0, 558.0, 567.0, 562.0, 586.0, 594.0, 574.0, 583.0, 619.0, 603.0, 605.0, 625.0, 637.0, 646.0, 632.0, 632.0, 646.0, 650.0, 654.0, 628.0, 670.0], "TN": [430.0, 479.0, 482.0, 505.0, 534.0, 519.0, 543.0, 543.0, 542.0, 568.0, 574.0, 571.0, 585.0, 580.0, 586.0, 611.0, 587.0, 588.0, 610.0, 617.0, 603.0, 617.0, 635.0, 625.0, 633.0, 629.0, 657.0, 647.0, 659.0, 654.0, 652.0, 660.0, 657.0, 645.0, 685.0], "FP": [287.0, 238.0, 235.0, 212.0, 183.0, 198.0, 174.0, 174.0, 175.0, 149.0, 143.0, 146.0, 132.0, 137.0, 131.0, 106.0, 130.0, 129.0, 107.0, 100.0, 114.0, 100.0, 82.0, 92.0, 84.0, 88.0, 60.0, 70.0, 58.0, 63.0, 65.0, 57.0, 60.0, 72.0, 32.0], "FN": [323.0, 295.0, 280.0, 275.0, 283.0, 233.0, 229.0, 223.0, 224.0, 197.0, 198.0, 190.0, 173.0, 184.0, 153.0, 159.0, 150.0, 155.0, 131.0, 123.0, 143.0, 134.0, 98.0, 114.0, 112.0, 92.0, 80.0, 71.0, 85.0, 85.0, 71.0, 67.0, 63.0, 89.0, 47.0], "Precision": [0.5785609483718872, 0.6393939256668091, 0.6502976417541504, 0.6758409738540649, 0.7034035921096802, 0.7096773982048035, 0.7371601462364197, 0.7395209670066833, 0.7380239367485046, 0.7772794961929321, 0.7839879393577576, 0.7830609083175659, 0.8047337532043457, 0.7955223917961121, 0.8115108013153076, 0.8403614163398743, 0.8134863972663879, 0.8133140206336975, 0.8455988168716431, 0.8559077978134155, 0.8343023061752319, 0.8535870909690857, 0.883024275302887, 0.867625892162323, 0.8780841827392578, 0.8765778541564941, 0.9139167666435242, 0.9022346138954163, 0.9159420132637024, 0.9093525409698486, 0.9085794687271118, 0.9193776249885559, 0.9159663915634155, 0.8971428275108337, 0.9544159770011902], "Recall": [0.5495118498802185, 0.5885634422302246, 0.6094839572906494, 0.616457462310791, 0.6052998900413513, 0.6750348806381226, 0.6806136965751648, 0.6889818906784058, 0.6875871419906616, 0.7252440452575684, 0.723849356174469, 0.7350069880485535, 0.758716881275177, 0.7433751821517944, 0.7866109013557434, 0.7782427072525024, 0.7907949686050415, 0.7838214635848999, 0.8172942996025085, 0.8284518718719482, 0.8005578517913818, 0.8131101727485657, 0.8633193969726562, 0.8410041928291321, 0.8437935709953308, 0.8716875910758972, 0.8884239792823792, 0.900976300239563, 0.8814504742622375, 0.8814504742622375, 0.900976300239563, 0.9065551161766052, 0.9121338725090027, 0.8758716583251953, 0.9344490766525269], "AUC": [0.623437762260437, 0.6912275552749634, 0.7109547257423401, 0.7426117062568665, 0.7549286484718323, 0.7771698832511902, 0.7894449830055237, 0.8002291917800903, 0.8168867826461792, 0.8446066975593567, 0.8543160557746887, 0.8487051725387573, 0.8737475275993347, 0.8613935708999634, 0.8916121125221252, 0.9013147354125977, 0.8971939086914062, 0.9001739025115967, 0.9253164529800415, 0.9331545829772949, 0.9155914783477783, 0.9264485239982605, 0.9485663175582886, 0.9436109066009521, 0.9485293626785278, 0.9562274217605591, 0.97010338306427, 0.9660038948059082, 0.964836835861206, 0.9624374508857727, 0.9731165170669556, 0.9733256697654724, 0.9706840515136719, 0.9575356245040894, 0.98878014087677], "val_loss": [0.05130826681852341, 0.06333519518375397, 0.07610679417848587, 0.09839697927236557, 0.09840617328882217, 0.14345762133598328, 0.18576422333717346, 0.1576710194349289, 0.11768466979265213, 0.10442281514406204, 0.05533304065465927, 0.049332767724990845, 0.058086782693862915, 0.04422847554087639, 0.04698256403207779, 0.06238526850938797, 0.06182240694761276, 0.08291548490524292, 0.08208154886960983, 0.07151957601308823, 0.08708713948726654, 0.06568223237991333, 0.11340770870447159, 0.08395314961671829, 0.08503581583499908, 0.12962593138217926, 0.11636814475059509, 0.12350068241357803, 0.10792616754770279, 0.1111108735203743, 0.1272970288991928, 0.13789589703083038, 0.17031729221343994, 0.1084836944937706, 0.125661700963974], "val_accuracy": [0.3781818151473999, 0.3781818151473999, 0.3781818151473999, 0.3781818151473999, 0.3781818151473999, 0.3781818151473999, 0.3781818151473999, 0.3781818151473999, 0.38181817531585693, 0.40727272629737854, 0.5345454812049866, 0.5963636636734009, 0.585454523563385, 0.6399999856948853, 0.7200000286102295, 0.7127272486686707, 0.6399999856948853, 0.5745454430580139, 0.614545464515686, 0.6800000071525574, 0.614545464515686, 0.6327272653579712, 0.6981818079948425, 0.6363636255264282, 0.607272744178772, 0.6981818079948425, 0.6545454263687134, 0.607272744178772, 0.6945454478263855, 0.6290909051895142, 0.6218181848526001, 0.6472727060317993, 0.6036363840103149, 0.6618182063102722, 0.6654545664787292], "val_benchmark_948": [171.0, 171.0, 171.0, 171.0, 171.0, 171.0, 171.0, 171.0, 170.0, 163.0, 128.0, 111.0, 114.0, 99.0, 77.0, 79.0, 99.0, 117.0, 106.0, 88.0, 106.0, 101.0, 83.0, 100.0, 108.0, 83.0, 95.0, 108.0, 84.0, 102.0, 104.0, 97.0, 109.0, 93.0, 92.0], "val_TP": [0.0, 0.0, 0.0, 0.0, 0.0, 0.0, 0.0, 0.0, 1.0, 8.0, 65.0, 77.0, 63.0, 96.0, 134.0, 147.0, 91.0, 68.0, 78.0, 125.0, 97.0, 101.0, 150.0, 101.0, 121.0, 151.0, 120.0, 94.0, 128.0, 98.0, 106.0, 111.0, 82.0, 116.0, 121.0], "val_TN": [104.0, 104.0, 104.0, 104.0, 104.0, 104.0, 104.0, 104.0, 104.0, 104.0, 82.0, 87.0, 98.0, 80.0, 64.0, 49.0, 85.0, 90.0, 91.0, 62.0, 72.0, 73.0, 42.0, 74.0, 46.0, 41.0, 60.0, 73.0, 63.0, 75.0, 65.0, 67.0, 84.0, 66.0, 62.0], "val_FP": [0.0, 0.0, 0.0, 0.0, 0.0, 0.0, 0.0, 0.0, 0.0, 0.0, 22.0, 17.0, 6.0, 24.0, 40.0, 55.0, 19.0, 14.0, 13.0, 42.0, 32.0, 31.0, 62.0, 30.0, 58.0, 63.0, 44.0, 31.0, 41.0, 29.0, 39.0, 37.0, 20.0, 38.0, 42.0], "val_FN": [171.0, 171.0, 171.0, 171.0, 171.0, 171.0, 171.0, 171.0, 170.0, 163.0, 106.0, 94.0, 108.0, 75.0, 37.0, 24.0, 80.0, 103.0, 93.0, 46.0, 74.0, 70.0, 21.0, 70.0, 50.0, 20.0, 51.0, 77.0, 43.0, 73.0, 65.0, 60.0, 89.0, 55.0, 50.0],