{"loss": [0.03770055994391441, 0.020840823650360107, 0.02004508674144745, 0.019877241924405098, 0.019583063200116158, 0.01927526853978634, 0.01871003583073616, 0.01885528489947319, 0.0194987952709198, 0.019271666184067726, 0.01880297251045704, 0.018503937870264053, 0.019041676074266434, 0.018424510955810547, 0.01836307905614376, 0.01810310408473015, 0.01891479827463627, 0.018229471519589424, 0.018300378695130348, 0.018497606739401817, 0.01824747584760189, 0.01867683045566082, 0.01782218925654888, 0.01793362945318222, 0.017803192138671875, 0.01787910796701908, 0.018308188766241074, 0.01810065284371376, 0.01740289479494095, 0.017592119053006172, 0.017686517909169197, 0.01747809909284115, 0.0175342820584774, 0.017380142584443092, 0.017512816935777664, 0.017401818186044693, 0.017721740528941154, 0.017278743907809258, 0.017350168898701668, 0.01772509515285492, 0.017031215131282806, 0.017038045451045036, 0.016861047595739365, 0.017253905534744263, 0.016980519518256187, 0.01728113740682602, 0.017585065215826035, 0.016902953386306763, 0.017619909718632698, 0.01733921654522419, 0.01700424589216709, 0.01713573932647705, 0.016991646960377693, 0.01690829172730446, 0.016779381781816483, 0.0169362872838974, 0.01684141717851162, 0.016767889261245728, 0.016714947298169136, 0.016672354191541672, 0.016935842111706734, 0.016819516196846962], "accuracy": [0.5418943762779236, 0.6438980102539062, 0.6448087692260742, 0.6502732038497925, 0.6684881448745728, 0.6612021923065186, 0.6785063743591309, 0.6894353628158569, 0.6602914333343506, 0.68123859167099, 0.68123859167099, 0.6830601096153259, 0.6557376980781555, 0.7012750506401062, 0.693989098072052, 0.687613844871521, 0.6857923269271851, 0.6994535326957703, 0.682149350643158, 0.6958105564117432, 0.7030965685844421, 0.6730418801307678, 0.7003642916679382, 0.7213114500045776, 0.7149362564086914, 0.7040072679519653, 0.6976320743560791, 0.7085610032081604, 0.7030965685844421, 0.7021858096122742, 0.7085610032081604, 0.7103825211524963, 0.7030965685844421, 0.7213114500045776, 0.7167577147483826, 0.7213114500045776, 0.7067395448684692, 0.7194899916648865, 0.7249544858932495, 0.6958105564117432, 0.7349726557731628, 0.7240437269210815, 0.7477231621742249, 0.7249544858932495, 0.7367941737174988, 0.7185792326927185, 0.7131147384643555, 0.7304189205169678, 0.7213114500045776, 0.7213114500045776, 0.7176684737205505, 0.7194899916648865, 0.7285974621772766, 0.7158470153808594, 0.7431694269180298, 0.7249544858932495, 0.7313296794891357, 0.7413479089736938, 0.7377049326896667, 0.7349726557731628, 0.7222222089767456, 0.7404371500015259], "benchmark": [637.0, 391.0, 390.0, 384.0, 364.0, 372.0, 353.0, 341.0, 373.0, 350.0, 350.0, 348.0, 378.0, 328.0, 336.0, 343.0, 345.0, 330.0, 349.0, 334.0, 326.0, 359.0, 329.0, 306.0, 313.0, 325.0, 332.0, 320.0, 326.0, 327.0, 320.0, 318.0, 326.0, 306.0, 311.0, 306.0, 322.0, 308.0, 302.0, 334.0, 291.0, 303.0, 277.0, 302.0, 289.0, 309.0, 315.0, 296.0, 306.0, 306.0, 310.0, 308.0, 298.0, 312.0, 282.0, 302.0, 295.0, 284.0, 288.0, 291.0, 305.0, 285.0], "TP": [422.0, 623.0, 603.0, 612.0, 595.0, 615.0, 617.0, 614.0, 584.0, 604.0, 598.0, 598.0, 579.0, 618.0, 600.0, 604.0, 585.0, 615.0, 570.0, 600.0, 593.0, 585.0, 609.0, 604.0, 607.0, 603.0, 582.0, 610.0, 609.0, 593.0, 610.0, 609.0, 600.0, 606.0, 596.0, 607.0, 601.0, 598.0, 603.0, 601.0, 611.0, 606.0, 618.0, 605.0, 603.0, 594.0, 598.0, 607.0, 585.0, 616.0, 572.0, 608.0, 603.0, 602.0, 600.0, 621.0, 611.0, 606.0, 613.0, 611.0, 600.0, 607.0], "TN": [173.0, 84.0, 105.0, 102.0, 139.0, 111.0, 128.0, 143.0, 141.0, 144.0, 150.0, 152.0, 141.0, 152.0, 162.0, 151.0, 168.0, 153.0, 179.0, 164.0, 179.0, 154.0, 160.0, 188.0, 178.0, 170.0, 184.0, 168.0, 163.0, 178.0, 168.0, 171.0, 172.0, 186.0, 191.0, 185.0, 175.0, 192.0, 193.0, 163.0, 196.0, 189.0, 203.0, 191.0, 206.0, 195.0, 185.0, 195.0, 207.0, 176.0, 216.0, 182.0, 197.0, 184.0, 216.0, 175.0, 192.0, 208.0, 197.0, 196.0, 193.0, 206.0], "FP": [218.0, 307.0, 286.0, 289.0, 252.0, 280.0, 263.0, 248.0, 250.0, 247.0, 241.0, 239.0, 250.0, 239.0, 229.0, 240.0, 223.0, 238.0, 212.0, 227.0, 212.0, 237.0, 231.0, 203.0, 213.0, 221.0, 207.0, 223.0, 228.0, 213.0, 223.0, 220.0, 219.0, 205.0, 200.0, 206.0, 216.0, 199.0, 198.0, 228.0, 195.0, 202.0, 188.0, 200.0, 185.0, 196.0, 206.0, 196.0, 184.0, 215.0, 175.0, 209.0, 194.0, 207.0, 175.0, 216.0, 199.0, 183.0, 194.0, 195.0, 198.0, 185.0], "FN": [285.0, 84.0, 104.0, 95.0, 112.0, 92.0, 90.0, 93.0, 123.0, 103.0, 109.0, 109.0, 128.0, 89.0, 107.0, 103.0, 122.0, 92.0, 137.0, 107.0, 114.0, 122.0, 98.0, 103.0, 100.0, 104.0, 125.0, 97.0, 98.0, 114.0, 97.0, 98.0, 107.0, 101.0, 111.0, 100.0, 106.0, 109.0, 104.0, 106.0, 96.0, 101.0, 89.0, 102.0, 104.0, 113.0, 109.0, 100.0, 122.0, 91.0, 135.0, 99.0, 104.0, 105.0, 107.0, 86.0, 96.0, 101.0, 94.0, 96.0, 107.0, 100.0], "Precision": [0.659375011920929, 0.6698924899101257, 0.6782901883125305, 0.6792452931404114, 0.702479362487793, 0.6871508359909058, 0.7011363506317139, 0.7122969627380371, 0.7002398371696472, 0.7097532153129578, 0.7127532958984375, 0.7144563794136047, 0.6984318494796753, 0.7211201786994934, 0.7237635850906372, 0.7156398296356201, 0.7240098714828491, 0.7209847569465637, 0.7289002537727356, 0.7255139350891113, 0.7366459369659424, 0.7116788029670715, 0.7250000238418579, 0.7484510540962219, 0.7402439117431641, 0.731796145439148, 0.7376425862312317, 0.732292890548706, 0.7275985479354858, 0.7357320189476013, 0.732292890548706, 0.7346200346946716, 0.732600748538971, 0.7472256422042847, 0.7487437129020691, 0.7466174364089966, 0.7356181144714355, 0.7503136992454529, 0.7528089880943298, 0.7249698638916016, 0.7580645084381104, 0.75, 0.766749382019043, 0.7515528202056885, 0.7652284502983093, 0.7518987059593201, 0.7437810897827148, 0.7559153437614441, 0.7607282400131226, 0.7412755489349365, 0.7657296061515808, 0.7441860437393188, 0.7565872073173523, 0.7441285252571106, 0.774193525314331, 0.7419354915618896, 0.7543209791183472, 0.7680608630180359, 0.7596034407615662, 0.7580645084381104, 0.7518796920776367, 0.7664141654968262], "Recall": [0.5968882441520691, 0.8811880946159363, 0.8528995513916016, 0.8656294345855713, 0.8415841460227966, 0.8698726892471313, 0.8727015852928162, 0.8684582710266113, 0.8260254859924316, 0.8543140292167664, 0.8458274602890015, 0.8458274602890015, 0.8189533352851868, 0.8741160035133362, 0.8486562967300415, 0.8543140292167664, 0.8274399042129517, 0.8698726892471313, 0.806223452091217, 0.8486562967300415, 0.8387553095817566, 0.8274399042129517, 0.8613861203193665, 0.8543140292167664, 0.8585572838783264, 0.8528995513916016, 0.8231965899467468, 0.8628005385398865, 0.8613861203193665, 0.8387553095817566, 0.8628005385398865, 0.8613861203193665, 0.8486562967300415, 0.8571428656578064, 0.8429985642433167, 0.8585572838783264, 0.8500707149505615, 0.8458274602890015, 0.8528995513916016, 0.8500707149505615, 0.8642150163650513, 0.8571428656578064, 0.8741160035133362, 0.8557284474372864, 0.8528995513916016, 0.8401697278022766, 0.8458274602890015, 0.8585572838783264, 0.8274399042129517, 0.8712871074676514, 0.8090523481369019, 0.8599717020988464, 0.8528995513916016, 0.8514851331710815, 0.8486562967300415, 0.8783592581748962, 0.8642150163650513, 0.8571428656578064, 0.8670438528060913, 0.8642150163650513, 0.8486562967300415, 0.8585572838783264],