{"loss": [0.692344605922699, 0.6902637481689453, 0.6880424618721008, 0.6861140131950378, 0.6823957562446594, 0.6802287697792053, 0.677415668964386, 0.6751633286476135, 0.6715908646583557, 0.6703482270240784, 0.6684550642967224, 0.6635578274726868, 0.6615673303604126, 0.6574010848999023, 0.6595805287361145, 0.6538086533546448, 0.6515697240829468, 0.6527673602104187, 0.6489361524581909, 0.6466538310050964, 0.645961344242096, 0.6440762281417847, 0.6412482857704163, 0.6400531530380249, 0.6365111470222473, 0.636041522026062, 0.6338436603546143, 0.6322066187858582, 0.6257882714271545, 0.6229779720306396, 0.6252145767211914, 0.6231175065040588, 0.618245542049408, 0.6205177307128906, 0.6167771816253662, 0.6125254034996033, 0.6091512441635132, 0.6079517602920532, 0.60673987865448, 0.602918267250061, 0.600469708442688, 0.5986096262931824, 0.597276508808136, 0.594776451587677, 0.5938128232955933, 0.5881837606430054, 0.5858408212661743, 0.5844196677207947, 0.5810322761535645, 0.5806334614753723, 0.5770320892333984, 0.5752102732658386, 0.5722991824150085, 0.5701524615287781, 0.5699618458747864, 0.5689694285392761, 0.5624542236328125, 0.560945451259613, 0.5601302981376648], "accuracy": [0.5230125784873962, 0.5871687531471252, 0.581589937210083, 0.5843793749809265, 0.5934448838233948, 0.5850766897201538, 0.6039051413536072, 0.599023699760437, 0.6018131375312805, 0.6052998900413513, 0.6046025156974792, 0.6066945791244507, 0.6066945791244507, 0.6192468404769897, 0.6087865829467773, 0.6290097832679749, 0.6227335929870605, 0.6171548366546631, 0.6192468404769897, 0.6213389039039612, 0.6129707098007202, 0.624825656414032, 0.624825656414032, 0.633891224861145, 0.6269177198410034, 0.6324965357780457, 0.6276150345802307, 0.6415620446205139, 0.6450487971305847, 0.6450487971305847, 0.6471408605575562, 0.6464434862136841, 0.6617852449417114, 0.6534169912338257, 0.6478382349014282, 0.6645746231079102, 0.6652719378471375, 0.6589958071708679, 0.6659693121910095, 0.6687586903572083, 0.6708507537841797, 0.6806136965751648, 0.677126944065094, 0.6868898272514343, 0.6806136965751648, 0.6868898272514343, 0.6868898272514343, 0.6966527104377747, 0.7029288411140442, 0.6917712688446045, 0.7029288411140442, 0.7001394629478455, 0.7126917839050293, 0.6994421482086182, 0.7161785364151001, 0.7112970948219299, 0.7259414196014404, 0.7036262154579163, 0.7161785364151001], "benchmark_931": [684.0, 592.0, 600.0, 596.0, 583.0, 595.0, 568.0, 575.0, 571.0, 566.0, 567.0, 564.0, 564.0, 546.0, 561.0, 532.0, 541.0, 549.0, 546.0, 543.0, 555.0, 538.0, 538.0, 525.0, 535.0, 527.0, 534.0, 514.0, 509.0, 509.0, 506.0, 507.0, 485.0, 497.0, 505.0, 481.0, 480.0, 489.0, 479.0, 475.0, 472.0, 458.0, 463.0, 449.0, 458.0, 449.0, 449.0, 435.0, 426.0, 442.0, 426.0, 430.0, 412.0, 431.0, 407.0, 414.0, 393.0, 425.0, 407.0], "TP": [154.0, 338.0, 389.0, 423.0, 436.0, 435.0, 469.0, 458.0, 463.0, 463.0, 467.0, 466.0, 469.0, 479.0, 463.0, 474.0, 467.0, 464.0, 475.0, 473.0, 469.0, 460.0, 473.0, 469.0, 467.0, 473.0, 467.0, 479.0, 477.0, 477.0, 468.0, 469.0, 479.0, 473.0, 465.0, 476.0, 480.0, 471.0, 486.0, 486.0, 481.0, 485.0, 489.0, 494.0, 482.0, 492.0, 487.0, 495.0, 497.0, 483.0, 486.0, 493.0, 495.0, 487.0, 501.0, 499.0, 503.0, 493.0, 498.0], "TN": [596.0, 504.0, 445.0, 415.0, 415.0, 404.0, 397.0, 401.0, 400.0, 405.0, 400.0, 404.0, 401.0, 409.0, 410.0, 428.0, 426.0, 421.0, 413.0, 418.0, 410.0, 436.0, 423.0, 440.0, 432.0, 434.0, 433.0, 441.0, 448.0, 448.0, 460.0, 458.0, 470.0, 464.0, 464.0, 477.0, 474.0, 474.0, 469.0, 473.0, 481.0, 491.0, 482.0, 491.0, 494.0, 493.0, 498.0, 504.0, 511.0, 509.0, 522.0, 511.0, 527.0, 516.0, 526.0, 521.0, 538.0, 516.0, 529.0], "FP": [121.0, 213.0, 272.0, 302.0, 302.0, 313.0, 320.0, 316.0, 317.0, 312.0, 317.0, 313.0, 316.0, 308.0, 307.0, 289.0, 291.0, 296.0, 304.0, 299.0, 307.0, 281.0, 294.0, 277.0, 285.0, 283.0, 284.0, 276.0, 269.0, 269.0, 257.0, 259.0, 247.0, 253.0, 253.0, 240.0, 243.0, 243.0, 248.0, 244.0, 236.0, 226.0, 235.0, 226.0, 223.0, 224.0, 219.0, 213.0, 206.0, 208.0, 195.0, 206.0, 190.0, 201.0, 191.0, 196.0, 179.0, 201.0, 188.0], "FN": [563.0, 379.0, 328.0, 294.0, 281.0, 282.0, 248.0, 259.0, 254.0, 254.0, 250.0, 251.0, 248.0, 238.0, 254.0, 243.0, 250.0, 253.0, 242.0, 244.0, 248.0, 257.0, 244.0, 248.0, 250.0, 244.0, 250.0, 238.0, 240.0, 240.0, 249.0, 248.0, 238.0, 244.0, 252.0, 241.0, 237.0, 246.0, 231.0, 231.0, 236.0, 232.0, 228.0, 223.0, 235.0, 225.0, 230.0, 222.0, 220.0, 234.0, 231.0, 224.0, 222.0, 230.0, 216.0, 218.0, 214.0, 224.0, 219.0], "Precision": [0.5600000023841858, 0.6134301424026489, 0.5885022878646851, 0.5834482908248901, 0.5907859206199646, 0.5815507769584656, 0.5944232940673828, 0.5917312502861023, 0.593589723110199, 0.5974193811416626, 0.5956632494926453, 0.5982028245925903, 0.5974522233009338, 0.6086404323577881, 0.6012986898422241, 0.6212319731712341, 0.6160950064659119, 0.6105263233184814, 0.6097561120986938, 0.6126943230628967, 0.6043814420700073, 0.620782732963562, 0.6166883707046509, 0.6286863088607788, 0.6210106611251831, 0.6256613731384277, 0.6218375563621521, 0.634437084197998, 0.6394101977348328, 0.6394101977348328, 0.6455172300338745, 0.6442307829856873, 0.6597796082496643, 0.6515151262283325, 0.6476323008537292, 0.6648044586181641, 0.6639004349708557, 0.6596638560295105, 0.6621253490447998, 0.6657534241676331, 0.6708507537841797, 0.6821378469467163, 0.6754143834114075, 0.6861110925674438, 0.6836879253387451, 0.6871508359909058, 0.6898016929626465, 0.6991525292396545, 0.7069701552391052, 0.6989869475364685, 0.7136563658714294, 0.7052932977676392, 0.7226277589797974, 0.707848846912384, 0.72398841381073, 0.7179856300354004, 0.7375366687774658, 0.710374653339386, 0.7259474992752075], "Recall": [0.21478381752967834, 0.4714086353778839, 0.5425383448600769, 0.589958131313324, 0.60808926820755, 0.6066945791244507, 0.6541143655776978, 0.6387726664543152, 0.6457461714744568, 0.6457461714744568, 0.651324987411499, 0.6499302387237549, 0.6541143655776978, 0.668061375617981, 0.6457461714744568, 0.6610878705978394, 0.651324987411499, 0.6471408605575562, 0.6624825596809387, 0.65969318151474, 0.6541143655776978, 0.6415620446205139, 0.65969318151474, 0.6541143655776978, 0.651324987411499, 0.65969318151474, 0.651324987411499, 0.668061375617981, 0.6652719378471375, 0.6652719378471375, 0.6527196764945984, 0.6541143655776978, 0.668061375617981, 0.65969318151474, 0.6485355496406555, 0.6638772487640381, 0.6694560647010803, 0.6569037437438965, 0.6778242588043213, 0.6778242588043213, 0.6708507537841797, 0.6764295697212219, 0.6820083856582642, 0.6889818906784058, 0.672245442867279, 0.6861924529075623, 0.6792189478874207, 0.6903765797615051, 0.6931659579277039, 0.6736401915550232, 0.6778242588043213, 0.6875871419906616, 0.6903765797615051, 0.6792189478874207, 0.6987447738647461, 0.6959553956985474, 0.7015341520309448, 0.6875871419906616, 0.6945606470108032],