{"loss": [0.18337808549404144, 0.16921879351139069, 0.16920441389083862, 0.16030685603618622, 0.1594485342502594, 0.16472084820270538, 0.15458178520202637, 0.15685975551605225, 0.14831233024597168, 0.14944446086883545, 0.1446485072374344, 0.1484842747449875, 0.1435779631137848, 0.14613087475299835, 0.1427907794713974, 0.14263835549354553, 0.14066959917545319, 0.1415255069732666, 0.13926683366298676, 0.13540983200073242, 0.1377572864294052, 0.13228586316108704, 0.13852901756763458, 0.13316726684570312, 0.12658613920211792, 0.14132224023342133, 0.13030393421649933, 0.13080395758152008, 0.12610161304473877, 0.13186854124069214, 0.1263941079378128, 0.12939931452274323, 0.1227026879787445], "accuracy": [0.534867525100708, 0.5774058699607849, 0.5836820006370544, 0.6234309673309326, 0.6415620446205139, 0.6052998900413513, 0.6638772487640381, 0.6478382349014282, 0.685495138168335, 0.6659693121910095, 0.6959553956985474, 0.6931659579277039, 0.6903765797615051, 0.6994421482086182, 0.698047399520874, 0.698047399520874, 0.7050209045410156, 0.7029288411140442, 0.7182705998420715, 0.7252440452575684, 0.7217572927474976, 0.7336122989654541, 0.7224546670913696, 0.7308228611946106, 0.7440724968910217, 0.7036262154579163, 0.7426778078079224, 0.7433751821517944, 0.7454672455787659, 0.7280334830284119, 0.7559275031089783, 0.749651312828064, 0.7566248178482056], "benchmark_728": [667.0, 606.0, 597.0, 540.0, 514.0, 566.0, 482.0, 505.0, 451.0, 479.0, 436.0, 440.0, 444.0, 431.0, 433.0, 433.0, 423.0, 426.0, 404.0, 394.0, 399.0, 382.0, 398.0, 386.0, 367.0, 425.0, 369.0, 368.0, 365.0, 390.0, 350.0, 359.0, 349.0], "TP": [390.0, 396.0, 382.0, 458.0, 440.0, 402.0, 450.0, 454.0, 497.0, 471.0, 496.0, 504.0, 496.0, 498.0, 487.0, 487.0, 517.0, 508.0, 512.0, 533.0, 505.0, 517.0, 513.0, 523.0, 534.0, 486.0, 548.0, 521.0, 535.0, 515.0, 542.0, 522.0, 554.0], "TN": [377.0, 432.0, 455.0, 436.0, 480.0, 466.0, 502.0, 475.0, 486.0, 484.0, 502.0, 490.0, 494.0, 505.0, 514.0, 514.0, 494.0, 500.0, 518.0, 507.0, 530.0, 535.0, 523.0, 525.0, 533.0, 523.0, 517.0, 545.0, 534.0, 529.0, 542.0, 553.0, 531.0], "FP": [340.0, 285.0, 262.0, 281.0, 237.0, 251.0, 215.0, 242.0, 231.0, 233.0, 215.0, 227.0, 223.0, 212.0, 203.0, 203.0, 223.0, 217.0, 199.0, 210.0, 187.0, 182.0, 194.0, 192.0, 184.0, 194.0, 200.0, 172.0, 183.0, 188.0, 175.0, 164.0, 186.0], "FN": [327.0, 321.0, 335.0, 259.0, 277.0, 315.0, 267.0, 263.0, 220.0, 246.0, 221.0, 213.0, 221.0, 219.0, 230.0, 230.0, 200.0, 209.0, 205.0, 184.0, 212.0, 200.0, 204.0, 194.0, 183.0, 231.0, 169.0, 196.0, 182.0, 202.0, 175.0, 195.0, 163.0], "Precision": [0.534246563911438, 0.5814977884292603, 0.5931677222251892, 0.6197564005851746, 0.6499261260032654, 0.6156201958656311, 0.6766917109489441, 0.6522988677024841, 0.682692289352417, 0.6690340638160706, 0.697609007358551, 0.6894664764404297, 0.6898469924926758, 0.7014084458351135, 0.7057970762252808, 0.7057970762252808, 0.6986486315727234, 0.7006896734237671, 0.7201125025749207, 0.7173620462417603, 0.7297688126564026, 0.7396280169487, 0.7256011366844177, 0.7314685583114624, 0.7437325716018677, 0.7147058844566345, 0.7326202988624573, 0.7518037557601929, 0.7451253533363342, 0.7325747013092041, 0.7559275031089783, 0.7609329223632812, 0.7486486434936523], "Recall": [0.5439330339431763, 0.5523012280464172, 0.5327754616737366, 0.6387726664543152, 0.6136680841445923, 0.560669481754303, 0.6276150345802307, 0.633193850517273, 0.6931659579277039, 0.6569037437438965, 0.6917712688446045, 0.7029288411140442, 0.6917712688446045, 0.6945606470108032, 0.6792189478874207, 0.6792189478874207, 0.7210599780082703, 0.7085076570510864, 0.7140864729881287, 0.7433751821517944, 0.7043235898017883, 0.7210599780082703, 0.715481162071228, 0.7294281721115112, 0.7447698712348938, 0.6778242588043213, 0.7642956972122192, 0.7266387939453125, 0.7461645603179932, 0.7182705998420715, 0.7559275031089783, 0.7280334830284119, 0.7726638913154602], "AUC": [0.5434710383415222, 0.608879029750824, 0.6266765594482422, 0.6798016428947449, 0.6894000172615051, 0.6716347336769104, 0.7252722382545471, 0.7083472609519958, 0.7561472654342651, 0.747374415397644, 0.7699309587478638, 0.7563369870185852, 0.7725082039833069, 0.7627531290054321, 0.7755758762359619, 0.7760533690452576, 0.7866926193237305, 0.7855721116065979, 0.7907901406288147, 0.8089893460273743, 0.7968308925628662, 0.8172777891159058, 0.7993771433830261, 0.8130586743354797, 0.8335511684417725, 0.7868462204933167, 0.8257335424423218, 0.8239681720733643, 0.835049033164978, 0.8189321756362915, 0.8344975709915161, 0.8297755718231201, 0.8510598540306091], "val_loss": [0.20278966426849365, 0.20979230105876923, 0.22361250221729279, 0.24920545518398285, 0.20522408187389374, 0.23880961537361145, 0.16546770930290222, 0.16549085080623627, 0.1778402328491211, 0.17212466895580292, 0.15392813086509705, 0.1700015515089035, 0.1559816598892212, 0.26455891132354736, 0.1548435091972351, 0.15345190465450287, 0.18649768829345703, 0.16808706521987915, 0.18348722159862518, 0.19968034327030182, 0.16440001130104065, 0.1651138961315155, 0.16226771473884583, 0.1600915640592575, 0.2865743339061737, 0.1609683632850647, 0.23454980552196503, 0.18654955923557281, 0.15620873868465424, 0.1551423817873001, 0.18625368177890778, 0.19114115834236145, 0.24058948457241058], "val_accuracy": [0.3781818151473999, 0.3781818151473999, 0.3781818151473999, 0.3781818151473999, 0.389090895652771, 0.3781818151473999, 0.5199999809265137, 0.5963636636734009, 0.6181818246841431, 0.6363636255264282, 0.6690909266471863, 0.5672727227210999, 0.6836363673210144, 0.6327272653579712, 0.6399999856948853, 0.6763636469841003, 0.5709090828895569, 0.6436363458633423, 0.578181803226471, 0.5600000023841858, 0.6654545664787292, 0.6363636255264282, 0.6581818461418152, 0.6763636469841003, 0.5309090614318848, 0.6654545664787292, 0.5418182015419006, 0.6509090662002563, 0.6800000071525574, 0.6727272868156433, 0.6254545450210571, 0.6545454263687134, 0.6545454263687134], "val_benchmark_728": [171.0, 171.0, 171.0, 171.0, 168.0, 171.0, 132.0, 111.0, 105.0, 100.0, 91.0, 119.0, 87.0, 101.0, 99.0, 89.0, 118.0, 98.0, 116.0, 121.0, 92.0, 100.0, 94.0, 89.0, 129.0, 92.0, 126.0, 96.0, 88.0, 90.0, 103.0, 95.0, 95.0], "val_TP": [0.0, 0.0, 0.0, 0.0, 3.0, 0.0, 67.0, 98.0, 143.0, 169.0, 130.0, 84.0, 157.0, 168.0, 112.0, 116.0, 66.0, 143.0, 84.0, 59.0, 116.0, 94.0, 147.0, 120.0, 46.0, 109.0, 54.0, 159.0, 137.0, 122.0, 84.0, 155.0, 160.0], "val_TN": [104.0, 104.0, 104.0, 104.0, 104.0, 104.0, 76.0, 66.0, 27.0, 6.0, 54.0, 72.0, 31.0, 6.0, 64.0, 70.0, 91.0, 34.0, 75.0, 95.0, 67.0, 81.0, 34.0, 66.0, 100.0, 74.0, 95.0, 20.0, 50.0, 63.0, 88.0, 25.0, 20.0], "val_FP": [0.0, 0.0, 0.0, 0.0, 0.0, 0.0, 28.0, 38.0, 77.0, 98.0, 50.0, 32.0, 73.0, 98.0, 40.0, 34.0, 13.0, 70.0, 29.0, 9.0, 37.0, 23.0, 70.0, 38.0, 4.0, 30.0, 9.0, 84.0, 54.0, 41.0, 16.0, 79.0, 84.0], "val_FN": [171.0, 171.0, 171.0, 171.0, 168.0, 171.0, 104.0, 73.0, 28.0, 2.0, 41.0, 87.0, 14.0, 3.0, 59.0, 55.0, 105.0, 28.0, 87.0, 112.0, 55.0, 77.0, 24.0, 51.0, 125.0, 62.0, 117.0, 12.0, 34.0, 49.0, 87.0, 16.0, 11.0], "val_Precision": [0.0, 0.0, 0.0, 0.0, 1.0, 0.0, 0.7052631378173828, 0.720588207244873, 0.6499999761581421, 0.6329588294029236, 0.7222222089767456, 0.7241379022598267, 0.6826087236404419, 0.6315789222717285, 0.7368420958518982, 0.7733333110809326, 0.8354430198669434, 0.67136150598526, 0.7433628439903259, 0.8676470518112183, 0.758169949054718, 0.8034188151359558, 0.6774193644523621, 0.7594936490058899, 0.9200000166893005, 0.7841726541519165, 0.8571428656578064, 0.654321014881134, 0.717277467250824, 0.7484662532806396, 0.8399999737739563, 0.6623931527137756, 0.6557376980781555],