{"loss": [0.9336215257644653, 0.7512304186820984, 0.7134414911270142, 0.7197011709213257, 0.7051569819450378, 0.705426037311554, 0.7106239199638367, 0.7093677520751953, 0.705440104007721, 0.7138342261314392, 0.7072480916976929, 0.7060852646827698, 0.6982936859130859, 0.7001111507415771, 0.7028209567070007, 0.7084255814552307, 0.7039403915405273, 0.701803982257843, 0.6944184899330139, 0.700923502445221, 0.6979770064353943, 0.7043353915214539, 0.7010260820388794, 0.7076475024223328, 0.6984533667564392], "accuracy": [0.47977685928344727, 0.47977685928344727, 0.5237098932266235, 0.49860531091690063, 0.5195258259773254, 0.5146443247795105, 0.4958159029483795, 0.5167363882064819, 0.5055788159370422, 0.4790794849395752, 0.4930264949798584, 0.5062761306762695, 0.5146443247795105, 0.5278940200805664, 0.5160390734672546, 0.4790794849395752, 0.4972105920314789, 0.4888423979282379, 0.5320780873298645, 0.5048814415931702, 0.508368194103241, 0.5069735050201416, 0.5153416991233826, 0.5034867525100708, 0.4958159029483795], "benchmark_54": [746.0, 746.0, 683.0, 719.0, 689.0, 696.0, 723.0, 693.0, 709.0, 747.0, 727.0, 708.0, 696.0, 677.0, 694.0, 747.0, 721.0, 733.0, 671.0, 710.0, 705.0, 707.0, 695.0, 712.0, 723.0], "TP": [355.0, 339.0, 363.0, 361.0, 370.0, 362.0, 368.0, 382.0, 370.0, 329.0, 359.0, 340.0, 388.0, 339.0, 366.0, 333.0, 408.0, 328.0, 373.0, 364.0, 383.0, 367.0, 367.0, 394.0, 343.0], "TN": [333.0, 349.0, 388.0, 354.0, 375.0, 376.0, 343.0, 359.0, 355.0, 358.0, 348.0, 386.0, 350.0, 418.0, 374.0, 354.0, 305.0, 373.0, 390.0, 360.0, 346.0, 360.0, 372.0, 328.0, 368.0], "FP": [384.0, 368.0, 329.0, 363.0, 342.0, 341.0, 374.0, 358.0, 362.0, 359.0, 369.0, 331.0, 367.0, 299.0, 343.0, 363.0, 412.0, 344.0, 327.0, 357.0, 371.0, 357.0, 345.0, 389.0, 349.0], "FN": [362.0, 378.0, 354.0, 356.0, 347.0, 355.0, 349.0, 335.0, 347.0, 388.0, 358.0, 377.0, 329.0, 378.0, 351.0, 384.0, 309.0, 389.0, 344.0, 353.0, 334.0, 350.0, 350.0, 323.0, 374.0], "Precision": [0.4803788959980011, 0.47949081659317017, 0.5245664715766907, 0.4986187815666199, 0.5196629166603088, 0.5149359703063965, 0.4959568679332733, 0.5162162184715271, 0.505464494228363, 0.4781976640224457, 0.4931318759918213, 0.5067064166069031, 0.5139073133468628, 0.5313479900360107, 0.5162200331687927, 0.4784482717514038, 0.497560977935791, 0.488095223903656, 0.5328571200370789, 0.5048543810844421, 0.5079575777053833, 0.5069060921669006, 0.5154494643211365, 0.5031928420066833, 0.4956647455692291], "Recall": [0.49511855840682983, 0.47280335426330566, 0.5062761306762695, 0.5034867525100708, 0.5160390734672546, 0.5048814415931702, 0.5132496356964111, 0.5327754616737366, 0.5160390734672546, 0.45885634422302246, 0.5006973743438721, 0.47419804334640503, 0.5411436557769775, 0.47280335426330566, 0.5104602575302124, 0.4644351601600647, 0.569037675857544, 0.4574616551399231, 0.5202231407165527, 0.5076708793640137, 0.5341701507568359, 0.5118549466133118, 0.5118549466133118, 0.5495118498802185, 0.4783821403980255], "AUC": [0.4657500684261322, 0.4799557626247406, 0.5317153334617615, 0.49567681550979614, 0.519294261932373, 0.5251405239105225, 0.5051488876342773, 0.5066943764686584, 0.5102229118347168, 0.47774699330329895, 0.49355560541152954, 0.4994582235813141, 0.5264797806739807, 0.5218483209609985, 0.5054514408111572, 0.4747038185596466, 0.4968663156032562, 0.5017983317375183, 0.538377583026886, 0.5038456320762634, 0.5216985940933228, 0.5031366348266602, 0.5091346502304077, 0.48676592111587524, 0.5130998492240906], "val_loss": [0.8923078775405884, 0.765194296836853, 0.7043527960777283, 0.6962582468986511, 0.6864511966705322, 0.7037529945373535, 0.6797173619270325, 0.6810116171836853, 0.7386099696159363, 0.6977095007896423, 0.7360683083534241, 0.6830878257751465, 0.7525590658187866, 0.7045707702636719, 0.7007625102996826, 0.6637406945228577, 0.7348530888557434, 0.707988440990448, 0.6822150349617004, 0.6658104658126831, 0.6710833311080933, 0.6607404947280884, 0.660129725933075, 0.6830216646194458, 0.6725134253501892], "val_accuracy": [0.3781818151473999, 0.3781818151473999, 0.3781818151473999, 0.3781818151473999, 0.6218181848526001, 0.3781818151473999, 0.6218181848526001, 0.6218181848526001, 0.3781818151473999, 0.3781818151473999, 0.3781818151473999, 0.6218181848526001, 0.3781818151473999, 0.3781818151473999, 0.3781818151473999, 0.6218181848526001, 0.3781818151473999, 0.38181817531585693, 0.6218181848526001, 0.6218181848526001, 0.6218181848526001, 0.6218181848526001, 0.6218181848526001, 0.6181818246841431, 0.6218181848526001], "val_benchmark_54": [171.0, 171.0, 171.0, 171.0, 104.0, 171.0, 104.0, 104.0, 171.0, 171.0, 171.0, 104.0, 171.0, 171.0, 171.0, 104.0, 171.0, 170.0, 104.0, 104.0, 104.0, 104.0, 104.0, 105.0, 104.0], "val_TP": [0.0, 0.0, 0.0, 0.0, 171.0, 0.0, 171.0, 171.0, 0.0, 0.0, 0.0, 171.0, 0.0, 0.0, 0.0, 171.0, 0.0, 1.0, 171.0, 171.0, 171.0, 171.0, 171.0, 169.0, 171.0], "val_TN": [104.0, 104.0, 104.0, 104.0, 0.0, 104.0, 0.0, 0.0, 104.0, 104.0, 104.0, 0.0, 104.0, 104.0, 104.0, 0.0, 104.0, 104.0, 0.0, 0.0, 0.0, 0.0, 0.0, 1.0, 0.0], "val_FP": [0.0, 0.0, 0.0, 0.0, 104.0, 0.0, 104.0, 104.0, 0.0, 0.0, 0.0, 104.0, 0.0, 0.0, 0.0, 104.0, 0.0, 0.0, 104.0, 104.0, 104.0, 104.0, 104.0, 103.0, 104.0], "val_FN": [171.0, 171.0, 171.0, 171.0, 0.0, 171.0, 0.0, 0.0, 171.0, 171.0, 171.0, 0.0, 171.0, 171.0, 171.0, 0.0, 171.0, 170.0, 0.0, 0.0, 0.0, 0.0, 0.0, 2.0, 0.0], "val_Precision": [0.0, 0.0, 0.0, 0.0, 0.6218181848526001, 0.0, 0.6218181848526001, 0.6218181848526001, 0.0, 0.0, 0.0, 0.6218181848526001, 0.0, 0.0, 0.0, 0.6218181848526001, 0.0, 1.0, 0.6218181848526001, 0.6218181848526001, 0.6218181848526001, 0.6218181848526001, 0.6218181848526001, 0.6213235259056091, 0.6218181848526001], "val_Recall": [0.0, 0.0, 0.0, 0.0, 1.0, 0.0, 1.0, 1.0, 0.0, 0.0, 0.0, 1.0, 0.0, 0.0, 0.0, 1.0, 0.0, 0.005847953259944916, 1.0, 1.0, 1.0, 1.0, 1.0, 0.988304078578949, 1.0], "val_AUC": [0.5, 0.5, 0.5, 0.5, 0.5, 0.5, 0.5, 0.509615421295166, 0.5, 0.5, 0.5442532896995544, 0.5525752902030945, 0.5493420958518982, 0.5611504912376404, 0.5443657636642456, 0.5740834474563599, 0.5857231616973877, 0.5671108961105347, 0.5666610598564148, 0.5772885680198669, 0.5572705864906311, 0.5705128312110901, 0.5653676986694336, 0.5615721940994263, 0.5705410242080688]}