{"loss": [0.08635009080171585, 0.0865093395113945, 0.08639279752969742, 0.08647633343935013, 0.08644985407590866, 0.08638665825128555, 0.08640629798173904, 0.08639898151159286, 0.08646832406520844, 0.08646067976951599, 0.08639708161354065, 0.08637911826372147, 0.08640994876623154, 0.08646160364151001, 0.08642358332872391, 0.08628276735544205, 0.08636655658483505, 0.08633773028850555, 0.08647285401821136, 0.08645837754011154, 0.08641088753938675, 0.08646020293235779, 0.08646098524332047, 0.0862828865647316, 0.08626523613929749, 0.08636084198951721, 0.08633523434400558, 0.08643022179603577, 0.08638851344585419, 0.0863279476761818, 0.08634597063064575, 0.08635566383600235, 0.08634433150291443, 0.08630325645208359, 0.08632178604602814, 0.08629106730222702, 0.08641675859689713, 0.08632411807775497, 0.08629497140645981, 0.08636872470378876], "accuracy": [0.5313807725906372, 0.5153416991233826, 0.5139470100402832, 0.5181310772895813, 0.5097628831863403, 0.5278940200805664, 0.5202231407165527, 0.5132496356964111, 0.5292887091636658, 0.525801956653595, 0.5160390734672546, 0.5118549466133118, 0.5369595289230347, 0.5285913348197937, 0.5125523209571838, 0.5355648398399353, 0.5292887091636658, 0.5285913348197937, 0.5062761306762695, 0.5376569032669067, 0.5251045823097229, 0.5230125784873962, 0.5251045823097229, 0.5299860239028931, 0.5271966457366943, 0.5439330339431763, 0.5251045823097229, 0.5111575722694397, 0.5202231407165527, 0.5355648398399353, 0.5167363882064819, 0.5146443247795105, 0.5299860239028931, 0.5216178297996521, 0.5278940200805664, 0.5320780873298645, 0.5125523209571838, 0.5306833982467651, 0.5292887091636658, 0.5216178297996521], "benchmark_1366": [672.0, 695.0, 697.0, 691.0, 703.0, 677.0, 688.0, 698.0, 675.0, 680.0, 694.0, 700.0, 664.0, 676.0, 699.0, 666.0, 675.0, 676.0, 708.0, 663.0, 681.0, 684.0, 681.0, 674.0, 678.0, 654.0, 681.0, 701.0, 688.0, 666.0, 693.0, 696.0, 674.0, 686.0, 677.0, 671.0, 699.0, 673.0, 675.0, 686.0], "TP": [387.0, 367.0, 380.0, 387.0, 374.0, 368.0, 375.0, 366.0, 380.0, 370.0, 366.0, 360.0, 380.0, 373.0, 361.0, 378.0, 381.0, 377.0, 358.0, 374.0, 374.0, 374.0, 372.0, 381.0, 367.0, 377.0, 375.0, 359.0, 365.0, 373.0, 363.0, 348.0, 382.0, 376.0, 373.0, 381.0, 363.0, 376.0, 378.0, 362.0], "TN": [375.0, 372.0, 357.0, 356.0, 357.0, 389.0, 371.0, 370.0, 379.0, 384.0, 374.0, 374.0, 390.0, 385.0, 374.0, 390.0, 378.0, 381.0, 368.0, 397.0, 379.0, 376.0, 381.0, 379.0, 389.0, 403.0, 378.0, 374.0, 381.0, 395.0, 378.0, 390.0, 378.0, 372.0, 384.0, 382.0, 372.0, 385.0, 381.0, 386.0], "FP": [342.0, 345.0, 360.0, 361.0, 360.0, 328.0, 346.0, 347.0, 338.0, 333.0, 343.0, 343.0, 327.0, 332.0, 343.0, 327.0, 339.0, 336.0, 349.0, 320.0, 338.0, 341.0, 336.0, 338.0, 328.0, 314.0, 339.0, 343.0, 336.0, 322.0, 339.0, 327.0, 339.0, 345.0, 333.0, 335.0, 345.0, 332.0, 336.0, 331.0], "FN": [330.0, 350.0, 337.0, 330.0, 343.0, 349.0, 342.0, 351.0, 337.0, 347.0, 351.0, 357.0, 337.0, 344.0, 356.0, 339.0, 336.0, 340.0, 359.0, 343.0, 343.0, 343.0, 345.0, 336.0, 350.0, 340.0, 342.0, 358.0, 352.0, 344.0, 354.0, 369.0, 335.0, 341.0, 344.0, 336.0, 354.0, 341.0, 339.0, 355.0], "Precision": [0.5308641791343689, 0.5154494643211365, 0.5135135054588318, 0.5173797011375427, 0.5095368027687073, 0.5287356376647949, 0.5201109647750854, 0.513323962688446, 0.5292479395866394, 0.5263158082962036, 0.5162200331687927, 0.5120910406112671, 0.5374823212623596, 0.5290780067443848, 0.5127840638160706, 0.5361701846122742, 0.5291666388511658, 0.5287517309188843, 0.5063649415969849, 0.5389049053192139, 0.5252808928489685, 0.5230769515037537, 0.5254237055778503, 0.5299026370048523, 0.5280575752258301, 0.545586109161377, 0.5252100825309753, 0.5113959908485413, 0.5206847190856934, 0.5366906523704529, 0.5170940160751343, 0.5155555605888367, 0.529819667339325, 0.521497905254364, 0.5283285975456238, 0.5321229100227356, 0.5127118825912476, 0.5310734510421753, 0.529411792755127, 0.5223665237426758], "Recall": [0.5397489666938782, 0.5118549466133118, 0.5299860239028931, 0.5397489666938782, 0.5216178297996521, 0.5132496356964111, 0.5230125784873962, 0.5104602575302124, 0.5299860239028931, 0.5160390734672546, 0.5104602575302124, 0.5020920634269714, 0.5299860239028931, 0.5202231407165527, 0.5034867525100708, 0.5271966457366943, 0.5313807725906372, 0.525801956653595, 0.4993026554584503, 0.5216178297996521, 0.5216178297996521, 0.5216178297996521, 0.5188284516334534, 0.5313807725906372, 0.5118549466133118, 0.525801956653595, 0.5230125784873962, 0.5006973743438721, 0.509065568447113, 0.5202231407165527, 0.5062761306762695, 0.4853556454181671, 0.5327754616737366, 0.5244072675704956, 0.5202231407165527, 0.5313807725906372, 0.5062761306762695, 0.5244072675704956, 0.5271966457366943, 0.5048814415931702], "AUC": [0.540457010269165, 0.5212230086326599, 0.535491943359375, 0.5279037952423096, 0.5238139629364014, 0.5372620820999146, 0.5330633521080017, 0.531765878200531, 0.526675283908844, 0.5325390696525574, 0.5259166955947876, 0.5336780548095703, 0.5308993458747864, 0.5290796160697937, 0.5184072852134705, 0.5485286116600037, 0.5432804226875305, 0.5479615330696106, 0.5288588404655457, 0.526762843132019, 0.5350561738014221, 0.5321783423423767, 0.5236526131629944, 0.5518509149551392, 0.552971363067627, 0.535236120223999, 0.5415676832199097, 0.5273513197898865, 0.5259886384010315, 0.537704586982727, 0.5376189947128296, 0.5438202023506165, 0.5351603031158447, 0.5379535555839539, 0.5379175543785095, 0.5472933053970337, 0.5296446681022644, 0.5389873385429382, 0.5376423597335815, 0.5409063696861267], "val_loss": [0.0866321325302124, 0.08662349730730057, 0.08662313967943192, 0.08661956340074539, 0.08661415427923203, 0.08660286664962769, 0.08659962564706802, 0.08659430593252182, 0.08658714592456818, 0.08657907694578171, 0.0865650549530983, 0.08655506372451782, 0.08654236048460007, 0.08652964979410172, 0.08651535212993622, 0.08650153130292892, 0.08648724108934402, 0.08646878600120544, 0.08645917475223541, 0.08644232153892517, 0.08643019199371338, 0.08642066270112991, 0.08640634268522263, 0.08639264106750488, 0.08638118207454681, 0.08637262880802155, 0.0863567367196083, 0.08634030073881149, 0.08632808923721313, 0.0863180160522461, 0.0863083228468895, 0.08629456162452698, 0.08628633618354797, 0.08627621829509735, 0.08626340329647064, 0.0862545296549797, 0.08624785393476486, 0.08623536676168442, 0.08622374385595322, 0.08621173352003098], "val_accuracy": [0.4618181884288788, 0.46909090876579285, 0.4727272689342499, 0.4763636291027069, 0.4727272689342499, 0.47999998927116394, 0.48363634943962097, 0.47999998927116394, 0.47999998927116394, 0.4909090995788574, 0.4909090995788574, 0.49454545974731445, 0.4909090995788574, 0.4909090995788574, 0.5054545402526855, 0.4981818199157715, 0.5127272605895996, 0.5199999809265137, 0.5163636207580566, 0.5236363410949707, 0.5199999809265137, 0.5127272605895996, 0.5127272605895996, 0.5163636207580566, 0.5236363410949707, 0.5236363410949707, 0.5163636207580566, 0.5163636207580566, 0.5127272605895996, 0.5127272605895996, 0.5127272605895996, 0.5163636207580566, 0.5163636207580566, 0.5163636207580566, 0.5236363410949707, 0.5236363410949707, 0.5199999809265137, 0.5199999809265137, 0.5236363410949707, 0.5236363410949707], "val_benchmark_1366": [148.0, 146.0, 145.0, 144.0, 145.0, 143.0, 142.0, 143.0, 143.0, 140.0, 140.0, 139.0, 140.0, 140.0, 136.0, 138.0, 134.0, 132.0, 133.0, 131.0, 132.0, 134.0, 134.0, 133.0, 131.0, 131.0, 133.0, 133.0, 134.0, 134.0, 134.0, 133.0, 133.0, 133.0, 131.0, 131.0, 132.0, 132.0, 131.0, 131.0], "val_TP": [41.0, 44.0, 45.0, 46.0, 46.0, 48.0, 49.0, 49.0, 51.0, 54.0, 55.0, 57.0, 57.0, 61.0, 66.0, 66.0, 70.0, 72.0, 72.0, 74.0, 74.0, 74.0, 75.0, 77.0, 79.0, 79.0, 79.0, 80.0, 80.0, 80.0, 81.0, 82.0, 83.0, 83.0, 85.0, 85.0, 85.0, 85.0, 86.0, 86.0],