{"loss": [0.6953749656677246, 0.6940782070159912, 0.6925569176673889, 0.6915845274925232, 0.6894039511680603, 0.6891748309135437, 0.6881070137023926, 0.6881524324417114, 0.6878846287727356, 0.6844456791877747, 0.6817025542259216, 0.6806573867797852, 0.6784064173698425, 0.6732540130615234, 0.6701205372810364, 0.6628400683403015, 0.6635444760322571, 0.6538423299789429, 0.6539466381072998, 0.6510513424873352, 0.6452814340591431, 0.6432514190673828, 0.6394368410110474, 0.6378408074378967, 0.6407166719436646, 0.6312599182128906, 0.6242936849594116, 0.6270836591720581, 0.6243771910667419, 0.6228545308113098, 0.6175702810287476, 0.6159582138061523, 0.6151715517044067, 0.6150116324424744, 0.6116548180580139, 0.6150773167610168, 0.6064313650131226, 0.6054744720458984, 0.6023575067520142, 0.600091814994812, 0.6016976833343506, 0.6042545437812805, 0.6011744737625122, 0.596305251121521, 0.5923786163330078, 0.5971125960350037, 0.5885971188545227, 0.5920250415802002, 0.5922096371650696, 0.5912120342254639, 0.582999587059021, 0.582407534122467, 0.5862860083580017, 0.5852158665657043, 0.5783713459968567, 0.579597532749176, 0.5834576487541199, 0.5781605243682861, 0.5791922807693481, 0.5792526006698608, 0.5724197030067444, 0.5743769407272339, 0.57124924659729, 0.5678977966308594, 0.569936990737915, 0.564836859703064, 0.5648296475410461], "accuracy": [0.4867503345012665, 0.5076708793640137, 0.509065568447113, 0.5299860239028931, 0.5418410301208496, 0.560669481754303, 0.5592747330665588, 0.5390515923500061, 0.5460250973701477, 0.5669456124305725, 0.5725244283676147, 0.569037675857544, 0.5704323649406433, 0.5969316363334656, 0.599023699760437, 0.6178521513938904, 0.6136680841445923, 0.6213389039039612, 0.6206415891647339, 0.6185495257377625, 0.6269177198410034, 0.6366806030273438, 0.6290097832679749, 0.6352859139442444, 0.615760087966919, 0.6394700407981873, 0.6576011180877686, 0.642259418964386, 0.65969318151474, 0.6464434862136841, 0.6485355496406555, 0.6555090546607971, 0.6541143655776978, 0.6645746231079102, 0.6492329239845276, 0.6464434862136841, 0.6617852449417114, 0.6569037437438965, 0.6624825596809387, 0.6673640012741089, 0.6638772487640381, 0.6555090546607971, 0.6610878705978394, 0.6659693121910095, 0.6645746231079102, 0.668061375617981, 0.6750348806381226, 0.6875871419906616, 0.6694560647010803, 0.6736401915550232, 0.6896792054176331, 0.6729428172111511, 0.6834030747413635, 0.685495138168335, 0.6931659579277039, 0.6834030747413635, 0.6806136965751648, 0.6820083856582642, 0.6827057003974915, 0.6729428172111511, 0.6792189478874207, 0.6917712688446045, 0.6973500847816467, 0.7008368372917175, 0.7043235898017883, 0.6952580213546753, 0.6945606470108032], "benchmark_645": [736.0, 706.0, 704.0, 674.0, 657.0, 630.0, 632.0, 661.0, 651.0, 621.0, 613.0, 618.0, 616.0, 578.0, 575.0, 548.0, 554.0, 543.0, 544.0, 547.0, 535.0, 521.0, 532.0, 523.0, 551.0, 517.0, 491.0, 513.0, 488.0, 507.0, 504.0, 494.0, 496.0, 481.0, 503.0, 507.0, 485.0, 492.0, 484.0, 477.0, 482.0, 494.0, 486.0, 479.0, 481.0, 476.0, 466.0, 448.0, 474.0, 468.0, 445.0, 469.0, 454.0, 451.0, 440.0, 454.0, 458.0, 456.0, 455.0, 469.0, 460.0, 442.0, 434.0, 429.0, 424.0, 437.0, 438.0], "TP": [306.0, 374.0, 379.0, 358.0, 353.0, 355.0, 372.0, 377.0, 348.0, 366.0, 369.0, 371.0, 373.0, 411.0, 397.0, 417.0, 439.0, 456.0, 428.0, 438.0, 432.0, 458.0, 438.0, 458.0, 431.0, 462.0, 459.0, 453.0, 455.0, 463.0, 454.0, 468.0, 466.0, 458.0, 454.0, 465.0, 467.0, 453.0, 481.0, 463.0, 467.0, 464.0, 453.0, 468.0, 480.0, 472.0, 481.0, 483.0, 481.0, 482.0, 482.0, 483.0, 476.0, 483.0, 491.0, 476.0, 483.0, 474.0, 474.0, 479.0, 480.0, 490.0, 495.0, 493.0, 494.0, 491.0, 492.0], "TN": [392.0, 354.0, 351.0, 402.0, 424.0, 449.0, 430.0, 396.0, 435.0, 447.0, 452.0, 445.0, 445.0, 445.0, 462.0, 469.0, 441.0, 435.0, 462.0, 449.0, 467.0, 455.0, 464.0, 453.0, 452.0, 455.0, 484.0, 468.0, 491.0, 464.0, 476.0, 472.0, 472.0, 495.0, 477.0, 462.0, 482.0, 489.0, 469.0, 494.0, 485.0, 476.0, 495.0, 487.0, 473.0, 486.0, 487.0, 503.0, 479.0, 484.0, 507.0, 482.0, 504.0, 500.0, 503.0, 504.0, 493.0, 504.0, 505.0, 486.0, 494.0, 502.0, 505.0, 512.0, 516.0, 506.0, 504.0], "FP": [325.0, 363.0, 366.0, 315.0, 293.0, 268.0, 287.0, 321.0, 282.0, 270.0, 265.0, 272.0, 272.0, 272.0, 255.0, 248.0, 276.0, 282.0, 255.0, 268.0, 250.0, 262.0, 253.0, 264.0, 265.0, 262.0, 233.0, 249.0, 226.0, 253.0, 241.0, 245.0, 245.0, 222.0, 240.0, 255.0, 235.0, 228.0, 248.0, 223.0, 232.0, 241.0, 222.0, 230.0, 244.0, 231.0, 230.0, 214.0, 238.0, 233.0, 210.0, 235.0, 213.0, 217.0, 214.0, 213.0, 224.0, 213.0, 212.0, 231.0, 223.0, 215.0, 212.0, 205.0, 201.0, 211.0, 213.0], "FN": [411.0, 343.0, 338.0, 359.0, 364.0, 362.0, 345.0, 340.0, 369.0, 351.0, 348.0, 346.0, 344.0, 306.0, 320.0, 300.0, 278.0, 261.0, 289.0, 279.0, 285.0, 259.0, 279.0, 259.0, 286.0, 255.0, 258.0, 264.0, 262.0, 254.0, 263.0, 249.0, 251.0, 259.0, 263.0, 252.0, 250.0, 264.0, 236.0, 254.0, 250.0, 253.0, 264.0, 249.0, 237.0, 245.0, 236.0, 234.0, 236.0, 235.0, 235.0, 234.0, 241.0, 234.0, 226.0, 241.0, 234.0, 243.0, 243.0, 238.0, 237.0, 227.0, 222.0, 224.0, 223.0, 226.0, 225.0], "Precision": [0.48494452238082886, 0.5074626803398132, 0.5087248086929321, 0.5319464802742004, 0.5464396476745605, 0.5698234438896179, 0.5644916296005249, 0.5401146411895752, 0.5523809790611267, 0.5754716992378235, 0.5820189118385315, 0.5769829154014587, 0.578294575214386, 0.6017569303512573, 0.6088957190513611, 0.6270676851272583, 0.6139860153198242, 0.6178861856460571, 0.6266471743583679, 0.620396614074707, 0.633431077003479, 0.6361111402511597, 0.6338639855384827, 0.6343490481376648, 0.6192528605461121, 0.6381215453147888, 0.663294792175293, 0.6452991366386414, 0.6681351065635681, 0.6466480493545532, 0.6532374024391174, 0.6563814878463745, 0.655414879322052, 0.6735293865203857, 0.6541786789894104, 0.6458333134651184, 0.6652421355247498, 0.6651982665061951, 0.6598079800605774, 0.6749271154403687, 0.6680972576141357, 0.6581560373306274, 0.6711111068725586, 0.670487105846405, 0.6629834175109863, 0.6714082360267639, 0.6765119433403015, 0.6929698586463928, 0.6689847111701965, 0.6741258502006531, 0.6965317726135254, 0.6727019548416138, 0.6908563375473022, 0.6899999976158142, 0.6964539289474487, 0.6908563375473022, 0.6831682920455933, 0.6899563074111938, 0.6909620761871338, 0.674647867679596, 0.682788074016571, 0.695035457611084, 0.700141429901123, 0.7063037157058716, 0.7107913494110107, 0.6994302272796631, 0.6978723406791687], "Recall": [0.42677825689315796, 0.5216178297996521, 0.5285913348197937, 0.4993026554584503, 0.4923291504383087, 0.49511855840682983, 0.5188284516334534, 0.525801956653595, 0.4853556454181671, 0.5104602575302124, 0.5146443247795105, 0.517433762550354, 0.5202231407165527, 0.573221743106842, 0.5536959767341614, 0.581589937210083, 0.6122733354568481, 0.6359832882881165, 0.5969316363334656, 0.6108786463737488, 0.6025104522705078, 0.6387726664543152, 0.6108786463737488, 0.6387726664543152, 0.6011157631874084, 0.6443514823913574, 0.6401673555374146, 0.6317991614341736, 0.6345885396003723, 0.6457461714744568, 0.633193850517273, 0.6527196764945984, 0.6499302387237549, 0.6387726664543152, 0.633193850517273, 0.6485355496406555, 0.651324987411499, 0.6317991614341736, 0.6708507537841797, 0.6457461714744568, 0.651324987411499, 0.6471408605575562, 0.6317991614341736, 0.6527196764945984, 0.6694560647010803, 0.6582984924316406, 0.6708507537841797, 0.6736401915550232, 0.6708507537841797, 0.672245442867279, 0.672245442867279, 0.6736401915550232, 0.6638772487640381, 0.6736401915550232, 0.6847977638244629, 0.6638772487640381, 0.6736401915550232, 0.6610878705978394, 0.6610878705978394, 0.668061375617981, 0.6694560647010803, 0.6834030747413635, 0.6903765797615051, 0.6875871419906616, 0.6889818906784058, 0.6847977638244629, 0.6861924529075623],